location,date,vaccine,source_url,total_vaccinations,people_vaccinated,people_fully_vaccinated,total_boosters
Afghanistan,2021-02-22,Oxford/AstraZeneca,https://tolonews.com/index.php/health-170225,0,0,,
Afghanistan,2021-02-28,Oxford/AstraZeneca,https://tolonews.com/index.php/health-170355,8200,8200,,
Afghanistan,2021-03-16,Oxford/AstraZeneca,http://www.xinhuanet.com/english/asiapacific/2021-03/16/c_139814668.htm,54000,54000,,
Afghanistan,2021-04-07,Oxford/AstraZeneca,http://www.xinhuanet.com/english/asiapacific/2021-04/07/c_139864755.htm,120000,120000,,
Afghanistan,2021-04-22,Oxford/AstraZeneca,https://reliefweb.int/report/afghanistan/afghanistan-strategic-situation-report-covid-19-no-95-22-april-2021,240000,240000,,
Afghanistan,2021-05-11,"Oxford/AstraZeneca, Pfizer/BioNTech, Sinopharm/Beijing",https://covid19.who.int/,504502,448878,55624,
Afghanistan,2021-05-20,"Oxford/AstraZeneca, Pfizer/BioNTech, Sinopharm/Beijing",https://covid19.who.int/,547901,470341,77560,
Afghanistan,2021-05-24,"Oxford/AstraZeneca, Pfizer/BioNTech, Sinopharm/Beijing",https://covid19.who.int/,573277,476367,96910,
Afghanistan,2021-05-26,"Oxford/AstraZeneca, Pfizer/BioNTech, Sinopharm/Beijing",https://covid19.who.int/,590454,479372,111082,
Afghanistan,2021-05-27,"Oxford/AstraZeneca, Pfizer/BioNTech, Sinopharm/Beijing",https://covid19.who.int/,593313,479574,113739,
Afghanistan,2021-05-30,"Oxford/AstraZeneca, Pfizer/BioNTech, Sinopharm/Beijing",https://covid19.who.int/,600152,480226,119926,
Afghanistan,2021-06-02,"Oxford/AstraZeneca, Pfizer/BioNTech, Sinopharm/Beijing",https://covid19.who.int/,626290,481690,144600,
Afghanistan,2021-06-03,"Oxford/AstraZeneca, Pfizer/BioNTech, Sinopharm/Beijing",https://covid19.who.int/,630305,481800,148505,
Afghanistan,2021-06-08,"Oxford/AstraZeneca, Pfizer/BioNTech, Sinopharm/Beijing",https://covid19.who.int/,641295,482952,158343,
Afghanistan,2021-06-14,"Oxford/AstraZeneca, Pfizer/BioNTech, Sinopharm/Beijing",https://covid19.who.int/,662003,484737,177266,
Afghanistan,2021-06-22,"Oxford/AstraZeneca, Pfizer/BioNTech, Sinopharm/Beijing",https://covid19.who.int/,765890,582128,183762,
Afghanistan,2021-06-27,"Oxford/AstraZeneca, Pfizer/BioNTech, Sinopharm/Beijing",https://covid19.who.int/,835694,649434,186260,
Afghanistan,2021-06-30,"Oxford/AstraZeneca, Pfizer/BioNTech, Sinopharm/Beijing",https://covid19.who.int/,886854,699200,187654,
Afghanistan,2021-07-05,"Oxford/AstraZeneca, Pfizer/BioNTech, Sinopharm/Beijing",https://covid19.who.int/,915671,726349,189322,
Afghanistan,2021-07-07,"Oxford/AstraZeneca, Pfizer/BioNTech, Sinopharm/Beijing",https://covid19.who.int/,934463,735213,199250,
Afghanistan,2021-07-11,"Oxford/AstraZeneca, Pfizer/BioNTech, Sinopharm/Beijing",https://covid19.who.int/,962093,742934,219159,
Afghanistan,2021-07-14,"Johnson&Johnson, Oxford/AstraZeneca, Pfizer/BioNTech, Sinopharm/Beijing",https://covid19.who.int/,1024168,,,
Afghanistan,2021-07-18,"Johnson&Johnson, Oxford/AstraZeneca, Pfizer/BioNTech, Sinopharm/Beijing",https://covid19.who.int/,1094257,,,
Afghanistan,2021-07-24,"Johnson&Johnson, Oxford/AstraZeneca, Pfizer/BioNTech, Sinopharm/Beijing",https://covid19.who.int/,1171064,,,
Afghanistan,2021-08-20,"Johnson&Johnson, Oxford/AstraZeneca, Pfizer/BioNTech, Sinopharm/Beijing",https://covid19.who.int/,1201286,770542,430744,
Afghanistan,2021-08-31,"Johnson&Johnson, Oxford/AstraZeneca, Pfizer/BioNTech, Sinopharm/Beijing",https://app.powerbi.com/view?r=eyJrIjoiYTkyM2VmMDUtNDJjOC00YjU2LWI3Y2MtNTRhMWY4YzU0YTRlIiwidCI6ImY2MTBjMGI3LWJkMjQtNGIzOS04MTBiLTNkYzI4MGFmYjU5MCIsImMiOjh9,1979652,773002,,
Afghanistan,2021-09-30,"Johnson&Johnson, Oxford/AstraZeneca, Pfizer/BioNTech, Sinopharm/Beijing",https://covid19.who.int/,2369625,828601,,
Afghanistan,2021-11-14,"Johnson&Johnson, Oxford/AstraZeneca, Pfizer/BioNTech, Sinopharm/Beijing",https://covid19.who.int/,4018197,3530173,3188609,
Afghanistan,2021-12-27,"Johnson&Johnson, Oxford/AstraZeneca, Pfizer/BioNTech, Sinopharm/Beijing",https://covid19.who.int/,4674518,4142857,3753224,
Afghanistan,2022-01-09,"Johnson&Johnson, Oxford/AstraZeneca, Pfizer/BioNTech, Sinopharm/Beijing",https://covid19.who.int/,4903368,4358570,3809353,
Afghanistan,2022-01-11,"Johnson&Johnson, Oxford/AstraZeneca, Pfizer/BioNTech, Sinopharm/Beijing",https://covid19.who.int/,4925111,4378818,3814837,
Afghanistan,2022-01-13,"Johnson&Johnson, Oxford/AstraZeneca, Pfizer/BioNTech, Sinopharm/Beijing",https://covid19.who.int/,4954809,4405897,3823786,
Afghanistan,2022-01-17,"Johnson&Johnson, Oxford/AstraZeneca, Pfizer/BioNTech, Sinopharm/Beijing",https://covid19.who.int/,4985047,4432926,3832821,
Afghanistan,2022-01-19,"Johnson&Johnson, Oxford/AstraZeneca, Pfizer/BioNTech, Sinopharm/Beijing",https://covid19.who.int/,5004050,4450211,3836731,
Afghanistan,2022-01-24,"Johnson&Johnson, Oxford/AstraZeneca, Pfizer/BioNTech, Sinopharm/Beijing",https://covid19.who.int/,5046054,4486527,3851307,
Afghanistan,2022-01-26,"Johnson&Johnson, Oxford/AstraZeneca, Pfizer/BioNTech, Sinopharm/Beijing",https://covid19.who.int/,5074196,4511372,3866279,
Afghanistan,2022-01-27,"Johnson&Johnson, Oxford/AstraZeneca, Pfizer/BioNTech, Sinopharm/Beijing",https://covid19.who.int/,5081064,4517380,3868832,
Afghanistan,2022-01-31,"Johnson&Johnson, Oxford/AstraZeneca, Pfizer/BioNTech, Sinopharm/Beijing",https://covid19.who.int/,5125146,4554648,3892831,
Afghanistan,2022-02-02,"Johnson&Johnson, Oxford/AstraZeneca, Pfizer/BioNTech, Sinopharm/Beijing",https://covid19.who.int/,5152297,4577740,3912336,
Afghanistan,2022-02-07,"Johnson&Johnson, Oxford/AstraZeneca, Pfizer/BioNTech, Sinopharm/Beijing",https://covid19.who.int/,5216998,4634282,3959887,
Afghanistan,2022-02-14,"Johnson&Johnson, Oxford/AstraZeneca, Pfizer/BioNTech, Sinopharm/Beijing",https://covid19.who.int/,5321308,4723416,4043580,
Afghanistan,2022-02-20,"Johnson&Johnson, Oxford/AstraZeneca, Pfizer/BioNTech, Sinopharm/Beijing",https://covid19.who.int/,5412309,4801524,4125717,
Afghanistan,2022-02-27,"Johnson&Johnson, Oxford/AstraZeneca, Pfizer/BioNTech, Sinopharm/Beijing",https://covid19.who.int/,5535254,4907058,4231984,
