location,date,vaccine,source_url,total_vaccinations,people_vaccinated,people_fully_vaccinated,total_boosters
Aruba,2021-03-29,Pfizer/BioNTech,https://www.facebook.com/desparuba/photos/4207469465939008,25766,15600,10166,
Aruba,2021-04-10,Pfizer/BioNTech,https://www.government.aw,41096,29197,11899,
Aruba,2021-04-12,Pfizer/BioNTech,https://www.government.aw,43073,31139,11934,
Aruba,2021-04-13,Pfizer/BioNTech,https://www.government.aw,45588,33563,12025,
Aruba,2021-04-14,Pfizer/BioNTech,https://www.government.aw,48200,36058,12142,
Aruba,2021-04-15,Pfizer/BioNTech,https://www.government.aw,50546,37981,12565,
Aruba,2021-04-16,Pfizer/BioNTech,https://www.government.aw,52955,39961,12994,
Aruba,2021-04-17,Pfizer/BioNTech,https://www.government.aw,55582,41770,13812,
Aruba,2021-04-18,Pfizer/BioNTech,https://www.government.aw,55651,41837,13814,
Aruba,2021-04-19,Pfizer/BioNTech,https://www.government.aw,58178,43266,14912,
Aruba,2021-04-20,Pfizer/BioNTech,https://www.government.aw,60379,43945,16434,
Aruba,2021-04-21,Pfizer/BioNTech,https://www.facebook.com/desparuba/photos/a.657791820906808/4277983492220938,62342,44421,17921,
Aruba,2021-04-22,Pfizer/BioNTech,https://www.government.aw,64288,45097,19191,
Aruba,2021-04-23,Pfizer/BioNTech,https://www.government.aw,67950,48061,19889,
Aruba,2021-04-24,Pfizer/BioNTech,https://www.government.aw,69279,49351,19928,
Aruba,2021-04-25,Pfizer/BioNTech,https://www.government.aw,73103,53161,19942,
Aruba,2021-04-26,Pfizer/BioNTech,https://www.government.aw,73360,53244,20116,
Aruba,2021-04-28,Pfizer/BioNTech,https://www.government.aw,74668,53813,20855,
Aruba,2021-04-29,Pfizer/BioNTech,https://www.government.aw,75846,54095,21751,
Aruba,2021-04-30,Pfizer/BioNTech,https://www.government.aw,76865,54306,22559,
Aruba,2021-05-03,Pfizer/BioNTech,https://www.government.aw,77728,54614,23114,
Aruba,2021-05-04,Pfizer/BioNTech,https://www.government.aw,78956,55152,23804,
Aruba,2021-05-05,Pfizer/BioNTech,https://www.government.aw,79502,55359,24143,
Aruba,2021-05-06,Pfizer/BioNTech,https://www.government.aw,79553,55371,24182,
Aruba,2021-05-07,Pfizer/BioNTech,https://www.government.aw,80258,55625,24633,
Aruba,2021-05-08,Pfizer/BioNTech,https://www.government.aw,80699,55744,24955,
Aruba,2021-05-10,Pfizer/BioNTech,https://www.government.aw,81616,56009,25607,
Aruba,2021-05-11,Pfizer/BioNTech,https://www.government.aw,82877,56288,26589,
Aruba,2021-05-12,Pfizer/BioNTech,https://www.government.aw,84239,56594,27645,
Aruba,2021-05-13,Pfizer/BioNTech,https://www.government.aw,85441,56932,28509,
Aruba,2021-05-14,Pfizer/BioNTech,https://www.government.aw,87536,57314,30222,
Aruba,2021-05-15,Pfizer/BioNTech,https://www.government.aw,88602,57481,31121,
Aruba,2021-05-17,Pfizer/BioNTech,https://www.government.aw,91006,57936,33070,
Aruba,2021-05-18,Pfizer/BioNTech,https://www.government.aw,93734,58344,35390,
Aruba,2021-05-19,Pfizer/BioNTech,https://www.government.aw,96007,58683,37324,
Aruba,2021-05-20,Pfizer/BioNTech,https://www.government.aw,97921,58953,38968,
Aruba,2021-05-21,Pfizer/BioNTech,https://www.government.aw,100003,59341,40662,
Aruba,2021-05-22,Pfizer/BioNTech,https://www.government.aw,103395,60005,43390,
Aruba,2021-05-23,Pfizer/BioNTech,https://www.government.aw,108471,61242,47229,
Aruba,2021-05-24,Pfizer/BioNTech,https://www.government.aw,109756,61548,48208,
Aruba,2021-05-25,Pfizer/BioNTech,https://www.government.aw,111377,62143,49234,
Aruba,2021-05-26,Pfizer/BioNTech,https://www.government.aw,111665,62244,49421,
Aruba,2021-05-27,Pfizer/BioNTech,https://www.government.aw,112316,62498,49818,
Aruba,2021-05-28,Pfizer/BioNTech,https://www.government.aw,113098,62698,50400,
Aruba,2021-05-29,Pfizer/BioNTech,https://www.government.aw,113662,62914,50748,
Aruba,2021-05-31,Pfizer/BioNTech,https://www.government.aw,114154,63113,51041,
Aruba,2021-06-01,Pfizer/BioNTech,https://www.government.aw,114632,63277,51355,
Aruba,2021-06-02,Pfizer/BioNTech,https://www.government.aw,115144,63456,51688,
Aruba,2021-06-03,Pfizer/BioNTech,https://www.government.aw,116563,64004,52559,
Aruba,2021-06-04,Pfizer/BioNTech,https://www.government.aw,116577,64010,52567,
Aruba,2021-06-06,Pfizer/BioNTech,https://www.government.aw,116579,64011,52568,
Aruba,2021-06-07,Pfizer/BioNTech,https://www.government.aw,117036,64184,52852,
Aruba,2021-06-08,Pfizer/BioNTech,https://www.government.aw,117696,64473,53223,
Aruba,2021-06-09,Pfizer/BioNTech,https://www.government.aw,118316,64765,53551,
Aruba,2021-06-10,Pfizer/BioNTech,https://www.government.aw,118873,65022,53851,
Aruba,2021-06-11,Pfizer/BioNTech,https://www.government.aw,119395,65239,54156,
Aruba,2021-06-12,Pfizer/BioNTech,https://www.government.aw,121471,66046,55425,
Aruba,2021-06-14,Pfizer/BioNTech,https://www.government.aw,121874,66185,55689,
Aruba,2021-06-15,Pfizer/BioNTech,https://www.government.aw,122269,66336,55933,
Aruba,2021-06-16,Pfizer/BioNTech,https://www.government.aw,122680,66466,56214,
Aruba,2021-06-17,Pfizer/BioNTech,https://www.government.aw,123115,66614,56501,
Aruba,2021-06-18,Pfizer/BioNTech,https://www.government.aw,123571,66774,56797,
Aruba,2021-06-20,Pfizer/BioNTech,https://www.government.aw,123890,66865,57025,
Aruba,2021-06-21,Pfizer/BioNTech,https://www.government.aw,124313,66991,57322,
Aruba,2021-06-22,Pfizer/BioNTech,https://www.government.aw,124332,67004,57328,
Aruba,2021-06-23,Pfizer/BioNTech,https://www.government.aw,124856,67126,57730,
Aruba,2021-06-24,Pfizer/BioNTech,https://www.government.aw,125289,67278,58011,
Aruba,2021-06-27,Pfizer/BioNTech,https://www.government.aw,125290,67278,58012,
Aruba,2021-06-28,Pfizer/BioNTech,https://www.government.aw,125875,67457,58418,
Aruba,2021-06-29,Pfizer/BioNTech,https://www.government.aw,126387,67610,58777,
Aruba,2021-06-30,Pfizer/BioNTech,https://www.government.aw,127256,67827,59429,
Aruba,2021-07-01,Pfizer/BioNTech,https://www.government.aw,127416,67890,59526,
Aruba,2021-07-02,Pfizer/BioNTech,https://www.government.aw,127984,68087,59897,
Aruba,2021-07-05,Pfizer/BioNTech,https://www.government.aw,128575,68241,60334,
Aruba,2021-07-06,Pfizer/BioNTech,https://www.government.aw,129162,68478,60684,
Aruba,2021-07-07,Pfizer/BioNTech,https://www.government.aw,129646,68664,60982,
Aruba,2021-07-08,Pfizer/BioNTech,https://www.government.aw,130121,68855,61266,
Aruba,2021-07-09,Pfizer/BioNTech,https://www.government.aw,130670,69031,61639,
Aruba,2021-07-10,Pfizer/BioNTech,https://www.government.aw,131930,70174,61756,
Aruba,2021-07-12,Pfizer/BioNTech,https://www.government.aw,132344,70353,61991,
Aruba,2021-07-13,Pfizer/BioNTech,https://www.government.aw,132715,70539,62176,
Aruba,2021-07-14,Pfizer/BioNTech,https://www.government.aw,133180,70755,62425,
Aruba,2021-07-15,Pfizer/BioNTech,https://www.government.aw,133727,71025,62702,
Aruba,2021-07-16,Pfizer/BioNTech,https://www.government.aw,133750,71035,62715,
Aruba,2021-07-19,Pfizer/BioNTech,https://www.government.aw,134510,71409,63101,
Aruba,2021-07-20,Pfizer/BioNTech,https://www.government.aw,134521,71415,63106,
Aruba,2021-07-21,Pfizer/BioNTech,https://www.government.aw,134983,71650,63333,
Aruba,2021-07-22,Pfizer/BioNTech,https://www.government.aw,135450,71894,63556,
Aruba,2021-07-23,Pfizer/BioNTech,https://www.government.aw,135509,71913,63596,
Aruba,2021-07-26,Pfizer/BioNTech,https://www.government.aw,135988,72151,63837,
Aruba,2021-07-27,Pfizer/BioNTech,https://www.government.aw,136496,72440,64056,
Aruba,2021-07-28,Pfizer/BioNTech,https://www.government.aw,136907,72598,64309,
Aruba,2021-07-29,Pfizer/BioNTech,https://www.government.aw,137305,72758,64547,
Aruba,2021-07-30,Pfizer/BioNTech,https://www.government.aw,137598,72787,64811,
Aruba,2021-07-31,Pfizer/BioNTech,https://www.government.aw,138509,72793,65716,
Aruba,2021-08-01,Pfizer/BioNTech,https://www.government.aw,138513,72795,65718,
Aruba,2021-08-02,Pfizer/BioNTech,https://www.government.aw,138688,72813,65875,
Aruba,2021-08-03,Pfizer/BioNTech,https://www.government.aw,139043,72843,66200,
Aruba,2021-08-04,Pfizer/BioNTech,https://www.government.aw,139122,72858,66264,
Aruba,2021-08-05,Pfizer/BioNTech,https://www.government.aw,139303,72908,66395,
Aruba,2021-08-06,Pfizer/BioNTech,https://www.government.aw,139566,72991,66575,
Aruba,2021-08-09,Pfizer/BioNTech,https://www.government.aw,139887,73125,66762,
Aruba,2021-08-10,Pfizer/BioNTech,https://www.government.aw,140304,73394,66910,
Aruba,2021-08-11,Pfizer/BioNTech,https://www.government.aw,140901,73738,67163,
Aruba,2021-08-12,Pfizer/BioNTech,https://www.government.aw,141116,73843,67273,
Aruba,2021-08-13,Pfizer/BioNTech,https://www.government.aw,141611,74089,67522,
Aruba,2021-08-16,Pfizer/BioNTech,https://www.government.aw,142033,74271,67762,
Aruba,2021-08-17,Pfizer/BioNTech,https://www.government.aw,142606,74555,68051,
Aruba,2021-08-18,Pfizer/BioNTech,https://www.government.aw,143030,74788,68242,
Aruba,2021-08-19,Pfizer/BioNTech,https://www.government.aw,143396,74987,68409,
Aruba,2021-08-20,Pfizer/BioNTech,https://www.government.aw,143661,75163,68498,
Aruba,2021-08-22,Pfizer/BioNTech,https://www.government.aw,145934,77278,68656,
Aruba,2021-08-23,Pfizer/BioNTech,https://www.government.aw,146254,77540,68714,
Aruba,2021-08-24,Pfizer/BioNTech,https://www.government.aw,146496,77745,68751,
Aruba,2021-08-25,Pfizer/BioNTech,https://www.government.aw,146793,77973,68820,
Aruba,2021-08-26,Pfizer/BioNTech,https://www.government.aw,147080,78173,68907,
Aruba,2021-08-27,Pfizer/BioNTech,https://www.government.aw,147363,78344,69019,
Aruba,2021-08-29,Pfizer/BioNTech,https://www.government.aw,147577,78460,69117,
Aruba,2021-08-30,Pfizer/BioNTech,https://www.government.aw,147653,78503,69150,
Aruba,2021-08-31,Pfizer/BioNTech,https://www.government.aw,148225,78669,69556,
Aruba,2021-09-01,Pfizer/BioNTech,https://www.government.aw,148632,78853,69779,
Aruba,2021-09-02,Pfizer/BioNTech,https://www.government.aw,148867,78935,69932,
Aruba,2021-09-03,Pfizer/BioNTech,https://www.government.aw,149047,78997,70050,
Aruba,2021-09-06,Pfizer/BioNTech,https://www.government.aw,149590,79209,70381,
Aruba,2021-09-07,Pfizer/BioNTech,https://www.government.aw,149690,79261,70429,
Aruba,2021-09-08,Pfizer/BioNTech,https://www.government.aw,149974,79341,70633,
Aruba,2021-09-09,Pfizer/BioNTech,https://www.government.aw,150216,79400,70816,
Aruba,2021-09-10,Pfizer/BioNTech,https://www.government.aw,150466,79475,70991,
Aruba,2021-09-11,Pfizer/BioNTech,https://www.government.aw,151287,79801,71486,
Aruba,2021-09-12,Pfizer/BioNTech,https://www.government.aw,153189,80344,72845,
Aruba,2021-09-13,Pfizer/BioNTech,https://www.government.aw,153193,80346,72847,
Aruba,2021-09-14,Pfizer/BioNTech,https://www.government.aw,153597,80425,73172,
Aruba,2021-09-15,Pfizer/BioNTech,https://www.government.aw,154061,80518,73543,
Aruba,2021-09-16,Pfizer/BioNTech,https://www.government.aw,154447,80606,73841,
Aruba,2021-09-20,Pfizer/BioNTech,https://www.government.aw,154700,80707,73993,
Aruba,2021-09-21,Pfizer/BioNTech,https://www.government.aw,155093,80888,74205,
Aruba,2021-09-22,Pfizer/BioNTech,https://www.government.aw,155119,80907,74212,
Aruba,2021-09-23,Pfizer/BioNTech,https://www.government.aw,155336,80976,74360,
Aruba,2021-09-24,Pfizer/BioNTech,https://www.government.aw,155501,81036,74465,
Aruba,2021-09-25,Pfizer/BioNTech,https://www.government.aw,155609,81124,74485,
Aruba,2021-09-26,Pfizer/BioNTech,https://www.government.aw,155660,81149,74511,
Aruba,2021-09-27,Pfizer/BioNTech,https://www.government.aw,155753,81187,74566,
Aruba,2021-09-28,Pfizer/BioNTech,https://www.government.aw,155908,81238,74670,
Aruba,2021-09-29,Pfizer/BioNTech,https://www.government.aw,156061,81319,74742,
Aruba,2021-09-30,Pfizer/BioNTech,https://www.government.aw,156179,81374,74805,
Aruba,2021-10-01,Pfizer/BioNTech,https://www.government.aw,156355,81461,74894,
Aruba,2021-10-02,Pfizer/BioNTech,https://www.government.aw,156357,81462,74895,
Aruba,2021-10-04,Pfizer/BioNTech,https://www.government.aw,156561,81514,75047,
Aruba,2021-10-05,Pfizer/BioNTech,https://www.government.aw,156764,81564,75200,
Aruba,2021-10-06,Pfizer/BioNTech,https://www.government.aw,157007,81641,75366,
Aruba,2021-10-07,Pfizer/BioNTech,https://www.government.aw,157212,81700,75512,
Aruba,2021-10-08,Pfizer/BioNTech,https://www.government.aw,157355,81761,75594,
Aruba,2021-10-09,Pfizer/BioNTech,https://www.government.aw,157356,81761,75595,
Aruba,2021-10-10,Pfizer/BioNTech,https://www.government.aw,157541,81871,75670,
Aruba,2021-10-12,Pfizer/BioNTech,https://www.government.aw,157665,81916,75749,
Aruba,2021-10-13,Pfizer/BioNTech,https://www.government.aw,157866,81987,75879,
Aruba,2021-10-14,Pfizer/BioNTech,https://www.government.aw,157952,82015,75937,
Aruba,2021-10-15,Pfizer/BioNTech,https://www.government.aw,158065,82054,76011,
Aruba,2021-10-18,Pfizer/BioNTech,https://www.government.aw,158219,82107,76112,
Aruba,2021-10-19,Pfizer/BioNTech,https://www.government.aw,158440,82193,76247,
Aruba,2021-10-20,Pfizer/BioNTech,https://www.government.aw,158552,82236,76316,
Aruba,2021-10-21,Pfizer/BioNTech,https://www.government.aw,158665,82294,76371,
Aruba,2021-10-22,Pfizer/BioNTech,https://www.government.aw,158815,82370,76445,
Aruba,2021-10-25,Pfizer/BioNTech,https://www.government.aw,158921,82417,76504,
Aruba,2021-10-26,Pfizer/BioNTech,https://www.government.aw,159016,82459,76557,
Aruba,2021-10-27,Pfizer/BioNTech,https://www.government.aw,159175,82535,76640,
Aruba,2021-10-28,Pfizer/BioNTech,https://www.government.aw,159250,82562,76688,
Aruba,2021-10-29,Pfizer/BioNTech,https://www.government.aw,159406,82650,76756,
Aruba,2021-11-01,Pfizer/BioNTech,https://www.government.aw,159537,82682,76855,
Aruba,2021-11-02,Pfizer/BioNTech,https://www.government.aw,159631,82729,76902,
Aruba,2021-11-03,Pfizer/BioNTech,https://www.government.aw,159864,82849,77015,
Aruba,2021-11-05,Pfizer/BioNTech,https://www.government.aw,160012,82934,77078,
Aruba,2021-11-08,Pfizer/BioNTech,https://www.government.aw,160097,82974,77123,
Aruba,2021-11-09,Pfizer/BioNTech,https://www.government.aw,160170,83010,77160,
Aruba,2021-11-10,Pfizer/BioNTech,https://www.government.aw,160328,83077,77251,
Aruba,2021-11-11,Pfizer/BioNTech,https://www.government.aw,160438,83125,77313,
Aruba,2021-11-12,Pfizer/BioNTech,https://www.government.aw,160561,83183,77378,
Aruba,2021-11-15,Pfizer/BioNTech,https://www.government.aw,160659,83228,77431,
Aruba,2021-11-16,Pfizer/BioNTech,https://www.government.aw,160750,83272,77478,
Aruba,2021-11-17,Pfizer/BioNTech,https://www.government.aw,160871,83309,77562,
Aruba,2021-11-18,Pfizer/BioNTech,https://www.government.aw,160951,83346,77605,
Aruba,2021-11-19,Pfizer/BioNTech,https://www.government.aw,161112,83424,77688,
Aruba,2021-11-20,Pfizer/BioNTech,https://www.government.aw,161113,83424,77689,
Aruba,2021-11-21,Pfizer/BioNTech,https://www.government.aw,161200,83456,77744,
Aruba,2021-11-22,Pfizer/BioNTech,https://www.government.aw,161207,83457,77750,
Aruba,2021-11-23,Pfizer/BioNTech,https://www.government.aw,161336,83504,77832,
Aruba,2021-11-24,Pfizer/BioNTech,https://www.government.aw,161401,83524,77877,
Aruba,2021-11-25,Pfizer/BioNTech,https://www.government.aw,161559,83592,77967,
Aruba,2021-11-26,Pfizer/BioNTech,https://www.government.aw,161593,83604,77989,
Aruba,2021-11-27,Pfizer/BioNTech,https://www.government.aw,161611,83619,77992,
Aruba,2021-11-28,Pfizer/BioNTech,https://www.government.aw,161635,83637,77998,
Aruba,2021-11-29,Pfizer/BioNTech,https://www.government.aw,161639,83638,78001,
Aruba,2021-11-30,Pfizer/BioNTech,https://www.government.aw,161643,83640,78003,
Aruba,2021-12-01,Pfizer/BioNTech,https://www.government.aw,161648,83641,78007,
Aruba,2021-12-02,Pfizer/BioNTech,https://www.government.aw,161779,83688,78091,
Aruba,2021-12-03,Pfizer/BioNTech,https://www.government.aw,161913,83754,78159,
Aruba,2021-12-06,Pfizer/BioNTech,https://www.government.aw,162010,83795,78215,
Aruba,2021-12-07,Pfizer/BioNTech,https://www.government.aw,162121,83844,78277,
Aruba,2021-12-08,Pfizer/BioNTech,https://www.government.aw,162199,83876,78323,
Aruba,2021-12-09,Pfizer/BioNTech,https://www.government.aw,162275,83902,78373,
Aruba,2021-12-10,Pfizer/BioNTech,https://www.government.aw,162343,83936,78407,
Aruba,2021-12-13,Pfizer/BioNTech,https://www.government.aw,162443,83985,78458,
Aruba,2021-12-14,Pfizer/BioNTech,https://www.government.aw,162487,84014,78473,
Aruba,2021-12-15,Pfizer/BioNTech,https://www.government.aw,162566,84051,78515,
Aruba,2021-12-16,Pfizer/BioNTech,https://www.government.aw,162623,84084,78539,
Aruba,2021-12-17,Pfizer/BioNTech,https://www.government.aw,162818,84191,78627,
Aruba,2021-12-20,Pfizer/BioNTech,https://www.government.aw,163047,84345,78702,
Aruba,2021-12-22,Pfizer/BioNTech,https://www.government.aw,163181,84430,78751,
Aruba,2021-12-23,Pfizer/BioNTech,https://www.government.aw,163322,84513,78809,
Aruba,2021-12-24,Pfizer/BioNTech,https://www.government.aw,163323,84513,78810,
Aruba,2021-12-27,Pfizer/BioNTech,https://www.government.aw,163444,84567,78877,
Aruba,2021-12-28,Pfizer/BioNTech,https://www.government.aw,163652,84694,78958,
Aruba,2021-12-30,Pfizer/BioNTech,https://www.government.aw,163759,84751,79008,
Aruba,2022-01-04,Pfizer/BioNTech,https://www.government.aw,163843,84813,79030,
Aruba,2022-01-05,Pfizer/BioNTech,https://www.government.aw,163956,84884,79072,
Aruba,2022-01-06,Pfizer/BioNTech,https://www.government.aw,164103,84970,79133,
Aruba,2022-01-07,Pfizer/BioNTech,https://www.government.aw,164165,85004,79161,
Aruba,2022-01-10,Pfizer/BioNTech,https://www.government.aw,164295,85073,79222,
Aruba,2022-01-11,Pfizer/BioNTech,https://www.government.aw,164348,85106,79242,
Aruba,2022-01-12,Pfizer/BioNTech,https://www.government.aw,164494,85168,79326,
Aruba,2022-01-13,Pfizer/BioNTech,https://www.government.aw,164546,85191,79355,
Aruba,2022-01-14,Pfizer/BioNTech,https://www.government.aw,164625,85237,79388,
Aruba,2022-01-15,Pfizer/BioNTech,https://www.government.aw,164635,85244,79391,
Aruba,2022-01-17,Pfizer/BioNTech,https://www.government.aw,164725,85307,79418,
Aruba,2022-01-18,Pfizer/BioNTech,https://www.government.aw,164833,85362,79471,
Aruba,2022-01-19,Pfizer/BioNTech,https://www.government.aw,164933,85415,79518,
Aruba,2022-01-20,Pfizer/BioNTech,https://www.government.aw,165016,85460,79556,
Aruba,2022-01-21,Pfizer/BioNTech,https://www.government.aw,165593,85962,79631,
Aruba,2022-01-22,Pfizer/BioNTech,https://www.government.aw,165703,86072,79631,
Aruba,2022-01-23,Pfizer/BioNTech,https://www.government.aw,166004,86373,79631,
Aruba,2022-01-25,Pfizer/BioNTech,https://www.government.aw,166117,86444,79673,
Aruba,2022-01-27,Pfizer/BioNTech,https://www.government.aw,166235,86509,79726,
Aruba,2022-01-28,Pfizer/BioNTech,https://www.government.aw,166344,86579,79765,
Aruba,2022-01-31,Pfizer/BioNTech,https://www.government.aw,166440,86627,79813,
Aruba,2022-02-01,Pfizer/BioNTech,https://www.government.aw,166531,86667,79864,
Aruba,2022-02-02,Pfizer/BioNTech,https://www.government.aw,166610,86709,79901,
Aruba,2022-02-03,Pfizer/BioNTech,https://www.government.aw,166692,86761,79931,
Aruba,2022-02-04,Pfizer/BioNTech,https://www.government.aw,166780,86815,79965,
Aruba,2022-02-07,Pfizer/BioNTech,https://www.government.aw,166865,86871,79994,
Aruba,2022-02-08,Pfizer/BioNTech,https://www.government.aw,166939,86912,80027,
Aruba,2022-02-09,Pfizer/BioNTech,https://www.government.aw,167042,86972,80070,
Aruba,2022-02-10,Pfizer/BioNTech,https://www.government.aw,167119,87014,80105,
Aruba,2022-02-11,Pfizer/BioNTech,https://www.government.aw,167205,87062,80143,
Aruba,2022-02-14,Pfizer/BioNTech,https://www.government.aw,167267,87094,80173,
Aruba,2022-02-15,Pfizer/BioNTech,https://www.government.aw,167315,87115,80200,
Aruba,2022-02-16,Pfizer/BioNTech,https://www.government.aw,167391,87157,80234,
Aruba,2022-02-17,Pfizer/BioNTech,https://www.government.aw,167471,87200,80271,
Aruba,2022-02-18,Pfizer/BioNTech,https://www.government.aw,167581,87259,80322,
Aruba,2022-02-21,Pfizer/BioNTech,https://www.government.aw,167634,87292,80342,
Aruba,2022-02-22,Pfizer/BioNTech,https://www.government.aw,167681,87311,80370,
Aruba,2022-02-23,Pfizer/BioNTech,https://www.government.aw,167717,87330,80387,
Aruba,2022-02-24,Pfizer/BioNTech,https://www.government.aw,167759,87350,80409,
Aruba,2022-02-25,Pfizer/BioNTech,https://www.government.aw,167820,87378,80442,
