location,date,vaccine,source_url,total_vaccinations,people_vaccinated,people_fully_vaccinated,total_boosters
Bulgaria,2020-12-29,Pfizer/BioNTech,https://www.dnes.bg/politika/2020/12/29/prof-angelov-1719-vaksinirani-do-momenta-ima-vse-poveche-jelaeshti.474821,1719,1719,,
Bulgaria,2020-12-30,Pfizer/BioNTech,https://coronavirus.bg/bg/statistika,4608,4608,,
Bulgaria,2021-01-01,Pfizer/BioNTech,https://coronavirus.bg/bg/statistika,4739,4739,,
Bulgaria,2021-01-05,Pfizer/BioNTech,https://coronavirus.bg/bg/statistika,5448,5448,,
Bulgaria,2021-01-06,Pfizer/BioNTech,https://coronavirus.bg/bg/statistika,7913,7913,,
Bulgaria,2021-01-07,Pfizer/BioNTech,https://coronavirus.bg/bg/statistika,11117,11117,,
Bulgaria,2021-01-08,Pfizer/BioNTech,https://coronavirus.bg/bg/statistika,13355,13355,,
Bulgaria,2021-01-09,Pfizer/BioNTech,https://coronavirus.bg/bg/statistika,13473,13473,,
Bulgaria,2021-01-11,Pfizer/BioNTech,https://coronavirus.bg/bg/statistika,14161,14161,,
Bulgaria,2021-01-12,Pfizer/BioNTech,https://coronavirus.bg/bg/statistika,15780,15780,,
Bulgaria,2021-01-13,Pfizer/BioNTech,https://coronavirus.bg/bg/statistika,17038,17038,,
Bulgaria,2021-01-14,Pfizer/BioNTech,https://coronavirus.bg/bg/statistika,17686,17686,,
Bulgaria,2021-01-15,"Moderna, Pfizer/BioNTech",https://coronavirus.bg/bg/statistika,18126,18126,,
Bulgaria,2021-01-16,"Moderna, Pfizer/BioNTech",https://coronavirus.bg/bg/statistika,18332,18332,,
Bulgaria,2021-01-17,"Moderna, Pfizer/BioNTech",https://coronavirus.bg/bg/statistika,18453,18453,,
Bulgaria,2021-01-18,"Moderna, Pfizer/BioNTech",https://coronavirus.bg/bg/statistika,19638,18524,1114,
Bulgaria,2021-01-19,"Moderna, Pfizer/BioNTech",https://coronavirus.bg/bg/statistika,22226,19058,3168,
Bulgaria,2021-01-20,"Moderna, Pfizer/BioNTech",https://coronavirus.bg/bg/statistika,24127,19834,4293,
Bulgaria,2021-01-21,"Moderna, Pfizer/BioNTech",https://coronavirus.bg/bg/statistika,25251,20719,4532,
Bulgaria,2021-01-22,"Moderna, Pfizer/BioNTech",https://coronavirus.bg/bg/statistika,26101,21496,4605,
Bulgaria,2021-01-23,"Moderna, Pfizer/BioNTech",https://coronavirus.bg/bg/statistika,26119,21509,4610,
Bulgaria,2021-01-24,"Moderna, Pfizer/BioNTech",https://coronavirus.bg/bg/statistika,26143,21533,4610,
Bulgaria,2021-01-25,"Moderna, Pfizer/BioNTech",https://coronavirus.bg/bg/statistika,26798,22129,4669,
Bulgaria,2021-01-26,"Moderna, Pfizer/BioNTech",https://coronavirus.bg/bg/statistika,29122,23667,5455,
Bulgaria,2021-01-27,"Moderna, Pfizer/BioNTech",https://coronavirus.bg/bg/statistika,32917,25245,7672,
Bulgaria,2021-01-28,"Moderna, Pfizer/BioNTech",https://coronavirus.bg/bg/statistika,37636,26753,10883,
Bulgaria,2021-01-29,"Moderna, Pfizer/BioNTech",https://coronavirus.bg/bg/statistika,40805,27856,12949,
Bulgaria,2021-01-30,"Moderna, Pfizer/BioNTech",https://coronavirus.bg/bg/statistika,41020,27957,13063,
Bulgaria,2021-01-31,"Moderna, Pfizer/BioNTech",https://coronavirus.bg/bg/statistika,41125,28041,13084,
Bulgaria,2021-02-01,"Moderna, Pfizer/BioNTech",https://coronavirus.bg/bg/statistika,42634,28978,13656,
Bulgaria,2021-02-02,"Moderna, Pfizer/BioNTech",https://coronavirus.bg/bg/statistika,45917,30817,15100,
Bulgaria,2021-02-03,"Moderna, Pfizer/BioNTech",https://coronavirus.bg/bg/statistika,50124,33691,16433,
Bulgaria,2021-02-04,"Moderna, Pfizer/BioNTech",https://coronavirus.bg/bg/statistika,54025,36929,17096,
Bulgaria,2021-02-05,"Moderna, Pfizer/BioNTech",https://coronavirus.bg/bg/statistika,56860,39468,17392,
Bulgaria,2021-02-06,"Moderna, Pfizer/BioNTech",https://coronavirus.bg/bg/statistika,57016,39624,17392,
Bulgaria,2021-02-07,"Moderna, Pfizer/BioNTech",https://coronavirus.bg/bg/statistika,57038,39646,17392,
Bulgaria,2021-02-08,"Moderna, Oxford/AstraZeneca, Pfizer/BioNTech",https://coronavirus.bg/bg/statistika,58888,41407,17481,
Bulgaria,2021-02-09,"Moderna, Oxford/AstraZeneca, Pfizer/BioNTech",https://coronavirus.bg/bg/statistika,62428,44482,17946,
Bulgaria,2021-02-10,"Moderna, Oxford/AstraZeneca, Pfizer/BioNTech",https://coronavirus.bg/bg/statistika,66163,47551,18612,
Bulgaria,2021-02-11,"Moderna, Oxford/AstraZeneca, Pfizer/BioNTech",https://coronavirus.bg/bg/statistika,71123,51435,19688,
Bulgaria,2021-02-12,"Moderna, Oxford/AstraZeneca, Pfizer/BioNTech",https://coronavirus.bg/bg/statistika,74694,54123,20571,
Bulgaria,2021-02-13,"Moderna, Oxford/AstraZeneca, Pfizer/BioNTech",https://coronavirus.bg/bg/statistika,75320,54646,20674,
Bulgaria,2021-02-14,"Moderna, Oxford/AstraZeneca, Pfizer/BioNTech",https://coronavirus.bg/bg/statistika,75388,54690,20698,
Bulgaria,2021-02-15,"Moderna, Oxford/AstraZeneca, Pfizer/BioNTech",https://coronavirus.bg/bg/statistika,77436,56113,21323,
Bulgaria,2021-02-16,"Moderna, Oxford/AstraZeneca, Pfizer/BioNTech",https://coronavirus.bg/bg/statistika,81338,58562,22776,
Bulgaria,2021-02-17,"Moderna, Oxford/AstraZeneca, Pfizer/BioNTech",https://coronavirus.bg/bg/statistika,85920,61813,24107,
Bulgaria,2021-02-18,"Moderna, Oxford/AstraZeneca, Pfizer/BioNTech",https://coronavirus.bg/bg/statistika,90514,65073,25441,
Bulgaria,2021-02-19,"Moderna, Oxford/AstraZeneca, Pfizer/BioNTech",https://coronavirus.bg/bg/statistika,104268,77518,26750,
Bulgaria,2021-02-20,"Moderna, Oxford/AstraZeneca, Pfizer/BioNTech",https://coronavirus.bg/bg/statistika,108356,81433,26923,
Bulgaria,2021-02-21,"Moderna, Oxford/AstraZeneca, Pfizer/BioNTech",https://coronavirus.bg/bg/statistika,119354,92381,26973,
Bulgaria,2021-02-22,"Moderna, Oxford/AstraZeneca, Pfizer/BioNTech",https://coronavirus.bg/bg/statistika,131063,103111,27952,
Bulgaria,2021-02-23,"Moderna, Oxford/AstraZeneca, Pfizer/BioNTech",https://coronavirus.bg/bg/statistika,148226,118549,29677,
Bulgaria,2021-02-24,"Moderna, Oxford/AstraZeneca, Pfizer/BioNTech",https://coronavirus.bg/bg/statistika,168462,136454,32008,
Bulgaria,2021-02-25,"Moderna, Oxford/AstraZeneca, Pfizer/BioNTech",https://coronavirus.bg/bg/statistika,188512,153793,34719,
Bulgaria,2021-02-26,"Moderna, Oxford/AstraZeneca, Pfizer/BioNTech",https://coronavirus.bg/bg/statistika,204439,167258,37181,
Bulgaria,2021-02-27,"Moderna, Oxford/AstraZeneca, Pfizer/BioNTech",https://coronavirus.bg/bg/statistika,209760,172393,37367,
Bulgaria,2021-02-28,"Moderna, Oxford/AstraZeneca, Pfizer/BioNTech",https://coronavirus.bg/bg/statistika,212445,175066,37379,
Bulgaria,2021-03-01,"Moderna, Oxford/AstraZeneca, Pfizer/BioNTech",https://coronavirus.bg/bg/statistika,223539,184764,38775,
Bulgaria,2021-03-02,"Moderna, Oxford/AstraZeneca, Pfizer/BioNTech",https://coronavirus.bg/bg/statistika,243772,202247,41525,
Bulgaria,2021-03-03,"Moderna, Oxford/AstraZeneca, Pfizer/BioNTech",https://coronavirus.bg/bg/statistika,248169,206296,41873,
Bulgaria,2021-03-04,"Moderna, Oxford/AstraZeneca, Pfizer/BioNTech",https://coronavirus.bg/bg/statistika,268544,221832,46712,
Bulgaria,2021-03-05,"Moderna, Oxford/AstraZeneca, Pfizer/BioNTech",https://coronavirus.bg/bg/statistika,284464,234526,49938,
Bulgaria,2021-03-06,"Moderna, Oxford/AstraZeneca, Pfizer/BioNTech",https://coronavirus.bg/bg/statistika,287118,237067,50051,
Bulgaria,2021-03-07,"Moderna, Oxford/AstraZeneca, Pfizer/BioNTech",https://coronavirus.bg/bg/statistika,288631,238575,50056,
Bulgaria,2021-03-08,"Moderna, Oxford/AstraZeneca, Pfizer/BioNTech",https://coronavirus.bg/bg/statistika,294132,243479,50653,
Bulgaria,2021-03-09,"Moderna, Oxford/AstraZeneca, Pfizer/BioNTech",https://coronavirus.bg/bg/statistika,302151,250507,51644,
Bulgaria,2021-03-10,"Moderna, Oxford/AstraZeneca, Pfizer/BioNTech",https://coronavirus.bg/bg/statistika,309145,256410,52735,
Bulgaria,2021-03-11,"Moderna, Oxford/AstraZeneca, Pfizer/BioNTech",https://coronavirus.bg/bg/statistika,324446,270587,53859,
Bulgaria,2021-03-12,"Moderna, Oxford/AstraZeneca, Pfizer/BioNTech",https://coronavirus.bg/bg/statistika,336660,279324,57336,
Bulgaria,2021-03-13,"Moderna, Oxford/AstraZeneca, Pfizer/BioNTech",https://coronavirus.bg/bg/statistika,337904,280137,57767,
Bulgaria,2021-03-14,"Moderna, Oxford/AstraZeneca, Pfizer/BioNTech",https://coronavirus.bg/bg/statistika,338879,280462,58417,
Bulgaria,2021-03-15,"Moderna, Oxford/AstraZeneca, Pfizer/BioNTech",https://coronavirus.bg/bg/statistika,341707,281713,59994,
Bulgaria,2021-03-16,"Moderna, Oxford/AstraZeneca, Pfizer/BioNTech",https://coronavirus.bg/bg/statistika,345994,284266,61728,
Bulgaria,2021-03-17,"Moderna, Oxford/AstraZeneca, Pfizer/BioNTech",https://coronavirus.bg/bg/statistika,350702,286950,63752,
Bulgaria,2021-03-18,"Moderna, Oxford/AstraZeneca, Pfizer/BioNTech",https://coronavirus.bg/bg/statistika,356052,289311,66741,
Bulgaria,2021-03-19,"Moderna, Oxford/AstraZeneca, Pfizer/BioNTech",https://coronavirus.bg/bg/statistika,362721,293176,69545,
Bulgaria,2021-03-20,"Moderna, Oxford/AstraZeneca, Pfizer/BioNTech",https://coronavirus.bg/bg/statistika,366547,295794,70753,
Bulgaria,2021-03-21,"Moderna, Oxford/AstraZeneca, Pfizer/BioNTech",https://coronavirus.bg/bg/statistika,368905,297681,71224,
Bulgaria,2021-03-22,"Moderna, Oxford/AstraZeneca, Pfizer/BioNTech",https://coronavirus.bg/bg/statistika,376370,302517,73853,
Bulgaria,2021-03-23,"Moderna, Oxford/AstraZeneca, Pfizer/BioNTech",https://coronavirus.bg/bg/statistika,388805,310415,78390,
Bulgaria,2021-03-24,"Moderna, Oxford/AstraZeneca, Pfizer/BioNTech",https://coronavirus.bg/bg/statistika,401309,321332,79977,
Bulgaria,2021-03-25,"Moderna, Oxford/AstraZeneca, Pfizer/BioNTech",https://coronavirus.bg/bg/statistika,415601,332467,83134,
Bulgaria,2021-03-26,"Moderna, Oxford/AstraZeneca, Pfizer/BioNTech",https://coronavirus.bg/bg/statistika,430228,343120,87108,
Bulgaria,2021-03-27,"Moderna, Oxford/AstraZeneca, Pfizer/BioNTech",https://coronavirus.bg/bg/statistika,434158,346392,87766,
Bulgaria,2021-03-28,"Moderna, Oxford/AstraZeneca, Pfizer/BioNTech",https://coronavirus.bg/bg/statistika,436541,348327,88214,
Bulgaria,2021-03-29,"Moderna, Oxford/AstraZeneca, Pfizer/BioNTech",https://coronavirus.bg/bg/statistika,445547,355220,90327,
Bulgaria,2021-03-30,"Moderna, Oxford/AstraZeneca, Pfizer/BioNTech",https://coronavirus.bg/bg/statistika,458731,365650,93081,
Bulgaria,2021-03-31,"Moderna, Oxford/AstraZeneca, Pfizer/BioNTech",https://coronavirus.bg/bg/statistika,472443,377440,95003,
Bulgaria,2021-04-01,"Moderna, Oxford/AstraZeneca, Pfizer/BioNTech",https://coronavirus.bg/bg/statistika,486002,388595,97407,
Bulgaria,2021-04-02,"Moderna, Oxford/AstraZeneca, Pfizer/BioNTech",https://coronavirus.bg/bg/statistika,498085,398203,99882,
Bulgaria,2021-04-03,"Moderna, Oxford/AstraZeneca, Pfizer/BioNTech",https://coronavirus.bg/bg/statistika,502078,401514,100564,
Bulgaria,2021-04-04,"Moderna, Oxford/AstraZeneca, Pfizer/BioNTech",https://coronavirus.bg/bg/statistika,503570,402693,100877,
Bulgaria,2021-04-05,"Moderna, Oxford/AstraZeneca, Pfizer/BioNTech",https://coronavirus.bg/bg/statistika,510049,407622,102427,
Bulgaria,2021-04-06,"Moderna, Oxford/AstraZeneca, Pfizer/BioNTech",https://coronavirus.bg/bg/statistika,519635,414790,104845,
Bulgaria,2021-04-07,"Moderna, Oxford/AstraZeneca, Pfizer/BioNTech",https://coronavirus.bg/bg/statistika,533453,425706,107747,
Bulgaria,2021-04-08,"Moderna, Oxford/AstraZeneca, Pfizer/BioNTech",https://coronavirus.bg/bg/statistika,552516,442439,110077,
Bulgaria,2021-04-09,"Moderna, Oxford/AstraZeneca, Pfizer/BioNTech",https://coronavirus.bg/bg/statistika,567396,454711,112685,
Bulgaria,2021-04-10,"Moderna, Oxford/AstraZeneca, Pfizer/BioNTech",https://coronavirus.bg/bg/statistika,571062,458084,112978,
Bulgaria,2021-04-11,"Moderna, Oxford/AstraZeneca, Pfizer/BioNTech",https://coronavirus.bg/bg/statistika,572662,459409,113253,
Bulgaria,2021-04-12,"Moderna, Oxford/AstraZeneca, Pfizer/BioNTech",https://coronavirus.bg/bg/statistika,579992,465348,114644,
Bulgaria,2021-04-13,"Moderna, Oxford/AstraZeneca, Pfizer/BioNTech",https://coronavirus.bg/bg/statistika,590495,474072,116423,
Bulgaria,2021-04-14,"Moderna, Oxford/AstraZeneca, Pfizer/BioNTech",https://coronavirus.bg/bg/statistika,605377,485498,119879,
Bulgaria,2021-04-15,"Moderna, Oxford/AstraZeneca, Pfizer/BioNTech",https://coronavirus.bg/bg/statistika,620375,496994,123381,
Bulgaria,2021-04-16,"Moderna, Oxford/AstraZeneca, Pfizer/BioNTech",https://coronavirus.bg/bg/statistika,634129,507245,126884,
Bulgaria,2021-04-17,"Moderna, Oxford/AstraZeneca, Pfizer/BioNTech",https://coronavirus.bg/bg/statistika,637216,509196,128020,
Bulgaria,2021-04-18,"Moderna, Oxford/AstraZeneca, Pfizer/BioNTech",https://coronavirus.bg/bg/statistika,638443,509905,128538,
Bulgaria,2021-04-19,"Moderna, Oxford/AstraZeneca, Pfizer/BioNTech",https://coronavirus.bg/bg/statistika,645486,514417,131069,
Bulgaria,2021-04-20,"Moderna, Oxford/AstraZeneca, Pfizer/BioNTech",https://coronavirus.bg/bg/statistika,657333,521956,135377,
Bulgaria,2021-04-21,"Moderna, Oxford/AstraZeneca, Pfizer/BioNTech",https://coronavirus.bg/bg/statistika,676501,533316,143185,
Bulgaria,2021-04-22,"Moderna, Oxford/AstraZeneca, Pfizer/BioNTech",https://coronavirus.bg/bg/statistika,698517,546700,151817,
Bulgaria,2021-04-23,"Moderna, Oxford/AstraZeneca, Pfizer/BioNTech",https://coronavirus.bg/bg/statistika,716940,556719,160221,
Bulgaria,2021-04-24,"Moderna, Oxford/AstraZeneca, Pfizer/BioNTech",https://coronavirus.bg/bg/statistika,721170,558405,162765,
Bulgaria,2021-04-25,"Moderna, Oxford/AstraZeneca, Pfizer/BioNTech",https://coronavirus.bg/bg/statistika,723240,559274,163966,
Bulgaria,2021-04-26,"Moderna, Oxford/AstraZeneca, Pfizer/BioNTech",https://coronavirus.bg/bg/statistika,734150,564282,169868,
Bulgaria,2021-04-27,"Moderna, Oxford/AstraZeneca, Pfizer/BioNTech",https://coronavirus.bg/bg/statistika,750899,572924,177975,
Bulgaria,2021-04-28,"Moderna, Oxford/AstraZeneca, Pfizer/BioNTech",https://coronavirus.bg/bg/statistika,776254,585719,190535,
Bulgaria,2021-04-29,"Moderna, Oxford/AstraZeneca, Pfizer/BioNTech",https://coronavirus.bg/bg/statistika,803176,595509,207667,
Bulgaria,2021-04-30,"Moderna, Oxford/AstraZeneca, Pfizer/BioNTech",https://coronavirus.bg/bg/statistika,815463,602109,213354,
Bulgaria,2021-05-01,"Moderna, Oxford/AstraZeneca, Pfizer/BioNTech",https://coronavirus.bg/bg/statistika,821218,606144,215074,
Bulgaria,2021-05-02,"Moderna, Oxford/AstraZeneca, Pfizer/BioNTech",https://coronavirus.bg/bg/statistika,824623,608428,216195,
Bulgaria,2021-05-03,"Moderna, Oxford/AstraZeneca, Pfizer/BioNTech",https://coronavirus.bg/bg/statistika,833510,613677,219833,
Bulgaria,2021-05-04,"Moderna, Oxford/AstraZeneca, Pfizer/BioNTech",https://coronavirus.bg/bg/statistika,844643,619256,225387,
Bulgaria,2021-05-05,"Oxford/AstraZeneca, Moderna, Pfizer/BioNTech",https://coronavirus.bg/bg/statistika,877124,625922,251202,
Bulgaria,2021-05-06,"Oxford/AstraZeneca, Moderna, Pfizer/BioNTech",https://coronavirus.bg/bg/statistika,884254,629749,254505,
Bulgaria,2021-05-07,"Oxford/AstraZeneca, Moderna, Pfizer/BioNTech",https://coronavirus.bg/bg/statistika,922371,638468,283903,
Bulgaria,2021-05-08,"Oxford/AstraZeneca, Moderna, Pfizer/BioNTech",https://coronavirus.bg/bg/statistika,932419,642807,289612,
Bulgaria,2021-05-09,"Oxford/AstraZeneca, Moderna, Pfizer/BioNTech",https://coronavirus.bg/bg/statistika,938064,646068,291996,
Bulgaria,2021-05-10,"Oxford/AstraZeneca, Moderna, Pfizer/BioNTech",https://coronavirus.bg/bg/statistika,963539,651694,311845,
Bulgaria,2021-05-11,"Johnson&Johnson, Oxford/AstraZeneca, Moderna, Pfizer/BioNTech",https://coronavirus.bg/bg/statistika,999287,661204,338083,
Bulgaria,2021-05-12,"Johnson&Johnson, Oxford/AstraZeneca, Moderna, Pfizer/BioNTech",https://coronavirus.bg/bg/statistika,1035763,673441,362322,
Bulgaria,2021-05-13,"Johnson&Johnson, Oxford/AstraZeneca, Moderna, Pfizer/BioNTech",https://coronavirus.bg/bg/statistika,1073523,685543,387980,
Bulgaria,2021-05-14,"Johnson&Johnson, Oxford/AstraZeneca, Moderna, Pfizer/BioNTech",https://coronavirus.bg/bg/statistika,1106760,697366,409394,
Bulgaria,2021-05-15,"Johnson&Johnson, Oxford/AstraZeneca, Moderna, Pfizer/BioNTech",https://coronavirus.bg/bg/statistika,1113351,700203,413148,
Bulgaria,2021-05-16,"Johnson&Johnson, Oxford/AstraZeneca, Moderna, Pfizer/BioNTech",https://coronavirus.bg/bg/statistika,1116741,702012,414729,
Bulgaria,2021-05-17,"Johnson&Johnson, Oxford/AstraZeneca, Moderna, Pfizer/BioNTech",https://coronavirus.bg/bg/statistika,1134977,709006,425971,
Bulgaria,2021-05-18,"Johnson&Johnson, Oxford/AstraZeneca, Moderna, Pfizer/BioNTech",https://coronavirus.bg/bg/statistika,1161048,720124,440924,
Bulgaria,2021-05-19,"Johnson&Johnson, Oxford/AstraZeneca, Moderna, Pfizer/BioNTech",https://coronavirus.bg/bg/statistika,1191397,733149,458248,
Bulgaria,2021-05-20,"Johnson&Johnson, Oxford/AstraZeneca, Moderna, Pfizer/BioNTech",https://coronavirus.bg/bg/statistika,1225601,746125,479476,
Bulgaria,2021-05-21,"Johnson&Johnson, Oxford/AstraZeneca, Moderna, Pfizer/BioNTech",https://coronavirus.bg/bg/statistika,1250667,756201,494466,
Bulgaria,2021-05-22,"Johnson&Johnson, Oxford/AstraZeneca, Moderna, Pfizer/BioNTech",https://coronavirus.bg/bg/statistika,1257015,758350,498665,
Bulgaria,2021-05-23,"Johnson&Johnson, Oxford/AstraZeneca, Moderna, Pfizer/BioNTech",https://coronavirus.bg/bg/statistika,1260683,759630,501053,
Bulgaria,2021-05-24,"Johnson&Johnson, Oxford/AstraZeneca, Moderna, Pfizer/BioNTech",https://coronavirus.bg/bg/statistika,1265855,760923,504932,
Bulgaria,2021-05-25,"Johnson&Johnson, Oxford/AstraZeneca, Moderna, Pfizer/BioNTech",https://coronavirus.bg/bg/statistika,1282717,766754,515963,
Bulgaria,2021-05-26,"Johnson&Johnson, Oxford/AstraZeneca, Moderna, Pfizer/BioNTech",https://coronavirus.bg/bg/statistika,1303575,777089,526486,
Bulgaria,2021-05-27,"Johnson&Johnson, Oxford/AstraZeneca, Moderna, Pfizer/BioNTech",https://coronavirus.bg/bg/statistika,1321786,787995,533791,
Bulgaria,2021-05-28,"Johnson&Johnson, Oxford/AstraZeneca, Moderna, Pfizer/BioNTech",https://coronavirus.bg/bg/statistika,1341130,796827,544303,
Bulgaria,2021-05-29,"Johnson&Johnson, Oxford/AstraZeneca, Moderna, Pfizer/BioNTech",https://coronavirus.bg/bg/statistika,1348204,799293,548911,
Bulgaria,2021-05-30,"Johnson&Johnson, Oxford/AstraZeneca, Moderna, Pfizer/BioNTech",https://coronavirus.bg/bg/statistika,1353249,801064,552185,
Bulgaria,2021-05-31,"Johnson&Johnson, Oxford/AstraZeneca, Moderna, Pfizer/BioNTech",https://coronavirus.bg/bg/statistika,1365923,805538,560385,
Bulgaria,2021-06-01,"Johnson&Johnson, Oxford/AstraZeneca, Moderna, Pfizer/BioNTech",https://coronavirus.bg/bg/statistika,1383971,812072,571899,
Bulgaria,2021-06-02,"Johnson&Johnson, Oxford/AstraZeneca, Moderna, Pfizer/BioNTech",https://coronavirus.bg/bg/statistika,1405952,819332,586620,
Bulgaria,2021-06-03,"Johnson&Johnson, Oxford/AstraZeneca, Moderna, Pfizer/BioNTech",https://coronavirus.bg/bg/statistika,1429105,827703,601402,
Bulgaria,2021-06-04,"Johnson&Johnson, Oxford/AstraZeneca, Moderna, Pfizer/BioNTech",https://coronavirus.bg/bg/statistika,1450850,834815,616035,
Bulgaria,2021-06-05,"Johnson&Johnson, Oxford/AstraZeneca, Moderna, Pfizer/BioNTech",https://coronavirus.bg/bg/statistika,1456841,837157,619684,
Bulgaria,2021-06-06,"Johnson&Johnson, Oxford/AstraZeneca, Moderna, Pfizer/BioNTech",https://coronavirus.bg/bg/statistika,1464251,840111,624140,
Bulgaria,2021-06-07,"Johnson&Johnson, Oxford/AstraZeneca, Moderna, Pfizer/BioNTech",https://coronavirus.bg/bg/statistika,1478774,844483,634291,
Bulgaria,2021-06-08,"Johnson&Johnson, Oxford/AstraZeneca, Moderna, Pfizer/BioNTech",https://coronavirus.bg/bg/statistika,1500534,851993,648541,
Bulgaria,2021-06-09,"Johnson&Johnson, Oxford/AstraZeneca, Moderna, Pfizer/BioNTech",https://coronavirus.bg/bg/statistika,1524541,860007,664534,
Bulgaria,2021-06-10,"Johnson&Johnson, Oxford/AstraZeneca, Moderna, Pfizer/BioNTech",https://coronavirus.bg/bg/statistika,1548304,867873,680431,
Bulgaria,2021-06-11,"Johnson&Johnson, Oxford/AstraZeneca, Moderna, Pfizer/BioNTech",https://coronavirus.bg/bg/statistika,1568793,874457,694336,
Bulgaria,2021-06-12,"Johnson&Johnson, Oxford/AstraZeneca, Moderna, Pfizer/BioNTech",https://coronavirus.bg/bg/statistika,1573761,876614,697147,
Bulgaria,2021-06-13,"Johnson&Johnson, Oxford/AstraZeneca, Moderna, Pfizer/BioNTech",https://coronavirus.bg/bg/statistika,1577024,878290,698734,
Bulgaria,2021-06-14,"Johnson&Johnson, Oxford/AstraZeneca, Moderna, Pfizer/BioNTech",https://coronavirus.bg/bg/statistika,1586678,882269,704409,
Bulgaria,2021-06-15,"Johnson&Johnson, Oxford/AstraZeneca, Moderna, Pfizer/BioNTech",https://coronavirus.bg/bg/statistika,1602136,888892,713244,
Bulgaria,2021-06-16,"Johnson&Johnson, Oxford/AstraZeneca, Moderna, Pfizer/BioNTech",https://coronavirus.bg/bg/statistika,1619744,895526,724218,
Bulgaria,2021-06-17,"Johnson&Johnson, Oxford/AstraZeneca, Moderna, Pfizer/BioNTech",https://coronavirus.bg/bg/statistika,1637956,902058,735898,
Bulgaria,2021-06-18,"Johnson&Johnson, Oxford/AstraZeneca, Moderna, Pfizer/BioNTech",https://coronavirus.bg/bg/statistika,1653186,907614,745572,
Bulgaria,2021-06-19,"Johnson&Johnson, Oxford/AstraZeneca, Moderna, Pfizer/BioNTech",https://coronavirus.bg/bg/statistika,1657042,909571,747471,
Bulgaria,2021-06-20,"Johnson&Johnson, Oxford/AstraZeneca, Moderna, Pfizer/BioNTech",https://coronavirus.bg/bg/statistika,1660175,911349,748826,
Bulgaria,2021-06-21,"Johnson&Johnson, Oxford/AstraZeneca, Moderna, Pfizer/BioNTech",https://coronavirus.bg/bg/statistika,1668677,915302,753375,
Bulgaria,2021-06-22,"Johnson&Johnson, Oxford/AstraZeneca, Moderna, Pfizer/BioNTech",https://coronavirus.bg/bg/statistika,1681399,921437,759962,
Bulgaria,2021-06-23,"Johnson&Johnson, Oxford/AstraZeneca, Moderna, Pfizer/BioNTech",https://coronavirus.bg/bg/statistika,1695298,927575,767723,
Bulgaria,2021-06-24,"Johnson&Johnson, Oxford/AstraZeneca, Moderna, Pfizer/BioNTech",https://coronavirus.bg/bg/statistika,1709510,933338,776172,
Bulgaria,2021-06-25,"Johnson&Johnson, Oxford/AstraZeneca, Moderna, Pfizer/BioNTech",https://coronavirus.bg/bg/statistika,1721790,938397,783393,
Bulgaria,2021-06-26,"Johnson&Johnson, Oxford/AstraZeneca, Moderna, Pfizer/BioNTech",https://coronavirus.bg/bg/statistika,1724896,939901,784995,
Bulgaria,2021-06-27,"Johnson&Johnson, Oxford/AstraZeneca, Moderna, Pfizer/BioNTech",https://coronavirus.bg/bg/statistika,1727616,941280,786336,
Bulgaria,2021-06-28,"Johnson&Johnson, Oxford/AstraZeneca, Moderna, Pfizer/BioNTech",https://coronavirus.bg/bg/statistika,1735675,944704,790971,
Bulgaria,2021-06-29,"Johnson&Johnson, Oxford/AstraZeneca, Moderna, Pfizer/BioNTech",https://coronavirus.bg/bg/statistika,1748265,950212,798053,
Bulgaria,2021-06-30,"Johnson&Johnson, Oxford/AstraZeneca, Moderna, Pfizer/BioNTech",https://coronavirus.bg/bg/statistika,1761277,955804,805473,
Bulgaria,2021-07-01,"Johnson&Johnson, Oxford/AstraZeneca, Moderna, Pfizer/BioNTech",https://coronavirus.bg/bg/statistika,1773581,961406,812175,
Bulgaria,2021-07-02,"Johnson&Johnson, Oxford/AstraZeneca, Moderna, Pfizer/BioNTech",https://coronavirus.bg/bg/statistika,1785306,966942,818364,
Bulgaria,2021-07-03,"Johnson&Johnson, Oxford/AstraZeneca, Moderna, Pfizer/BioNTech",https://coronavirus.bg/bg/statistika,1788904,968924,819980,
Bulgaria,2021-07-04,"Johnson&Johnson, Oxford/AstraZeneca, Moderna, Pfizer/BioNTech",https://coronavirus.bg/bg/statistika,1791061,970086,820975,
Bulgaria,2021-07-05,"Johnson&Johnson, Oxford/AstraZeneca, Moderna, Pfizer/BioNTech",https://coronavirus.bg/bg/statistika,1798875,974405,824470,
Bulgaria,2021-07-06,"Johnson&Johnson, Oxford/AstraZeneca, Moderna, Pfizer/BioNTech",https://coronavirus.bg/bg/statistika,1810576,980315,830261,
Bulgaria,2021-07-07,"Johnson&Johnson, Oxford/AstraZeneca, Moderna, Pfizer/BioNTech",https://coronavirus.bg/bg/statistika,1823403,987250,836153,
Bulgaria,2021-07-08,"Johnson&Johnson, Oxford/AstraZeneca, Moderna, Pfizer/BioNTech",https://coronavirus.bg/bg/statistika,1835681,993887,841794,
Bulgaria,2021-07-09,"Johnson&Johnson, Oxford/AstraZeneca, Moderna, Pfizer/BioNTech",https://coronavirus.bg/bg/statistika,1847225,1000367,846858,
Bulgaria,2021-07-10,"Johnson&Johnson, Oxford/AstraZeneca, Moderna, Pfizer/BioNTech",https://coronavirus.bg/bg/statistika,1850490,1002491,847999,
Bulgaria,2021-07-11,"Johnson&Johnson, Oxford/AstraZeneca, Moderna, Pfizer/BioNTech",https://coronavirus.bg/bg/statistika,1852583,1003791,848792,
Bulgaria,2021-07-12,"Johnson&Johnson, Oxford/AstraZeneca, Moderna, Pfizer/BioNTech",https://coronavirus.bg/bg/statistika,1860993,1008573,852420,
Bulgaria,2021-07-27,"Johnson&Johnson, Oxford/AstraZeneca, Moderna, Pfizer/BioNTech",https://coronavirus.bg/bg/statistika,1988805,1011640,977165,
Bulgaria,2021-07-28,"Johnson&Johnson, Oxford/AstraZeneca, Moderna, Pfizer/BioNTech",https://coronavirus.bg/bg/statistika,2001777,1017204,984573,
Bulgaria,2021-07-29,"Johnson&Johnson, Oxford/AstraZeneca, Moderna, Pfizer/BioNTech",https://coronavirus.bg/bg/statistika,2013988,1022453,991535,
Bulgaria,2021-07-30,"Johnson&Johnson, Oxford/AstraZeneca, Moderna, Pfizer/BioNTech",https://coronavirus.bg/bg/statistika,2024943,1026855,998088,
Bulgaria,2021-07-31,"Johnson&Johnson, Oxford/AstraZeneca, Moderna, Pfizer/BioNTech",https://coronavirus.bg/bg/statistika,2028136,1028258,999878,
Bulgaria,2021-08-01,"Johnson&Johnson, Oxford/AstraZeneca, Moderna, Pfizer/BioNTech",https://coronavirus.bg/bg/statistika,2030301,1029158,1001143,
Bulgaria,2021-08-02,"Johnson&Johnson, Oxford/AstraZeneca, Moderna, Pfizer/BioNTech",https://coronavirus.bg/bg/statistika,2038611,1032438,1006173,
Bulgaria,2021-08-03,"Johnson&Johnson, Oxford/AstraZeneca, Moderna, Pfizer/BioNTech",https://coronavirus.bg/bg/statistika,2050991,1037737,1013254,
Bulgaria,2021-08-04,"Johnson&Johnson, Oxford/AstraZeneca, Moderna, Pfizer/BioNTech",https://coronavirus.bg/bg/statistika,2063643,1043316,1020327,
Bulgaria,2021-08-05,"Johnson&Johnson, Oxford/AstraZeneca, Moderna, Pfizer/BioNTech",https://coronavirus.bg/bg/statistika,2076157,1048780,1027377,
Bulgaria,2021-08-06,"Johnson&Johnson, Oxford/AstraZeneca, Moderna, Pfizer/BioNTech",https://coronavirus.bg/bg/statistika,2088021,1053837,1034184,
Bulgaria,2021-08-07,"Johnson&Johnson, Oxford/AstraZeneca, Moderna, Pfizer/BioNTech",https://coronavirus.bg/bg/statistika,2091299,1055433,1035866,
Bulgaria,2021-08-08,"Johnson&Johnson, Oxford/AstraZeneca, Moderna, Pfizer/BioNTech",https://coronavirus.bg/bg/statistika,2093630,1056484,1037146,
Bulgaria,2021-08-09,"Johnson&Johnson, Oxford/AstraZeneca, Moderna, Pfizer/BioNTech",https://coronavirus.bg/bg/statistika,2102614,1060139,1042475,
Bulgaria,2021-08-10,"Johnson&Johnson, Oxford/AstraZeneca, Moderna, Pfizer/BioNTech",https://coronavirus.bg/bg/statistika,2114510,1065354,1049156,
Bulgaria,2021-08-11,"Johnson&Johnson, Oxford/AstraZeneca, Moderna, Pfizer/BioNTech",https://coronavirus.bg/bg/statistika,2126824,1070631,1056193,
Bulgaria,2021-08-12,"Johnson&Johnson, Oxford/AstraZeneca, Moderna, Pfizer/BioNTech",https://coronavirus.bg/bg/statistika,2138659,1075464,1063195,
Bulgaria,2021-08-13,"Johnson&Johnson, Oxford/AstraZeneca, Moderna, Pfizer/BioNTech",https://coronavirus.bg/bg/statistika,2149134,1079476,1069658,
Bulgaria,2021-08-14,"Johnson&Johnson, Oxford/AstraZeneca, Moderna, Pfizer/BioNTech",https://coronavirus.bg/bg/statistika,2152638,1080799,1071839,
Bulgaria,2021-08-15,"Johnson&Johnson, Oxford/AstraZeneca, Moderna, Pfizer/BioNTech",https://coronavirus.bg/bg/statistika,2154824,1081636,1073188,
Bulgaria,2021-08-16,"Johnson&Johnson, Oxford/AstraZeneca, Moderna, Pfizer/BioNTech",https://coronavirus.bg/bg/statistika,2163959,1084693,1079266,
Bulgaria,2021-08-17,"Johnson&Johnson, Oxford/AstraZeneca, Moderna, Pfizer/BioNTech",https://coronavirus.bg/bg/statistika,2176168,1089066,1087102,
Bulgaria,2021-08-18,"Johnson&Johnson, Oxford/AstraZeneca, Moderna, Pfizer/BioNTech",https://coronavirus.bg/bg/statistika,2188957,,1094904,
Bulgaria,2021-08-19,"Johnson&Johnson, Oxford/AstraZeneca, Moderna, Pfizer/BioNTech",https://coronavirus.bg/bg/statistika,2201084,,1102320,
Bulgaria,2021-08-20,"Johnson&Johnson, Oxford/AstraZeneca, Moderna, Pfizer/BioNTech",https://coronavirus.bg/bg/statistika,2212854,,1109399,
Bulgaria,2021-08-21,"Johnson&Johnson, Oxford/AstraZeneca, Moderna, Pfizer/BioNTech",https://coronavirus.bg/bg/statistika,2216558,,1111648,
Bulgaria,2021-08-22,"Johnson&Johnson, Oxford/AstraZeneca, Moderna, Pfizer/BioNTech",https://coronavirus.bg/bg/statistika,2218947,,1113213,
Bulgaria,2021-08-23,"Johnson&Johnson, Oxford/AstraZeneca, Moderna, Pfizer/BioNTech",https://coronavirus.bg/bg/statistika,2228826,,1119571,
Bulgaria,2021-08-24,"Johnson&Johnson, Oxford/AstraZeneca, Moderna, Pfizer/BioNTech",https://coronavirus.bg/bg/statistika,2242559,,1128101,
Bulgaria,2021-08-25,"Johnson&Johnson, Oxford/AstraZeneca, Moderna, Pfizer/BioNTech",https://coronavirus.bg/bg/statistika,2256350,,1136584,
Bulgaria,2021-08-26,"Johnson&Johnson, Oxford/AstraZeneca, Moderna, Pfizer/BioNTech",https://coronavirus.bg/bg/statistika,2269759,,1144803,
Bulgaria,2021-08-27,"Johnson&Johnson, Oxford/AstraZeneca, Moderna, Pfizer/BioNTech",https://coronavirus.bg/bg/statistika,2282245,,1152656,
Bulgaria,2021-08-28,"Johnson&Johnson, Oxford/AstraZeneca, Moderna, Pfizer/BioNTech",https://coronavirus.bg/bg/statistika,2286175,,1155078,
Bulgaria,2021-08-29,"Johnson&Johnson, Oxford/AstraZeneca, Moderna, Pfizer/BioNTech",https://coronavirus.bg/bg/statistika,2288715,,1156729,
Bulgaria,2021-08-30,"Johnson&Johnson, Oxford/AstraZeneca, Moderna, Pfizer/BioNTech",https://coronavirus.bg/bg/statistika,2299118,,1163504,
Bulgaria,2021-08-31,"Johnson&Johnson, Oxford/AstraZeneca, Moderna, Pfizer/BioNTech",https://coronavirus.bg/bg/statistika,2312605,,1172184,
Bulgaria,2021-09-01,"Johnson&Johnson, Oxford/AstraZeneca, Moderna, Pfizer/BioNTech",https://coronavirus.bg/bg/statistika,2324643,,1180497,
Bulgaria,2021-09-02,"Johnson&Johnson, Oxford/AstraZeneca, Moderna, Pfizer/BioNTech",https://coronavirus.bg/bg/statistika,2336831,,1188377,
Bulgaria,2021-09-03,"Johnson&Johnson, Oxford/AstraZeneca, Moderna, Pfizer/BioNTech",https://coronavirus.bg/bg/statistika,2349025,,1196017,
Bulgaria,2021-09-04,"Johnson&Johnson, Oxford/AstraZeneca, Moderna, Pfizer/BioNTech",https://coronavirus.bg/bg/statistika,2352395,,1198196,
Bulgaria,2021-09-05,"Johnson&Johnson, Oxford/AstraZeneca, Moderna, Pfizer/BioNTech",https://coronavirus.bg/bg/statistika,2354543,,1199588,
Bulgaria,2021-09-06,"Johnson&Johnson, Oxford/AstraZeneca, Moderna, Pfizer/BioNTech",https://coronavirus.bg/bg/statistika,2356197,,1200713,
Bulgaria,2021-09-07,"Johnson&Johnson, Oxford/AstraZeneca, Moderna, Pfizer/BioNTech",https://coronavirus.bg/bg/statistika,2367564,,1209100,
Bulgaria,2021-09-08,"Johnson&Johnson, Oxford/AstraZeneca, Moderna, Pfizer/BioNTech",https://coronavirus.bg/bg/statistika,2380022,,1217377,
Bulgaria,2021-09-09,"Johnson&Johnson, Oxford/AstraZeneca, Moderna, Pfizer/BioNTech",https://coronavirus.bg/bg/statistika,2391930,,1225164,
Bulgaria,2021-09-10,"Johnson&Johnson, Oxford/AstraZeneca, Moderna, Pfizer/BioNTech",https://coronavirus.bg/bg/statistika,2402957,,1232840,
Bulgaria,2021-09-11,"Johnson&Johnson, Oxford/AstraZeneca, Moderna, Pfizer/BioNTech",https://coronavirus.bg/bg/statistika,2406030,,1234979,
Bulgaria,2021-09-12,"Johnson&Johnson, Oxford/AstraZeneca, Moderna, Pfizer/BioNTech",https://coronavirus.bg/bg/statistika,2407986,,1236422,
Bulgaria,2021-09-13,"Johnson&Johnson, Oxford/AstraZeneca, Moderna, Pfizer/BioNTech",https://coronavirus.bg/bg/statistika,2416030,,1242231,
Bulgaria,2021-09-14,"Johnson&Johnson, Oxford/AstraZeneca, Moderna, Pfizer/BioNTech",https://coronavirus.bg/bg/statistika,2427013,,1249902,
Bulgaria,2021-09-15,"Johnson&Johnson, Oxford/AstraZeneca, Moderna, Pfizer/BioNTech",https://coronavirus.bg/bg/statistika,2437295,,1257214,
Bulgaria,2021-09-16,"Johnson&Johnson, Oxford/AstraZeneca, Moderna, Pfizer/BioNTech",https://coronavirus.bg/bg/statistika,2448482,,1265174,
Bulgaria,2021-09-17,"Johnson&Johnson, Oxford/AstraZeneca, Moderna, Pfizer/BioNTech",https://coronavirus.bg/bg/statistika,2458928,,1272680,
Bulgaria,2021-09-18,"Johnson&Johnson, Oxford/AstraZeneca, Moderna, Pfizer/BioNTech",https://coronavirus.bg/bg/statistika,2461969,,1274875,
Bulgaria,2021-09-19,"Johnson&Johnson, Oxford/AstraZeneca, Moderna, Pfizer/BioNTech",https://coronavirus.bg/bg/statistika,2463666,,1276139,
Bulgaria,2021-09-20,"Johnson&Johnson, Oxford/AstraZeneca, Moderna, Pfizer/BioNTech",https://coronavirus.bg/bg/statistika,2471212,,1281766,
Bulgaria,2021-09-21,"Johnson&Johnson, Oxford/AstraZeneca, Moderna, Pfizer/BioNTech",https://coronavirus.bg/bg/statistika,2481276,,1289055,
Bulgaria,2021-09-22,"Johnson&Johnson, Oxford/AstraZeneca, Moderna, Pfizer/BioNTech",https://coronavirus.bg/bg/statistika,2483134,,1290434,
Bulgaria,2021-09-23,"Johnson&Johnson, Oxford/AstraZeneca, Moderna, Pfizer/BioNTech",https://coronavirus.bg/bg/statistika,2494575,,1298936,
Bulgaria,2021-09-24,"Johnson&Johnson, Oxford/AstraZeneca, Moderna, Pfizer/BioNTech",https://coronavirus.bg/bg/statistika,2504582,,1306264,
Bulgaria,2021-09-25,"Johnson&Johnson, Oxford/AstraZeneca, Moderna, Pfizer/BioNTech",https://coronavirus.bg/bg/statistika,2507048,,1307993,
Bulgaria,2021-09-26,"Johnson&Johnson, Oxford/AstraZeneca, Moderna, Pfizer/BioNTech",https://coronavirus.bg/bg/statistika,2508560,,1309135,
Bulgaria,2021-09-27,"Johnson&Johnson, Oxford/AstraZeneca, Moderna, Pfizer/BioNTech",https://coronavirus.bg/bg/statistika,2513769,,1312649,
Bulgaria,2021-09-28,"Johnson&Johnson, Oxford/AstraZeneca, Moderna, Pfizer/BioNTech",https://coronavirus.bg/bg/statistika,2521738,,1318066,
Bulgaria,2021-09-29,"Johnson&Johnson, Oxford/AstraZeneca, Moderna, Pfizer/BioNTech",https://coronavirus.bg/bg/statistika,2530744,,1324137,
Bulgaria,2021-09-30,"Johnson&Johnson, Oxford/AstraZeneca, Moderna, Pfizer/BioNTech",https://coronavirus.bg/bg/statistika,2539650,,1330199,
Bulgaria,2021-10-01,"Johnson&Johnson, Oxford/AstraZeneca, Moderna, Pfizer/BioNTech",https://coronavirus.bg/bg/statistika,2546712,,1335039,
Bulgaria,2021-10-02,"Johnson&Johnson, Oxford/AstraZeneca, Moderna, Pfizer/BioNTech",https://coronavirus.bg/bg/statistika,2548995,,1336437,
Bulgaria,2021-10-03,"Johnson&Johnson, Oxford/AstraZeneca, Moderna, Pfizer/BioNTech",https://who.maps.arcgis.com/apps/dashboards/ead3c6475654481ca51c248d52ab9c61,2549465,1407830,,
Bulgaria,2021-10-04,"Johnson&Johnson, Oxford/AstraZeneca, Moderna, Pfizer/BioNTech",https://coronavirus.bg/bg/statistika,2555664,,1340793,
Bulgaria,2021-10-05,"Johnson&Johnson, Oxford/AstraZeneca, Moderna, Pfizer/BioNTech",https://coronavirus.bg/bg/statistika,2563069,,1345602,
Bulgaria,2021-10-06,"Johnson&Johnson, Oxford/AstraZeneca, Moderna, Pfizer/BioNTech",https://coronavirus.bg/bg/statistika,2570248,,1350132,
Bulgaria,2021-10-07,"Johnson&Johnson, Oxford/AstraZeneca, Moderna, Pfizer/BioNTech",https://coronavirus.bg/bg/statistika,2577957,,1354896,
Bulgaria,2021-10-08,"Johnson&Johnson, Oxford/AstraZeneca, Moderna, Pfizer/BioNTech",https://coronavirus.bg/bg/statistika,2585160,,1359501,
Bulgaria,2021-10-09,"Johnson&Johnson, Oxford/AstraZeneca, Moderna, Pfizer/BioNTech",https://coronavirus.bg/bg/statistika,2587495,,1360933,
Bulgaria,2021-10-10,"Johnson&Johnson, Oxford/AstraZeneca, Moderna, Pfizer/BioNTech",https://coronavirus.bg/bg/statistika,2588714,,1361629,
Bulgaria,2021-10-11,"Johnson&Johnson, Oxford/AstraZeneca, Moderna, Pfizer/BioNTech",https://coronavirus.bg/bg/statistika,2593879,,1365088,
Bulgaria,2021-10-12,"Johnson&Johnson, Oxford/AstraZeneca, Moderna, Pfizer/BioNTech",https://coronavirus.bg/bg/statistika,2601548,,1369817,
Bulgaria,2021-10-13,"Johnson&Johnson, Oxford/AstraZeneca, Moderna, Pfizer/BioNTech",https://coronavirus.bg/bg/statistika,2607096,,1372723,
Bulgaria,2021-10-14,"Johnson&Johnson, Oxford/AstraZeneca, Moderna, Pfizer/BioNTech",https://coronavirus.bg/bg/statistika,2615154,,1377516,
Bulgaria,2021-10-15,"Johnson&Johnson, Oxford/AstraZeneca, Moderna, Pfizer/BioNTech",https://coronavirus.bg/bg/statistika,2623783,,1382469,
Bulgaria,2021-10-16,"Johnson&Johnson, Oxford/AstraZeneca, Moderna, Pfizer/BioNTech",https://coronavirus.bg/bg/statistika,2626708,,1383964,
Bulgaria,2021-10-17,"Johnson&Johnson, Oxford/AstraZeneca, Moderna, Pfizer/BioNTech",https://coronavirus.bg/bg/statistika,2628498,,1384919,
Bulgaria,2021-10-18,"Johnson&Johnson, Oxford/AstraZeneca, Moderna, Pfizer/BioNTech",https://coronavirus.bg/bg/statistika,2634699,,1388405,
Bulgaria,2021-10-19,"Johnson&Johnson, Oxford/AstraZeneca, Moderna, Pfizer/BioNTech",https://coronavirus.bg/bg/statistika,2643788,,1393292,
Bulgaria,2021-10-20,"Johnson&Johnson, Oxford/AstraZeneca, Moderna, Pfizer/BioNTech",https://coronavirus.bg/bg/statistika,2657271,,1401299,
Bulgaria,2021-10-21,"Johnson&Johnson, Oxford/AstraZeneca, Moderna, Pfizer/BioNTech",https://coronavirus.bg/bg/statistika,2685512,,1417227,
Bulgaria,2021-10-22,"Johnson&Johnson, Oxford/AstraZeneca, Moderna, Pfizer/BioNTech",https://coronavirus.bg/bg/statistika,2709549,,1430115,
Bulgaria,2021-10-23,"Johnson&Johnson, Oxford/AstraZeneca, Moderna, Pfizer/BioNTech",https://coronavirus.bg/bg/statistika,,,1436426,12287
Bulgaria,2021-10-24,"Johnson&Johnson, Oxford/AstraZeneca, Moderna, Pfizer/BioNTech",https://covid19.who.int,2718716,1532911,,
Bulgaria,2021-10-25,"Johnson&Johnson, Oxford/AstraZeneca, Moderna, Pfizer/BioNTech",https://coronavirus.bg/bg/statistika,2743549,,1448683,13101
Bulgaria,2021-10-26,"Johnson&Johnson, Oxford/AstraZeneca, Moderna, Pfizer/BioNTech",https://coronavirus.bg/bg/statistika,2775555,,1466012,
Bulgaria,2021-10-27,"Johnson&Johnson, Oxford/AstraZeneca, Moderna, Pfizer/BioNTech",https://coronavirus.bg/bg/statistika,2800965,,1479038,
Bulgaria,2021-10-28,"Johnson&Johnson, Oxford/AstraZeneca, Moderna, Pfizer/BioNTech",https://coronavirus.bg/bg/statistika,2824345,,1491628,
Bulgaria,2021-10-29,"Johnson&Johnson, Oxford/AstraZeneca, Moderna, Pfizer/BioNTech",https://coronavirus.bg/bg/statistika,2847489,,1503885,
Bulgaria,2021-10-30,"Johnson&Johnson, Oxford/AstraZeneca, Moderna, Pfizer/BioNTech",https://coronavirus.bg/bg/statistika,2855224,,1508365,
Bulgaria,2021-10-31,"Johnson&Johnson, Oxford/AstraZeneca, Moderna, Pfizer/BioNTech",https://coronavirus.bg/bg/statistika,2860195,,1511130,
Bulgaria,2021-11-01,"Johnson&Johnson, Oxford/AstraZeneca, Moderna, Pfizer/BioNTech",https://coronavirus.bg/bg/statistika,2874721,,1518989,
Bulgaria,2021-11-02,"Johnson&Johnson, Oxford/AstraZeneca, Moderna, Pfizer/BioNTech",https://coronavirus.bg/bg/statistika,2893502,,1528975,
Bulgaria,2021-11-03,"Johnson&Johnson, Oxford/AstraZeneca, Moderna, Pfizer/BioNTech",https://coronavirus.bg/bg/statistika,2913044,,1538928,
Bulgaria,2021-11-04,"Johnson&Johnson, Oxford/AstraZeneca, Moderna, Pfizer/BioNTech",https://coronavirus.bg/bg/statistika,2933806,,1549160,
Bulgaria,2021-11-05,"Johnson&Johnson, Oxford/AstraZeneca, Moderna, Pfizer/BioNTech",https://coronavirus.bg/bg/statistika,2954059,,1559169,
Bulgaria,2021-11-06,"Johnson&Johnson, Oxford/AstraZeneca, Moderna, Pfizer/BioNTech",https://coronavirus.bg/bg/statistika,2960810,,1562833,
Bulgaria,2021-11-07,"Johnson&Johnson, Oxford/AstraZeneca, Moderna, Pfizer/BioNTech",https://coronavirus.bg/bg/statistika,2965571,,1565240,
Bulgaria,2021-11-08,"Johnson&Johnson, Oxford/AstraZeneca, Moderna, Pfizer/BioNTech",https://coronavirus.bg/bg/statistika,2978843,,1571841,
Bulgaria,2021-11-09,"Johnson&Johnson, Oxford/AstraZeneca, Moderna, Pfizer/BioNTech",https://coronavirus.bg/bg/statistika,2995814,,1579989,
Bulgaria,2021-11-10,"Johnson&Johnson, Oxford/AstraZeneca, Moderna, Pfizer/BioNTech",https://coronavirus.bg/bg/statistika,3013177,,1588991,
Bulgaria,2021-11-11,"Johnson&Johnson, Oxford/AstraZeneca, Moderna, Pfizer/BioNTech",https://coronavirus.bg/bg/statistika,3035555,,1602186,
Bulgaria,2021-11-12,"Johnson&Johnson, Oxford/AstraZeneca, Moderna, Pfizer/BioNTech",https://coronavirus.bg/bg/statistika,3057437,,1615183,
Bulgaria,2021-11-13,"Johnson&Johnson, Oxford/AstraZeneca, Moderna, Pfizer/BioNTech",https://coronavirus.bg/bg/statistika,3065144,,1620045,
Bulgaria,2021-11-14,"Johnson&Johnson, Oxford/AstraZeneca, Moderna, Pfizer/BioNTech",https://covid19.who.int,,1786530,,
Bulgaria,2021-11-15,"Johnson&Johnson, Oxford/AstraZeneca, Moderna, Pfizer/BioNTech",https://coronavirus.bg/bg/statistika,3086814,,1633511,
Bulgaria,2021-11-16,"Johnson&Johnson, Oxford/AstraZeneca, Moderna, Pfizer/BioNTech",https://coronavirus.bg/bg/statistika,3108947,,1647300,
Bulgaria,2021-11-17,"Johnson&Johnson, Oxford/AstraZeneca, Moderna, Pfizer/BioNTech",https://coronavirus.bg/bg/statistika,3130450,,1660819,
Bulgaria,2021-11-18,"Johnson&Johnson, Oxford/AstraZeneca, Moderna, Pfizer/BioNTech",https://coronavirus.bg/bg/statistika,3152490,,1673851,
Bulgaria,2021-11-19,"Johnson&Johnson, Oxford/AstraZeneca, Moderna, Pfizer/BioNTech",https://coronavirus.bg/bg/statistika,3174224,,1686838,
Bulgaria,2021-11-20,"Johnson&Johnson, Oxford/AstraZeneca, Moderna, Pfizer/BioNTech",https://coronavirus.bg/bg/statistika,3181487,,1690821,
Bulgaria,2021-11-21,"Johnson&Johnson, Oxford/AstraZeneca, Moderna, Pfizer/BioNTech",https://coronavirus.bg/bg/statistika,3186030,,1693392,
Bulgaria,2021-11-22,"Johnson&Johnson, Oxford/AstraZeneca, Moderna, Pfizer/BioNTech",https://coronavirus.bg/bg/statistika,3201874,,1703026,
Bulgaria,2021-11-23,"Johnson&Johnson, Oxford/AstraZeneca, Moderna, Pfizer/BioNTech",https://coronavirus.bg/bg/statistika,3221605,,1714306,
Bulgaria,2021-11-24,"Johnson&Johnson, Oxford/AstraZeneca, Moderna, Pfizer/BioNTech",https://coronavirus.bg/bg/statistika,3241333,,1725730,
Bulgaria,2021-11-25,"Johnson&Johnson, Oxford/AstraZeneca, Moderna, Pfizer/BioNTech",https://coronavirus.bg/bg/statistika,3262433,,1737588,
Bulgaria,2021-11-26,"Johnson&Johnson, Oxford/AstraZeneca, Moderna, Pfizer/BioNTech",https://coronavirus.bg/bg/statistika,3283897,,1749169,
Bulgaria,2021-11-27,"Johnson&Johnson, Oxford/AstraZeneca, Moderna, Pfizer/BioNTech",https://coronavirus.bg/bg/statistika,3290556,,1752595,
Bulgaria,2021-11-28,"Johnson&Johnson, Oxford/AstraZeneca, Moderna, Pfizer/BioNTech",https://coronavirus.bg/bg/statistika,3295198,,1755156,
Bulgaria,2021-11-29,"Johnson&Johnson, Oxford/AstraZeneca, Moderna, Pfizer/BioNTech",https://coronavirus.bg/bg/statistika,3311004,,1762938,
Bulgaria,2021-11-30,"Johnson&Johnson, Oxford/AstraZeneca, Moderna, Pfizer/BioNTech",https://coronavirus.bg/bg/statistika,3330515,,1772220,
Bulgaria,2021-12-01,"Johnson&Johnson, Oxford/AstraZeneca, Moderna, Pfizer/BioNTech",https://coronavirus.bg/bg/statistika,3350019,,1780797,
Bulgaria,2021-12-02,"Johnson&Johnson, Oxford/AstraZeneca, Moderna, Pfizer/BioNTech",https://coronavirus.bg/bg/statistika,3370825,,1789588,
Bulgaria,2021-12-03,"Johnson&Johnson, Oxford/AstraZeneca, Moderna, Pfizer/BioNTech",https://coronavirus.bg/bg/statistika,3390634,,1798188,
Bulgaria,2021-12-04,"Johnson&Johnson, Oxford/AstraZeneca, Moderna, Pfizer/BioNTech",https://coronavirus.bg/bg/statistika,3396700,,1800792,
Bulgaria,2021-12-05,"Johnson&Johnson, Oxford/AstraZeneca, Moderna, Pfizer/BioNTech",https://covid19.who.int,3404130,1904143,,
Bulgaria,2021-12-06,"Johnson&Johnson, Oxford/AstraZeneca, Moderna, Pfizer/BioNTech",https://coronavirus.bg/bg/statistika,3412632,,1808240,
Bulgaria,2021-12-07,"Johnson&Johnson, Oxford/AstraZeneca, Moderna, Pfizer/BioNTech",https://coronavirus.bg/bg/statistika,3430419,,1815336,
Bulgaria,2021-12-08,"Johnson&Johnson, Oxford/AstraZeneca, Moderna, Pfizer/BioNTech",https://coronavirus.bg/bg/statistika,3447616,,1821897,
Bulgaria,2021-12-09,"Johnson&Johnson, Oxford/AstraZeneca, Moderna, Pfizer/BioNTech",https://coronavirus.bg/bg/statistika,3466433,,1828842,
Bulgaria,2021-12-10,"Johnson&Johnson, Oxford/AstraZeneca, Moderna, Pfizer/BioNTech",https://coronavirus.bg/bg/statistika,3484650,,1835785,
Bulgaria,2021-12-11,"Johnson&Johnson, Oxford/AstraZeneca, Moderna, Pfizer/BioNTech",https://coronavirus.bg/bg/statistika,3490637,,1838105,
Bulgaria,2021-12-12,"Johnson&Johnson, Oxford/AstraZeneca, Moderna, Pfizer/BioNTech",https://coronavirus.bg/bg/statistika,3494341,,1839666,
Bulgaria,2021-12-13,"Johnson&Johnson, Oxford/AstraZeneca, Moderna, Pfizer/BioNTech",https://coronavirus.bg/bg/statistika,3506354,,1844599,
Bulgaria,2021-12-14,"Johnson&Johnson, Oxford/AstraZeneca, Moderna, Pfizer/BioNTech",https://coronavirus.bg/bg/statistika,3523523,,1850725,184821
Bulgaria,2021-12-15,"Johnson&Johnson, Oxford/AstraZeneca, Moderna, Pfizer/BioNTech",https://coronavirus.bg/bg/statistika,3541372,,1856555,194303
Bulgaria,2021-12-16,"Johnson&Johnson, Oxford/AstraZeneca, Moderna, Pfizer/BioNTech",https://coronavirus.bg/bg/statistika,3560057,,1862639,204322
Bulgaria,2021-12-17,"Johnson&Johnson, Oxford/AstraZeneca, Moderna, Pfizer/BioNTech",https://coronavirus.bg/bg/statistika,3577712,,1868873,213382
Bulgaria,2021-12-18,"Johnson&Johnson, Oxford/AstraZeneca, Moderna, Pfizer/BioNTech",https://coronavirus.bg/bg/statistika,3583759,,1871061,216305
Bulgaria,2021-12-19,"Johnson&Johnson, Oxford/AstraZeneca, Moderna, Pfizer/BioNTech",https://coronavirus.bg/bg/statistika,3587678,,1872504,218270
Bulgaria,2021-12-20,"Johnson&Johnson, Oxford/AstraZeneca, Moderna, Pfizer/BioNTech",https://coronavirus.bg/bg/statistika,3602682,,1877872,226043
Bulgaria,2021-12-21,"Johnson&Johnson, Oxford/AstraZeneca, Moderna, Pfizer/BioNTech",https://coronavirus.bg/bg/statistika,3621802,,1884528,236134
Bulgaria,2021-12-22,"Johnson&Johnson, Oxford/AstraZeneca, Moderna, Pfizer/BioNTech",https://coronavirus.bg/bg/statistika,3638288,,1890723,244321
Bulgaria,2021-12-23,"Johnson&Johnson, Oxford/AstraZeneca, Moderna, Pfizer/BioNTech",https://coronavirus.bg/bg/statistika,3652226,,1896565,250595
Bulgaria,2021-12-24,"Johnson&Johnson, Oxford/AstraZeneca, Moderna, Pfizer/BioNTech",https://coronavirus.bg/bg/statistika,3653426,,1897154,251047
Bulgaria,2021-12-25,"Johnson&Johnson, Oxford/AstraZeneca, Moderna, Pfizer/BioNTech",https://coronavirus.bg/bg/statistika,3653739,,1897330,251144
Bulgaria,2021-12-26,"Johnson&Johnson, Oxford/AstraZeneca, Moderna, Pfizer/BioNTech",https://coronavirus.bg/bg/statistika,3655362,,1897946,251961
Bulgaria,2021-12-27,"Johnson&Johnson, Oxford/AstraZeneca, Moderna, Pfizer/BioNTech",https://coronavirus.bg/bg/statistika,3658694,,1899249,253545
Bulgaria,2021-12-28,"Johnson&Johnson, Oxford/AstraZeneca, Moderna, Pfizer/BioNTech",https://coronavirus.bg/bg/statistika,3662560,,1900536,255636
Bulgaria,2021-12-29,"Johnson&Johnson, Oxford/AstraZeneca, Moderna, Pfizer/BioNTech",https://coronavirus.bg/bg/statistika,3682460,,1908733,265194
Bulgaria,2021-12-30,"Johnson&Johnson, Oxford/AstraZeneca, Moderna, Pfizer/BioNTech",https://coronavirus.bg/bg/statistika,3697068,,1913988,272721
Bulgaria,2021-12-31,"Johnson&Johnson, Oxford/AstraZeneca, Moderna, Pfizer/BioNTech",https://coronavirus.bg/bg/statistika,3700660,,1914910,275053
Bulgaria,2022-01-01,"Johnson&Johnson, Oxford/AstraZeneca, Moderna, Pfizer/BioNTech",https://coronavirus.bg/bg/statistika,3701105,,1914966,275398
Bulgaria,2022-01-02,"Johnson&Johnson, Oxford/AstraZeneca, Moderna, Pfizer/BioNTech",https://coronavirus.bg/bg/statistika,3704808,,1915436,278239
Bulgaria,2022-01-03,"Johnson&Johnson, Oxford/AstraZeneca, Moderna, Pfizer/BioNTech",https://coronavirus.bg/bg/statistika,3711638,,1916392,283435
Bulgaria,2022-01-04,"Johnson&Johnson, Oxford/AstraZeneca, Moderna, Pfizer/BioNTech",https://coronavirus.bg/bg/statistika,3736566,,1921662,300958
Bulgaria,2022-01-05,"Johnson&Johnson, Oxford/AstraZeneca, Moderna, Pfizer/BioNTech",https://coronavirus.bg/bg/statistika,3768966,,1927428,324454
Bulgaria,2022-01-06,"Johnson&Johnson, Oxford/AstraZeneca, Moderna, Pfizer/BioNTech",https://coronavirus.bg/bg/statistika,3804111,,1933230,350046
Bulgaria,2022-01-07,"Johnson&Johnson, Oxford/AstraZeneca, Moderna, Pfizer/BioNTech",https://coronavirus.bg/bg/statistika,3838576,,1938466,375523
Bulgaria,2022-01-08,"Johnson&Johnson, Oxford/AstraZeneca, Moderna, Pfizer/BioNTech",https://coronavirus.bg/bg/statistika,3849848,,1940402,383693
Bulgaria,2022-01-09,"Johnson&Johnson, Oxford/AstraZeneca, Moderna, Pfizer/BioNTech",https://coronavirus.bg/bg/statistika,3856671,,1941571,388644
Bulgaria,2022-01-10,"Johnson&Johnson, Oxford/AstraZeneca, Moderna, Pfizer/BioNTech",https://coronavirus.bg/bg/statistika,3879558,,1945548,405133
Bulgaria,2022-01-11,"Johnson&Johnson, Oxford/AstraZeneca, Moderna, Pfizer/BioNTech",https://coronavirus.bg/bg/statistika,3911536,,1950188,429266
Bulgaria,2022-01-12,"Johnson&Johnson, Oxford/AstraZeneca, Moderna, Pfizer/BioNTech",https://coronavirus.bg/bg/statistika,3941901,,1954380,452422
Bulgaria,2022-01-13,"Johnson&Johnson, Oxford/AstraZeneca, Moderna, Pfizer/BioNTech",https://coronavirus.bg/bg/statistika,3971557,,1958189,475257
Bulgaria,2022-01-14,"Johnson&Johnson, Oxford/AstraZeneca, Moderna, Pfizer/BioNTech",https://coronavirus.bg/bg/statistika,3996310,,1960934,494666
Bulgaria,2022-01-15,"Johnson&Johnson, Oxford/AstraZeneca, Moderna, Pfizer/BioNTech",https://coronavirus.bg/bg/statistika,4003300,,1961791,499932
Bulgaria,2022-01-16,"Johnson&Johnson, Oxford/AstraZeneca, Moderna, Pfizer/BioNTech",https://coronavirus.bg/bg/statistika,4007018,,1962387,502666
Bulgaria,2022-01-17,"Johnson&Johnson, Oxford/AstraZeneca, Moderna, Pfizer/BioNTech",https://coronavirus.bg/bg/statistika,4020717,,1964692,512621
Bulgaria,2022-01-18,"Johnson&Johnson, Oxford/AstraZeneca, Moderna, Pfizer/BioNTech",https://coronavirus.bg/bg/statistika,4039684,,1967200,527042
Bulgaria,2022-01-19,"Johnson&Johnson, Oxford/AstraZeneca, Moderna, Pfizer/BioNTech",https://coronavirus.bg/bg/statistika,4058974,,1970165,541337
Bulgaria,2022-01-20,"Johnson&Johnson, Oxford/AstraZeneca, Moderna, Pfizer/BioNTech",https://coronavirus.bg/bg/statistika,4078145,,1973224,555333
Bulgaria,2022-01-21,"Johnson&Johnson, Oxford/AstraZeneca, Moderna, Pfizer/BioNTech",https://coronavirus.bg/bg/statistika,4091684,,1975203,565282
Bulgaria,2022-01-22,"Johnson&Johnson, Oxford/AstraZeneca, Moderna, Pfizer/BioNTech",https://coronavirus.bg/bg/statistika,4095421,,1975836,567878
Bulgaria,2022-01-23,"Johnson&Johnson, Oxford/AstraZeneca, Moderna, Pfizer/BioNTech",https://coronavirus.bg/bg/statistika,4097359,,1976308,569133
Bulgaria,2022-01-24,"Johnson&Johnson, Oxford/AstraZeneca, Moderna, Pfizer/BioNTech",https://coronavirus.bg/bg/statistika,4104239,,1977975,573669
Bulgaria,2022-01-25,"Johnson&Johnson, Oxford/AstraZeneca, Moderna, Pfizer/BioNTech",https://coronavirus.bg/bg/statistika,4114896,,1980511,580808
Bulgaria,2022-01-26,"Johnson&Johnson, Oxford/AstraZeneca, Moderna, Pfizer/BioNTech",https://coronavirus.bg/bg/statistika,4126744,,1983763,588403
Bulgaria,2022-01-27,"Johnson&Johnson, Oxford/AstraZeneca, Moderna, Pfizer/BioNTech",https://coronavirus.bg/bg/statistika,4139365,,1987545,596235
Bulgaria,2022-01-28,"Johnson&Johnson, Oxford/AstraZeneca, Moderna, Pfizer/BioNTech",https://coronavirus.bg/bg/statistika,4152152,,1991648,603840
Bulgaria,2022-01-29,"Johnson&Johnson, Oxford/AstraZeneca, Moderna, Pfizer/BioNTech",https://coronavirus.bg/bg/statistika,4155619,,1992848,605792
Bulgaria,2022-01-30,"Johnson&Johnson, Oxford/AstraZeneca, Moderna, Pfizer/BioNTech",https://coronavirus.bg/bg/statistika,4157520,,1993529,606917
Bulgaria,2022-01-31,"Johnson&Johnson, Oxford/AstraZeneca, Moderna, Pfizer/BioNTech",https://coronavirus.bg/bg/statistika,4165478,,1996484,611314
Bulgaria,2022-02-01,"Johnson&Johnson, Oxford/AstraZeneca, Moderna, Pfizer/BioNTech",https://coronavirus.bg/bg/statistika,4173659,,1999666,615816
Bulgaria,2022-02-02,"Johnson&Johnson, Oxford/AstraZeneca, Moderna, Pfizer/BioNTech",https://coronavirus.bg/bg/statistika,4182208,,2003025,620413
Bulgaria,2022-02-03,"Johnson&Johnson, Oxford/AstraZeneca, Moderna, Pfizer/BioNTech",https://coronavirus.bg/bg/statistika,4192273,,2006975,625769
Bulgaria,2022-02-04,"Johnson&Johnson, Oxford/AstraZeneca, Moderna, Pfizer/BioNTech",https://coronavirus.bg/bg/statistika,4201653,,2010523,630869
Bulgaria,2022-02-05,"Johnson&Johnson, Oxford/AstraZeneca, Moderna, Pfizer/BioNTech",https://coronavirus.bg/bg/statistika,4204264,,2011537,632262
Bulgaria,2022-02-06,"Johnson&Johnson, Oxford/AstraZeneca, Moderna, Pfizer/BioNTech",https://coronavirus.bg/bg/statistika,4205893,,2012154,633133
Bulgaria,2022-02-07,"Johnson&Johnson, Oxford/AstraZeneca, Moderna, Pfizer/BioNTech",https://coronavirus.bg/bg/statistika,4211561,,2014447,636098
Bulgaria,2022-02-08,"Johnson&Johnson, Oxford/AstraZeneca, Moderna, Pfizer/BioNTech",https://coronavirus.bg/bg/statistika,4219156,,2017293,640275
Bulgaria,2022-02-09,"Johnson&Johnson, Oxford/AstraZeneca, Moderna, Pfizer/BioNTech",https://coronavirus.bg/bg/statistika,4226703,,2020190,644355
Bulgaria,2022-02-10,"Johnson&Johnson, Oxford/AstraZeneca, Moderna, Pfizer/BioNTech",https://coronavirus.bg/bg/statistika,4235020,,2023316,648967
Bulgaria,2022-02-11,"Johnson&Johnson, Oxford/AstraZeneca, Moderna, Pfizer/BioNTech",https://coronavirus.bg/bg/statistika,4242454,,2026063,653060
Bulgaria,2022-02-12,"Johnson&Johnson, Oxford/AstraZeneca, Moderna, Pfizer/BioNTech",https://coronavirus.bg/bg/statistika,4244454,,2026808,654137
Bulgaria,2022-02-13,"Johnson&Johnson, Oxford/AstraZeneca, Moderna, Pfizer/BioNTech",https://coronavirus.bg/bg/statistika,4245453,,2027162,654690
Bulgaria,2022-02-14,"Johnson&Johnson, Oxford/AstraZeneca, Moderna, Pfizer/BioNTech",https://coronavirus.bg/bg/statistika,4249259,,2028663,656760
Bulgaria,2022-02-15,"Johnson&Johnson, Oxford/AstraZeneca, Moderna, Pfizer/BioNTech",https://coronavirus.bg/bg/statistika,4254776,,2030626,659963
Bulgaria,2022-02-16,"Johnson&Johnson, Oxford/AstraZeneca, Moderna, Pfizer/BioNTech",https://coronavirus.bg/bg/statistika,4260171,,2032358,663265
Bulgaria,2022-02-17,"Johnson&Johnson, Oxford/AstraZeneca, Moderna, Pfizer/BioNTech",https://coronavirus.bg/bg/statistika,4265854,,2034242,666736
Bulgaria,2022-02-18,"Johnson&Johnson, Oxford/AstraZeneca, Moderna, Pfizer/BioNTech",https://coronavirus.bg/bg/statistika,4271963,,2036346,670361
Bulgaria,2022-02-19,"Johnson&Johnson, Oxford/AstraZeneca, Moderna, Pfizer/BioNTech",https://coronavirus.bg/bg/statistika,4273530,,2036897,671261
Bulgaria,2022-02-20,"Johnson&Johnson, Oxford/AstraZeneca, Moderna, Pfizer/BioNTech",https://coronavirus.bg/bg/statistika,4274368,,2037153,671785
Bulgaria,2022-02-21,"Johnson&Johnson, Oxford/AstraZeneca, Moderna, Pfizer/BioNTech",https://coronavirus.bg/bg/statistika,4278226,,2038507,674115
Bulgaria,2022-02-22,"Johnson&Johnson, Oxford/AstraZeneca, Moderna, Pfizer/BioNTech",https://coronavirus.bg/bg/statistika,4282639,,2039864,676925
Bulgaria,2022-02-23,"Johnson&Johnson, Oxford/AstraZeneca, Moderna, Pfizer/BioNTech",https://coronavirus.bg/bg/statistika,4287041,,2041189,679787
Bulgaria,2022-02-24,"Johnson&Johnson, Oxford/AstraZeneca, Moderna, Pfizer/BioNTech",https://coronavirus.bg/bg/statistika,4291673,,2042630,682741
Bulgaria,2022-02-25,"Johnson&Johnson, Oxford/AstraZeneca, Moderna, Pfizer/BioNTech",https://coronavirus.bg/bg/statistika,4295872,,2043943,685484
Bulgaria,2022-02-26,"Johnson&Johnson, Oxford/AstraZeneca, Moderna, Pfizer/BioNTech",https://coronavirus.bg/bg/statistika,4297051,,2044335,686206
Bulgaria,2022-02-27,"Johnson&Johnson, Oxford/AstraZeneca, Moderna, Pfizer/BioNTech",https://coronavirus.bg/bg/statistika,4297604,,2044531,686554
Bulgaria,2022-02-28,"Johnson&Johnson, Oxford/AstraZeneca, Moderna, Pfizer/BioNTech",https://coronavirus.bg/bg/statistika,4300503,,2045478,688428
