location,date,vaccine,source_url,total_vaccinations,people_vaccinated,people_fully_vaccinated,total_boosters
Canada,2020-12-14,"Moderna, Oxford/AstraZeneca, Pfizer/BioNTech",https://covid19tracker.ca/vaccinationtracker.html,5,5,0,0
Canada,2020-12-15,"Moderna, Oxford/AstraZeneca, Pfizer/BioNTech",https://covid19tracker.ca/vaccinationtracker.html,727,727,0,0
Canada,2020-12-16,"Moderna, Oxford/AstraZeneca, Pfizer/BioNTech",https://covid19tracker.ca/vaccinationtracker.html,3025,3025,0,0
Canada,2020-12-17,"Moderna, Oxford/AstraZeneca, Pfizer/BioNTech",https://covid19tracker.ca/vaccinationtracker.html,7279,7279,0,0
Canada,2020-12-18,"Moderna, Oxford/AstraZeneca, Pfizer/BioNTech",https://covid19tracker.ca/vaccinationtracker.html,11296,11296,0,0
Canada,2020-12-19,"Moderna, Oxford/AstraZeneca, Pfizer/BioNTech",https://covid19tracker.ca/vaccinationtracker.html,12367,12367,0,0
Canada,2020-12-20,"Moderna, Oxford/AstraZeneca, Pfizer/BioNTech",https://covid19tracker.ca/vaccinationtracker.html,13228,13228,0,0
Canada,2020-12-21,"Moderna, Oxford/AstraZeneca, Pfizer/BioNTech",https://covid19tracker.ca/vaccinationtracker.html,21073,21073,0,0
Canada,2020-12-22,"Moderna, Oxford/AstraZeneca, Pfizer/BioNTech",https://covid19tracker.ca/vaccinationtracker.html,26862,26861,1,0
Canada,2020-12-23,"Moderna, Oxford/AstraZeneca, Pfizer/BioNTech",https://covid19tracker.ca/vaccinationtracker.html,35547,35546,1,0
Canada,2020-12-24,"Moderna, Oxford/AstraZeneca, Pfizer/BioNTech",https://covid19tracker.ca/vaccinationtracker.html,45745,45744,1,0
Canada,2020-12-25,"Moderna, Oxford/AstraZeneca, Pfizer/BioNTech",https://covid19tracker.ca/vaccinationtracker.html,48792,48791,1,0
Canada,2020-12-26,"Moderna, Oxford/AstraZeneca, Pfizer/BioNTech",https://covid19tracker.ca/vaccinationtracker.html,48808,48807,1,0
Canada,2020-12-27,"Moderna, Oxford/AstraZeneca, Pfizer/BioNTech",https://covid19tracker.ca/vaccinationtracker.html,52419,52418,1,0
Canada,2020-12-28,"Moderna, Oxford/AstraZeneca, Pfizer/BioNTech",https://covid19tracker.ca/vaccinationtracker.html,59041,59040,1,0
Canada,2020-12-29,"Moderna, Oxford/AstraZeneca, Pfizer/BioNTech",https://covid19tracker.ca/vaccinationtracker.html,72057,72055,2,0
Canada,2020-12-30,"Moderna, Oxford/AstraZeneca, Pfizer/BioNTech",https://covid19tracker.ca/vaccinationtracker.html,85497,85495,2,0
Canada,2020-12-31,"Moderna, Oxford/AstraZeneca, Pfizer/BioNTech",https://covid19tracker.ca/vaccinationtracker.html,98442,98440,2,0
Canada,2021-01-01,"Moderna, Oxford/AstraZeneca, Pfizer/BioNTech",https://covid19tracker.ca/vaccinationtracker.html,105404,105401,3,0
Canada,2021-01-02,"Moderna, Oxford/AstraZeneca, Pfizer/BioNTech",https://covid19tracker.ca/vaccinationtracker.html,110048,110045,3,0
Canada,2021-01-03,"Moderna, Oxford/AstraZeneca, Pfizer/BioNTech",https://covid19tracker.ca/vaccinationtracker.html,115256,115253,3,0
Canada,2021-01-04,"Moderna, Oxford/AstraZeneca, Pfizer/BioNTech",https://covid19tracker.ca/vaccinationtracker.html,138858,138855,3,0
Canada,2021-01-05,"Moderna, Oxford/AstraZeneca, Pfizer/BioNTech",https://covid19tracker.ca/vaccinationtracker.html,156683,156677,6,0
Canada,2021-01-06,"Moderna, Oxford/AstraZeneca, Pfizer/BioNTech",https://covid19tracker.ca/vaccinationtracker.html,184772,184324,448,0
Canada,2021-01-07,"Moderna, Oxford/AstraZeneca, Pfizer/BioNTech",https://covid19tracker.ca/vaccinationtracker.html,221912,220488,1424,0
Canada,2021-01-08,"Moderna, Oxford/AstraZeneca, Pfizer/BioNTech",https://covid19tracker.ca/vaccinationtracker.html,263780,261086,2694,0
Canada,2021-01-09,"Moderna, Oxford/AstraZeneca, Pfizer/BioNTech",https://covid19tracker.ca/vaccinationtracker.html,299989,296053,3936,0
Canada,2021-01-10,"Moderna, Oxford/AstraZeneca, Pfizer/BioNTech",https://covid19tracker.ca/vaccinationtracker.html,323497,319545,3952,0
Canada,2021-01-11,"Moderna, Oxford/AstraZeneca, Pfizer/BioNTech",https://covid19tracker.ca/vaccinationtracker.html,361841,357878,3963,0
Canada,2021-01-12,"Moderna, Oxford/AstraZeneca, Pfizer/BioNTech",https://covid19tracker.ca/vaccinationtracker.html,393052,387536,5516,0
Canada,2021-01-13,"Moderna, Oxford/AstraZeneca, Pfizer/BioNTech",https://covid19tracker.ca/vaccinationtracker.html,423365,410079,13286,0
Canada,2021-01-14,"Moderna, Oxford/AstraZeneca, Pfizer/BioNTech",https://covid19tracker.ca/vaccinationtracker.html,466005,449649,16356,0
Canada,2021-01-15,"Moderna, Oxford/AstraZeneca, Pfizer/BioNTech",https://covid19tracker.ca/vaccinationtracker.html,515478,496065,19413,0
Canada,2021-01-16,"Moderna, Oxford/AstraZeneca, Pfizer/BioNTech",https://covid19tracker.ca/vaccinationtracker.html,553360,532763,20597,0
Canada,2021-01-17,"Moderna, Oxford/AstraZeneca, Pfizer/BioNTech",https://covid19tracker.ca/vaccinationtracker.html,581955,560100,21855,0
Canada,2021-01-18,"Moderna, Oxford/AstraZeneca, Pfizer/BioNTech",https://covid19tracker.ca/vaccinationtracker.html,623250,600660,22590,0
Canada,2021-01-19,"Moderna, Oxford/AstraZeneca, Pfizer/BioNTech",https://covid19tracker.ca/vaccinationtracker.html,662635,637795,24840,0
Canada,2021-01-20,"Moderna, Oxford/AstraZeneca, Pfizer/BioNTech",https://covid19tracker.ca/vaccinationtracker.html,705977,667985,37992,0
Canada,2021-01-21,"Moderna, Oxford/AstraZeneca, Pfizer/BioNTech",https://covid19tracker.ca/vaccinationtracker.html,749071,705279,43792,0
Canada,2021-01-22,"Moderna, Oxford/AstraZeneca, Pfizer/BioNTech",https://covid19tracker.ca/vaccinationtracker.html,787098,736970,50128,0
Canada,2021-01-23,"Moderna, Oxford/AstraZeneca, Pfizer/BioNTech",https://covid19tracker.ca/vaccinationtracker.html,814582,760072,54510,0
Canada,2021-01-24,"Moderna, Oxford/AstraZeneca, Pfizer/BioNTech",https://covid19tracker.ca/vaccinationtracker.html,829258,772089,57169,0
Canada,2021-01-25,"Moderna, Oxford/AstraZeneca, Pfizer/BioNTech",https://covid19tracker.ca/vaccinationtracker.html,852707,787301,65406,0
Canada,2021-01-26,"Moderna, Oxford/AstraZeneca, Pfizer/BioNTech",https://covid19tracker.ca/vaccinationtracker.html,882364,808739,73625,0
Canada,2021-01-27,"Moderna, Oxford/AstraZeneca, Pfizer/BioNTech",https://covid19tracker.ca/vaccinationtracker.html,905482,822307,83175,0
Canada,2021-01-28,"Moderna, Oxford/AstraZeneca, Pfizer/BioNTech",https://covid19tracker.ca/vaccinationtracker.html,930500,837386,93114,0
Canada,2021-01-29,"Moderna, Oxford/AstraZeneca, Pfizer/BioNTech",https://covid19tracker.ca/vaccinationtracker.html,952276,849720,102556,0
Canada,2021-01-30,"Moderna, Oxford/AstraZeneca, Pfizer/BioNTech",https://covid19tracker.ca/vaccinationtracker.html,967430,856362,111068,0
Canada,2021-01-31,"Moderna, Oxford/AstraZeneca, Pfizer/BioNTech",https://covid19tracker.ca/vaccinationtracker.html,972603,858979,113624,0
Canada,2021-02-01,"Moderna, Oxford/AstraZeneca, Pfizer/BioNTech",https://covid19tracker.ca/vaccinationtracker.html,990915,872708,118207,0
Canada,2021-02-02,"Moderna, Oxford/AstraZeneca, Pfizer/BioNTech",https://covid19tracker.ca/vaccinationtracker.html,1002530,879389,123141,0
Canada,2021-02-03,"Moderna, Oxford/AstraZeneca, Pfizer/BioNTech",https://covid19tracker.ca/vaccinationtracker.html,1016197,883703,132494,0
Canada,2021-02-04,"Moderna, Oxford/AstraZeneca, Pfizer/BioNTech",https://covid19tracker.ca/vaccinationtracker.html,1035774,890725,145049,0
Canada,2021-02-05,"Moderna, Oxford/AstraZeneca, Pfizer/BioNTech",https://covid19tracker.ca/vaccinationtracker.html,1059347,900973,158374,0
Canada,2021-02-06,"Moderna, Oxford/AstraZeneca, Pfizer/BioNTech",https://covid19tracker.ca/vaccinationtracker.html,1080961,908824,172137,0
Canada,2021-02-07,"Moderna, Oxford/AstraZeneca, Pfizer/BioNTech",https://covid19tracker.ca/vaccinationtracker.html,1094816,914887,179929,0
Canada,2021-02-08,"Moderna, Oxford/AstraZeneca, Pfizer/BioNTech",https://covid19tracker.ca/vaccinationtracker.html,1116233,925353,190880,0
Canada,2021-02-09,"Moderna, Oxford/AstraZeneca, Pfizer/BioNTech",https://covid19tracker.ca/vaccinationtracker.html,1143038,934799,208239,0
Canada,2021-02-10,"Moderna, Oxford/AstraZeneca, Pfizer/BioNTech",https://covid19tracker.ca/vaccinationtracker.html,1172962,944486,228476,0
Canada,2021-02-11,"Moderna, Oxford/AstraZeneca, Pfizer/BioNTech",https://covid19tracker.ca/vaccinationtracker.html,1206692,957134,249555,3
Canada,2021-02-12,"Moderna, Oxford/AstraZeneca, Pfizer/BioNTech",https://covid19tracker.ca/vaccinationtracker.html,1244168,971187,272976,5
Canada,2021-02-13,"Moderna, Oxford/AstraZeneca, Pfizer/BioNTech",https://covid19tracker.ca/vaccinationtracker.html,1278201,983857,294339,5
Canada,2021-02-14,"Moderna, Oxford/AstraZeneca, Pfizer/BioNTech",https://covid19tracker.ca/vaccinationtracker.html,1294437,986212,308220,5
Canada,2021-02-15,"Moderna, Oxford/AstraZeneca, Pfizer/BioNTech",https://covid19tracker.ca/vaccinationtracker.html,1305088,987931,317152,5
Canada,2021-02-16,"Moderna, Oxford/AstraZeneca, Pfizer/BioNTech",https://covid19tracker.ca/vaccinationtracker.html,1331046,996479,334562,5
Canada,2021-02-17,"Moderna, Oxford/AstraZeneca, Pfizer/BioNTech",https://covid19tracker.ca/vaccinationtracker.html,1352501,1001415,351081,5
Canada,2021-02-18,"Moderna, Oxford/AstraZeneca, Pfizer/BioNTech",https://covid19tracker.ca/vaccinationtracker.html,1380041,1009196,370840,5
Canada,2021-02-19,"Moderna, Oxford/AstraZeneca, Pfizer/BioNTech",https://covid19tracker.ca/vaccinationtracker.html,1430536,1034975,395554,7
Canada,2021-02-20,"Moderna, Oxford/AstraZeneca, Pfizer/BioNTech",https://covid19tracker.ca/vaccinationtracker.html,1482365,1069018,413336,11
Canada,2021-02-21,"Moderna, Oxford/AstraZeneca, Pfizer/BioNTech",https://covid19tracker.ca/vaccinationtracker.html,1523672,1097797,425863,12
Canada,2021-02-22,"Moderna, Oxford/AstraZeneca, Pfizer/BioNTech",https://covid19tracker.ca/vaccinationtracker.html,1585896,1127804,458079,13
Canada,2021-02-23,"Moderna, Oxford/AstraZeneca, Pfizer/BioNTech",https://covid19tracker.ca/vaccinationtracker.html,1635545,1158560,476972,13
Canada,2021-02-24,"Moderna, Oxford/AstraZeneca, Pfizer/BioNTech",https://covid19tracker.ca/vaccinationtracker.html,1682122,1190373,491736,13
Canada,2021-02-25,"Moderna, Oxford/AstraZeneca, Pfizer/BioNTech",https://covid19tracker.ca/vaccinationtracker.html,1740987,1232120,508854,13
Canada,2021-02-26,"Moderna, Oxford/AstraZeneca, Pfizer/BioNTech",https://covid19tracker.ca/vaccinationtracker.html,1809401,1287658,521730,13
Canada,2021-02-27,"Moderna, Oxford/AstraZeneca, Pfizer/BioNTech",https://covid19tracker.ca/vaccinationtracker.html,1871736,1341894,529829,13
Canada,2021-02-28,"Moderna, Oxford/AstraZeneca, Pfizer/BioNTech",https://covid19tracker.ca/vaccinationtracker.html,1917698,1382137,535548,13
Canada,2021-03-01,"Moderna, Oxford/AstraZeneca, Pfizer/BioNTech",https://covid19tracker.ca/vaccinationtracker.html,1977483,1428486,548984,13
Canada,2021-03-02,"Moderna, Oxford/AstraZeneca, Pfizer/BioNTech",https://covid19tracker.ca/vaccinationtracker.html,2053042,1493357,559672,13
Canada,2021-03-03,"Moderna, Oxford/AstraZeneca, Pfizer/BioNTech",https://covid19tracker.ca/vaccinationtracker.html,2128257,1561481,566763,13
Canada,2021-03-04,"Moderna, Oxford/AstraZeneca, Pfizer/BioNTech",https://covid19tracker.ca/vaccinationtracker.html,2207974,1635941,572020,13
Canada,2021-03-05,"Moderna, Oxford/AstraZeneca, Pfizer/BioNTech",https://covid19tracker.ca/vaccinationtracker.html,2294574,1718976,575585,13
Canada,2021-03-06,"Moderna, Oxford/AstraZeneca, Pfizer/BioNTech",https://covid19tracker.ca/vaccinationtracker.html,2368415,1790357,578045,13
Canada,2021-03-07,"Moderna, Oxford/AstraZeneca, Pfizer/BioNTech",https://covid19tracker.ca/vaccinationtracker.html,2425632,1845928,579691,13
Canada,2021-03-08,"Moderna, Oxford/AstraZeneca, Pfizer/BioNTech",https://covid19tracker.ca/vaccinationtracker.html,2512301,1922552,589736,13
Canada,2021-03-09,"Moderna, Oxford/AstraZeneca, Pfizer/BioNTech",https://covid19tracker.ca/vaccinationtracker.html,2583178,1989318,593845,15
Canada,2021-03-10,"Moderna, Oxford/AstraZeneca, Pfizer/BioNTech",https://covid19tracker.ca/vaccinationtracker.html,2662673,2063397,599261,15
Canada,2021-03-11,"Moderna, Oxford/AstraZeneca, Pfizer/BioNTech",https://covid19tracker.ca/vaccinationtracker.html,2761545,2157191,604339,15
Canada,2021-03-12,"Moderna, Oxford/AstraZeneca, Pfizer/BioNTech",https://covid19tracker.ca/vaccinationtracker.html,2873952,2266105,607832,15
Canada,2021-03-13,"Moderna, Oxford/AstraZeneca, Pfizer/BioNTech",https://covid19tracker.ca/vaccinationtracker.html,2980307,2369462,610828,17
Canada,2021-03-14,"Moderna, Oxford/AstraZeneca, Pfizer/BioNTech",https://covid19tracker.ca/vaccinationtracker.html,3073337,2460538,612782,17
Canada,2021-03-15,"Moderna, Oxford/AstraZeneca, Pfizer/BioNTech",https://covid19tracker.ca/vaccinationtracker.html,3198156,2579970,618169,17
Canada,2021-03-16,"Moderna, Oxford/AstraZeneca, Pfizer/BioNTech",https://covid19tracker.ca/vaccinationtracker.html,3320083,2697381,622683,19
Canada,2021-03-17,"Moderna, Oxford/AstraZeneca, Pfizer/BioNTech",https://covid19tracker.ca/vaccinationtracker.html,3461496,2833311,628165,20
Canada,2021-03-18,"Moderna, Oxford/AstraZeneca, Pfizer/BioNTech",https://covid19tracker.ca/vaccinationtracker.html,3619114,2985249,633845,20
Canada,2021-03-19,"Moderna, Oxford/AstraZeneca, Pfizer/BioNTech",https://covid19tracker.ca/vaccinationtracker.html,3784586,3144176,640390,20
Canada,2021-03-20,"Moderna, Oxford/AstraZeneca, Pfizer/BioNTech",https://covid19tracker.ca/vaccinationtracker.html,3918531,3272970,645540,21
Canada,2021-03-21,"Moderna, Oxford/AstraZeneca, Pfizer/BioNTech",https://covid19tracker.ca/vaccinationtracker.html,4009123,3360361,648741,21
Canada,2021-03-22,"Moderna, Oxford/AstraZeneca, Pfizer/BioNTech",https://covid19tracker.ca/vaccinationtracker.html,4155488,3503285,652182,21
Canada,2021-03-23,"Moderna, Oxford/AstraZeneca, Pfizer/BioNTech",https://covid19tracker.ca/vaccinationtracker.html,4282355,3625510,656822,23
Canada,2021-03-24,"Moderna, Oxford/AstraZeneca, Pfizer/BioNTech",https://covid19tracker.ca/vaccinationtracker.html,4455268,3793318,661926,24
Canada,2021-03-25,"Moderna, Oxford/AstraZeneca, Pfizer/BioNTech",https://covid19tracker.ca/vaccinationtracker.html,4646856,3977955,668877,24
Canada,2021-03-26,"Moderna, Oxford/AstraZeneca, Pfizer/BioNTech",https://covid19tracker.ca/vaccinationtracker.html,4865929,4188402,677503,24
Canada,2021-03-27,"Moderna, Oxford/AstraZeneca, Pfizer/BioNTech",https://covid19tracker.ca/vaccinationtracker.html,5036282,4352254,684003,25
Canada,2021-03-28,"Moderna, Oxford/AstraZeneca, Pfizer/BioNTech",https://covid19tracker.ca/vaccinationtracker.html,5184783,4496584,688174,25
Canada,2021-03-29,"Moderna, Oxford/AstraZeneca, Pfizer/BioNTech",https://covid19tracker.ca/vaccinationtracker.html,5373570,4679410,694135,25
Canada,2021-03-30,"Moderna, Oxford/AstraZeneca, Pfizer/BioNTech",https://covid19tracker.ca/vaccinationtracker.html,5548659,4846109,702525,25
Canada,2021-03-31,"Moderna, Oxford/AstraZeneca, Pfizer/BioNTech",https://covid19tracker.ca/vaccinationtracker.html,5773517,5062421,711071,25
Canada,2021-04-01,"Moderna, Oxford/AstraZeneca, Pfizer/BioNTech",https://covid19tracker.ca/vaccinationtracker.html,5983274,5261381,721867,26
Canada,2021-04-02,"Moderna, Oxford/AstraZeneca, Pfizer/BioNTech",https://covid19tracker.ca/vaccinationtracker.html,6154817,5426559,728231,27
Canada,2021-04-03,"Moderna, Oxford/AstraZeneca, Pfizer/BioNTech",https://covid19tracker.ca/vaccinationtracker.html,6349758,5617912,731817,29
Canada,2021-04-04,"Moderna, Oxford/AstraZeneca, Pfizer/BioNTech",https://covid19tracker.ca/vaccinationtracker.html,6471197,5738473,732694,30
Canada,2021-04-05,"Moderna, Oxford/AstraZeneca, Pfizer/BioNTech",https://covid19tracker.ca/vaccinationtracker.html,6653352,5907296,746026,30
Canada,2021-04-06,"Moderna, Oxford/AstraZeneca, Pfizer/BioNTech",https://covid19tracker.ca/vaccinationtracker.html,6856288,6098212,758045,31
Canada,2021-04-07,"Moderna, Oxford/AstraZeneca, Pfizer/BioNTech",https://covid19tracker.ca/vaccinationtracker.html,7091942,6316059,775852,31
Canada,2021-04-08,"Moderna, Oxford/AstraZeneca, Pfizer/BioNTech",https://covid19tracker.ca/vaccinationtracker.html,7351827,6557648,794148,31
Canada,2021-04-09,"Moderna, Oxford/AstraZeneca, Pfizer/BioNTech",https://covid19tracker.ca/vaccinationtracker.html,7656301,6842758,813509,34
Canada,2021-04-10,"Moderna, Oxford/AstraZeneca, Pfizer/BioNTech",https://covid19tracker.ca/vaccinationtracker.html,7899977,7069756,830187,34
Canada,2021-04-11,"Moderna, Oxford/AstraZeneca, Pfizer/BioNTech",https://covid19tracker.ca/vaccinationtracker.html,8083375,7248157,835183,35
Canada,2021-04-12,"Moderna, Oxford/AstraZeneca, Pfizer/BioNTech",https://covid19tracker.ca/vaccinationtracker.html,8420680,7566276,854368,36
Canada,2021-04-13,"Moderna, Oxford/AstraZeneca, Pfizer/BioNTech",https://covid19tracker.ca/vaccinationtracker.html,8693642,7824278,869327,37
Canada,2021-04-14,"Moderna, Oxford/AstraZeneca, Pfizer/BioNTech",https://covid19tracker.ca/vaccinationtracker.html,8992974,8109670,883266,38
Canada,2021-04-15,"Moderna, Oxford/AstraZeneca, Pfizer/BioNTech",https://covid19tracker.ca/vaccinationtracker.html,9302575,8402488,900049,38
Canada,2021-04-16,"Moderna, Oxford/AstraZeneca, Pfizer/BioNTech",https://covid19tracker.ca/vaccinationtracker.html,9625339,8717595,907704,40
Canada,2021-04-17,"Moderna, Oxford/AstraZeneca, Pfizer/BioNTech",https://covid19tracker.ca/vaccinationtracker.html,9880550,8948776,931734,40
Canada,2021-04-18,"Moderna, Oxford/AstraZeneca, Pfizer/BioNTech",https://covid19tracker.ca/vaccinationtracker.html,10081570,9144196,937331,43
Canada,2021-04-19,"Moderna, Oxford/AstraZeneca, Pfizer/BioNTech",https://covid19tracker.ca/vaccinationtracker.html,10344552,9386809,957698,45
Canada,2021-04-20,"Moderna, Oxford/AstraZeneca, Pfizer/BioNTech",https://covid19tracker.ca/vaccinationtracker.html,10583957,9614313,969598,46
Canada,2021-04-21,"Moderna, Oxford/AstraZeneca, Pfizer/BioNTech",https://covid19tracker.ca/vaccinationtracker.html,10903024,9919771,983203,50
Canada,2021-04-22,"Moderna, Oxford/AstraZeneca, Pfizer/BioNTech",https://covid19tracker.ca/vaccinationtracker.html,11269172,10267961,1001159,52
Canada,2021-04-23,"Moderna, Oxford/AstraZeneca, Pfizer/BioNTech",https://covid19tracker.ca/vaccinationtracker.html,11633880,10613593,1020228,59
Canada,2021-04-24,"Moderna, Oxford/AstraZeneca, Pfizer/BioNTech",https://covid19tracker.ca/vaccinationtracker.html,11923215,10887081,1036073,61
Canada,2021-04-25,"Moderna, Oxford/AstraZeneca, Pfizer/BioNTech",https://covid19tracker.ca/vaccinationtracker.html,12155950,11110052,1045835,63
Canada,2021-04-26,"Moderna, Oxford/AstraZeneca, Pfizer/BioNTech",https://covid19tracker.ca/vaccinationtracker.html,12419564,11364593,1054905,66
Canada,2021-04-27,"Moderna, Oxford/AstraZeneca, Pfizer/BioNTech",https://covid19tracker.ca/vaccinationtracker.html,12681917,11606188,1075659,70
Canada,2021-04-28,"Moderna, Oxford/AstraZeneca, Pfizer/BioNTech",https://covid19tracker.ca/vaccinationtracker.html,12947754,11855559,1092121,74
Canada,2021-04-29,"Moderna, Oxford/AstraZeneca, Pfizer/BioNTech",https://covid19tracker.ca/vaccinationtracker.html,13254402,12141206,1113120,76
Canada,2021-04-30,"Moderna, Oxford/AstraZeneca, Pfizer/BioNTech",https://covid19tracker.ca/vaccinationtracker.html,13536973,12405771,1131122,80
Canada,2021-05-01,"Moderna, Oxford/AstraZeneca, Pfizer/BioNTech",https://covid19tracker.ca/vaccinationtracker.html,13771556,12621256,1150212,88
Canada,2021-05-02,"Moderna, Oxford/AstraZeneca, Pfizer/BioNTech",https://covid19tracker.ca/vaccinationtracker.html,13945048,12783247,1161709,92
Canada,2021-05-03,"Moderna, Oxford/AstraZeneca, Pfizer/BioNTech",https://covid19tracker.ca/vaccinationtracker.html,14172299,13001756,1170449,94
Canada,2021-05-04,"Moderna, Oxford/AstraZeneca, Pfizer/BioNTech",https://covid19tracker.ca/vaccinationtracker.html,14407259,13216836,1190321,102
Canada,2021-05-05,"Moderna, Oxford/AstraZeneca, Pfizer/BioNTech",https://covid19tracker.ca/vaccinationtracker.html,14694142,13485254,1208779,109
Canada,2021-05-06,"Moderna, Oxford/AstraZeneca, Pfizer/BioNTech",https://covid19tracker.ca/vaccinationtracker.html,15054064,13822189,1231759,116
Canada,2021-05-07,"Moderna, Oxford/AstraZeneca, Pfizer/BioNTech",https://covid19tracker.ca/vaccinationtracker.html,15454178,14196474,1257579,125
Canada,2021-05-08,"Moderna, Oxford/AstraZeneca, Pfizer/BioNTech",https://covid19tracker.ca/vaccinationtracker.html,15784080,14505759,1278194,127
Canada,2021-05-09,"Moderna, Oxford/AstraZeneca, Pfizer/BioNTech",https://covid19tracker.ca/vaccinationtracker.html,16057056,14770325,1286599,132
Canada,2021-05-10,"Moderna, Oxford/AstraZeneca, Pfizer/BioNTech",https://covid19tracker.ca/vaccinationtracker.html,16393848,15088908,1304807,133
Canada,2021-05-11,"Moderna, Oxford/AstraZeneca, Pfizer/BioNTech",https://covid19tracker.ca/vaccinationtracker.html,16697800,15373042,1324619,139
Canada,2021-05-12,"Moderna, Oxford/AstraZeneca, Pfizer/BioNTech",https://covid19tracker.ca/vaccinationtracker.html,17048534,15699585,1348808,141
Canada,2021-05-13,"Moderna, Oxford/AstraZeneca, Pfizer/BioNTech",https://covid19tracker.ca/vaccinationtracker.html,17445870,16067919,1377806,145
Canada,2021-05-14,"Moderna, Oxford/AstraZeneca, Pfizer/BioNTech",https://covid19tracker.ca/vaccinationtracker.html,17880977,16467658,1413171,148
Canada,2021-05-15,"Moderna, Oxford/AstraZeneca, Pfizer/BioNTech",https://covid19tracker.ca/vaccinationtracker.html,18248031,16809433,1438441,157
Canada,2021-05-16,"Moderna, Oxford/AstraZeneca, Pfizer/BioNTech",https://covid19tracker.ca/vaccinationtracker.html,18567225,17112963,1454104,158
Canada,2021-05-17,"Moderna, Oxford/AstraZeneca, Pfizer/BioNTech",https://covid19tracker.ca/vaccinationtracker.html,18959634,17490690,1468784,160
Canada,2021-05-18,"Moderna, Oxford/AstraZeneca, Pfizer/BioNTech",https://covid19tracker.ca/vaccinationtracker.html,19246660,17749565,1496930,165
Canada,2021-05-19,"Moderna, Oxford/AstraZeneca, Pfizer/BioNTech",https://covid19tracker.ca/vaccinationtracker.html,19606598,18072913,1533515,170
Canada,2021-05-20,"Moderna, Oxford/AstraZeneca, Pfizer/BioNTech",https://covid19tracker.ca/vaccinationtracker.html,20007793,18429665,1577950,178
Canada,2021-05-21,"Moderna, Oxford/AstraZeneca, Pfizer/BioNTech",https://covid19tracker.ca/vaccinationtracker.html,20493274,18860936,1632148,190
Canada,2021-05-22,"Moderna, Oxford/AstraZeneca, Pfizer/BioNTech",https://covid19tracker.ca/vaccinationtracker.html,20885402,19202734,1682472,196
Canada,2021-05-23,"Moderna, Oxford/AstraZeneca, Pfizer/BioNTech",https://covid19tracker.ca/vaccinationtracker.html,21196087,19489435,1706455,197
Canada,2021-05-24,"Moderna, Oxford/AstraZeneca, Pfizer/BioNTech",https://covid19tracker.ca/vaccinationtracker.html,21553782,19827192,1726387,203
Canada,2021-05-25,"Moderna, Oxford/AstraZeneca, Pfizer/BioNTech",https://covid19tracker.ca/vaccinationtracker.html,21809403,20059797,1749400,206
Canada,2021-05-26,"Moderna, Oxford/AstraZeneca, Pfizer/BioNTech",https://covid19tracker.ca/vaccinationtracker.html,22133106,20330012,1802878,216
Canada,2021-05-27,"Moderna, Oxford/AstraZeneca, Pfizer/BioNTech",https://covid19tracker.ca/vaccinationtracker.html,22527084,20660790,1866070,224
Canada,2021-05-28,"Moderna, Oxford/AstraZeneca, Pfizer/BioNTech",https://covid19tracker.ca/vaccinationtracker.html,22986580,21048421,1937922,237
Canada,2021-05-29,"Moderna, Oxford/AstraZeneca, Pfizer/BioNTech",https://covid19tracker.ca/vaccinationtracker.html,23334734,21326713,2007771,250
Canada,2021-05-30,"Moderna, Oxford/AstraZeneca, Pfizer/BioNTech",https://covid19tracker.ca/vaccinationtracker.html,23653885,21579750,2073875,260
Canada,2021-05-31,"Moderna, Oxford/AstraZeneca, Pfizer/BioNTech",https://covid19tracker.ca/vaccinationtracker.html,24044376,21904694,2139416,266
Canada,2021-06-01,"Moderna, Oxford/AstraZeneca, Pfizer/BioNTech",https://covid19tracker.ca/vaccinationtracker.html,24359699,22136440,2222979,280
Canada,2021-06-02,"Moderna, Oxford/AstraZeneca, Pfizer/BioNTech",https://covid19tracker.ca/vaccinationtracker.html,24706800,22382121,2324364,315
Canada,2021-06-03,"Moderna, Oxford/AstraZeneca, Pfizer/BioNTech",https://covid19tracker.ca/vaccinationtracker.html,25121751,22656936,2464483,332
Canada,2021-06-04,"Moderna, Oxford/AstraZeneca, Pfizer/BioNTech",https://covid19tracker.ca/vaccinationtracker.html,25582848,22947809,2634678,361
Canada,2021-06-05,"Moderna, Oxford/AstraZeneca, Pfizer/BioNTech",https://covid19tracker.ca/vaccinationtracker.html,25962565,23182309,2779889,367
Canada,2021-06-06,"Moderna, Oxford/AstraZeneca, Pfizer/BioNTech",https://covid19tracker.ca/vaccinationtracker.html,26286632,23379785,2906466,381
Canada,2021-06-07,"Moderna, Oxford/AstraZeneca, Pfizer/BioNTech",https://covid19tracker.ca/vaccinationtracker.html,26695374,23634242,3060747,385
Canada,2021-06-08,"Moderna, Oxford/AstraZeneca, Pfizer/BioNTech",https://covid19tracker.ca/vaccinationtracker.html,27048472,23797186,3250887,399
Canada,2021-06-09,"Moderna, Oxford/AstraZeneca, Pfizer/BioNTech",https://covid19tracker.ca/vaccinationtracker.html,27453236,23962491,3490333,412
Canada,2021-06-10,"Moderna, Oxford/AstraZeneca, Pfizer/BioNTech",https://covid19tracker.ca/vaccinationtracker.html,27931194,24140048,3790710,436
Canada,2021-06-11,"Moderna, Oxford/AstraZeneca, Pfizer/BioNTech",https://covid19tracker.ca/vaccinationtracker.html,28434123,24313887,4119783,453
Canada,2021-06-12,"Moderna, Oxford/AstraZeneca, Pfizer/BioNTech",https://covid19tracker.ca/vaccinationtracker.html,28853968,24441652,4411834,482
Canada,2021-06-13,"Moderna, Oxford/AstraZeneca, Pfizer/BioNTech",https://covid19tracker.ca/vaccinationtracker.html,29232669,24558609,4673552,508
Canada,2021-06-14,"Moderna, Oxford/AstraZeneca, Pfizer/BioNTech",https://covid19tracker.ca/vaccinationtracker.html,29680344,24689287,4990517,540
Canada,2021-06-15,"Moderna, Oxford/AstraZeneca, Pfizer/BioNTech",https://covid19tracker.ca/vaccinationtracker.html,30129144,24807015,5321555,574
Canada,2021-06-16,"Moderna, Oxford/AstraZeneca, Pfizer/BioNTech",https://covid19tracker.ca/vaccinationtracker.html,30594190,24904910,5688674,606
Canada,2021-06-17,"Moderna, Oxford/AstraZeneca, Pfizer/BioNTech",https://covid19tracker.ca/vaccinationtracker.html,31101741,25009056,6092047,638
Canada,2021-06-18,"Moderna, Oxford/AstraZeneca, Pfizer/BioNTech",https://covid19tracker.ca/vaccinationtracker.html,31637585,25107001,6529912,672
Canada,2021-06-19,"Moderna, Oxford/AstraZeneca, Pfizer/BioNTech",https://covid19tracker.ca/vaccinationtracker.html,32059720,25174615,6884371,734
Canada,2021-06-20,"Moderna, Oxford/AstraZeneca, Pfizer/BioNTech",https://covid19tracker.ca/vaccinationtracker.html,32410322,25234844,7174726,752
Canada,2021-06-21,"Moderna, Oxford/AstraZeneca, Pfizer/BioNTech",https://covid19tracker.ca/vaccinationtracker.html,32816721,25315094,7500859,768
Canada,2021-06-22,"Moderna, Oxford/AstraZeneca, Pfizer/BioNTech",https://covid19tracker.ca/vaccinationtracker.html,33289191,25378250,7910137,804
Canada,2021-06-23,"Moderna, Oxford/AstraZeneca, Pfizer/BioNTech",https://covid19tracker.ca/vaccinationtracker.html,33805927,25437415,8367662,850
Canada,2021-06-24,"Moderna, Oxford/AstraZeneca, Pfizer/BioNTech",https://covid19tracker.ca/vaccinationtracker.html,34398523,25506073,8891527,923
Canada,2021-06-25,"Moderna, Oxford/AstraZeneca, Pfizer/BioNTech",https://covid19tracker.ca/vaccinationtracker.html,34920486,25562715,9356822,949
Canada,2021-06-26,"Moderna, Oxford/AstraZeneca, Pfizer/BioNTech",https://covid19tracker.ca/vaccinationtracker.html,35364921,25607135,9756793,993
Canada,2021-06-27,"Moderna, Oxford/AstraZeneca, Pfizer/BioNTech",https://covid19tracker.ca/vaccinationtracker.html,35724421,25648687,10074700,1034
Canada,2021-06-28,"Moderna, Oxford/AstraZeneca, Pfizer/BioNTech",https://covid19tracker.ca/vaccinationtracker.html,36429296,25731921,10696323,1052
Canada,2021-06-29,"Moderna, Oxford/AstraZeneca, Pfizer/BioNTech",https://covid19tracker.ca/vaccinationtracker.html,37017067,25789267,11226699,1101
Canada,2021-06-30,"Moderna, Oxford/AstraZeneca, Pfizer/BioNTech",https://covid19tracker.ca/vaccinationtracker.html,37623803,25845528,11777117,1158
Canada,2021-07-01,"Moderna, Oxford/AstraZeneca, Pfizer/BioNTech",https://covid19tracker.ca/vaccinationtracker.html,38086314,25886490,12198554,1270
Canada,2021-07-02,"Moderna, Oxford/AstraZeneca, Pfizer/BioNTech",https://covid19tracker.ca/vaccinationtracker.html,38653746,25942806,12709604,1336
Canada,2021-07-03,"Moderna, Oxford/AstraZeneca, Pfizer/BioNTech",https://covid19tracker.ca/vaccinationtracker.html,39015073,25973342,13040331,1400
Canada,2021-07-04,"Moderna, Oxford/AstraZeneca, Pfizer/BioNTech",https://covid19tracker.ca/vaccinationtracker.html,39336123,26003593,13331085,1445
Canada,2021-07-05,"Moderna, Oxford/AstraZeneca, Pfizer/BioNTech",https://covid19tracker.ca/vaccinationtracker.html,39937751,26059707,13876048,1996
Canada,2021-07-06,"Moderna, Oxford/AstraZeneca, Pfizer/BioNTech",https://covid19tracker.ca/vaccinationtracker.html,40420180,26101765,14315888,2527
Canada,2021-07-07,"Moderna, Oxford/AstraZeneca, Pfizer/BioNTech",https://covid19tracker.ca/vaccinationtracker.html,40923612,26144812,14776180,2620
Canada,2021-07-08,"Moderna, Oxford/AstraZeneca, Pfizer/BioNTech",https://covid19tracker.ca/vaccinationtracker.html,41545231,26204637,15337883,2711
Canada,2021-07-09,"Moderna, Oxford/AstraZeneca, Pfizer/BioNTech",https://covid19tracker.ca/vaccinationtracker.html,42091454,26255498,15833178,2778
Canada,2021-07-10,"Moderna, Oxford/AstraZeneca, Pfizer/BioNTech",https://covid19tracker.ca/vaccinationtracker.html,42457323,26289540,16164935,2848
Canada,2021-07-11,"Moderna, Oxford/AstraZeneca, Pfizer/BioNTech",https://covid19tracker.ca/vaccinationtracker.html,42743119,26316981,16423251,2887
Canada,2021-07-12,"Moderna, Oxford/AstraZeneca, Pfizer/BioNTech",https://covid19tracker.ca/vaccinationtracker.html,43247927,26370720,16874288,2919
Canada,2021-07-13,"Moderna, Oxford/AstraZeneca, Pfizer/BioNTech",https://covid19tracker.ca/vaccinationtracker.html,43663362,26409089,17251309,2964
Canada,2021-07-14,"Moderna, Oxford/AstraZeneca, Pfizer/BioNTech",https://covid19tracker.ca/vaccinationtracker.html,44089772,26452910,17633834,3028
Canada,2021-07-15,"Moderna, Oxford/AstraZeneca, Pfizer/BioNTech",https://covid19tracker.ca/vaccinationtracker.html,44528300,26498406,18026795,3099
Canada,2021-07-16,"Moderna, Oxford/AstraZeneca, Pfizer/BioNTech",https://covid19tracker.ca/vaccinationtracker.html,44960292,26544338,18412793,3161
Canada,2021-07-17,"Moderna, Oxford/AstraZeneca, Pfizer/BioNTech",https://covid19tracker.ca/vaccinationtracker.html,45262147,26577081,18681854,3212
Canada,2021-07-18,"Moderna, Oxford/AstraZeneca, Pfizer/BioNTech",https://covid19tracker.ca/vaccinationtracker.html,45487491,26600873,18883349,3269
Canada,2021-07-19,"Moderna, Oxford/AstraZeneca, Pfizer/BioNTech",https://covid19tracker.ca/vaccinationtracker.html,45913764,26643869,19266611,3284
Canada,2021-07-20,"Moderna, Oxford/AstraZeneca, Pfizer/BioNTech",https://covid19tracker.ca/vaccinationtracker.html,46248907,26680105,19565469,3333
Canada,2021-07-21,"Moderna, Oxford/AstraZeneca, Pfizer/BioNTech",https://covid19tracker.ca/vaccinationtracker.html,46634390,26719846,19911150,3394
Canada,2021-07-22,"Moderna, Oxford/AstraZeneca, Pfizer/BioNTech",https://covid19tracker.ca/vaccinationtracker.html,47015757,26762054,20250237,3466
Canada,2021-07-23,"Moderna, Oxford/AstraZeneca, Pfizer/BioNTech",https://covid19tracker.ca/vaccinationtracker.html,47370865,26802924,20564400,3541
Canada,2021-07-24,"Moderna, Oxford/AstraZeneca, Pfizer/BioNTech",https://covid19tracker.ca/vaccinationtracker.html,47619920,26833628,20782670,3622
Canada,2021-07-25,"Moderna, Oxford/AstraZeneca, Pfizer/BioNTech",https://covid19tracker.ca/vaccinationtracker.html,47816827,26856812,20956259,3756
Canada,2021-07-26,"Moderna, Oxford/AstraZeneca, Pfizer/BioNTech",https://covid19tracker.ca/vaccinationtracker.html,48207965,26898464,21305448,4053
Canada,2021-07-27,"Moderna, Oxford/AstraZeneca, Pfizer/BioNTech",https://covid19tracker.ca/vaccinationtracker.html,48486961,26934981,21547505,4475
Canada,2021-07-28,"Moderna, Oxford/AstraZeneca, Pfizer/BioNTech",https://covid19tracker.ca/vaccinationtracker.html,48762276,26974027,21783373,4876
Canada,2021-07-29,"Moderna, Oxford/AstraZeneca, Pfizer/BioNTech",https://covid19tracker.ca/vaccinationtracker.html,49032369,27013432,22013722,5215
Canada,2021-07-30,"Moderna, Oxford/AstraZeneca, Pfizer/BioNTech",https://covid19tracker.ca/vaccinationtracker.html,49289950,27051996,22232428,5526
Canada,2021-07-31,"Moderna, Oxford/AstraZeneca, Pfizer/BioNTech",https://covid19tracker.ca/vaccinationtracker.html,49471379,27077956,22387511,5912
Canada,2021-08-01,"Moderna, Oxford/AstraZeneca, Pfizer/BioNTech",https://covid19tracker.ca/vaccinationtracker.html,49616532,27098523,22511850,6159
Canada,2021-08-02,"Moderna, Oxford/AstraZeneca, Pfizer/BioNTech",https://covid19tracker.ca/vaccinationtracker.html,49710647,27110955,22593297,6395
Canada,2021-08-03,"Moderna, Oxford/AstraZeneca, Pfizer/BioNTech",https://covid19tracker.ca/vaccinationtracker.html,49989091,27149857,22832510,6724
Canada,2021-08-04,"Moderna, Oxford/AstraZeneca, Pfizer/BioNTech",https://covid19tracker.ca/vaccinationtracker.html,50156034,27178543,22970427,7064
Canada,2021-08-05,"Moderna, Oxford/AstraZeneca, Pfizer/BioNTech",https://covid19tracker.ca/vaccinationtracker.html,50345364,27212837,23125079,7448
Canada,2021-08-06,"Moderna, Oxford/AstraZeneca, Pfizer/BioNTech",https://covid19tracker.ca/vaccinationtracker.html,50520641,27245008,23267702,7931
Canada,2021-08-07,"Moderna, Oxford/AstraZeneca, Pfizer/BioNTech",https://covid19tracker.ca/vaccinationtracker.html,50648214,27267957,23371737,8520
Canada,2021-08-08,"Moderna, Oxford/AstraZeneca, Pfizer/BioNTech",https://covid19tracker.ca/vaccinationtracker.html,50748242,27284667,23454726,8849
Canada,2021-08-09,"Moderna, Oxford/AstraZeneca, Pfizer/BioNTech",https://covid19tracker.ca/vaccinationtracker.html,50933683,27317545,23607045,9093
Canada,2021-08-10,"Moderna, Oxford/AstraZeneca, Pfizer/BioNTech",https://covid19tracker.ca/vaccinationtracker.html,51070117,27343839,23716717,9561
Canada,2021-08-11,"Moderna, Oxford/AstraZeneca, Pfizer/BioNTech",https://covid19tracker.ca/vaccinationtracker.html,51207067,27371466,23825594,10007
Canada,2021-08-12,"Moderna, Oxford/AstraZeneca, Pfizer/BioNTech",https://covid19tracker.ca/vaccinationtracker.html,51359334,27403699,23945201,10434
Canada,2021-08-13,"Moderna, Oxford/AstraZeneca, Pfizer/BioNTech",https://covid19tracker.ca/vaccinationtracker.html,51506588,27437199,24058411,10978
Canada,2021-08-14,"Moderna, Oxford/AstraZeneca, Pfizer/BioNTech",https://covid19tracker.ca/vaccinationtracker.html,51622673,27460625,24150522,11526
Canada,2021-08-15,"Moderna, Oxford/AstraZeneca, Pfizer/BioNTech",https://covid19tracker.ca/vaccinationtracker.html,51720513,27479340,24229281,11892
Canada,2021-08-16,"Moderna, Oxford/AstraZeneca, Pfizer/BioNTech",https://covid19tracker.ca/vaccinationtracker.html,51884824,27512130,24360564,12130
Canada,2021-08-17,"Moderna, Oxford/AstraZeneca, Pfizer/BioNTech",https://covid19tracker.ca/vaccinationtracker.html,52021878,27540862,24468475,12541
Canada,2021-08-18,"Moderna, Oxford/AstraZeneca, Pfizer/BioNTech",https://covid19tracker.ca/vaccinationtracker.html,52146607,27570871,24562728,13008
Canada,2021-08-19,"Moderna, Oxford/AstraZeneca, Pfizer/BioNTech",https://covid19tracker.ca/vaccinationtracker.html,52283603,27607885,24662167,13551
Canada,2021-08-20,"Moderna, Oxford/AstraZeneca, Pfizer/BioNTech",https://covid19tracker.ca/vaccinationtracker.html,52411450,27644554,24752920,13976
Canada,2021-08-21,"Moderna, Oxford/AstraZeneca, Pfizer/BioNTech",https://covid19tracker.ca/vaccinationtracker.html,52512549,27670230,24827798,14521
Canada,2021-08-22,"Moderna, Oxford/AstraZeneca, Pfizer/BioNTech",https://covid19tracker.ca/vaccinationtracker.html,52590282,27688705,24886760,14817
Canada,2021-08-23,"Moderna, Oxford/AstraZeneca, Pfizer/BioNTech",https://covid19tracker.ca/vaccinationtracker.html,52711221,27718645,24977514,15062
Canada,2021-08-24,"Moderna, Oxford/AstraZeneca, Pfizer/BioNTech",https://covid19tracker.ca/vaccinationtracker.html,52827253,27750164,25061592,15497
Canada,2021-08-25,"Moderna, Oxford/AstraZeneca, Pfizer/BioNTech",https://covid19tracker.ca/vaccinationtracker.html,52932078,27785144,25130993,15941
Canada,2021-08-26,"Moderna, Oxford/AstraZeneca, Pfizer/BioNTech",https://covid19tracker.ca/vaccinationtracker.html,53054685,27825302,25212942,16441
Canada,2021-08-27,"Moderna, Oxford/AstraZeneca, Pfizer/BioNTech",https://covid19tracker.ca/vaccinationtracker.html,53169890,27864937,25288011,16942
Canada,2021-08-28,"Moderna, Oxford/AstraZeneca, Pfizer/BioNTech",https://covid19tracker.ca/vaccinationtracker.html,53250502,27889979,25342990,17533
Canada,2021-08-29,"Moderna, Oxford/AstraZeneca, Pfizer/BioNTech",https://covid19tracker.ca/vaccinationtracker.html,53318129,27909420,25390677,18032
Canada,2021-08-30,"Moderna, Oxford/AstraZeneca, Pfizer/BioNTech",https://covid19tracker.ca/vaccinationtracker.html,53441516,27952530,25470637,18349
Canada,2021-08-31,"Moderna, Oxford/AstraZeneca, Pfizer/BioNTech",https://covid19tracker.ca/vaccinationtracker.html,53523195,27981794,25522625,18776
Canada,2021-09-01,"Moderna, Oxford/AstraZeneca, Pfizer/BioNTech",https://covid19tracker.ca/vaccinationtracker.html,53620885,28016422,25584928,19535
Canada,2021-09-02,"Moderna, Oxford/AstraZeneca, Pfizer/BioNTech",https://covid19tracker.ca/vaccinationtracker.html,53715070,28054857,25639587,20626
Canada,2021-09-03,"Moderna, Oxford/AstraZeneca, Pfizer/BioNTech",https://covid19tracker.ca/vaccinationtracker.html,53824217,28101251,25700670,22296
Canada,2021-09-04,"Moderna, Oxford/AstraZeneca, Pfizer/BioNTech",https://covid19tracker.ca/vaccinationtracker.html,53906210,28134625,25747556,24029
Canada,2021-09-05,"Moderna, Oxford/AstraZeneca, Pfizer/BioNTech",https://covid19tracker.ca/vaccinationtracker.html,53968230,28158059,25784916,25255
Canada,2021-09-06,"Moderna, Oxford/AstraZeneca, Pfizer/BioNTech",https://covid19tracker.ca/vaccinationtracker.html,54004801,28172678,25806079,26044
Canada,2021-09-07,"Moderna, Oxford/AstraZeneca, Pfizer/BioNTech",https://covid19tracker.ca/vaccinationtracker.html,54107192,28214616,25865904,26672
Canada,2021-09-08,"Moderna, Oxford/AstraZeneca, Pfizer/BioNTech",https://covid19tracker.ca/vaccinationtracker.html,54191595,28250430,25912880,28285
Canada,2021-09-09,"Moderna, Oxford/AstraZeneca, Pfizer/BioNTech",https://covid19tracker.ca/vaccinationtracker.html,54289292,28292444,25966696,30152
Canada,2021-09-10,"Moderna, Oxford/AstraZeneca, Pfizer/BioNTech",https://covid19tracker.ca/vaccinationtracker.html,54387369,28334262,26021043,32064
Canada,2021-09-11,"Moderna, Oxford/AstraZeneca, Pfizer/BioNTech",https://covid19tracker.ca/vaccinationtracker.html,54460241,28362033,26064301,33907
Canada,2021-09-12,"Moderna, Oxford/AstraZeneca, Pfizer/BioNTech",https://covid19tracker.ca/vaccinationtracker.html,54517214,28382212,26099675,35327
Canada,2021-09-13,"Moderna, Oxford/AstraZeneca, Pfizer/BioNTech",https://covid19tracker.ca/vaccinationtracker.html,54616618,28425455,26154961,36202
Canada,2021-09-14,"Moderna, Oxford/AstraZeneca, Pfizer/BioNTech",https://covid19tracker.ca/vaccinationtracker.html,54689751,28458037,26194308,37406
Canada,2021-09-15,"Moderna, Oxford/AstraZeneca, Pfizer/BioNTech",https://covid19tracker.ca/vaccinationtracker.html,54773060,28494515,26239859,38686
Canada,2021-09-16,"Moderna, Oxford/AstraZeneca, Pfizer/BioNTech",https://covid19tracker.ca/vaccinationtracker.html,54869083,28534794,26293698,40591
Canada,2021-09-17,"Moderna, Oxford/AstraZeneca, Pfizer/BioNTech",https://covid19tracker.ca/vaccinationtracker.html,55028083,28590001,26352475,85607
Canada,2021-09-18,"Moderna, Oxford/AstraZeneca, Pfizer/BioNTech",https://covid19tracker.ca/vaccinationtracker.html,55096636,28615738,26393304,87594
Canada,2021-09-19,"Moderna, Oxford/AstraZeneca, Pfizer/BioNTech",https://covid19tracker.ca/vaccinationtracker.html,55152386,28635774,26427763,88849
Canada,2021-09-20,"Moderna, Oxford/AstraZeneca, Pfizer/BioNTech",https://covid19tracker.ca/vaccinationtracker.html,55292065,28702877,26494054,95134
Canada,2021-09-21,"Moderna, Oxford/AstraZeneca, Pfizer/BioNTech",https://covid19tracker.ca/vaccinationtracker.html,55391073,28746880,26544927,99266
Canada,2021-09-22,"Moderna, Oxford/AstraZeneca, Pfizer/BioNTech",https://covid19tracker.ca/vaccinationtracker.html,55491208,28791951,26596103,103154
Canada,2021-09-23,"Moderna, Oxford/AstraZeneca, Pfizer/BioNTech",https://covid19tracker.ca/vaccinationtracker.html,55606675,28841173,26656853,108649
Canada,2021-09-24,"Moderna, Oxford/AstraZeneca, Pfizer/BioNTech",https://covid19tracker.ca/vaccinationtracker.html,55772527,28891572,26722030,158925
Canada,2021-09-25,"Moderna, Oxford/AstraZeneca, Pfizer/BioNTech",https://covid19tracker.ca/vaccinationtracker.html,55847009,28917922,26768204,160883
Canada,2021-09-26,"Moderna, Oxford/AstraZeneca, Pfizer/BioNTech",https://covid19tracker.ca/vaccinationtracker.html,55915574,28942566,26810928,162080
Canada,2021-09-27,"Moderna, Oxford/AstraZeneca, Pfizer/BioNTech",https://covid19tracker.ca/vaccinationtracker.html,56036808,28992713,26872085,172010
Canada,2021-09-28,"Moderna, Oxford/AstraZeneca, Pfizer/BioNTech",https://covid19tracker.ca/vaccinationtracker.html,56114866,29024622,26913108,177136
Canada,2021-09-29,"Moderna, Oxford/AstraZeneca, Pfizer/BioNTech",https://covid19tracker.ca/vaccinationtracker.html,56213062,29066621,26963783,182658
Canada,2021-09-30,"Moderna, Oxford/AstraZeneca, Pfizer/BioNTech",https://covid19tracker.ca/vaccinationtracker.html,56312456,29103825,27019931,188700
Canada,2021-10-01,"Moderna, Oxford/AstraZeneca, Pfizer/BioNTech",https://covid19tracker.ca/vaccinationtracker.html,56406727,29133965,27072837,199925
Canada,2021-10-02,"Moderna, Oxford/AstraZeneca, Pfizer/BioNTech",https://covid19tracker.ca/vaccinationtracker.html,56467059,29154116,27111048,201895
Canada,2021-10-03,"Moderna, Oxford/AstraZeneca, Pfizer/BioNTech",https://covid19tracker.ca/vaccinationtracker.html,56516683,29171486,27142252,202945
Canada,2021-10-04,"Moderna, Oxford/AstraZeneca, Pfizer/BioNTech",https://covid19tracker.ca/vaccinationtracker.html,56621294,29210115,27201011,210168
Canada,2021-10-05,"Moderna, Oxford/AstraZeneca, Pfizer/BioNTech",https://covid19tracker.ca/vaccinationtracker.html,56699567,29240981,27244079,214507
Canada,2021-10-06,"Moderna, Oxford/AstraZeneca, Pfizer/BioNTech",https://covid19tracker.ca/vaccinationtracker.html,56822762,29273255,27290541,258966
Canada,2021-10-07,"Moderna, Oxford/AstraZeneca, Pfizer/BioNTech",https://covid19tracker.ca/vaccinationtracker.html,56909034,29304503,27335305,269226
Canada,2021-10-08,"Moderna, Oxford/AstraZeneca, Pfizer/BioNTech",https://covid19tracker.ca/vaccinationtracker.html,57007364,29337986,27385016,284362
Canada,2021-10-09,"Moderna, Oxford/AstraZeneca, Pfizer/BioNTech",https://covid19tracker.ca/vaccinationtracker.html,57071141,29360765,27422667,287709
Canada,2021-10-10,"Moderna, Oxford/AstraZeneca, Pfizer/BioNTech",https://covid19tracker.ca/vaccinationtracker.html,57122861,29378382,27454543,289936
Canada,2021-10-11,"Moderna, Oxford/AstraZeneca, Pfizer/BioNTech",https://covid19tracker.ca/vaccinationtracker.html,57149288,29388834,27469924,290530
Canada,2021-10-12,"Moderna, Oxford/AstraZeneca, Pfizer/BioNTech",https://covid19tracker.ca/vaccinationtracker.html,57260837,29432148,27519577,309112
Canada,2021-10-13,"Moderna, Oxford/AstraZeneca, Pfizer/BioNTech",https://covid19tracker.ca/vaccinationtracker.html,57351315,29447367,27567212,336736
Canada,2021-10-14,"Moderna, Oxford/AstraZeneca, Pfizer/BioNTech",https://covid19tracker.ca/vaccinationtracker.html,57451347,29478845,27618125,354377
Canada,2021-10-15,"Moderna, Oxford/AstraZeneca, Pfizer/BioNTech",https://covid19tracker.ca/vaccinationtracker.html,57552515,29512241,27668159,372115
Canada,2021-10-16,"Moderna, Oxford/AstraZeneca, Pfizer/BioNTech",https://covid19tracker.ca/vaccinationtracker.html,57606099,29529148,27700461,376490
Canada,2021-10-17,"Moderna, Oxford/AstraZeneca, Pfizer/BioNTech",https://covid19tracker.ca/vaccinationtracker.html,57652265,29544522,27729050,378693
Canada,2021-10-18,"Moderna, Oxford/AstraZeneca, Pfizer/BioNTech",https://covid19tracker.ca/vaccinationtracker.html,57762356,29570871,27787036,404449
Canada,2021-10-19,"Moderna, Oxford/AstraZeneca, Pfizer/BioNTech",https://covid19tracker.ca/vaccinationtracker.html,57837476,29590006,27823372,424098
Canada,2021-10-20,"Moderna, Oxford/AstraZeneca, Pfizer/BioNTech",https://covid19tracker.ca/vaccinationtracker.html,57919716,29612452,27868142,439122
Canada,2021-10-21,"Moderna, Oxford/AstraZeneca, Pfizer/BioNTech",https://covid19tracker.ca/vaccinationtracker.html,58007042,29638812,27911338,456892
Canada,2021-10-22,"Moderna, Oxford/AstraZeneca, Pfizer/BioNTech",https://covid19tracker.ca/vaccinationtracker.html,58100068,29664023,27959770,476275
Canada,2021-10-23,"Moderna, Oxford/AstraZeneca, Pfizer/BioNTech",https://covid19tracker.ca/vaccinationtracker.html,58148164,29678581,27988077,481506
Canada,2021-10-24,"Moderna, Oxford/AstraZeneca, Pfizer/BioNTech",https://covid19tracker.ca/vaccinationtracker.html,58187183,29691081,28012760,483342
Canada,2021-10-25,"Moderna, Oxford/AstraZeneca, Pfizer/BioNTech",https://covid19tracker.ca/vaccinationtracker.html,58289378,29711890,28072232,505256
Canada,2021-10-26,"Moderna, Oxford/AstraZeneca, Pfizer/BioNTech",https://covid19tracker.ca/vaccinationtracker.html,58371733,29730656,28112904,528173
Canada,2021-10-27,"Moderna, Oxford/AstraZeneca, Pfizer/BioNTech",https://covid19tracker.ca/vaccinationtracker.html,58446220,29748503,28152783,544934
Canada,2021-10-28,"Moderna, Oxford/AstraZeneca, Pfizer/BioNTech",https://covid19tracker.ca/vaccinationtracker.html,58528221,29771425,28193077,563719
Canada,2021-10-29,"Moderna, Oxford/AstraZeneca, Pfizer/BioNTech",https://covid19tracker.ca/vaccinationtracker.html,58604479,29796151,28232591,575737
Canada,2021-10-30,"Moderna, Oxford/AstraZeneca, Pfizer/BioNTech",https://covid19tracker.ca/vaccinationtracker.html,58647525,29807715,28257567,582243
Canada,2021-10-31,"Moderna, Oxford/AstraZeneca, Pfizer/BioNTech",https://covid19tracker.ca/vaccinationtracker.html,58682096,29817829,28280047,584220
Canada,2021-11-01,"Moderna, Oxford/AstraZeneca, Pfizer/BioNTech",https://covid19tracker.ca/vaccinationtracker.html,58768684,29830486,28324643,613555
Canada,2021-11-02,"Moderna, Oxford/AstraZeneca, Pfizer/BioNTech",https://covid19tracker.ca/vaccinationtracker.html,58823637,29837829,28345138,640670
Canada,2021-11-03,"Moderna, Oxford/AstraZeneca, Pfizer/BioNTech",https://covid19tracker.ca/vaccinationtracker.html,58898328,29854753,28379118,664457
Canada,2021-11-04,"Moderna, Oxford/AstraZeneca, Pfizer/BioNTech",https://covid19tracker.ca/vaccinationtracker.html,58975221,29873364,28414026,687831
Canada,2021-11-05,"Moderna, Oxford/AstraZeneca, Pfizer/BioNTech",https://covid19tracker.ca/vaccinationtracker.html,59046604,29889147,28446709,710748
Canada,2021-11-06,"Moderna, Oxford/AstraZeneca, Pfizer/BioNTech",https://covid19tracker.ca/vaccinationtracker.html,59077651,29896719,28460991,719941
Canada,2021-11-07,"Moderna, Oxford/AstraZeneca, Pfizer/BioNTech",https://covid19tracker.ca/vaccinationtracker.html,59106882,29905414,28478818,722650
Canada,2021-11-08,"Moderna, Oxford/AstraZeneca, Pfizer/BioNTech",https://covid19tracker.ca/vaccinationtracker.html,59199511,29923986,28522993,752532
Canada,2021-11-09,"Moderna, Oxford/AstraZeneca, Pfizer/BioNTech",https://covid19tracker.ca/vaccinationtracker.html,59270949,29932991,28546674,791284
Canada,2021-11-10,"Moderna, Oxford/AstraZeneca, Pfizer/BioNTech",https://covid19tracker.ca/vaccinationtracker.html,59358396,29957032,28581916,819448
Canada,2021-11-11,"Moderna, Oxford/AstraZeneca, Pfizer/BioNTech",https://covid19tracker.ca/vaccinationtracker.html,59399785,29967669,28601613,830503
Canada,2021-11-12,"Moderna, Oxford/AstraZeneca, Pfizer/BioNTech",https://covid19tracker.ca/vaccinationtracker.html,59489649,29985788,28639191,864670
Canada,2021-11-13,"Moderna, Oxford/AstraZeneca, Pfizer/BioNTech",https://covid19tracker.ca/vaccinationtracker.html,59525220,29995360,28657208,872652
Canada,2021-11-14,"Moderna, Oxford/AstraZeneca, Pfizer/BioNTech",https://covid19tracker.ca/vaccinationtracker.html,59554001,30003748,28674737,875516
Canada,2021-11-15,"Moderna, Oxford/AstraZeneca, Pfizer/BioNTech",https://covid19tracker.ca/vaccinationtracker.html,59645195,30019752,28709667,915776
Canada,2021-11-16,"Moderna, Oxford/AstraZeneca, Pfizer/BioNTech",https://covid19tracker.ca/vaccinationtracker.html,59709923,30031311,28734721,943891
Canada,2021-11-17,"Moderna, Oxford/AstraZeneca, Pfizer/BioNTech",https://covid19tracker.ca/vaccinationtracker.html,59785947,30049969,28767835,968143
Canada,2021-11-18,"Moderna, Oxford/AstraZeneca, Pfizer/BioNTech",https://covid19tracker.ca/vaccinationtracker.html,59861491,30067390,28798541,995560
Canada,2021-11-19,"Moderna, Oxford/AstraZeneca, Pfizer/BioNTech",https://covid19tracker.ca/vaccinationtracker.html,59927031,30080313,28824276,1022442
Canada,2021-11-20,"Moderna, Oxford/AstraZeneca, Pfizer/BioNTech",https://covid19tracker.ca/vaccinationtracker.html,59959686,30089856,28841059,1028771
Canada,2021-11-21,"Moderna, Oxford/AstraZeneca, Pfizer/BioNTech",https://covid19tracker.ca/vaccinationtracker.html,59981502,30097084,28853929,1030489
Canada,2021-11-22,"Moderna, Oxford/AstraZeneca, Pfizer/BioNTech",https://covid19tracker.ca/vaccinationtracker.html,60072911,30112161,28887249,1073501
Canada,2021-11-23,"Moderna, Oxford/AstraZeneca, Pfizer/BioNTech",https://covid19tracker.ca/vaccinationtracker.html,60108942,30120513,28902448,1085981
Canada,2021-11-24,"Moderna, Oxford/AstraZeneca, Pfizer/BioNTech",https://covid19tracker.ca/vaccinationtracker.html,60161477,30120928,28914962,1125587
Canada,2021-11-25,"Moderna, Oxford/AstraZeneca, Pfizer/BioNTech",https://covid19tracker.ca/vaccinationtracker.html,60231605,30138154,28939125,1154326
Canada,2021-11-26,"Moderna, Oxford/AstraZeneca, Pfizer/BioNTech",https://covid19tracker.ca/vaccinationtracker.html,60318215,30171058,28964500,1182657
Canada,2021-11-27,"Moderna, Oxford/AstraZeneca, Pfizer/BioNTech",https://covid19tracker.ca/vaccinationtracker.html,60386453,30219987,28977403,1189063
Canada,2021-11-28,"Moderna, Oxford/AstraZeneca, Pfizer/BioNTech",https://covid19tracker.ca/vaccinationtracker.html,60460043,30280365,28987779,1191899
Canada,2021-11-29,"Moderna, Oxford/AstraZeneca, Pfizer/BioNTech",https://covid19tracker.ca/vaccinationtracker.html,60595966,30349439,29010587,1235940
Canada,2021-11-30,"Moderna, Oxford/AstraZeneca, Pfizer/BioNTech",https://covid19tracker.ca/vaccinationtracker.html,60707051,30417797,29024735,1264519
Canada,2021-12-01,"Moderna, Oxford/AstraZeneca, Pfizer/BioNTech",https://covid19tracker.ca/vaccinationtracker.html,60824590,30471422,29047132,1306036
Canada,2021-12-02,"Moderna, Oxford/AstraZeneca, Pfizer/BioNTech",https://covid19tracker.ca/vaccinationtracker.html,60950208,30542428,29065536,1342244
Canada,2021-12-03,"Moderna, Oxford/AstraZeneca, Pfizer/BioNTech",https://covid19tracker.ca/vaccinationtracker.html,61829680,30612370,29082569,2134741
Canada,2021-12-04,"Moderna, Oxford/AstraZeneca, Pfizer/BioNTech",https://covid19tracker.ca/vaccinationtracker.html,61953068,30668945,29093311,2190812
Canada,2021-12-05,"Moderna, Oxford/AstraZeneca, Pfizer/BioNTech",https://covid19tracker.ca/vaccinationtracker.html,62058480,30732468,29101944,2224068
Canada,2021-12-06,"Moderna, Oxford/AstraZeneca, Pfizer/BioNTech",https://covid19tracker.ca/vaccinationtracker.html,62238793,30819687,29123034,2296072
Canada,2021-12-07,"Moderna, Oxford/AstraZeneca, Pfizer/BioNTech",https://covid19tracker.ca/vaccinationtracker.html,62421440,30877367,29137200,2406873
Canada,2021-12-08,"Moderna, Oxford/AstraZeneca, Pfizer/BioNTech",https://covid19tracker.ca/vaccinationtracker.html,62604945,30936861,29157343,2510741
Canada,2021-12-09,"Moderna, Oxford/AstraZeneca, Pfizer/BioNTech",https://covid19tracker.ca/vaccinationtracker.html,62779477,30994762,29168167,2616548
Canada,2021-12-10,"Moderna, Oxford/AstraZeneca, Pfizer/BioNTech",https://covid19tracker.ca/vaccinationtracker.html,63018440,31038074,29181016,2799350
Canada,2021-12-11,"Moderna, Oxford/AstraZeneca, Pfizer/BioNTech",https://covid19tracker.ca/vaccinationtracker.html,63155861,31079447,29191699,2884715
Canada,2021-12-12,"Moderna, Oxford/AstraZeneca, Pfizer/BioNTech",https://covid19tracker.ca/vaccinationtracker.html,63263942,31125431,29199358,2939153
Canada,2021-12-13,"Moderna, Oxford/AstraZeneca, Pfizer/BioNTech",https://covid19tracker.ca/vaccinationtracker.html,63463309,31198451,29217482,3047376
Canada,2021-12-14,"Moderna, Oxford/AstraZeneca, Pfizer/BioNTech",https://covid19tracker.ca/vaccinationtracker.html,63723001,31233770,29229324,3259907
Canada,2021-12-15,"Moderna, Oxford/AstraZeneca, Pfizer/BioNTech",https://covid19tracker.ca/vaccinationtracker.html,63984254,31281284,29244693,3458277
Canada,2021-12-16,"Moderna, Oxford/AstraZeneca, Pfizer/BioNTech",https://covid19tracker.ca/vaccinationtracker.html,64277543,31327805,29254895,3694843
Canada,2021-12-17,"Moderna, Oxford/AstraZeneca, Pfizer/BioNTech",https://covid19tracker.ca/vaccinationtracker.html,64602238,31368914,29270094,3963230
Canada,2021-12-18,"Moderna, Oxford/AstraZeneca, Pfizer/BioNTech",https://covid19tracker.ca/vaccinationtracker.html,64863468,31398083,29279704,4185681
Canada,2021-12-19,"Moderna, Oxford/AstraZeneca, Pfizer/BioNTech",https://covid19tracker.ca/vaccinationtracker.html,65075658,31431822,29287131,4356705
Canada,2021-12-20,"Moderna, Oxford/AstraZeneca, Pfizer/BioNTech",https://covid19tracker.ca/vaccinationtracker.html,65399654,31485760,29308909,4604985
Canada,2021-12-21,"Moderna, Oxford/AstraZeneca, Pfizer/BioNTech",https://covid19tracker.ca/vaccinationtracker.html,65820170,31527119,29316253,4976798
Canada,2021-12-22,"Moderna, Oxford/AstraZeneca, Pfizer/BioNTech",https://covid19tracker.ca/vaccinationtracker.html,66264629,31563883,29336821,5363925
Canada,2021-12-23,"Moderna, Oxford/AstraZeneca, Pfizer/BioNTech",https://covid19tracker.ca/vaccinationtracker.html,66731702,31598515,29352145,5781042
Canada,2021-12-24,"Moderna, Oxford/AstraZeneca, Pfizer/BioNTech",https://covid19tracker.ca/vaccinationtracker.html,67101613,31622500,29361888,6117225
Canada,2021-12-25,"Moderna, Oxford/AstraZeneca, Pfizer/BioNTech",https://covid19tracker.ca/vaccinationtracker.html,67194024,31627692,29366937,6199395
Canada,2021-12-26,"Moderna, Oxford/AstraZeneca, Pfizer/BioNTech",https://covid19tracker.ca/vaccinationtracker.html,67207931,31628194,29367201,6212536
Canada,2021-12-27,"Moderna, Oxford/AstraZeneca, Pfizer/BioNTech",https://covid19tracker.ca/vaccinationtracker.html,67290049,31631651,29369067,6289331
Canada,2021-12-28,"Moderna, Oxford/AstraZeneca, Pfizer/BioNTech",https://covid19tracker.ca/vaccinationtracker.html,67569309,31644835,29377904,6546570
Canada,2021-12-29,"Moderna, Oxford/AstraZeneca, Pfizer/BioNTech",https://covid19tracker.ca/vaccinationtracker.html,68084993,31684780,29391565,7008648
Canada,2021-12-30,"Moderna, Oxford/AstraZeneca, Pfizer/BioNTech",https://covid19tracker.ca/vaccinationtracker.html,68427384,31706089,29402591,7318704
Canada,2021-12-31,"Moderna, Oxford/AstraZeneca, Pfizer/BioNTech",https://covid19tracker.ca/vaccinationtracker.html,68756211,31726971,29414103,7615137
Canada,2022-01-01,"Moderna, Oxford/AstraZeneca, Pfizer/BioNTech",https://covid19tracker.ca/vaccinationtracker.html,68858661,31734056,29419071,7705534
Canada,2022-01-02,"Moderna, Oxford/AstraZeneca, Pfizer/BioNTech",https://covid19tracker.ca/vaccinationtracker.html,68880711,31735384,29420224,7725103
Canada,2022-01-03,"Moderna, Oxford/AstraZeneca, Pfizer/BioNTech",https://covid19tracker.ca/vaccinationtracker.html,68978614,31742381,29425975,7810258
Canada,2022-01-04,"Moderna, Oxford/AstraZeneca, Pfizer/BioNTech",https://covid19tracker.ca/vaccinationtracker.html,69562458,31779591,29450265,8332602
Canada,2022-01-05,"Moderna, Oxford/AstraZeneca, Pfizer/BioNTech",https://covid19tracker.ca/vaccinationtracker.html,69952213,31801497,29467043,8683673
Canada,2022-01-06,"Moderna, Oxford/AstraZeneca, Pfizer/BioNTech",https://covid19tracker.ca/vaccinationtracker.html,70370584,31820330,29490152,9060102
Canada,2022-01-07,"Moderna, Oxford/AstraZeneca, Pfizer/BioNTech",https://covid19tracker.ca/vaccinationtracker.html,70798251,31850400,29504056,9443795
Canada,2022-01-08,"Moderna, Oxford/AstraZeneca, Pfizer/BioNTech",https://covid19tracker.ca/vaccinationtracker.html,71098745,31867806,29517260,9713679
Canada,2022-01-09,"Moderna, Oxford/AstraZeneca, Pfizer/BioNTech",https://covid19tracker.ca/vaccinationtracker.html,71315287,31884647,29528397,9902243
Canada,2022-01-10,"Moderna, Oxford/AstraZeneca, Pfizer/BioNTech",https://covid19tracker.ca/vaccinationtracker.html,71716169,31912898,29551323,10251948
Canada,2022-01-11,"Moderna, Oxford/AstraZeneca, Pfizer/BioNTech",https://covid19tracker.ca/vaccinationtracker.html,72136498,31935003,29570238,10631257
Canada,2022-01-12,"Moderna, Oxford/AstraZeneca, Pfizer/BioNTech",https://covid19tracker.ca/vaccinationtracker.html,72537602,31958617,29590157,10988828
Canada,2022-01-13,"Moderna, Oxford/AstraZeneca, Pfizer/BioNTech",https://covid19tracker.ca/vaccinationtracker.html,72959024,31986866,29612110,11360048
Canada,2022-01-14,"Moderna, Oxford/AstraZeneca, Pfizer/BioNTech",https://covid19tracker.ca/vaccinationtracker.html,73355030,32015303,29635733,11703994
Canada,2022-01-15,"Moderna, Oxford/AstraZeneca, Pfizer/BioNTech",https://covid19tracker.ca/vaccinationtracker.html,73642492,32036485,29655803,11950204
Canada,2022-01-16,"Moderna, Oxford/AstraZeneca, Pfizer/BioNTech",https://covid19tracker.ca/vaccinationtracker.html,73853084,32055759,29671835,12125490
Canada,2022-01-17,"Moderna, Oxford/AstraZeneca, Pfizer/BioNTech",https://covid19tracker.ca/vaccinationtracker.html,74283833,32088318,29691756,12503759
Canada,2022-01-18,"Moderna, Oxford/AstraZeneca, Pfizer/BioNTech",https://covid19tracker.ca/vaccinationtracker.html,74554401,32100840,29701817,12751744
Canada,2022-01-19,"Moderna, Oxford/AstraZeneca, Pfizer/BioNTech",https://covid19tracker.ca/vaccinationtracker.html,74907315,32128989,29715902,13062424
Canada,2022-01-20,"Moderna, Oxford/AstraZeneca, Pfizer/BioNTech",https://covid19tracker.ca/vaccinationtracker.html,75223460,32137767,29731011,13354682
Canada,2022-01-21,"Moderna, Oxford/AstraZeneca, Pfizer/BioNTech",https://covid19tracker.ca/vaccinationtracker.html,75545484,32153371,29763930,13628183
Canada,2022-01-22,"Moderna, Oxford/AstraZeneca, Pfizer/BioNTech",https://covid19tracker.ca/vaccinationtracker.html,75757680,32169878,29791999,13795803
Canada,2022-01-23,"Moderna, Oxford/AstraZeneca, Pfizer/BioNTech",https://covid19tracker.ca/vaccinationtracker.html,75932074,32184766,29827165,13920143
Canada,2022-01-24,"Moderna, Oxford/AstraZeneca, Pfizer/BioNTech",https://covid19tracker.ca/vaccinationtracker.html,76253218,32210685,29855725,14186808
Canada,2022-01-25,"Moderna, Oxford/AstraZeneca, Pfizer/BioNTech",https://covid19tracker.ca/vaccinationtracker.html,76588007,32236332,29903275,14448400
Canada,2022-01-26,"Moderna, Oxford/AstraZeneca, Pfizer/BioNTech",https://covid19tracker.ca/vaccinationtracker.html,76851483,32253251,29940348,14657884
Canada,2022-01-27,"Moderna, Oxford/AstraZeneca, Pfizer/BioNTech",https://covid19tracker.ca/vaccinationtracker.html,77110756,32271463,29980491,14858802
Canada,2022-01-28,"Moderna, Oxford/AstraZeneca, Pfizer/BioNTech",https://covid19tracker.ca/vaccinationtracker.html,77368089,32290019,30021580,15056490
Canada,2022-01-29,"Moderna, Oxford/AstraZeneca, Pfizer/BioNTech",https://covid19tracker.ca/vaccinationtracker.html,77534970,32301838,30055128,15178004
Canada,2022-01-30,"Moderna, Oxford/AstraZeneca, Pfizer/BioNTech",https://covid19tracker.ca/vaccinationtracker.html,77679365,32313043,30098902,15267420
Canada,2022-01-31,"Moderna, Oxford/AstraZeneca, Pfizer/BioNTech",https://covid19tracker.ca/vaccinationtracker.html,78008088,32340774,30150833,15516481
Canada,2022-02-01,"Moderna, Oxford/AstraZeneca, Pfizer/BioNTech",https://covid19tracker.ca/vaccinationtracker.html,78208427,32355071,30182561,15670795
Canada,2022-02-02,"Moderna, Oxford/AstraZeneca, Pfizer/BioNTech",https://covid19tracker.ca/vaccinationtracker.html,78401968,32363291,30227647,15811030
Canada,2022-02-03,"Moderna, Oxford/AstraZeneca, Pfizer/BioNTech",https://covid19tracker.ca/vaccinationtracker.html,78583367,32375515,30263587,15944265
Canada,2022-02-04,"Moderna, Oxford/AstraZeneca, Pfizer/BioNTech",https://covid19tracker.ca/vaccinationtracker.html,78744463,32388301,30301791,16054371
Canada,2022-02-05,"Moderna, Oxford/AstraZeneca, Pfizer/BioNTech",https://covid19tracker.ca/vaccinationtracker.html,78860885,32397998,30331176,16131711
Canada,2022-02-06,"Moderna, Oxford/AstraZeneca, Pfizer/BioNTech",https://covid19tracker.ca/vaccinationtracker.html,78908193,32401485,30348306,16158402
Canada,2022-02-07,"Moderna, Oxford/AstraZeneca, Pfizer/BioNTech",https://covid19tracker.ca/vaccinationtracker.html,79160065,32414453,30422243,16323369
Canada,2022-02-08,"Moderna, Oxford/AstraZeneca, Pfizer/BioNTech",https://covid19tracker.ca/vaccinationtracker.html,79280446,32429134,30443473,16407839
Canada,2022-02-09,"Moderna, Oxford/AstraZeneca, Pfizer/BioNTech",https://covid19tracker.ca/vaccinationtracker.html,79407570,32439283,30474915,16493372
Canada,2022-02-10,"Moderna, Oxford/AstraZeneca, Pfizer/BioNTech",https://covid19tracker.ca/vaccinationtracker.html,79543005,32454750,30510192,16578063
Canada,2022-02-11,"Moderna, Oxford/AstraZeneca, Pfizer/BioNTech",https://covid19tracker.ca/vaccinationtracker.html,79668861,32462460,30550318,16656083
Canada,2022-02-13,"Moderna, Oxford/AstraZeneca, Pfizer/BioNTech",https://covid19tracker.ca/vaccinationtracker.html,79824010,32468890,30597618,16757502
Canada,2022-02-14,"Moderna, Oxford/AstraZeneca, Pfizer/BioNTech",https://covid19tracker.ca/vaccinationtracker.html,79891759,32469999,30621280,16800480
Canada,2022-02-15,"Moderna, Oxford/AstraZeneca, Pfizer/BioNTech",https://covid19tracker.ca/vaccinationtracker.html,80047174,32489215,30654612,16903347
Canada,2022-02-16,"Moderna, Oxford/AstraZeneca, Pfizer/BioNTech",https://covid19tracker.ca/vaccinationtracker.html,80139288,32495669,30687748,16955871
Canada,2022-02-17,"Moderna, Oxford/AstraZeneca, Pfizer/BioNTech",https://covid19tracker.ca/vaccinationtracker.html,80197551,32496345,30707824,16993382
Canada,2022-02-18,"Moderna, Oxford/AstraZeneca, Pfizer/BioNTech",https://covid19tracker.ca/vaccinationtracker.html,80316381,32512152,30743452,17060777
Canada,2022-02-19,"Moderna, Oxford/AstraZeneca, Pfizer/BioNTech",https://covid19tracker.ca/vaccinationtracker.html,80376854,32518758,30756589,17101507
Canada,2022-02-20,"Moderna, Oxford/AstraZeneca, Pfizer/BioNTech",https://covid19tracker.ca/vaccinationtracker.html,80429624,32522037,30768660,17138927
Canada,2022-02-21,"Moderna, Oxford/AstraZeneca, Pfizer/BioNTech",https://covid19tracker.ca/vaccinationtracker.html,80441157,32522373,30770375,17148409
Canada,2022-02-22,"Moderna, Oxford/AstraZeneca, Pfizer/BioNTech",https://covid19tracker.ca/vaccinationtracker.html,80594498,32540290,30803604,17250604
Canada,2022-02-23,"Moderna, Oxford/AstraZeneca, Pfizer/BioNTech",https://covid19tracker.ca/vaccinationtracker.html,80661772,32541931,30829743,17290098
Canada,2022-02-24,"Moderna, Oxford/AstraZeneca, Pfizer/BioNTech",https://covid19tracker.ca/vaccinationtracker.html,80724391,32556780,30840082,17327529
Canada,2022-02-25,"Moderna, Oxford/AstraZeneca, Pfizer/BioNTech",https://covid19tracker.ca/vaccinationtracker.html,80789503,32558009,30865219,17366275
Canada,2022-02-26,"Moderna, Oxford/AstraZeneca, Pfizer/BioNTech",https://covid19tracker.ca/vaccinationtracker.html,80834877,32563439,30875611,17395827
Canada,2022-02-27,"Moderna, Oxford/AstraZeneca, Pfizer/BioNTech",https://covid19tracker.ca/vaccinationtracker.html,80879075,32566938,30886089,17426048
Canada,2022-02-28,"Moderna, Oxford/AstraZeneca, Pfizer/BioNTech",https://covid19tracker.ca/vaccinationtracker.html,81219925,32572247,30909327,17738351
