location,date,vaccine,source_url,total_vaccinations,people_vaccinated,people_fully_vaccinated,total_boosters
Chile,2020-12-24,Pfizer/BioNTech,https://github.com/MinCiencia/Datos-COVID19,420,420,0,0
Chile,2020-12-25,Pfizer/BioNTech,https://github.com/MinCiencia/Datos-COVID19,5199,5199,0,0
Chile,2020-12-26,Pfizer/BioNTech,https://github.com/MinCiencia/Datos-COVID19,8339,8339,0,0
Chile,2020-12-27,Pfizer/BioNTech,https://github.com/MinCiencia/Datos-COVID19,8648,8648,0,0
Chile,2020-12-28,Pfizer/BioNTech,https://github.com/MinCiencia/Datos-COVID19,8648,8648,0,0
Chile,2020-12-29,Pfizer/BioNTech,https://github.com/MinCiencia/Datos-COVID19,8648,8648,0,0
Chile,2020-12-30,Pfizer/BioNTech,https://github.com/MinCiencia/Datos-COVID19,8648,8648,0,0
Chile,2020-12-31,Pfizer/BioNTech,https://github.com/MinCiencia/Datos-COVID19,8648,8648,0,0
Chile,2021-01-01,Pfizer/BioNTech,https://github.com/MinCiencia/Datos-COVID19,8648,8648,0,0
Chile,2021-01-02,Pfizer/BioNTech,https://github.com/MinCiencia/Datos-COVID19,8648,8648,0,0
Chile,2021-01-03,Pfizer/BioNTech,https://github.com/MinCiencia/Datos-COVID19,8648,8648,0,0
Chile,2021-01-04,Pfizer/BioNTech,https://github.com/MinCiencia/Datos-COVID19,9053,9053,0,0
Chile,2021-01-05,Pfizer/BioNTech,https://github.com/MinCiencia/Datos-COVID19,10496,10496,0,0
Chile,2021-01-06,Pfizer/BioNTech,https://github.com/MinCiencia/Datos-COVID19,10701,10701,0,0
Chile,2021-01-07,Pfizer/BioNTech,https://github.com/MinCiencia/Datos-COVID19,10701,10701,0,0
Chile,2021-01-08,Pfizer/BioNTech,https://github.com/MinCiencia/Datos-COVID19,10702,10702,0,0
Chile,2021-01-09,Pfizer/BioNTech,https://github.com/MinCiencia/Datos-COVID19,10702,10702,0,0
Chile,2021-01-10,Pfizer/BioNTech,https://github.com/MinCiencia/Datos-COVID19,10703,10703,0,0
Chile,2021-01-11,Pfizer/BioNTech,https://github.com/MinCiencia/Datos-COVID19,10703,10703,0,0
Chile,2021-01-12,Pfizer/BioNTech,https://github.com/MinCiencia/Datos-COVID19,10703,10703,0,0
Chile,2021-01-13,Pfizer/BioNTech,https://github.com/MinCiencia/Datos-COVID19,11736,10704,1032,0
Chile,2021-01-14,Pfizer/BioNTech,https://github.com/MinCiencia/Datos-COVID19,18653,12824,5829,0
Chile,2021-01-15,Pfizer/BioNTech,https://github.com/MinCiencia/Datos-COVID19,22084,13780,8304,0
Chile,2021-01-16,Pfizer/BioNTech,https://github.com/MinCiencia/Datos-COVID19,22174,13803,8371,0
Chile,2021-01-17,Pfizer/BioNTech,https://github.com/MinCiencia/Datos-COVID19,22174,13803,8371,0
Chile,2021-01-18,Pfizer/BioNTech,https://github.com/MinCiencia/Datos-COVID19,33225,24854,8371,0
Chile,2021-01-19,Pfizer/BioNTech,https://github.com/MinCiencia/Datos-COVID19,52592,44220,8372,0
Chile,2021-01-20,Pfizer/BioNTech,https://github.com/MinCiencia/Datos-COVID19,61901,53529,8372,0
Chile,2021-01-21,Pfizer/BioNTech,https://github.com/MinCiencia/Datos-COVID19,64957,56585,8372,0
Chile,2021-01-22,Pfizer/BioNTech,https://github.com/MinCiencia/Datos-COVID19,65372,56996,8376,0
Chile,2021-01-23,Pfizer/BioNTech,https://github.com/MinCiencia/Datos-COVID19,65372,56996,8376,0
Chile,2021-01-24,Pfizer/BioNTech,https://github.com/MinCiencia/Datos-COVID19,65372,56996,8376,0
Chile,2021-01-25,Pfizer/BioNTech,https://github.com/MinCiencia/Datos-COVID19,66792,57013,9779,0
Chile,2021-01-26,Pfizer/BioNTech,https://github.com/MinCiencia/Datos-COVID19,67406,57032,10374,0
Chile,2021-01-27,Pfizer/BioNTech,https://github.com/MinCiencia/Datos-COVID19,67441,57033,10408,0
Chile,2021-01-28,Pfizer/BioNTech,https://github.com/MinCiencia/Datos-COVID19,67441,57033,10408,0
Chile,2021-01-29,Pfizer/BioNTech,https://github.com/MinCiencia/Datos-COVID19,67446,57033,10413,0
Chile,2021-01-30,Pfizer/BioNTech,https://github.com/MinCiencia/Datos-COVID19,67447,57034,10413,0
Chile,2021-01-31,Pfizer/BioNTech,https://github.com/MinCiencia/Datos-COVID19,67448,57034,10414,0
Chile,2021-02-01,Pfizer/BioNTech,https://github.com/MinCiencia/Datos-COVID19,67449,57035,10414,0
Chile,2021-02-02,"Pfizer/BioNTech, Sinovac",https://github.com/MinCiencia/Datos-COVID19,80645,70225,10420,0
Chile,2021-02-03,"Pfizer/BioNTech, Sinovac",https://github.com/MinCiencia/Datos-COVID19,251037,240617,10420,0
Chile,2021-02-04,"Pfizer/BioNTech, Sinovac",https://github.com/MinCiencia/Datos-COVID19,427203,414675,12528,0
Chile,2021-02-05,"Pfizer/BioNTech, Sinovac",https://github.com/MinCiencia/Datos-COVID19,596721,583523,13198,0
Chile,2021-02-06,"Pfizer/BioNTech, Sinovac",https://github.com/MinCiencia/Datos-COVID19,624581,611378,13203,0
Chile,2021-02-07,"Pfizer/BioNTech, Sinovac",https://github.com/MinCiencia/Datos-COVID19,633222,620017,13205,0
Chile,2021-02-08,"Pfizer/BioNTech, Sinovac",https://github.com/MinCiencia/Datos-COVID19,866529,841541,24988,0
Chile,2021-02-09,"Pfizer/BioNTech, Sinovac",https://github.com/MinCiencia/Datos-COVID19,1128442,1084065,44377,0
Chile,2021-02-10,"Pfizer/BioNTech, Sinovac",https://github.com/MinCiencia/Datos-COVID19,1409255,1356530,52725,0
Chile,2021-02-11,"Pfizer/BioNTech, Sinovac",https://github.com/MinCiencia/Datos-COVID19,1663560,1607946,55614,0
Chile,2021-02-12,"Pfizer/BioNTech, Sinovac",https://github.com/MinCiencia/Datos-COVID19,1893060,1837236,55824,0
Chile,2021-02-13,"Pfizer/BioNTech, Sinovac",https://github.com/MinCiencia/Datos-COVID19,1922624,1866767,55857,0
Chile,2021-02-14,"Pfizer/BioNTech, Sinovac",https://github.com/MinCiencia/Datos-COVID19,1927092,1871235,55857,0
Chile,2021-02-15,"Pfizer/BioNTech, Sinovac",https://github.com/MinCiencia/Datos-COVID19,2192994,2137137,55857,0
Chile,2021-02-16,"Pfizer/BioNTech, Sinovac",https://github.com/MinCiencia/Datos-COVID19,2413095,2357226,55869,0
Chile,2021-02-17,"Pfizer/BioNTech, Sinovac",https://github.com/MinCiencia/Datos-COVID19,2601147,2545278,55869,0
Chile,2021-02-18,"Pfizer/BioNTech, Sinovac",https://github.com/MinCiencia/Datos-COVID19,2756436,2700566,55870,0
Chile,2021-02-19,"Pfizer/BioNTech, Sinovac",https://github.com/MinCiencia/Datos-COVID19,2898588,2842717,55871,0
Chile,2021-02-20,"Pfizer/BioNTech, Sinovac",https://github.com/MinCiencia/Datos-COVID19,2908229,2852358,55871,0
Chile,2021-02-21,"Pfizer/BioNTech, Sinovac",https://github.com/MinCiencia/Datos-COVID19,2909391,2853520,55871,0
Chile,2021-02-22,"Pfizer/BioNTech, Sinovac",https://github.com/MinCiencia/Datos-COVID19,3017535,2961642,55893,0
Chile,2021-02-23,"Pfizer/BioNTech, Sinovac",https://github.com/MinCiencia/Datos-COVID19,3111795,3055862,55933,0
Chile,2021-02-24,"Pfizer/BioNTech, Sinovac",https://github.com/MinCiencia/Datos-COVID19,3198082,3141975,56107,0
Chile,2021-02-25,"Pfizer/BioNTech, Sinovac",https://github.com/MinCiencia/Datos-COVID19,3284174,3227922,56252,0
Chile,2021-02-26,"Pfizer/BioNTech, Sinovac",https://github.com/MinCiencia/Datos-COVID19,3362578,3306208,56370,0
Chile,2021-02-27,"Pfizer/BioNTech, Sinovac",https://github.com/MinCiencia/Datos-COVID19,3372626,3316252,56374,0
Chile,2021-02-28,"Pfizer/BioNTech, Sinovac",https://github.com/MinCiencia/Datos-COVID19,3372980,3316606,56374,0
Chile,2021-03-01,"Pfizer/BioNTech, Sinovac",https://github.com/MinCiencia/Datos-COVID19,3510566,3453782,56784,0
Chile,2021-03-02,"Pfizer/BioNTech, Sinovac",https://github.com/MinCiencia/Datos-COVID19,3681951,3612746,69205,0
Chile,2021-03-03,"Pfizer/BioNTech, Sinovac",https://github.com/MinCiencia/Datos-COVID19,3993957,3770614,223343,0
Chile,2021-03-04,"Pfizer/BioNTech, Sinovac",https://github.com/MinCiencia/Datos-COVID19,4304611,3915376,389235,0
Chile,2021-03-05,"Pfizer/BioNTech, Sinovac",https://github.com/MinCiencia/Datos-COVID19,4602619,4051616,551003,0
Chile,2021-03-06,"Pfizer/BioNTech, Sinovac",https://github.com/MinCiencia/Datos-COVID19,4636414,4061261,575153,0
Chile,2021-03-07,"Pfizer/BioNTech, Sinovac",https://github.com/MinCiencia/Datos-COVID19,4644382,4062328,582054,0
Chile,2021-03-08,"Pfizer/BioNTech, Sinovac",https://github.com/MinCiencia/Datos-COVID19,4995173,4198956,796217,0
Chile,2021-03-09,"Pfizer/BioNTech, Sinovac",https://github.com/MinCiencia/Datos-COVID19,5371838,4338007,1033831,0
Chile,2021-03-10,"Pfizer/BioNTech, Sinovac",https://github.com/MinCiencia/Datos-COVID19,5773332,4473847,1299485,0
Chile,2021-03-11,"Pfizer/BioNTech, Sinovac",https://github.com/MinCiencia/Datos-COVID19,6190533,4645297,1545236,0
Chile,2021-03-12,"Pfizer/BioNTech, Sinovac",https://github.com/MinCiencia/Datos-COVID19,6565043,4796554,1768489,0
Chile,2021-03-13,"Pfizer/BioNTech, Sinovac",https://github.com/MinCiencia/Datos-COVID19,6615528,4820845,1794683,0
Chile,2021-03-14,"Pfizer/BioNTech, Sinovac",https://github.com/MinCiencia/Datos-COVID19,6622117,4823595,1798522,0
Chile,2021-03-15,"Pfizer/BioNTech, Sinovac",https://github.com/MinCiencia/Datos-COVID19,7052586,4981508,2071078,0
Chile,2021-03-16,"Pfizer/BioNTech, Sinovac",https://github.com/MinCiencia/Datos-COVID19,7462990,5148192,2314798,0
Chile,2021-03-17,"Pfizer/BioNTech, Sinovac",https://github.com/MinCiencia/Datos-COVID19,7830428,5299522,2530906,0
Chile,2021-03-18,"Pfizer/BioNTech, Sinovac",https://github.com/MinCiencia/Datos-COVID19,8165557,5448433,2717124,0
Chile,2021-03-19,"Pfizer/BioNTech, Sinovac",https://github.com/MinCiencia/Datos-COVID19,8460289,5588335,2871954,0
Chile,2021-03-20,"Pfizer/BioNTech, Sinovac",https://github.com/MinCiencia/Datos-COVID19,8494500,5611526,2882974,0
Chile,2021-03-21,"Pfizer/BioNTech, Sinovac",https://github.com/MinCiencia/Datos-COVID19,8498524,5614378,2884146,0
Chile,2021-03-22,"Pfizer/BioNTech, Sinovac",https://github.com/MinCiencia/Datos-COVID19,8767387,5761188,3006199,0
Chile,2021-03-23,"Pfizer/BioNTech, Sinovac",https://github.com/MinCiencia/Datos-COVID19,9008401,5911520,3096881,0
Chile,2021-03-24,"Pfizer/BioNTech, Sinovac",https://github.com/MinCiencia/Datos-COVID19,9227571,6065840,3161731,0
Chile,2021-03-25,"Pfizer/BioNTech, Sinovac",https://github.com/MinCiencia/Datos-COVID19,9440350,6223350,3217000,0
Chile,2021-03-26,"Pfizer/BioNTech, Sinovac",https://github.com/MinCiencia/Datos-COVID19,9658141,6389980,3268161,0
Chile,2021-03-27,"Pfizer/BioNTech, Sinovac",https://github.com/MinCiencia/Datos-COVID19,9673840,6402927,3270913,0
Chile,2021-03-28,"Pfizer/BioNTech, Sinovac",https://github.com/MinCiencia/Datos-COVID19,9675233,6403896,3271337,0
Chile,2021-03-29,"Pfizer/BioNTech, Sinovac",https://github.com/MinCiencia/Datos-COVID19,9942132,6555221,3386911,0
Chile,2021-03-30,"Pfizer/BioNTech, Sinovac",https://github.com/MinCiencia/Datos-COVID19,10220915,6689240,3531675,0
Chile,2021-03-31,"Pfizer/BioNTech, Sinovac",https://github.com/MinCiencia/Datos-COVID19,10501380,6816388,3684992,0
Chile,2021-04-01,"Pfizer/BioNTech, Sinovac",https://github.com/MinCiencia/Datos-COVID19,10804863,6951225,3853638,0
Chile,2021-04-02,"Pfizer/BioNTech, Sinovac",https://github.com/MinCiencia/Datos-COVID19,10811916,6953085,3858831,0
Chile,2021-04-03,"Pfizer/BioNTech, Sinovac",https://github.com/MinCiencia/Datos-COVID19,10815147,6954967,3860180,0
Chile,2021-04-04,"Pfizer/BioNTech, Sinovac",https://github.com/MinCiencia/Datos-COVID19,10816276,6955628,3860648,0
Chile,2021-04-05,"Pfizer/BioNTech, Sinovac",https://github.com/MinCiencia/Datos-COVID19,11101264,7035627,4065637,0
Chile,2021-04-06,"Pfizer/BioNTech, Sinovac",https://github.com/MinCiencia/Datos-COVID19,11341218,7128811,4212407,0
Chile,2021-04-07,"Pfizer/BioNTech, Sinovac",https://github.com/MinCiencia/Datos-COVID19,11574617,7223722,4350895,0
Chile,2021-04-08,"Pfizer/BioNTech, Sinovac",https://github.com/MinCiencia/Datos-COVID19,11814285,7300496,4513789,0
Chile,2021-04-09,"Pfizer/BioNTech, Sinovac",https://github.com/MinCiencia/Datos-COVID19,12033344,7371406,4661938,0
Chile,2021-04-10,"Pfizer/BioNTech, Sinovac",https://github.com/MinCiencia/Datos-COVID19,12059390,7382605,4676785,0
Chile,2021-04-11,"Pfizer/BioNTech, Sinovac",https://github.com/MinCiencia/Datos-COVID19,12061844,7383703,4678141,0
Chile,2021-04-12,"Pfizer/BioNTech, Sinovac",https://github.com/MinCiencia/Datos-COVID19,12299067,7461906,4837161,0
Chile,2021-04-13,"Pfizer/BioNTech, Sinovac",https://github.com/MinCiencia/Datos-COVID19,12534531,7536944,4997587,0
Chile,2021-04-14,"Pfizer/BioNTech, Sinovac",https://github.com/MinCiencia/Datos-COVID19,12764206,7616328,5147878,0
Chile,2021-04-15,"Pfizer/BioNTech, Sinovac",https://github.com/MinCiencia/Datos-COVID19,12971547,7678647,5292900,0
Chile,2021-04-16,"Pfizer/BioNTech, Sinovac",https://github.com/MinCiencia/Datos-COVID19,13165926,7737073,5428853,0
Chile,2021-04-17,"Pfizer/BioNTech, Sinovac",https://github.com/MinCiencia/Datos-COVID19,13188229,7744981,5443248,0
Chile,2021-04-18,"Pfizer/BioNTech, Sinovac",https://github.com/MinCiencia/Datos-COVID19,13190872,7745857,5445015,0
Chile,2021-04-19,"Pfizer/BioNTech, Sinovac",https://github.com/MinCiencia/Datos-COVID19,13386132,7789839,5596293,0
Chile,2021-04-20,"Pfizer/BioNTech, Sinovac",https://github.com/MinCiencia/Datos-COVID19,13575648,7829102,5746546,0
Chile,2021-04-21,"Pfizer/BioNTech, Sinovac",https://github.com/MinCiencia/Datos-COVID19,13753355,7860264,5893091,0
Chile,2021-04-22,"Pfizer/BioNTech, Sinovac",https://github.com/MinCiencia/Datos-COVID19,13954199,7916662,6037537,0
Chile,2021-04-23,"Pfizer/BioNTech, Sinovac",https://github.com/MinCiencia/Datos-COVID19,14137951,7956526,6181425,0
Chile,2021-04-24,"Pfizer/BioNTech, Sinovac",https://github.com/MinCiencia/Datos-COVID19,14155648,7962275,6193373,0
Chile,2021-04-25,"Pfizer/BioNTech, Sinovac",https://github.com/MinCiencia/Datos-COVID19,14156693,7962627,6194066,0
Chile,2021-04-26,"Pfizer/BioNTech, Sinovac",https://github.com/MinCiencia/Datos-COVID19,14353576,8005760,6347816,0
Chile,2021-04-27,"Pfizer/BioNTech, Sinovac",https://github.com/MinCiencia/Datos-COVID19,14525221,8044791,6480430,0
Chile,2021-04-28,"Oxford/AstraZeneca, Pfizer/BioNTech, Sinovac",https://github.com/MinCiencia/Datos-COVID19,14694473,8088302,6606171,0
Chile,2021-04-29,"Oxford/AstraZeneca, Pfizer/BioNTech, Sinovac",https://github.com/MinCiencia/Datos-COVID19,14850024,8119196,6730828,0
Chile,2021-04-30,"Oxford/AstraZeneca, Pfizer/BioNTech, Sinovac",https://github.com/MinCiencia/Datos-COVID19,14937974,8170169,6767805,0
Chile,2021-05-01,"Oxford/AstraZeneca, Pfizer/BioNTech, Sinovac",https://github.com/MinCiencia/Datos-COVID19,14940276,8171260,6769016,0
Chile,2021-05-02,"Oxford/AstraZeneca, Pfizer/BioNTech, Sinovac",https://github.com/MinCiencia/Datos-COVID19,14941741,8172059,6769682,0
Chile,2021-05-03,"Oxford/AstraZeneca, Pfizer/BioNTech, Sinovac",https://github.com/MinCiencia/Datos-COVID19,15093757,8248121,6845636,0
Chile,2021-05-04,"Oxford/AstraZeneca, Pfizer/BioNTech, Sinovac",https://github.com/MinCiencia/Datos-COVID19,15263559,8329222,6934337,0
Chile,2021-05-05,"Oxford/AstraZeneca, Pfizer/BioNTech, Sinovac",https://github.com/MinCiencia/Datos-COVID19,15438853,8410763,7028090,0
Chile,2021-05-06,"Oxford/AstraZeneca, Pfizer/BioNTech, Sinovac",https://github.com/MinCiencia/Datos-COVID19,15597247,8492383,7104864,0
Chile,2021-05-07,"Oxford/AstraZeneca, Pfizer/BioNTech, Sinovac",https://github.com/MinCiencia/Datos-COVID19,15745323,8576498,7168825,0
Chile,2021-05-08,"Oxford/AstraZeneca, Pfizer/BioNTech, Sinovac",https://github.com/MinCiencia/Datos-COVID19,15770926,8593884,7177042,0
Chile,2021-05-09,"Oxford/AstraZeneca, Pfizer/BioNTech, Sinovac",https://github.com/MinCiencia/Datos-COVID19,15772334,8594846,7177488,0
Chile,2021-05-10,"Oxford/AstraZeneca, Pfizer/BioNTech, Sinovac",https://github.com/MinCiencia/Datos-COVID19,15946215,8698182,7248033,0
Chile,2021-05-11,"Oxford/AstraZeneca, Pfizer/BioNTech, Sinovac",https://github.com/MinCiencia/Datos-COVID19,16139081,8805616,7333465,0
Chile,2021-05-12,"Oxford/AstraZeneca, Pfizer/BioNTech, Sinovac",https://github.com/MinCiencia/Datos-COVID19,16322548,8910502,7412046,0
Chile,2021-05-13,"Oxford/AstraZeneca, Pfizer/BioNTech, Sinovac",https://github.com/MinCiencia/Datos-COVID19,16480326,9007535,7472791,0
Chile,2021-05-14,"Oxford/AstraZeneca, Pfizer/BioNTech, Sinovac",https://github.com/MinCiencia/Datos-COVID19,16639915,9110806,7529109,0
Chile,2021-05-15,"Oxford/AstraZeneca, Pfizer/BioNTech, Sinovac",https://github.com/MinCiencia/Datos-COVID19,16641377,9111860,7529517,0
Chile,2021-05-16,"Oxford/AstraZeneca, Pfizer/BioNTech, Sinovac",https://github.com/MinCiencia/Datos-COVID19,16641818,9112128,7529690,0
Chile,2021-05-17,"Oxford/AstraZeneca, Pfizer/BioNTech, Sinovac",https://github.com/MinCiencia/Datos-COVID19,16813618,9236765,7576853,0
Chile,2021-05-18,"Oxford/AstraZeneca, Pfizer/BioNTech, Sinovac",https://github.com/MinCiencia/Datos-COVID19,16997562,9372911,7624651,0
Chile,2021-05-19,"Oxford/AstraZeneca, Pfizer/BioNTech, Sinovac",https://github.com/MinCiencia/Datos-COVID19,17164672,9498689,7665983,0
Chile,2021-05-20,"Oxford/AstraZeneca, Pfizer/BioNTech, Sinovac",https://github.com/MinCiencia/Datos-COVID19,17356655,9627237,7729418,0
Chile,2021-05-21,"Oxford/AstraZeneca, Pfizer/BioNTech, Sinovac",https://github.com/MinCiencia/Datos-COVID19,17366333,9635540,7730793,0
Chile,2021-05-22,"Oxford/AstraZeneca, Pfizer/BioNTech, Sinovac",https://github.com/MinCiencia/Datos-COVID19,17399511,9662428,7737083,0
Chile,2021-05-23,"Oxford/AstraZeneca, Pfizer/BioNTech, Sinovac",https://github.com/MinCiencia/Datos-COVID19,17403798,9666125,7737673,0
Chile,2021-05-24,"Oxford/AstraZeneca, Pfizer/BioNTech, Sinovac",https://github.com/MinCiencia/Datos-COVID19,17640944,9842039,7798905,0
Chile,2021-05-25,"Oxford/AstraZeneca, Pfizer/BioNTech, Sinovac",https://github.com/MinCiencia/Datos-COVID19,17887866,10031963,7855903,0
Chile,2021-05-26,"Oxford/AstraZeneca, Pfizer/BioNTech, Sinovac",https://github.com/MinCiencia/Datos-COVID19,18117006,10212672,7904334,0
Chile,2021-05-27,"Oxford/AstraZeneca, Pfizer/BioNTech, Sinovac",https://github.com/MinCiencia/Datos-COVID19,18320333,10379659,7940674,0
Chile,2021-05-28,"Oxford/AstraZeneca, Pfizer/BioNTech, Sinovac",https://github.com/MinCiencia/Datos-COVID19,18506790,10525142,7981648,0
Chile,2021-05-29,"Oxford/AstraZeneca, Pfizer/BioNTech, Sinovac",https://github.com/MinCiencia/Datos-COVID19,18554186,10566741,7987445,0
Chile,2021-05-30,"Oxford/AstraZeneca, Pfizer/BioNTech, Sinovac",https://github.com/MinCiencia/Datos-COVID19,18564282,10575862,7988420,0
Chile,2021-05-31,"CanSino, Oxford/AstraZeneca, Pfizer/BioNTech, Sinovac",https://github.com/MinCiencia/Datos-COVID19,18780107,10731949,8048232,0
Chile,2021-06-01,"CanSino, Oxford/AstraZeneca, Pfizer/BioNTech, Sinovac",https://github.com/MinCiencia/Datos-COVID19,19001726,10881868,8130326,0
Chile,2021-06-02,"CanSino, Oxford/AstraZeneca, Pfizer/BioNTech, Sinovac",https://github.com/MinCiencia/Datos-COVID19,19206056,11014339,8225515,0
Chile,2021-06-03,"CanSino, Oxford/AstraZeneca, Pfizer/BioNTech, Sinovac",https://github.com/MinCiencia/Datos-COVID19,19369957,11109598,8333788,0
Chile,2021-06-04,"CanSino, Oxford/AstraZeneca, Pfizer/BioNTech, Sinovac",https://github.com/MinCiencia/Datos-COVID19,19515276,11186395,8436700,0
Chile,2021-06-05,"CanSino, Oxford/AstraZeneca, Pfizer/BioNTech, Sinovac",https://github.com/MinCiencia/Datos-COVID19,19553015,11211060,8459685,0
Chile,2021-06-06,"CanSino, Oxford/AstraZeneca, Pfizer/BioNTech, Sinovac",https://github.com/MinCiencia/Datos-COVID19,19558028,11214833,8462716,0
Chile,2021-06-07,"CanSino, Oxford/AstraZeneca, Pfizer/BioNTech, Sinovac",https://github.com/MinCiencia/Datos-COVID19,19739582,11296236,8590349,0
Chile,2021-06-08,"CanSino, Oxford/AstraZeneca, Pfizer/BioNTech, Sinovac",https://github.com/MinCiencia/Datos-COVID19,19924504,11376602,8714997,0
Chile,2021-06-09,"CanSino, Oxford/AstraZeneca, Pfizer/BioNTech, Sinovac",https://github.com/MinCiencia/Datos-COVID19,20118291,11469974,8832147,0
Chile,2021-06-10,"CanSino, Oxford/AstraZeneca, Pfizer/BioNTech, Sinovac",https://github.com/MinCiencia/Datos-COVID19,20321519,11579502,8939013,0
Chile,2021-06-11,"CanSino, Oxford/AstraZeneca, Pfizer/BioNTech, Sinovac",https://github.com/MinCiencia/Datos-COVID19,20500630,11664189,9037483,0
Chile,2021-06-12,"CanSino, Oxford/AstraZeneca, Pfizer/BioNTech, Sinovac",https://github.com/MinCiencia/Datos-COVID19,20533158,11687306,9047288,0
Chile,2021-06-13,"CanSino, Oxford/AstraZeneca, Pfizer/BioNTech, Sinovac",https://github.com/MinCiencia/Datos-COVID19,20535232,11688783,9047935,0
Chile,2021-06-14,"CanSino, Oxford/AstraZeneca, Pfizer/BioNTech, Sinovac",https://github.com/MinCiencia/Datos-COVID19,20757075,11798053,9164690,0
Chile,2021-06-15,"CanSino, Oxford/AstraZeneca, Pfizer/BioNTech, Sinovac",https://github.com/MinCiencia/Datos-COVID19,20968008,11886889,9290468,0
Chile,2021-06-16,"CanSino, Oxford/AstraZeneca, Pfizer/BioNTech, Sinovac",https://github.com/MinCiencia/Datos-COVID19,21195065,11996459,9411910,0
Chile,2021-06-17,"CanSino, Oxford/AstraZeneca, Pfizer/BioNTech, Sinovac",https://github.com/MinCiencia/Datos-COVID19,21379206,12070471,9525082,0
Chile,2021-06-18,"CanSino, Oxford/AstraZeneca, Pfizer/BioNTech, Sinovac",https://github.com/MinCiencia/Datos-COVID19,21486566,12134330,9570960,0
Chile,2021-06-19,"CanSino, Oxford/AstraZeneca, Pfizer/BioNTech, Sinovac",https://github.com/MinCiencia/Datos-COVID19,21523333,12151198,9591137,0
Chile,2021-06-20,"CanSino, Oxford/AstraZeneca, Pfizer/BioNTech, Sinovac",https://github.com/MinCiencia/Datos-COVID19,21527293,12153007,9593300,0
Chile,2021-06-21,"CanSino, Oxford/AstraZeneca, Pfizer/BioNTech, Sinovac",https://github.com/MinCiencia/Datos-COVID19,21547072,12160424,9605741,0
Chile,2021-06-22,"CanSino, Oxford/AstraZeneca, Pfizer/BioNTech, Sinovac",https://github.com/MinCiencia/Datos-COVID19,21856273,12263926,9815205,0
Chile,2021-06-23,"CanSino, Oxford/AstraZeneca, Pfizer/BioNTech, Sinovac",https://github.com/MinCiencia/Datos-COVID19,22108114,12351918,9991485,0
Chile,2021-06-24,"CanSino, Oxford/AstraZeneca, Pfizer/BioNTech, Sinovac",https://github.com/MinCiencia/Datos-COVID19,22361536,12464009,10196416,0
Chile,2021-06-25,"CanSino, Oxford/AstraZeneca, Pfizer/BioNTech, Sinovac",https://github.com/MinCiencia/Datos-COVID19,22572977,12552358,10369654,0
Chile,2021-06-26,"CanSino, Oxford/AstraZeneca, Pfizer/BioNTech, Sinovac",https://github.com/MinCiencia/Datos-COVID19,22625949,12573538,10411524,0
Chile,2021-06-27,"CanSino, Oxford/AstraZeneca, Pfizer/BioNTech, Sinovac",https://github.com/MinCiencia/Datos-COVID19,22631625,12575832,10416162,0
Chile,2021-06-28,"CanSino, Oxford/AstraZeneca, Pfizer/BioNTech, Sinovac",https://github.com/MinCiencia/Datos-COVID19,22637251,12578307,10420540,0
Chile,2021-06-29,"CanSino, Oxford/AstraZeneca, Pfizer/BioNTech, Sinovac",https://github.com/MinCiencia/Datos-COVID19,22886884,12650192,10630213,0
Chile,2021-06-30,"CanSino, Oxford/AstraZeneca, Pfizer/BioNTech, Sinovac",https://github.com/MinCiencia/Datos-COVID19,23092079,12721250,10787270,0
Chile,2021-07-01,"CanSino, Oxford/AstraZeneca, Pfizer/BioNTech, Sinovac",https://github.com/MinCiencia/Datos-COVID19,23275019,12822212,10883273,0
Chile,2021-07-02,"CanSino, Oxford/AstraZeneca, Pfizer/BioNTech, Sinovac",https://github.com/MinCiencia/Datos-COVID19,23416917,12899144,10959721,0
Chile,2021-07-03,"CanSino, Oxford/AstraZeneca, Pfizer/BioNTech, Sinovac",https://github.com/MinCiencia/Datos-COVID19,23454931,12918134,10982178,0
Chile,2021-07-04,"CanSino, Oxford/AstraZeneca, Pfizer/BioNTech, Sinovac",https://github.com/MinCiencia/Datos-COVID19,23459452,12920543,10984692,0
Chile,2021-07-05,"CanSino, Oxford/AstraZeneca, Pfizer/BioNTech, Sinovac",https://github.com/MinCiencia/Datos-COVID19,23614814,12978761,11092254,0
Chile,2021-07-06,"CanSino, Oxford/AstraZeneca, Pfizer/BioNTech, Sinovac",https://github.com/MinCiencia/Datos-COVID19,23745331,13030070,11179056,0
Chile,2021-07-07,"CanSino, Oxford/AstraZeneca, Pfizer/BioNTech, Sinovac",https://github.com/MinCiencia/Datos-COVID19,23907634,13108711,11267519,0
Chile,2021-07-08,"CanSino, Oxford/AstraZeneca, Pfizer/BioNTech, Sinovac",https://github.com/MinCiencia/Datos-COVID19,24064418,13170669,11366217,0
Chile,2021-07-09,"CanSino, Oxford/AstraZeneca, Pfizer/BioNTech, Sinovac",https://github.com/MinCiencia/Datos-COVID19,24204011,13225188,11455209,0
Chile,2021-07-10,"CanSino, Oxford/AstraZeneca, Pfizer/BioNTech, Sinovac",https://github.com/MinCiencia/Datos-COVID19,24247487,13246779,11478669,0
Chile,2021-07-11,"CanSino, Oxford/AstraZeneca, Pfizer/BioNTech, Sinovac",https://github.com/MinCiencia/Datos-COVID19,24252610,13249354,11481389,0
Chile,2021-07-12,"CanSino, Oxford/AstraZeneca, Pfizer/BioNTech, Sinovac",https://github.com/MinCiencia/Datos-COVID19,24432599,13302674,11612149,0
Chile,2021-07-13,"CanSino, Oxford/AstraZeneca, Pfizer/BioNTech, Sinovac",https://github.com/MinCiencia/Datos-COVID19,24616830,13385753,11716137,0
Chile,2021-07-14,"CanSino, Oxford/AstraZeneca, Pfizer/BioNTech, Sinovac",https://github.com/MinCiencia/Datos-COVID19,24779850,13443221,11824419,0
Chile,2021-07-15,"CanSino, Oxford/AstraZeneca, Pfizer/BioNTech, Sinovac",https://github.com/MinCiencia/Datos-COVID19,24947375,13520119,11920361,0
Chile,2021-07-16,"CanSino, Oxford/AstraZeneca, Pfizer/BioNTech, Sinovac",https://github.com/MinCiencia/Datos-COVID19,24952212,13522347,11923069,0
Chile,2021-07-17,"CanSino, Oxford/AstraZeneca, Pfizer/BioNTech, Sinovac",https://github.com/MinCiencia/Datos-COVID19,24976129,13532784,11937018,0
Chile,2021-07-18,"CanSino, Oxford/AstraZeneca, Pfizer/BioNTech, Sinovac",https://github.com/MinCiencia/Datos-COVID19,24978368,13533818,11938325,0
Chile,2021-07-19,"CanSino, Oxford/AstraZeneca, Pfizer/BioNTech, Sinovac",https://github.com/MinCiencia/Datos-COVID19,25101875,13584155,12014131,0
Chile,2021-07-20,"CanSino, Oxford/AstraZeneca, Pfizer/BioNTech, Sinovac",https://github.com/MinCiencia/Datos-COVID19,25236468,13626142,12108473,0
Chile,2021-07-21,"CanSino, Oxford/AstraZeneca, Pfizer/BioNTech, Sinovac",https://github.com/MinCiencia/Datos-COVID19,25341399,13660931,12180019,0
Chile,2021-07-22,"CanSino, Oxford/AstraZeneca, Pfizer/BioNTech, Sinovac",https://github.com/MinCiencia/Datos-COVID19,25419873,13698390,12222627,0
Chile,2021-07-23,"CanSino, Oxford/AstraZeneca, Pfizer/BioNTech, Sinovac",https://github.com/MinCiencia/Datos-COVID19,25536035,13757814,12280595,0
Chile,2021-07-24,"CanSino, Oxford/AstraZeneca, Pfizer/BioNTech, Sinovac",https://github.com/MinCiencia/Datos-COVID19,25570672,13782285,12292189,0
Chile,2021-07-25,"CanSino, Oxford/AstraZeneca, Pfizer/BioNTech, Sinovac",https://github.com/MinCiencia/Datos-COVID19,25573639,13784390,12293093,0
Chile,2021-07-26,"CanSino, Oxford/AstraZeneca, Pfizer/BioNTech, Sinovac",https://github.com/MinCiencia/Datos-COVID19,25630494,13800843,12334446,0
Chile,2021-07-27,"CanSino, Oxford/AstraZeneca, Pfizer/BioNTech, Sinovac",https://github.com/MinCiencia/Datos-COVID19,25681638,13810920,12376293,0
Chile,2021-07-28,"CanSino, Oxford/AstraZeneca, Pfizer/BioNTech, Sinovac",https://github.com/MinCiencia/Datos-COVID19,25717130,13818799,12404441,0
Chile,2021-07-29,"CanSino, Oxford/AstraZeneca, Pfizer/BioNTech, Sinovac",https://github.com/MinCiencia/Datos-COVID19,25807533,13827941,12486181,0
Chile,2021-07-30,"CanSino, Oxford/AstraZeneca, Pfizer/BioNTech, Sinovac",https://github.com/MinCiencia/Datos-COVID19,25884534,13836742,12554657,0
Chile,2021-07-31,"CanSino, Oxford/AstraZeneca, Pfizer/BioNTech, Sinovac",https://github.com/MinCiencia/Datos-COVID19,25895761,13837820,12564819,0
Chile,2021-08-01,"CanSino, Oxford/AstraZeneca, Pfizer/BioNTech, Sinovac",https://github.com/MinCiencia/Datos-COVID19,25896231,13837855,12565255,0
Chile,2021-08-02,"CanSino, Oxford/AstraZeneca, Pfizer/BioNTech, Sinovac",https://github.com/MinCiencia/Datos-COVID19,26020548,13938453,12589975,0
Chile,2021-08-03,"CanSino, Oxford/AstraZeneca, Pfizer/BioNTech, Sinovac",https://github.com/MinCiencia/Datos-COVID19,26159643,14052135,12616243,0
Chile,2021-08-04,"CanSino, Oxford/AstraZeneca, Pfizer/BioNTech, Sinovac",https://github.com/MinCiencia/Datos-COVID19,26224428,14057153,12676234,0
Chile,2021-08-05,"CanSino, Oxford/AstraZeneca, Pfizer/BioNTech, Sinovac",https://github.com/MinCiencia/Datos-COVID19,26270788,14060607,12719322,0
Chile,2021-08-06,"CanSino, Oxford/AstraZeneca, Pfizer/BioNTech, Sinovac",https://github.com/MinCiencia/Datos-COVID19,26305530,14063778,12751074,0
Chile,2021-08-07,"CanSino, Oxford/AstraZeneca, Pfizer/BioNTech, Sinovac",https://github.com/MinCiencia/Datos-COVID19,26306701,14064036,12752003,0
Chile,2021-08-08,"CanSino, Oxford/AstraZeneca, Pfizer/BioNTech, Sinovac",https://github.com/MinCiencia/Datos-COVID19,26306782,14064092,12752028,0
Chile,2021-08-09,"CanSino, Oxford/AstraZeneca, Pfizer/BioNTech, Sinovac",https://github.com/MinCiencia/Datos-COVID19,26405166,14141217,12773507,0
Chile,2021-08-10,"CanSino, Oxford/AstraZeneca, Pfizer/BioNTech, Sinovac",https://github.com/MinCiencia/Datos-COVID19,26492987,14209509,12793247,42
Chile,2021-08-11,"CanSino, Oxford/AstraZeneca, Pfizer/BioNTech, Sinovac",https://github.com/MinCiencia/Datos-COVID19,26683865,14212454,12911250,70083
Chile,2021-08-12,"CanSino, Oxford/AstraZeneca, Pfizer/BioNTech, Sinovac",https://github.com/MinCiencia/Datos-COVID19,26855533,14214901,12990750,159915
Chile,2021-08-13,"CanSino, Oxford/AstraZeneca, Pfizer/BioNTech, Sinovac",https://github.com/MinCiencia/Datos-COVID19,27003652,14217096,13039974,256712
Chile,2021-08-14,"CanSino, Oxford/AstraZeneca, Pfizer/BioNTech, Sinovac",https://github.com/MinCiencia/Datos-COVID19,27008419,14217391,13040996,260175
Chile,2021-08-15,"CanSino, Oxford/AstraZeneca, Pfizer/BioNTech, Sinovac",https://github.com/MinCiencia/Datos-COVID19,27008933,14217615,13041196,260265
Chile,2021-08-16,"CanSino, Oxford/AstraZeneca, Pfizer/BioNTech, Sinovac",https://github.com/MinCiencia/Datos-COVID19,27228201,14256619,13063651,418495
Chile,2021-08-17,"CanSino, Oxford/AstraZeneca, Pfizer/BioNTech, Sinovac",https://github.com/MinCiencia/Datos-COVID19,27467448,14293999,13090533,596564
Chile,2021-08-18,"CanSino, Oxford/AstraZeneca, Pfizer/BioNTech, Sinovac",https://github.com/MinCiencia/Datos-COVID19,27657803,14297238,13168938,706581
Chile,2021-08-19,"CanSino, Oxford/AstraZeneca, Pfizer/BioNTech, Sinovac",https://github.com/MinCiencia/Datos-COVID19,27827626,14300298,13229703,814067
Chile,2021-08-20,"CanSino, Oxford/AstraZeneca, Pfizer/BioNTech, Sinovac",https://github.com/MinCiencia/Datos-COVID19,27977697,14303484,13286193,906337
Chile,2021-08-21,"CanSino, Oxford/AstraZeneca, Pfizer/BioNTech, Sinovac",https://github.com/MinCiencia/Datos-COVID19,27984154,14304834,13289183,909626
Chile,2021-08-22,"CanSino, Oxford/AstraZeneca, Pfizer/BioNTech, Sinovac",https://github.com/MinCiencia/Datos-COVID19,27985467,14305529,13289998,910048
Chile,2021-08-23,"CanSino, Oxford/AstraZeneca, Pfizer/BioNTech, Sinovac",https://github.com/MinCiencia/Datos-COVID19,28104582,14335546,13319764,974325
Chile,2021-08-24,"CanSino, Oxford/AstraZeneca, Pfizer/BioNTech, Sinovac",https://github.com/MinCiencia/Datos-COVID19,28223378,14362537,13342511,1048165
Chile,2021-08-25,"CanSino, Oxford/AstraZeneca, Pfizer/BioNTech, Sinovac",https://github.com/MinCiencia/Datos-COVID19,28336824,14380482,13359867,1129892
Chile,2021-08-26,"CanSino, Oxford/AstraZeneca, Pfizer/BioNTech, Sinovac",https://github.com/MinCiencia/Datos-COVID19,28521207,14383543,13441062,1231502
Chile,2021-08-27,"CanSino, Oxford/AstraZeneca, Pfizer/BioNTech, Sinovac",https://github.com/MinCiencia/Datos-COVID19,28654760,14386424,13495169,1309532
Chile,2021-08-28,"CanSino, Oxford/AstraZeneca, Pfizer/BioNTech, Sinovac",https://github.com/MinCiencia/Datos-COVID19,28659018,14387702,13497361,1311374
Chile,2021-08-29,"CanSino, Oxford/AstraZeneca, Pfizer/BioNTech, Sinovac",https://github.com/MinCiencia/Datos-COVID19,28659878,14388176,13497924,1311593
Chile,2021-08-30,"CanSino, Oxford/AstraZeneca, Pfizer/BioNTech, Sinovac",https://github.com/MinCiencia/Datos-COVID19,28853790,14410132,13579190,1406297
Chile,2021-08-31,"CanSino, Oxford/AstraZeneca, Pfizer/BioNTech, Sinovac",https://github.com/MinCiencia/Datos-COVID19,29057108,14432087,13673793,1497354
Chile,2021-09-01,"CanSino, Oxford/AstraZeneca, Pfizer/BioNTech, Sinovac",https://github.com/MinCiencia/Datos-COVID19,29214334,14434868,13708409,1618555
Chile,2021-09-02,"CanSino, Oxford/AstraZeneca, Pfizer/BioNTech, Sinovac",https://github.com/MinCiencia/Datos-COVID19,29354981,14437260,13733084,1733268
Chile,2021-09-03,"CanSino, Oxford/AstraZeneca, Pfizer/BioNTech, Sinovac",https://github.com/MinCiencia/Datos-COVID19,29457103,14439541,13751198,1816320
Chile,2021-09-04,"CanSino, Oxford/AstraZeneca, Pfizer/BioNTech, Sinovac",https://github.com/MinCiencia/Datos-COVID19,29459777,14440082,13752037,1817972
Chile,2021-09-05,"CanSino, Oxford/AstraZeneca, Pfizer/BioNTech, Sinovac",https://github.com/MinCiencia/Datos-COVID19,29460069,14440224,13752196,1818087
Chile,2021-09-06,"CanSino, Oxford/AstraZeneca, Pfizer/BioNTech, Sinovac",https://github.com/MinCiencia/Datos-COVID19,29614870,14457414,13813798,1896474
Chile,2021-09-07,"CanSino, Oxford/AstraZeneca, Pfizer/BioNTech, Sinovac",https://github.com/MinCiencia/Datos-COVID19,29797796,14474741,13877050,2000922
Chile,2021-09-08,"CanSino, Oxford/AstraZeneca, Pfizer/BioNTech, Sinovac",https://github.com/MinCiencia/Datos-COVID19,29948480,14476663,13892993,2134484
Chile,2021-09-09,"CanSino, Oxford/AstraZeneca, Pfizer/BioNTech, Sinovac",https://github.com/MinCiencia/Datos-COVID19,30085963,14478411,13904651,2259208
Chile,2021-09-10,"CanSino, Oxford/AstraZeneca, Pfizer/BioNTech, Sinovac",https://github.com/MinCiencia/Datos-COVID19,30221023,14479908,13914194,2383807
Chile,2021-09-11,"CanSino, Oxford/AstraZeneca, Pfizer/BioNTech, Sinovac",https://github.com/MinCiencia/Datos-COVID19,30224375,14480286,13914810,2386367
Chile,2021-09-12,"CanSino, Oxford/AstraZeneca, Pfizer/BioNTech, Sinovac",https://github.com/MinCiencia/Datos-COVID19,30224690,14480331,13914869,2386605
Chile,2021-09-13,"CanSino, Oxford/AstraZeneca, Pfizer/BioNTech, Sinovac",https://github.com/MinCiencia/Datos-COVID19,30417316,14546875,13954769,2473950
Chile,2021-09-14,"CanSino, Oxford/AstraZeneca, Pfizer/BioNTech, Sinovac",https://github.com/MinCiencia/Datos-COVID19,30596738,14600057,13994788,2561473
Chile,2021-09-15,"CanSino, Oxford/AstraZeneca, Pfizer/BioNTech, Sinovac",https://github.com/MinCiencia/Datos-COVID19,30737563,14656140,14011106,2630927
Chile,2021-09-16,"CanSino, Oxford/AstraZeneca, Pfizer/BioNTech, Sinovac",https://github.com/MinCiencia/Datos-COVID19,30804211,14683765,14019606,2662028
Chile,2021-09-17,"CanSino, Oxford/AstraZeneca, Pfizer/BioNTech, Sinovac",https://github.com/MinCiencia/Datos-COVID19,30804396,14683847,14019660,2662081
Chile,2021-09-18,"CanSino, Oxford/AstraZeneca, Pfizer/BioNTech, Sinovac",https://github.com/MinCiencia/Datos-COVID19,30804416,14683863,14019675,2662081
Chile,2021-09-19,"CanSino, Oxford/AstraZeneca, Pfizer/BioNTech, Sinovac",https://github.com/MinCiencia/Datos-COVID19,30804421,14683866,14019680,2662081
Chile,2021-09-20,"CanSino, Oxford/AstraZeneca, Pfizer/BioNTech, Sinovac",https://github.com/MinCiencia/Datos-COVID19,30949990,14750638,14043088,2718424
Chile,2021-09-21,"CanSino, Oxford/AstraZeneca, Pfizer/BioNTech, Sinovac",https://github.com/MinCiencia/Datos-COVID19,31108712,14813139,14067566,2791088
Chile,2021-09-22,"CanSino, Oxford/AstraZeneca, Pfizer/BioNTech, Sinovac",https://github.com/MinCiencia/Datos-COVID19,31275455,14887624,14085573,2865998
Chile,2021-09-23,"CanSino, Oxford/AstraZeneca, Pfizer/BioNTech, Sinovac",https://github.com/MinCiencia/Datos-COVID19,31419348,14939612,14096892,2947160
Chile,2021-09-24,"CanSino, Oxford/AstraZeneca, Pfizer/BioNTech, Sinovac",https://github.com/MinCiencia/Datos-COVID19,31568417,15011840,14106632,3014771
Chile,2021-09-25,"CanSino, Oxford/AstraZeneca, Pfizer/BioNTech, Sinovac",https://github.com/MinCiencia/Datos-COVID19,31571145,15012754,14107034,3016315
Chile,2021-09-26,"CanSino, Oxford/AstraZeneca, Pfizer/BioNTech, Sinovac",https://github.com/MinCiencia/Datos-COVID19,31571565,15012994,14107096,3016472
Chile,2021-09-27,"CanSino, Oxford/AstraZeneca, Pfizer/BioNTech, Sinovac",https://github.com/MinCiencia/Datos-COVID19,31770560,15112484,14125018,3098621
Chile,2021-09-28,"CanSino, Oxford/AstraZeneca, Pfizer/BioNTech, Sinovac",https://github.com/MinCiencia/Datos-COVID19,32004174,15234167,14145191,3190965
Chile,2021-09-29,"CanSino, Oxford/AstraZeneca, Pfizer/BioNTech, Sinovac",https://github.com/MinCiencia/Datos-COVID19,32226124,15358337,14156854,3277647
Chile,2021-09-30,"CanSino, Oxford/AstraZeneca, Pfizer/BioNTech, Sinovac",https://github.com/MinCiencia/Datos-COVID19,32427100,15474084,14165787,3354372
Chile,2021-10-01,"CanSino, Oxford/AstraZeneca, Pfizer/BioNTech, Sinovac",https://github.com/MinCiencia/Datos-COVID19,32609843,15579836,14173590,3424185
Chile,2021-10-02,"CanSino, Oxford/AstraZeneca, Pfizer/BioNTech, Sinovac",https://github.com/MinCiencia/Datos-COVID19,32618269,15585837,14173956,3426300
Chile,2021-10-03,"CanSino, Oxford/AstraZeneca, Pfizer/BioNTech, Sinovac",https://github.com/MinCiencia/Datos-COVID19,32619222,15586280,14174040,3426753
Chile,2021-10-04,"CanSino, Oxford/AstraZeneca, Pfizer/BioNTech, Sinovac",https://github.com/MinCiencia/Datos-COVID19,32790206,15670506,14189457,3498416
Chile,2021-10-05,"CanSino, Oxford/AstraZeneca, Pfizer/BioNTech, Sinovac",https://github.com/MinCiencia/Datos-COVID19,32959272,15747922,14205282,3574557
Chile,2021-10-06,"CanSino, Oxford/AstraZeneca, Pfizer/BioNTech, Sinovac",https://github.com/MinCiencia/Datos-COVID19,33113626,15817991,14212854,3651688
Chile,2021-10-07,"CanSino, Oxford/AstraZeneca, Pfizer/BioNTech, Sinovac",https://github.com/MinCiencia/Datos-COVID19,33268809,15882093,14219046,3736836
Chile,2021-10-08,"CanSino, Oxford/AstraZeneca, Pfizer/BioNTech, Sinovac",https://github.com/MinCiencia/Datos-COVID19,33413863,15937009,14224765,3821443
Chile,2021-10-09,"CanSino, Oxford/AstraZeneca, Pfizer/BioNTech, Sinovac",https://github.com/MinCiencia/Datos-COVID19,33417610,15939073,14225061,3822878
Chile,2021-10-10,"CanSino, Oxford/AstraZeneca, Pfizer/BioNTech, Sinovac",https://github.com/MinCiencia/Datos-COVID19,33418015,15939179,14225084,3823154
Chile,2021-10-11,"CanSino, Oxford/AstraZeneca, Pfizer/BioNTech, Sinovac",https://github.com/MinCiencia/Datos-COVID19,33419519,15939700,14225366,3823855
Chile,2021-10-12,"CanSino, Oxford/AstraZeneca, Pfizer/BioNTech, Sinovac",https://github.com/MinCiencia/Datos-COVID19,33633789,15997795,14290957,3914650
Chile,2021-10-13,"CanSino, Oxford/AstraZeneca, Pfizer/BioNTech, Sinovac",https://github.com/MinCiencia/Datos-COVID19,33859164,16055930,14344498,4028514
Chile,2021-10-14,"CanSino, Oxford/AstraZeneca, Pfizer/BioNTech, Sinovac",https://github.com/MinCiencia/Datos-COVID19,34054737,16105788,14377032,4141871
Chile,2021-10-15,"CanSino, Oxford/AstraZeneca, Pfizer/BioNTech, Sinovac",https://github.com/MinCiencia/Datos-COVID19,34228582,16145996,14395280,4257438
Chile,2021-10-16,"CanSino, Oxford/AstraZeneca, Pfizer/BioNTech, Sinovac",https://github.com/MinCiencia/Datos-COVID19,34234702,16147835,14395710,4261296
Chile,2021-10-17,"CanSino, Oxford/AstraZeneca, Pfizer/BioNTech, Sinovac",https://github.com/MinCiencia/Datos-COVID19,34235519,16147941,14395750,4261969
Chile,2021-10-18,"CanSino, Oxford/AstraZeneca, Pfizer/BioNTech, Sinovac",https://github.com/MinCiencia/Datos-COVID19,34426864,16187771,14442878,4366518
Chile,2021-10-19,"CanSino, Oxford/AstraZeneca, Pfizer/BioNTech, Sinovac",https://github.com/MinCiencia/Datos-COVID19,34653682,16233286,14497371,4493504
Chile,2021-10-20,"CanSino, Oxford/AstraZeneca, Pfizer/BioNTech, Sinovac",https://github.com/MinCiencia/Datos-COVID19,34892185,16273242,14559065,4630628
Chile,2021-10-21,"CanSino, Oxford/AstraZeneca, Pfizer/BioNTech, Sinovac",https://github.com/MinCiencia/Datos-COVID19,35124027,16309607,14607551,4777750
Chile,2021-10-22,"CanSino, Oxford/AstraZeneca, Pfizer/BioNTech, Sinovac",https://github.com/MinCiencia/Datos-COVID19,35367100,16339502,14663106,4935507
Chile,2021-10-23,"CanSino, Oxford/AstraZeneca, Pfizer/BioNTech, Sinovac",https://github.com/MinCiencia/Datos-COVID19,35376775,16340917,14664357,4942529
Chile,2021-10-24,"CanSino, Oxford/AstraZeneca, Pfizer/BioNTech, Sinovac",https://github.com/MinCiencia/Datos-COVID19,35377808,16341045,14664422,4943369
Chile,2021-10-25,"CanSino, Oxford/AstraZeneca, Pfizer/BioNTech, Sinovac",https://github.com/MinCiencia/Datos-COVID19,35655347,16375919,14743255,5107360
Chile,2021-10-26,"CanSino, Oxford/AstraZeneca, Pfizer/BioNTech, Sinovac",https://github.com/MinCiencia/Datos-COVID19,35976530,16408563,14837813,5301489
Chile,2021-10-27,"CanSino, Oxford/AstraZeneca, Pfizer/BioNTech, Sinovac",https://github.com/MinCiencia/Datos-COVID19,36300917,16440561,14939454,5492395
Chile,2021-10-28,"CanSino, Oxford/AstraZeneca, Pfizer/BioNTech, Sinovac",https://github.com/MinCiencia/Datos-COVID19,36620885,16470245,15040494,5681725
Chile,2021-10-29,"CanSino, Oxford/AstraZeneca, Pfizer/BioNTech, Sinovac",https://github.com/MinCiencia/Datos-COVID19,36915386,16495173,15131689,5860180
Chile,2021-10-30,"CanSino, Oxford/AstraZeneca, Pfizer/BioNTech, Sinovac",https://github.com/MinCiencia/Datos-COVID19,36942600,16497572,15135956,5880732
Chile,2021-10-31,"CanSino, Oxford/AstraZeneca, Pfizer/BioNTech, Sinovac",https://github.com/MinCiencia/Datos-COVID19,36945384,16497839,15136216,5882993
Chile,2021-11-01,"CanSino, Oxford/AstraZeneca, Pfizer/BioNTech, Sinovac",https://github.com/MinCiencia/Datos-COVID19,36947856,16498047,15136740,5884739
Chile,2021-11-02,"CanSino, Oxford/AstraZeneca, Pfizer/BioNTech, Sinovac",https://github.com/MinCiencia/Datos-COVID19,37206874,16524446,15230639,6023659
Chile,2021-11-03,"CanSino, Oxford/AstraZeneca, Pfizer/BioNTech, Sinovac",https://github.com/MinCiencia/Datos-COVID19,37515473,16551299,15318954,6217227
Chile,2021-11-04,"CanSino, Oxford/AstraZeneca, Pfizer/BioNTech, Sinovac",https://github.com/MinCiencia/Datos-COVID19,37808568,16577036,15400046,6403661
Chile,2021-11-05,"CanSino, Oxford/AstraZeneca, Pfizer/BioNTech, Sinovac",https://github.com/MinCiencia/Datos-COVID19,38068796,16600962,15470698,6569426
Chile,2021-11-06,"CanSino, Oxford/AstraZeneca, Pfizer/BioNTech, Sinovac",https://github.com/MinCiencia/Datos-COVID19,38101606,16603787,15474939,6595177
Chile,2021-11-07,"CanSino, Oxford/AstraZeneca, Pfizer/BioNTech, Sinovac",https://github.com/MinCiencia/Datos-COVID19,38104842,16603993,15475151,6597995
Chile,2021-11-08,"CanSino, Oxford/AstraZeneca, Pfizer/BioNTech, Sinovac",https://github.com/MinCiencia/Datos-COVID19,38289939,16627945,15518004,6716447
Chile,2021-11-09,"CanSino, Oxford/AstraZeneca, Pfizer/BioNTech, Sinovac",https://github.com/MinCiencia/Datos-COVID19,38519396,16650468,15577082,6864467
Chile,2021-11-10,"CanSino, Oxford/AstraZeneca, Pfizer/BioNTech, Sinovac",https://github.com/MinCiencia/Datos-COVID19,38731560,16670419,15634325,6999486
Chile,2021-11-11,"CanSino, Oxford/AstraZeneca, Pfizer/BioNTech, Sinovac",https://github.com/MinCiencia/Datos-COVID19,38921098,16688339,15689106,7116367
Chile,2021-11-12,"CanSino, Oxford/AstraZeneca, Pfizer/BioNTech, Sinovac",https://github.com/MinCiencia/Datos-COVID19,39116412,16706450,15736890,7245829
Chile,2021-11-13,"CanSino, Oxford/AstraZeneca, Pfizer/BioNTech, Sinovac",https://github.com/MinCiencia/Datos-COVID19,39149257,16709395,15740678,7271958
Chile,2021-11-14,"CanSino, Oxford/AstraZeneca, Pfizer/BioNTech, Sinovac",https://github.com/MinCiencia/Datos-COVID19,39152524,16709621,15740939,7274752
Chile,2021-11-15,"CanSino, Oxford/AstraZeneca, Pfizer/BioNTech, Sinovac",https://github.com/MinCiencia/Datos-COVID19,39345724,16729607,15787363,7401595
Chile,2021-11-16,"CanSino, Oxford/AstraZeneca, Pfizer/BioNTech, Sinovac",https://github.com/MinCiencia/Datos-COVID19,39537692,16747946,15833875,7528756
Chile,2021-11-17,"CanSino, Oxford/AstraZeneca, Pfizer/BioNTech, Sinovac",https://github.com/MinCiencia/Datos-COVID19,39719527,16763837,15876323,7652290
Chile,2021-11-18,"CanSino, Oxford/AstraZeneca, Pfizer/BioNTech, Sinovac",https://github.com/MinCiencia/Datos-COVID19,39883302,16777924,15914085,7764259
Chile,2021-11-19,"CanSino, Oxford/AstraZeneca, Pfizer/BioNTech, Sinovac",https://github.com/MinCiencia/Datos-COVID19,40041743,16790714,15945998,7878040
Chile,2021-11-20,"CanSino, Oxford/AstraZeneca, Pfizer/BioNTech, Sinovac",https://github.com/MinCiencia/Datos-COVID19,40063806,16792340,15948144,7896334
Chile,2021-11-21,"CanSino, Oxford/AstraZeneca, Pfizer/BioNTech, Sinovac",https://github.com/MinCiencia/Datos-COVID19,40065846,16792478,15948277,7898104
Chile,2021-11-22,"CanSino, Oxford/AstraZeneca, Pfizer/BioNTech, Sinovac",https://github.com/MinCiencia/Datos-COVID19,40203700,16806008,15979564,7991172
Chile,2021-11-23,"CanSino, Oxford/AstraZeneca, Pfizer/BioNTech, Sinovac",https://github.com/MinCiencia/Datos-COVID19,40346048,16818468,16013721,8086944
Chile,2021-11-24,"CanSino, Oxford/AstraZeneca, Pfizer/BioNTech, Sinovac",https://github.com/MinCiencia/Datos-COVID19,40483763,16829573,16046072,8181245
Chile,2021-11-25,"CanSino, Oxford/AstraZeneca, Pfizer/BioNTech, Sinovac",https://github.com/MinCiencia/Datos-COVID19,40609015,16839890,16077194,8265086
Chile,2021-11-26,"CanSino, Oxford/AstraZeneca, Pfizer/BioNTech, Sinovac",https://github.com/MinCiencia/Datos-COVID19,40734310,16849662,16105753,8352068
Chile,2021-11-27,"CanSino, Oxford/AstraZeneca, Pfizer/BioNTech, Sinovac",https://github.com/MinCiencia/Datos-COVID19,40758698,16851551,16108735,8371595
Chile,2021-11-28,"CanSino, Oxford/AstraZeneca, Pfizer/BioNTech, Sinovac",https://github.com/MinCiencia/Datos-COVID19,40761839,16851802,16109019,8374203
Chile,2021-11-29,"CanSino, Oxford/AstraZeneca, Pfizer/BioNTech, Sinovac",https://github.com/MinCiencia/Datos-COVID19,40898047,16864145,16129022,8478114
Chile,2021-11-30,"CanSino, Oxford/AstraZeneca, Pfizer/BioNTech, Sinovac",https://github.com/MinCiencia/Datos-COVID19,41066133,16876212,16156519,8606671
Chile,2021-12-01,"CanSino, Oxford/AstraZeneca, Pfizer/BioNTech, Sinovac",https://github.com/MinCiencia/Datos-COVID19,41225988,16887085,16180614,8731595
Chile,2021-12-02,"CanSino, Oxford/AstraZeneca, Pfizer/BioNTech, Sinovac",https://github.com/MinCiencia/Datos-COVID19,41376233,16896851,16203796,8848918
Chile,2021-12-03,"CanSino, Oxford/AstraZeneca, Pfizer/BioNTech, Sinovac",https://github.com/MinCiencia/Datos-COVID19,41523779,16905821,16225540,8965781
Chile,2021-12-04,"CanSino, Oxford/AstraZeneca, Pfizer/BioNTech, Sinovac",https://github.com/MinCiencia/Datos-COVID19,41548968,16907308,16227935,8987100
Chile,2021-12-05,"CanSino, Oxford/AstraZeneca, Pfizer/BioNTech, Sinovac",https://github.com/MinCiencia/Datos-COVID19,41552483,16907518,16228174,8990166
Chile,2021-12-06,"CanSino, Oxford/AstraZeneca, Pfizer/BioNTech, Sinovac",https://github.com/MinCiencia/Datos-COVID19,41714624,16922732,16252142,9113170
Chile,2021-12-07,"CanSino, Oxford/AstraZeneca, Pfizer/BioNTech, Sinovac",https://github.com/MinCiencia/Datos-COVID19,41885343,16938436,16275708,9244661
Chile,2021-12-08,"CanSino, Oxford/AstraZeneca, Pfizer/BioNTech, Sinovac",https://github.com/MinCiencia/Datos-COVID19,41888530,16938754,16275983,9247255
Chile,2021-12-09,"CanSino, Oxford/AstraZeneca, Pfizer/BioNTech, Sinovac",https://github.com/MinCiencia/Datos-COVID19,42049959,16978543,16299794,9345098
Chile,2021-12-10,"CanSino, Oxford/AstraZeneca, Pfizer/BioNTech, Sinovac",https://github.com/MinCiencia/Datos-COVID19,42199600,17015380,16320062,9437659
Chile,2021-12-11,"CanSino, Oxford/AstraZeneca, Pfizer/BioNTech, Sinovac",https://github.com/MinCiencia/Datos-COVID19,42228459,17019353,16322763,9459846
Chile,2021-12-12,"CanSino, Oxford/AstraZeneca, Pfizer/BioNTech, Sinovac",https://github.com/MinCiencia/Datos-COVID19,42232248,17019705,16323094,9462952
Chile,2021-12-13,"CanSino, Oxford/AstraZeneca, Pfizer/BioNTech, Sinovac",https://github.com/MinCiencia/Datos-COVID19,42402568,17053071,16345994,9577033
Chile,2021-12-14,"CanSino, Oxford/AstraZeneca, Pfizer/BioNTech, Sinovac",https://github.com/MinCiencia/Datos-COVID19,42563871,17083799,16366962,9686689
Chile,2021-12-15,"CanSino, Oxford/AstraZeneca, Pfizer/BioNTech, Sinovac",https://github.com/MinCiencia/Datos-COVID19,42709475,17111063,16386152,9785898
Chile,2021-12-16,"CanSino, Oxford/AstraZeneca, Pfizer/BioNTech, Sinovac",https://github.com/MinCiencia/Datos-COVID19,42840115,17136133,16402866,9874784
Chile,2021-12-17,"CanSino, Oxford/AstraZeneca, Pfizer/BioNTech, Sinovac",https://github.com/MinCiencia/Datos-COVID19,42955948,17157650,16417395,9954589
Chile,2021-12-18,"CanSino, Oxford/AstraZeneca, Pfizer/BioNTech, Sinovac",https://github.com/MinCiencia/Datos-COVID19,42977336,17160473,16419195,9971357
Chile,2021-12-19,"CanSino, Oxford/AstraZeneca, Pfizer/BioNTech, Sinovac",https://github.com/MinCiencia/Datos-COVID19,42979875,17160704,16419344,9973519
Chile,2021-12-20,"CanSino, Oxford/AstraZeneca, Pfizer/BioNTech, Sinovac",https://github.com/MinCiencia/Datos-COVID19,43106697,17180951,16434378,10065081
Chile,2021-12-21,"CanSino, Oxford/AstraZeneca, Pfizer/BioNTech, Sinovac",https://github.com/MinCiencia/Datos-COVID19,43226433,17198963,16448758,10152441
Chile,2021-12-22,"CanSino, Oxford/AstraZeneca, Pfizer/BioNTech, Sinovac",https://github.com/MinCiencia/Datos-COVID19,43327023,17213344,16461415,10226005
Chile,2021-12-23,"CanSino, Oxford/AstraZeneca, Pfizer/BioNTech, Sinovac",https://github.com/MinCiencia/Datos-COVID19,43404541,17223250,16471603,10283444
Chile,2021-12-24,"CanSino, Oxford/AstraZeneca, Pfizer/BioNTech, Sinovac",https://github.com/MinCiencia/Datos-COVID19,43424573,17225043,16474119,10299167
Chile,2021-12-25,"CanSino, Oxford/AstraZeneca, Pfizer/BioNTech, Sinovac",https://github.com/MinCiencia/Datos-COVID19,43424654,17225044,16474120,10299246
Chile,2021-12-26,"CanSino, Oxford/AstraZeneca, Pfizer/BioNTech, Sinovac",https://github.com/MinCiencia/Datos-COVID19,43425961,17225149,16474238,10300330
Chile,2021-12-27,"CanSino, Oxford/AstraZeneca, Pfizer/BioNTech, Sinovac",https://github.com/MinCiencia/Datos-COVID19,43591118,17243543,16490154,10431189
Chile,2021-12-28,"CanSino, Oxford/AstraZeneca, Pfizer/BioNTech, Sinovac",https://github.com/MinCiencia/Datos-COVID19,43809523,17263956,16507113,10612240
Chile,2021-12-29,"CanSino, Oxford/AstraZeneca, Pfizer/BioNTech, Sinovac",https://github.com/MinCiencia/Datos-COVID19,44039339,17283405,16523503,10806236
Chile,2021-12-30,"CanSino, Oxford/AstraZeneca, Pfizer/BioNTech, Sinovac",https://github.com/MinCiencia/Datos-COVID19,44258239,17300327,16538527,10993201
Chile,2021-12-31,"CanSino, Oxford/AstraZeneca, Pfizer/BioNTech, Sinovac",https://github.com/MinCiencia/Datos-COVID19,44313915,17303694,16542059,11041979
Chile,2022-01-01,"CanSino, Oxford/AstraZeneca, Pfizer/BioNTech, Sinovac",https://github.com/MinCiencia/Datos-COVID19,44314023,17303700,16542065,11042075
Chile,2022-01-02,"CanSino, Oxford/AstraZeneca, Pfizer/BioNTech, Sinovac",https://github.com/MinCiencia/Datos-COVID19,44314892,17303740,16542121,11042848
Chile,2022-01-03,"CanSino, Oxford/AstraZeneca, Pfizer/BioNTech, Sinovac",https://github.com/MinCiencia/Datos-COVID19,44497327,17323543,16558766,11188849
Chile,2022-01-04,"CanSino, Oxford/AstraZeneca, Pfizer/BioNTech, Sinovac",https://github.com/MinCiencia/Datos-COVID19,44669228,17344244,16576547,11322281
Chile,2022-01-05,"CanSino, Oxford/AstraZeneca, Pfizer/BioNTech, Sinovac",https://github.com/MinCiencia/Datos-COVID19,44812546,17363321,16589196,11433900
Chile,2022-01-06,"CanSino, Oxford/AstraZeneca, Pfizer/BioNTech, Sinovac",https://github.com/MinCiencia/Datos-COVID19,44953289,17380745,16616942,11529493
Chile,2022-01-07,"CanSino, Oxford/AstraZeneca, Pfizer/BioNTech, Sinovac",https://github.com/MinCiencia/Datos-COVID19,45090435,17397974,16645681,11620679
Chile,2022-01-08,"CanSino, Oxford/AstraZeneca, Pfizer/BioNTech, Sinovac",https://github.com/MinCiencia/Datos-COVID19,45105429,17399751,16647799,11631779
Chile,2022-01-09,"CanSino, Oxford/AstraZeneca, Pfizer/BioNTech, Sinovac",https://github.com/MinCiencia/Datos-COVID19,45107792,17399973,16648003,11633716
Chile,2022-01-10,"CanSino, Oxford/AstraZeneca, Pfizer/BioNTech, Sinovac",https://github.com/MinCiencia/Datos-COVID19,45257247,17420128,16677631,11733402
Chile,2022-01-11,"CanSino, Oxford/AstraZeneca, Pfizer/BioNTech, Sinovac",https://github.com/MinCiencia/Datos-COVID19,45385899,17437659,16704480,11817694
Chile,2022-01-12,"CanSino, Oxford/AstraZeneca, Pfizer/BioNTech, Sinovac",https://github.com/MinCiencia/Datos-COVID19,45496617,17452736,16728354,11889473
Chile,2022-01-13,"CanSino, Oxford/AstraZeneca, Pfizer/BioNTech, Sinovac",https://github.com/MinCiencia/Datos-COVID19,45595415,17466394,16751136,11951837
Chile,2022-01-14,"CanSino, Oxford/AstraZeneca, Pfizer/BioNTech, Sinovac",https://github.com/MinCiencia/Datos-COVID19,45689918,17479832,16772337,12011712
Chile,2022-01-15,"CanSino, Oxford/AstraZeneca, Pfizer/BioNTech, Sinovac",https://github.com/MinCiencia/Datos-COVID19,45701596,17481430,16774270,12019860
Chile,2022-01-16,"CanSino, Oxford/AstraZeneca, Pfizer/BioNTech, Sinovac",https://github.com/MinCiencia/Datos-COVID19,45702525,17481532,16774369,12020588
Chile,2022-01-17,"CanSino, Oxford/AstraZeneca, Pfizer/BioNTech, Sinovac",https://github.com/MinCiencia/Datos-COVID19,45807079,17498111,16797356,12085600
Chile,2022-01-18,"CanSino, Oxford/AstraZeneca, Pfizer/BioNTech, Sinovac",https://github.com/MinCiencia/Datos-COVID19,45891763,17511618,16815633,12138514
Chile,2022-01-19,"CanSino, Oxford/AstraZeneca, Pfizer/BioNTech, Sinovac",https://github.com/MinCiencia/Datos-COVID19,45979688,17526204,16834832,12192677
Chile,2022-01-20,"CanSino, Oxford/AstraZeneca, Pfizer/BioNTech, Sinovac",https://github.com/MinCiencia/Datos-COVID19,46098019,17538449,16849722,12283879
Chile,2022-01-21,"CanSino, Oxford/AstraZeneca, Pfizer/BioNTech, Sinovac",https://github.com/MinCiencia/Datos-COVID19,46195452,17549563,16860989,12358948
Chile,2022-01-22,"CanSino, Oxford/AstraZeneca, Pfizer/BioNTech, Sinovac",https://github.com/MinCiencia/Datos-COVID19,46204743,17550761,16862017,12366014
Chile,2022-01-23,"CanSino, Oxford/AstraZeneca, Pfizer/BioNTech, Sinovac",https://github.com/MinCiencia/Datos-COVID19,46205715,17550867,16862085,12366812
Chile,2022-01-24,"CanSino, Oxford/AstraZeneca, Pfizer/BioNTech, Sinovac",https://github.com/MinCiencia/Datos-COVID19,46309652,17564835,16878473,12440409
Chile,2022-01-25,"CanSino, Oxford/AstraZeneca, Pfizer/BioNTech, Sinovac",https://github.com/MinCiencia/Datos-COVID19,46401916,17577138,16895018,12503830
Chile,2022-01-26,"CanSino, Oxford/AstraZeneca, Pfizer/BioNTech, Sinovac",https://github.com/MinCiencia/Datos-COVID19,46481780,17587573,16910570,12557715
Chile,2022-01-27,"CanSino, Oxford/AstraZeneca, Pfizer/BioNTech, Sinovac",https://github.com/MinCiencia/Datos-COVID19,46553075,17597348,16924763,12605053
Chile,2022-01-28,"CanSino, Oxford/AstraZeneca, Pfizer/BioNTech, Sinovac",https://github.com/MinCiencia/Datos-COVID19,46619572,17606404,16935639,12651628
Chile,2022-01-29,"CanSino, Oxford/AstraZeneca, Pfizer/BioNTech, Sinovac",https://github.com/MinCiencia/Datos-COVID19,46627330,17607570,16936508,12657351
Chile,2022-01-30,"CanSino, Oxford/AstraZeneca, Pfizer/BioNTech, Sinovac",https://github.com/MinCiencia/Datos-COVID19,46628044,17607653,16936579,12657911
Chile,2022-01-31,"CanSino, Oxford/AstraZeneca, Pfizer/BioNTech, Sinovac",https://github.com/MinCiencia/Datos-COVID19,46711581,17619598,16952901,12713191
Chile,2022-02-01,"CanSino, Oxford/AstraZeneca, Pfizer/BioNTech, Sinovac",https://github.com/MinCiencia/Datos-COVID19,46784352,17629893,16968338,12760243
Chile,2022-02-02,"CanSino, Oxford/AstraZeneca, Pfizer/BioNTech, Sinovac",https://github.com/MinCiencia/Datos-COVID19,46850288,17639130,16983543,12801745
Chile,2022-02-03,"CanSino, Oxford/AstraZeneca, Pfizer/BioNTech, Sinovac",https://github.com/MinCiencia/Datos-COVID19,46912575,17647722,16997685,12841306
Chile,2022-02-04,"CanSino, Oxford/AstraZeneca, Pfizer/BioNTech, Sinovac",https://github.com/MinCiencia/Datos-COVID19,46973693,17655492,17011907,12880437
Chile,2022-02-05,"CanSino, Oxford/AstraZeneca, Pfizer/BioNTech, Sinovac",https://github.com/MinCiencia/Datos-COVID19,46979159,17656238,17012922,12884142
Chile,2022-02-06,"CanSino, Oxford/AstraZeneca, Pfizer/BioNTech, Sinovac",https://github.com/MinCiencia/Datos-COVID19,46979765,17656320,17013025,12884563
Chile,2022-02-07,"CanSino, Oxford/AstraZeneca, Pfizer/BioNTech, Sinovac",https://github.com/MinCiencia/Datos-COVID19,47089638,17666255,17029555,12967978
Chile,2022-02-08,"CanSino, Oxford/AstraZeneca, Pfizer/BioNTech, Sinovac",https://github.com/MinCiencia/Datos-COVID19,47186754,17675631,17045382,13039896
Chile,2022-02-09,"CanSino, Oxford/AstraZeneca, Pfizer/BioNTech, Sinovac",https://github.com/MinCiencia/Datos-COVID19,47266732,17683905,17059494,13097493
Chile,2022-02-10,"CanSino, Oxford/AstraZeneca, Pfizer/BioNTech, Sinovac",https://github.com/MinCiencia/Datos-COVID19,47336750,17691771,17072538,13146605
Chile,2022-02-11,"CanSino, Oxford/AstraZeneca, Pfizer/BioNTech, Sinovac",https://github.com/MinCiencia/Datos-COVID19,47397955,17698529,17084492,13189101
Chile,2022-02-12,"CanSino, Oxford/AstraZeneca, Pfizer/BioNTech, Sinovac",https://github.com/MinCiencia/Datos-COVID19,47403430,17699200,17085492,13192907
Chile,2022-02-13,"CanSino, Oxford/AstraZeneca, Pfizer/BioNTech, Sinovac",https://github.com/MinCiencia/Datos-COVID19,47404116,17699311,17085603,13193371
Chile,2022-02-14,"CanSino, Oxford/AstraZeneca, Pfizer/BioNTech, Sinovac",https://github.com/MinCiencia/Datos-COVID19,47552780,17706348,17098411,13322196
Chile,2022-02-15,"CanSino, Oxford/AstraZeneca, Pfizer/BioNTech, Sinovac",https://github.com/MinCiencia/Datos-COVID19,47686045,17713152,17110739,13436340
Chile,2022-02-16,"CanSino, Oxford/AstraZeneca, Pfizer/BioNTech, Sinovac",https://github.com/MinCiencia/Datos-COVID19,47803437,17719940,17123643,13534049
Chile,2022-02-17,"CanSino, Oxford/AstraZeneca, Pfizer/BioNTech, Sinovac",https://github.com/MinCiencia/Datos-COVID19,47908102,17726942,17135790,13619568
Chile,2022-02-18,"CanSino, Oxford/AstraZeneca, Pfizer/BioNTech, Sinovac",https://github.com/MinCiencia/Datos-COVID19,47996961,17733816,17147669,13689680
Chile,2022-02-19,"CanSino, Oxford/AstraZeneca, Pfizer/BioNTech, Sinovac",https://github.com/MinCiencia/Datos-COVID19,48003001,17734375,17148589,13694241
Chile,2022-02-20,"CanSino, Oxford/AstraZeneca, Pfizer/BioNTech, Sinovac",https://github.com/MinCiencia/Datos-COVID19,48003401,17734421,17148638,13694546
Chile,2022-02-21,"CanSino, Oxford/AstraZeneca, Pfizer/BioNTech, Sinovac",https://github.com/MinCiencia/Datos-COVID19,48149811,17744561,17162357,13817106
Chile,2022-02-22,"CanSino, Oxford/AstraZeneca, Pfizer/BioNTech, Sinovac",https://github.com/MinCiencia/Datos-COVID19,48240042,17750044,17170537,13893676
