location,date,vaccine,source_url,total_vaccinations,people_vaccinated,people_fully_vaccinated,total_boosters
Cuba,2021-05-12,Abdala,https://salud.msp.gob.cu/comenzo-satisfactoriamente-intervencion-sanitaria-en-grupos-de-riesgo-y-territorios-del-pais/,,70000,0,
Cuba,2021-05-16,"Abdala, Soberana02",https://salud.msp.gob.cu/parte-de-cierre-del-dia-17-de-mayo-a-las-12-de-la-noche-2/,,455908,0,
Cuba,2021-05-17,"Abdala, Soberana02",https://salud.msp.gob.cu/parte-de-cierre-del-dia-18-de-mayo-a-las-12-de-la-noche-2/,,540002,0,
Cuba,2021-05-18,"Abdala, Soberana02",https://salud.msp.gob.cu/parte-de-cierre-del-dia-19-de-mayo-a-las-12-de-la-noche/,,612376,0,
Cuba,2021-05-20,"Abdala, Soberana02",https://salud.msp.gob.cu/parte-de-cierre-del-dia-21-de-mayo-a-las-12-de-la-noche-2/,,717997,0,
Cuba,2021-05-22,"Abdala, Soberana02",https://salud.msp.gob.cu/parte-de-cierre-del-dia-23-de-mayo-a-las-12-de-la-noche-2/,,774212,0,
Cuba,2021-05-23,"Abdala, Soberana02",https://salud.msp.gob.cu/parte-de-cierre-del-dia-24-de-mayo-a-las-12-de-la-noche-2/,,782791,0,
Cuba,2021-05-24,"Abdala, Soberana02",https://salud.msp.gob.cu/parte-de-cierre-del-dia-25-de-mayo-a-las-12-de-la-noche-2/,,793009,0,
Cuba,2021-05-25,"Abdala, Soberana02",https://salud.msp.gob.cu/parte-de-cierre-del-dia-26-de-mayo-a-las-12-de-la-noche-2/,,798655,0,
Cuba,2021-05-26,"Abdala, Soberana02",https://salud.msp.gob.cu/parte-de-cierre-del-dia-27-de-mayo-a-las-12-de-la-noche-2/,,803958,0,
Cuba,2021-05-27,"Abdala, Soberana02",https://salud.msp.gob.cu/parte-de-cierre-del-dia-28-de-mayo-a-las-12-de-la-noche-2/,,809697,0,
Cuba,2021-05-28,"Abdala, Soberana02",https://salud.msp.gob.cu/parte-de-cierre-del-dia-29-de-mayo-a-las-12-de-la-noche-2/,,813867,0,
Cuba,2021-05-31,"Abdala, Soberana02",https://salud.msp.gob.cu/actualizacion-de-la-vacunacion-en-el-marco-de-los-estudios-de-los-candidatos-vacunales-cubanos-y-la-intervencion-sanitaria/,2037745,1185218,147135,
Cuba,2021-06-01,"Abdala, Soberana02",https://twitter.com/MINSAPCuba/status/1400459240297226246,2223826,1304698,148738,
Cuba,2021-06-02,"Abdala, Soberana02",https://salud.msp.gob.cu/actualizacion-de-la-vacunacion-en-el-marco-de-los-estudios-de-los-candidatos-vacunales-cubanos-y-la-intervencion-sanitaria/,2408135,1431827,150897,
Cuba,2021-06-03,"Abdala, Soberana02",https://salud.msp.gob.cu/actualizacion-de-la-vacunacion-en-el-marco-de-los-estudios-de-los-candidatos-vacunales-cubanos-y-la-intervencion-sanitaria/,2592575,1558013,154116,
Cuba,2021-06-04,"Abdala, Soberana02",https://salud.msp.gob.cu/actualizacion-de-la-vacunacion-en-el-marco-de-los-estudios-de-los-candidatos-vacunales-cubanos-y-la-intervencion-sanitaria/,2734854,1668071,156579,
Cuba,2021-06-05,"Abdala, Soberana02",https://salud.msp.gob.cu/actualizacion-de-la-vacunacion-en-el-marco-de-los-estudios-de-los-candidatos-vacunales-cubanos-y-la-intervencion-sanitaria/,2844682,1745588,157625,
Cuba,2021-06-06,"Abdala, Soberana02",https://salud.msp.gob.cu/actualizacion-de-la-vacunacion-en-el-marco-de-los-estudios-de-los-candidatos-vacunales-cubanos-y-la-intervencion-sanitaria/,2882587,1772586,157637,
Cuba,2021-06-07,"Abdala, Soberana02",https://salud.msp.gob.cu/actualizacion-de-la-vacunacion-en-el-marco-de-los-estudios-de-los-candidatos-vacunales-cubanos-y-la-intervencion-sanitaria/,2946572,1810895,173704,
Cuba,2021-06-08,"Abdala, Soberana02",https://salud.msp.gob.cu/actualizacion-de-la-vacunacion-en-el-marco-de-los-estudios-de-los-candidatos-vacunales-cubanos-y-la-intervencion-sanitaria/,3016266,1833775,213372,
Cuba,2021-06-09,"Abdala, Soberana02",https://salud.msp.gob.cu/actualizacion-de-la-vacunacion-en-el-marco-de-los-estudios-de-los-candidatos-vacunales-cubanos-y-la-intervencion-sanitaria/,3128573,1845189,307667,
Cuba,2021-06-10,"Abdala, Soberana02",https://salud.msp.gob.cu/actualizacion-de-la-vacunacion-en-el-marco-de-los-estudios-de-los-candidatos-vacunales-cubanos-y-la-intervencion-sanitaria/,3272579,1884592,406973,
Cuba,2021-06-11,"Abdala, Soberana02",https://salud.msp.gob.cu/actualizacion-de-la-vacunacion-en-el-marco-de-los-estudios-de-los-candidatos-vacunales-cubanos-y-la-intervencion-sanitaria/,3419657,1930901,500472,
Cuba,2021-06-12,"Abdala, Soberana02",https://salud.msp.gob.cu/actualizacion-de-la-vacunacion-en-el-marco-de-los-estudios-de-los-candidatos-vacunales-cubanos-y-la-intervencion-sanitaria/,3583709,1970250,578385,
Cuba,2021-06-13,"Abdala, Soberana02",https://salud.msp.gob.cu/actualizacion-de-la-vacunacion-en-el-marco-de-los-estudios-de-los-candidatos-vacunales-cubanos-y-la-intervencion-sanitaria/,3632080,2005691,591072,
Cuba,2021-06-14,"Abdala, Soberana02",https://salud.msp.gob.cu/actualizacion-de-la-vacunacion-en-el-marco-de-los-estudios-de-los-candidatos-vacunales-cubanos-y-la-intervencion-sanitaria/,3848406,2050296,666617,
Cuba,2021-06-15,"Abdala, Soberana02",https://salud.msp.gob.cu/actualizacion-de-la-vacunacion-en-el-marco-de-los-estudios-de-los-candidatos-vacunales-cubanos-y-la-intervencion-sanitaria/,4084278,2094260,733460,
Cuba,2021-06-16,"Abdala, Soberana02",https://salud.msp.gob.cu/actualizacion-de-la-vacunacion-en-el-marco-de-los-estudios-de-los-candidatos-vacunales-cubanos-y-la-intervencion-sanitaria/,4328291,2145685,793126,
Cuba,2021-06-17,"Abdala, Soberana02",https://salud.msp.gob.cu/actualizacion-de-la-vacunacion-en-el-marco-de-los-estudios-de-los-candidatos-vacunales-cubanos-y-la-intervencion-sanitaria/,4536882,2187097,835812,
Cuba,2021-06-18,"Abdala, Soberana02",https://salud.msp.gob.cu/actualizacion-de-la-vacunacion-en-el-marco-de-los-estudios-de-los-candidatos-vacunales-cubanos-y-la-intervencion-sanitaria/,4721599,2223404,873690,
Cuba,2021-06-19,"Abdala, Soberana02",https://salud.msp.gob.cu/actualizacion-de-la-vacunacion-en-el-marco-de-los-estudios-de-los-candidatos-vacunales-cubanos-y-la-intervencion-sanitaria/,4855270,2244336,905692,
Cuba,2021-06-20,"Abdala, Soberana02",https://salud.msp.gob.cu/actualizacion-de-la-vacunacion-en-el-marco-de-los-estudios-de-los-candidatos-vacunales-cubanos-y-la-intervencion-sanitaria/,4892044,2244350,913057,
Cuba,2021-06-21,"Abdala, Soberana02",https://salud.msp.gob.cu/actualizacion-de-la-vacunacion-en-el-marco-de-los-estudios-de-los-candidatos-vacunales-cubanos-y-la-intervencion-sanitaria/,4979420,2277657,924789,
Cuba,2021-06-22,"Abdala, Soberana02",https://salud.msp.gob.cu/actualizacion-de-la-vacunacion-en-el-marco-de-los-estudios-de-los-candidatos-vacunales-cubanos-y-la-intervencion-sanitaria/,5113926,2372246,940185,
Cuba,2021-06-23,"Abdala, Soberana02",https://salud.msp.gob.cu/actualizacion-de-la-vacunacion-en-el-marco-de-los-estudios-de-los-candidatos-vacunales-cubanos-y-la-intervencion-sanitaria/,5229916,2467275,947660,
Cuba,2021-06-24,"Abdala, Soberana02",https://salud.msp.gob.cu/actualizacion-de-la-vacunacion-en-el-marco-de-los-estudios-de-los-candidatos-vacunales-cubanos-y-la-intervencion-sanitaria/,5328292,2553263,953778,
Cuba,2021-06-25,"Abdala, Soberana02",https://salud.msp.gob.cu/actualizacion-de-la-vacunacion-en-el-marco-de-los-estudios-de-los-candidatos-vacunales-cubanos-y-la-intervencion-sanitaria/,5492355,2634418,959998,
Cuba,2021-06-26,"Abdala, Soberana02",https://salud.msp.gob.cu/actualizacion-de-la-vacunacion-en-el-marco-de-los-estudios-de-los-candidatos-vacunales-cubanos-y-la-intervencion-sanitaria/,5591222,2689157,961917,
Cuba,2021-06-27,"Abdala, Soberana02",https://salud.msp.gob.cu/actualizacion-de-la-vacunacion-en-el-marco-de-los-estudios-de-los-candidatos-vacunales-cubanos-y-la-intervencion-sanitaria/,5676321,2696277,1006300,
Cuba,2021-06-28,"Abdala, Soberana02",https://salud.msp.gob.cu/actualizacion-de-la-vacunacion-en-el-marco-de-los-estudios-de-los-candidatos-vacunales-cubanos-y-la-intervencion-sanitaria/,5848491,2742615,1088898,
Cuba,2021-06-29,"Abdala, Soberana02",https://salud.msp.gob.cu/actualizacion-de-la-vacunacion-en-el-marco-de-los-estudios-de-los-candidatos-vacunales-cubanos-y-la-intervencion-sanitaria/,5988743,2758893,1169638,
Cuba,2021-06-30,"Abdala, Soberana02",https://salud.msp.gob.cu/actualizacion-de-la-vacunacion-en-el-marco-de-los-estudios-de-los-candidatos-vacunales-cubanos-y-la-intervencion-sanitaria/,6132569,2774473,1252751,
Cuba,2021-07-01,"Abdala, Soberana02",https://salud.msp.gob.cu/actualizacion-de-la-vacunacion-en-el-marco-de-los-estudios-de-los-candidatos-vacunales-cubanos-y-la-intervencion-sanitaria/,6394334,2797599,1450900,
Cuba,2021-07-02,"Abdala, Soberana02",https://salud.msp.gob.cu/actualizacion-de-la-vacunacion-en-el-marco-de-los-estudios-de-los-candidatos-vacunales-cubanos-y-la-intervencion-sanitaria/,6572661,2832316,1559993,
Cuba,2021-07-03,"Abdala, Soberana02",https://salud.msp.gob.cu/actualizacion-de-la-vacunacion-en-el-marco-de-los-estudios-de-los-candidatos-vacunales-cubanos-y-la-intervencion-sanitaria/,6675818,2869501,1609454,
Cuba,2021-07-04,"Abdala, Soberana02",https://salud.msp.gob.cu/actualizacion-de-la-vacunacion-en-el-marco-de-los-estudios-de-los-candidatos-vacunales-cubanos-y-la-intervencion-sanitaria/,6718887,2897404,1624481,
Cuba,2021-07-05,"Abdala, Soberana02",https://salud.msp.gob.cu/actualizacion-de-la-vacunacion-en-el-marco-de-los-estudios-de-los-candidatos-vacunales-cubanos-y-la-intervencion-sanitaria/,6759085,2926788,1634995,
Cuba,2021-07-06,"Abdala, Soberana02",https://salud.msp.gob.cu/actualizacion-de-la-vacunacion-en-el-marco-de-los-estudios-de-los-candidatos-vacunales-cubanos-y-la-intervencion-sanitaria/,6833720,2966587,1664980,
Cuba,2021-07-07,"Abdala, Soberana02",https://salud.msp.gob.cu/actualizacion-de-la-vacunacion-en-el-marco-de-los-estudios-de-los-candidatos-vacunales-cubanos-y-la-intervencion-sanitaria/,7005786,3002424,1700787,
Cuba,2021-07-08,"Abdala, Soberana02",https://salud.msp.gob.cu/actualizacion-de-la-vacunacion-en-el-marco-de-los-estudios-de-los-candidatos-vacunales-cubanos-y-la-intervencion-sanitaria/,7160316,3024565,1739327,
Cuba,2021-07-09,"Abdala, Soberana02",https://salud.msp.gob.cu/actualizacion-de-la-vacunacion-en-el-marco-de-los-estudios-de-los-candidatos-vacunales-cubanos-y-la-intervencion-sanitaria/,7275137,3039304,1752137,
Cuba,2021-07-10,"Abdala, Soberana02",https://salud.msp.gob.cu/actualizacion-de-la-vacunacion-en-el-marco-de-los-estudios-de-los-candidatos-vacunales-cubanos-y-la-intervencion-sanitaria/,7469503,3045823,1862930,
Cuba,2021-07-11,"Abdala, Soberana02",https://salud.msp.gob.cu/actualizacion-de-la-vacunacion-en-el-marco-de-los-estudios-de-los-candidatos-vacunales-cubanos-y-la-intervencion-sanitaria/,7507406,3047144,1894508,
Cuba,2021-07-12,"Abdala, Soberana02",https://salud.msp.gob.cu/actualizacion-de-la-vacunacion-en-el-marco-de-los-estudios-de-los-candidatos-vacunales-cubanos-y-la-intervencion-sanitaria/,7618028,3073310,1926776,
Cuba,2021-07-13,"Abdala, Soberana02",https://salud.msp.gob.cu/actualizacion-de-la-vacunacion-en-el-marco-de-los-estudios-de-los-candidatos-vacunales-cubanos-y-la-intervencion-sanitaria/,7767601,3152911,1968715,
Cuba,2021-07-14,"Abdala, Soberana02",https://salud.msp.gob.cu/actualizacion-de-la-vacunacion-en-el-marco-de-los-estudios-de-los-candidatos-vacunales-cubanos-y-la-intervencion-sanitaria/,7900105,3220481,2014001,
Cuba,2021-07-15,"Abdala, Soberana02",https://salud.msp.gob.cu/actualizacion-de-la-vacunacion-en-el-marco-de-los-estudios-de-los-candidatos-vacunales-cubanos-y-la-intervencion-sanitaria/,8029388,3282912,2055163,
Cuba,2021-07-16,"Abdala, Soberana02",https://salud.msp.gob.cu/actualizacion-de-la-vacunacion-en-el-marco-de-los-estudios-de-los-candidatos-vacunales-cubanos-y-la-intervencion-sanitaria/,8146748,3331526,2091439,
Cuba,2021-07-17,"Abdala, Soberana02",https://salud.msp.gob.cu/actualizacion-de-la-vacunacion-en-el-marco-de-los-estudios-de-los-candidatos-vacunales-cubanos-y-la-intervencion-sanitaria/,8225205,3358752,2108739,
Cuba,2021-07-18,"Abdala, Soberana02",https://salud.msp.gob.cu/actualizacion-de-la-vacunacion-en-el-marco-de-los-estudios-de-los-candidatos-vacunales-cubanos-y-la-intervencion-sanitaria/,8260167,3367337,2109050,
Cuba,2021-07-19,"Abdala, Soberana02",https://salud.msp.gob.cu/actualizacion-de-la-vacunacion-en-el-marco-de-los-estudios-de-los-candidatos-vacunales-cubanos-y-la-intervencion-sanitaria/,8316836,3386699,2113381,
Cuba,2021-07-20,"Abdala, Soberana02",https://salud.msp.gob.cu/actualizacion-de-la-vacunacion-en-el-marco-de-los-estudios-de-los-candidatos-vacunales-cubanos-y-la-intervencion-sanitaria/,8388988,3409164,2119974,
Cuba,2021-07-21,"Abdala, Soberana02",https://salud.msp.gob.cu/actualizacion-de-la-vacunacion-en-el-marco-de-los-estudios-de-los-candidatos-vacunales-cubanos-y-la-intervencion-sanitaria/,8546995,3433164,2214648,
Cuba,2021-07-22,"Abdala, Soberana02",https://salud.msp.gob.cu/actualizacion-de-la-vacunacion-en-el-marco-de-los-estudios-de-los-candidatos-vacunales-cubanos-y-la-intervencion-sanitaria/,8681522,3452771,2303507,
Cuba,2021-07-23,"Abdala, Soberana02",https://salud.msp.gob.cu/actualizacion-de-la-vacunacion-en-el-marco-de-los-estudios-de-los-candidatos-vacunales-cubanos-y-la-intervencion-sanitaria/,8804553,3473316,2390225,
Cuba,2021-07-24,"Abdala, Soberana02",https://salud.msp.gob.cu/actualizacion-de-la-vacunacion-en-el-marco-de-los-estudios-de-los-candidatos-vacunales-cubanos-y-la-intervencion-sanitaria/,8900350,3484672,2460919,
Cuba,2021-07-25,"Abdala, Soberana02",https://salud.msp.gob.cu/actualizacion-de-la-vacunacion-en-el-marco-de-los-estudios-de-los-candidatos-vacunales-cubanos-y-la-intervencion-sanitaria/,8913141,3491529,2464430,
Cuba,2021-07-26,"Abdala, Soberana02",https://salud.msp.gob.cu/actualizacion-de-la-vacunacion-en-el-marco-de-los-estudios-de-los-candidatos-vacunales-cubanos-y-la-intervencion-sanitaria/,8945084,3496617,2469344,
Cuba,2021-07-27,"Abdala, Soberana02",https://salud.msp.gob.cu/actualizacion-de-la-vacunacion-en-el-marco-de-los-estudios-de-los-candidatos-vacunales-cubanos-y-la-intervencion-sanitaria/,9085122,3500505,2536149,
Cuba,2021-07-28,"Abdala, Soberana02",https://salud.msp.gob.cu/actualizacion-de-la-vacunacion-en-el-marco-de-los-estudios-de-los-candidatos-vacunales-cubanos-y-la-intervencion-sanitaria/,9169319,3504781,2560173,
Cuba,2021-07-30,"Abdala, Soberana02",https://salud.msp.gob.cu/actualizacion-de-la-vacunacion-en-el-marco-de-los-estudios-de-los-candidatos-vacunales-cubanos-y-la-intervencion-sanitaria/,9650235,3833448,2620050,
Cuba,2021-07-31,"Abdala, Soberana02",https://salud.msp.gob.cu/actualizacion-de-la-vacunacion-en-el-marco-de-los-estudios-de-los-candidatos-vacunales-cubanos-y-la-intervencion-sanitaria/,9894050,4020594,2655387,
Cuba,2021-08-01,"Abdala, Soberana02",https://salud.msp.gob.cu/actualizacion-de-la-vacunacion-en-el-marco-de-los-estudios-de-los-candidatos-vacunales-cubanos-y-la-intervencion-sanitaria/,10061236,4155261,2680468,
Cuba,2021-08-02,"Abdala, Soberana02",https://salud.msp.gob.cu/actualizacion-de-la-vacunacion-en-el-marco-de-los-estudios-de-los-candidatos-vacunales-cubanos-y-la-intervencion-sanitaria/,10267358,4329598,2682722,
Cuba,2021-08-03,"Abdala, Soberana02",https://salud.msp.gob.cu/actualizacion-de-la-vacunacion-en-el-marco-de-los-estudios-de-los-candidatos-vacunales-cubanos-y-la-intervencion-sanitaria/,10477630,4456437,2745421,
Cuba,2021-08-04,"Abdala, Soberana02",https://salud.msp.gob.cu/actualizacion-de-la-vacunacion-en-el-marco-de-los-estudios-de-los-candidatos-vacunales-cubanos-y-la-intervencion-sanitaria/,10616592,4539788,2777719,
Cuba,2021-08-05,"Abdala, Soberana02",https://salud.msp.gob.cu/actualizacion-de-la-vacunacion-en-el-marco-de-los-estudios-de-los-candidatos-vacunales-cubanos-y-la-intervencion-sanitaria/,10713247,4597637,2798129,
Cuba,2021-08-06,"Abdala, Soberana02",https://salud.msp.gob.cu/actualizacion-de-la-vacunacion-en-el-marco-de-los-estudios-de-los-candidatos-vacunales-cubanos-y-la-intervencion-sanitaria/,10786407,4641222,2813690,
Cuba,2021-08-07,"Abdala, Soberana02",https://salud.msp.gob.cu/actualizacion-de-la-vacunacion-en-el-marco-de-los-estudios-de-los-candidatos-vacunales-cubanos-y-la-intervencion-sanitaria/,10828013,4666161,2820354,
Cuba,2021-08-08,"Abdala, Soberana02",https://salud.msp.gob.cu/actualizacion-de-la-vacunacion-en-el-marco-de-los-estudios-de-los-candidatos-vacunales-cubanos-y-la-intervencion-sanitaria/,10848920,4675034,2821478,
Cuba,2021-08-09,"Abdala, Soberana02",https://salud.msp.gob.cu/actualizacion-de-la-vacunacion-en-el-marco-de-los-estudios-de-los-candidatos-vacunales-cubanos-y-la-intervencion-sanitaria/,10919750,4692604,2847661,
Cuba,2021-08-10,"Abdala, Soberana02",https://salud.msp.gob.cu/actualizacion-de-la-vacunacion-en-el-marco-de-los-estudios-de-los-candidatos-vacunales-cubanos-y-la-intervencion-sanitaria/,11001829,4714451,2898039,
Cuba,2021-08-11,"Abdala, Soberana02",https://salud.msp.gob.cu/actualizacion-de-la-vacunacion-en-el-marco-de-los-estudios-de-los-candidatos-vacunales-cubanos-y-la-intervencion-sanitaria/,11059697,4726170,2944163,
Cuba,2021-08-12,"Abdala, Soberana02",https://salud.msp.gob.cu/actualizacion-de-la-vacunacion-en-el-marco-de-los-estudios-de-los-candidatos-vacunales-cubanos-y-la-intervencion-sanitaria/,11233885,4752082,2990494,
Cuba,2021-08-13,"Abdala, Soberana02",https://salud.msp.gob.cu/actualizacion-de-la-vacunacion-en-el-marco-de-los-estudios-de-los-candidatos-vacunales-cubanos-y-la-intervencion-sanitaria/,11409451,4788750,3015945,
Cuba,2021-08-14,"Abdala, Soberana02",https://salud.msp.gob.cu/actualizacion-de-la-vacunacion-en-el-marco-de-los-estudios-de-los-candidatos-vacunales-cubanos-y-la-intervencion-sanitaria/,11632638,4819327,3037064,
Cuba,2021-08-15,"Abdala, Soberana02",https://salud.msp.gob.cu/actualizacion-de-la-vacunacion-en-el-marco-de-los-estudios-de-los-candidatos-vacunales-cubanos-y-la-intervencion-sanitaria/,12070621,4835460,3037069,
Cuba,2021-08-16,"Abdala, Soberana02",https://salud.msp.gob.cu/actualizacion-de-la-vacunacion-en-el-marco-de-los-estudios-de-los-candidatos-vacunales-cubanos-y-la-intervencion-sanitaria/,12225378,4854330,3047933,
Cuba,2021-08-17,"Abdala, Soberana02",https://salud.msp.gob.cu/actualizacion-de-la-vacunacion-en-el-marco-de-los-estudios-de-los-candidatos-vacunales-cubanos-y-la-intervencion-sanitaria/,12287005,4874336,3066844,
Cuba,2021-08-18,"Abdala, Soberana02",https://salud.msp.gob.cu/actualizacion-de-la-vacunacion-en-el-marco-de-los-estudios-de-los-candidatos-vacunales-cubanos-y-la-intervencion-sanitaria/,12320691,4889081,3085785,
Cuba,2021-08-19,"Abdala, Soberana02",https://salud.msp.gob.cu/actualizacion-de-la-vacunacion-en-el-marco-de-los-estudios-de-los-candidatos-vacunales-cubanos-y-la-intervencion-sanitaria/,12350386,4900864,3093593,
Cuba,2021-08-20,"Abdala, Soberana02",https://salud.msp.gob.cu/actualizacion-de-la-vacunacion-en-el-marco-de-los-estudios-de-los-candidatos-vacunales-cubanos-y-la-intervencion-sanitaria/,12429970,4911004,3118412,
Cuba,2021-08-21,"Abdala, Soberana02",https://salud.msp.gob.cu/actualizacion-de-la-vacunacion-en-el-marco-de-los-estudios-de-los-candidatos-vacunales-cubanos-y-la-intervencion-sanitaria/,12506728,4951522,3127996,
Cuba,2021-08-22,"Abdala, Soberana02",https://salud.msp.gob.cu/actualizacion-de-la-vacunacion-en-el-marco-de-los-estudios-de-los-candidatos-vacunales-cubanos-y-la-intervencion-sanitaria/,12587550,5014831,3132266,
Cuba,2021-08-23,"Abdala, Soberana02",https://salud.msp.gob.cu/actualizacion-de-la-vacunacion-en-el-marco-de-los-estudios-de-los-candidatos-vacunales-cubanos-y-la-intervencion-sanitaria/,12699522,5098998,3138256,
Cuba,2021-08-24,"Abdala, Soberana02",https://salud.msp.gob.cu/actualizacion-de-la-vacunacion-en-el-marco-de-los-estudios-de-los-candidatos-vacunales-cubanos-y-la-intervencion-sanitaria/,12852801,5206008,3165387,
Cuba,2021-08-25,"Abdala, Soberana02",https://salud.msp.gob.cu/actualizacion-de-la-vacunacion-en-el-marco-de-los-estudios-de-los-candidatos-vacunales-cubanos-y-la-intervencion-sanitaria/,12958755,5288125,3171886,
Cuba,2021-08-26,"Abdala, Soberana02",https://salud.msp.gob.cu/actualizacion-de-la-vacunacion-en-el-marco-de-los-estudios-de-los-candidatos-vacunales-cubanos-y-la-intervencion-sanitaria/,13180770,5363604,3288559,
Cuba,2021-08-27,"Abdala, Soberana02",https://salud.msp.gob.cu/actualizacion-de-la-vacunacion-en-el-marco-de-los-estudios-de-los-candidatos-vacunales-cubanos-y-la-intervencion-sanitaria/,13379503,5416339,3402549,
Cuba,2021-08-28,"Abdala, Soberana02",https://salud.msp.gob.cu/actualizacion-de-la-vacunacion-en-el-marco-de-los-estudios-de-los-candidatos-vacunales-cubanos-y-la-intervencion-sanitaria/,13593168,5449480,3553363,
Cuba,2021-08-29,"Abdala, Soberana02",https://salud.msp.gob.cu/actualizacion-de-la-vacunacion-en-el-marco-de-los-estudios-de-los-candidatos-vacunales-cubanos-y-la-intervencion-sanitaria/,13739821,5469367,3663808,
Cuba,2021-08-30,"Abdala, Soberana02",https://salud.msp.gob.cu/actualizacion-de-la-vacunacion-en-el-marco-de-los-estudios-de-los-candidatos-vacunales-cubanos-y-la-intervencion-sanitaria/,13922868,5503206,3792398,
Cuba,2021-08-31,"Abdala, Soberana02",https://salud.msp.gob.cu/actualizacion-de-la-vacunacion-en-el-marco-de-los-estudios-de-los-candidatos-vacunales-cubanos-y-la-intervencion-sanitaria/,14115595,5552931,3916641,
Cuba,2021-09-01,"Abdala, Soberana02",https://salud.msp.gob.cu/actualizacion-de-la-vacunacion-en-el-marco-de-los-estudios-de-los-candidatos-vacunales-cubanos-y-la-intervencion-sanitaria/,14328571,5672635,3995569,
Cuba,2021-09-03,"Abdala, Soberana02",https://salud.msp.gob.cu/actualizacion-de-la-vacunacion-en-el-marco-de-los-estudios-de-los-candidatos-vacunales-cubanos-y-la-intervencion-sanitaria/,14572560,5797251,4091506,
Cuba,2021-09-04,"Abdala, Soberana02",https://salud.msp.gob.cu/actualizacion-de-la-vacunacion-en-el-marco-de-los-estudios-de-los-candidatos-vacunales-cubanos-y-la-intervencion-sanitaria/,14672062,5837080,4114722,
Cuba,2021-09-07,"Abdala, Soberana02",https://salud.msp.gob.cu/actualizacion-de-la-vacunacion-en-el-marco-de-los-estudios-de-los-candidatos-vacunales-cubanos-y-la-intervencion-sanitaria/,15242020,6104513,4171907,
Cuba,2021-09-08,"Abdala, Soberana02",https://salud.msp.gob.cu/actualizacion-de-la-vacunacion-en-el-marco-de-los-estudios-de-los-candidatos-vacunales-cubanos-y-la-intervencion-sanitaria/,15526511,6297598,4197697,
Cuba,2021-09-09,"Abdala, Soberana02",https://salud.msp.gob.cu/actualizacion-de-la-vacunacion-en-el-marco-de-los-estudios-de-los-candidatos-vacunales-cubanos-y-la-intervencion-sanitaria/,15824696,6499906,4222992,
Cuba,2021-09-10,"Abdala, Soberana02",https://salud.msp.gob.cu/actualizacion-de-la-vacunacion-en-el-marco-de-los-estudios-de-los-candidatos-vacunales-cubanos-y-la-intervencion-sanitaria/,16195960,6784652,4258396,
Cuba,2021-09-11,"Abdala, Soberana02",https://salud.msp.gob.cu/actualizacion-de-la-vacunacion-en-el-marco-de-los-estudios-de-los-candidatos-vacunales-cubanos-y-la-intervencion-sanitaria/,16438294,6966314,4286629,
Cuba,2021-09-12,"Abdala, Soberana02",https://salud.msp.gob.cu/actualizacion-de-la-vacunacion-en-el-marco-de-los-estudios-de-los-candidatos-vacunales-cubanos-y-la-intervencion-sanitaria/,16529370,7031689,4304691,
Cuba,2021-09-13,"Abdala, Soberana02",https://salud.msp.gob.cu/actualizacion-de-la-vacunacion-en-el-marco-de-los-estudios-de-los-candidatos-vacunales-cubanos-y-la-intervencion-sanitaria/,16696685,7141985,4325605,
Cuba,2021-09-14,"Abdala, Soberana02",https://salud.msp.gob.cu/actualizacion-de-la-vacunacion-en-el-marco-de-los-estudios-de-los-candidatos-vacunales-cubanos-y-la-intervencion-sanitaria/,16943296,7283961,4386783,
Cuba,2021-09-15,"Abdala, Soberana02",https://salud.msp.gob.cu/actualizacion-de-la-vacunacion-en-el-marco-de-los-estudios-de-los-candidatos-vacunales-cubanos-y-la-intervencion-sanitaria/,17220087,7461666,4444521,
Cuba,2021-09-16,"Abdala, Soberana02",https://salud.msp.gob.cu/actualizacion-de-la-vacunacion-en-el-marco-de-los-estudios-de-los-candidatos-vacunales-cubanos-y-la-intervencion-sanitaria/,17498490,7708885,4457783,
Cuba,2021-09-17,"Abdala, Soberana02",https://salud.msp.gob.cu/actualizacion-de-la-vacunacion-en-el-marco-de-los-estudios-de-los-candidatos-vacunales-cubanos-y-la-intervencion-sanitaria/,17766271,7904075,4472022,
Cuba,2021-09-18,"Abdala, Soberana02",https://salud.msp.gob.cu/actualizacion-de-la-vacunacion-en-el-marco-de-los-estudios-de-los-candidatos-vacunales-cubanos-y-la-intervencion-sanitaria/,18126208,8200250,4507757,
Cuba,2021-09-19,"Abdala, Soberana02",https://salud.msp.gob.cu/actualizacion-de-la-vacunacion-en-el-marco-de-los-estudios-de-los-candidatos-vacunales-cubanos-y-la-intervencion-sanitaria/,18402491,8377546,4568048,
Cuba,2021-09-20,"Abdala, Soberana02",https://salud.msp.gob.cu/actualizacion-de-la-vacunacion-en-el-marco-de-los-estudios-de-los-candidatos-vacunales-cubanos-y-la-intervencion-sanitaria/,18752564,8537572,4655726,
Cuba,2021-09-21,"Abdala, Soberana02",https://salud.msp.gob.cu/actualizacion-de-la-vacunacion-en-el-marco-de-los-estudios-de-los-candidatos-vacunales-cubanos-y-la-intervencion-sanitaria/,19073986,8635392,4729445,
Cuba,2021-09-22,"Abdala, Soberana02",https://salud.msp.gob.cu/actualizacion-de-la-vacunacion-en-el-marco-de-los-estudios-de-los-candidatos-vacunales-cubanos-y-la-intervencion-sanitaria/,19418317,8737060,4793101,
Cuba,2021-09-23,"Abdala, Soberana02",https://salud.msp.gob.cu/actualizacion-de-la-vacunacion-en-el-marco-de-los-estudios-de-los-candidatos-vacunales-cubanos-y-la-intervencion-sanitaria/,19751634,8815520,4862226,
Cuba,2021-09-24,"Abdala, Soberana02",https://salud.msp.gob.cu/actualizacion-de-la-vacunacion-en-el-marco-de-los-estudios-de-los-candidatos-vacunales-cubanos-y-la-intervencion-sanitaria/,19991460,8879811,4913404,
Cuba,2021-09-25,"Abdala, Soberana02",https://salud.msp.gob.cu/actualizacion-de-la-vacunacion-en-el-marco-de-los-estudios-de-los-candidatos-vacunales-cubanos-y-la-intervencion-sanitaria/,20168798,8973362,4942869,
Cuba,2021-09-26,"Abdala, Soberana02",https://salud.msp.gob.cu/actualizacion-de-la-vacunacion-en-el-marco-de-los-estudios-de-los-candidatos-vacunales-cubanos-y-la-intervencion-sanitaria/,20298170,9048689,4955621,
Cuba,2021-09-27,"Abdala, Soberana02",https://salud.msp.gob.cu/actualizacion-de-la-vacunacion-en-el-marco-de-los-estudios-de-los-candidatos-vacunales-cubanos-y-la-intervencion-sanitaria/,20535957,9153935,4990546,
Cuba,2021-09-28,"Abdala, Soberana02",https://salud.msp.gob.cu/actualizacion-de-la-vacunacion-en-el-marco-de-los-estudios-de-los-candidatos-vacunales-cubanos-y-la-intervencion-sanitaria/,20788249,9263108,5033023,
Cuba,2021-09-29,"Abdala, Soberana02",https://salud.msp.gob.cu/actualizacion-de-la-vacunacion-en-el-marco-de-los-estudios-de-los-candidatos-vacunales-cubanos-y-la-intervencion-sanitaria/,21004660,9331789,5073888,
Cuba,2021-09-30,"Abdala, Soberana02",https://salud.msp.gob.cu/actualizacion-de-la-vacunacion-en-el-marco-de-los-estudios-de-los-candidatos-vacunales-cubanos-y-la-intervencion-sanitaria/,21292523,9434924,5146950,
Cuba,2021-10-01,"Abdala, Soberana02",https://salud.msp.gob.cu/actualizacion-de-la-vacunacion-en-el-marco-de-los-estudios-de-los-candidatos-vacunales-cubanos-y-la-intervencion-sanitaria/,21444151,9477620,5207046,
Cuba,2021-10-02,"Abdala, Soberana02",https://salud.msp.gob.cu/actualizacion-de-la-vacunacion-en-el-marco-de-los-estudios-de-los-candidatos-vacunales-cubanos-y-la-intervencion-sanitaria/,21516690,9494757,5234380,
Cuba,2021-10-03,"Abdala, Soberana02",https://salud.msp.gob.cu/actualizacion-de-la-vacunacion-en-el-marco-de-los-estudios-de-los-candidatos-vacunales-cubanos-y-la-intervencion-sanitaria/,21549854,9500116,5245735,
Cuba,2021-10-04,"Abdala, Soberana02",https://salud.msp.gob.cu/actualizacion-de-la-vacunacion-en-el-marco-de-los-estudios-de-los-candidatos-vacunales-cubanos-y-la-intervencion-sanitaria/,21681271,9524916,5318954,
Cuba,2021-10-05,"Abdala, Soberana02",https://salud.msp.gob.cu/actualizacion-de-la-vacunacion-en-el-marco-de-los-estudios-de-los-candidatos-vacunales-cubanos-y-la-intervencion-sanitaria/,21876763,9550053,5444754,
Cuba,2021-10-06,"Abdala, Soberana02",https://salud.msp.gob.cu/actualizacion-de-la-vacunacion-en-el-marco-de-los-estudios-de-los-candidatos-vacunales-cubanos-y-la-intervencion-sanitaria/,22116160,9571923,5606045,
Cuba,2021-10-07,"Abdala, Soberana02",https://salud.msp.gob.cu/actualizacion-de-la-vacunacion-en-el-marco-de-los-estudios-de-los-candidatos-vacunales-cubanos-y-la-intervencion-sanitaria/,22352125,9593695,5769198,
Cuba,2021-10-08,"Abdala, Soberana02",https://salud.msp.gob.cu/actualizacion-de-la-vacunacion-en-el-marco-de-los-estudios-de-los-candidatos-vacunales-cubanos-y-la-intervencion-sanitaria/,22667026,9613466,6117779,
Cuba,2021-10-09,"Abdala, Soberana02",https://salud.msp.gob.cu/actualizacion-de-la-vacunacion-en-el-marco-de-los-estudios-de-los-candidatos-vacunales-cubanos-y-la-intervencion-sanitaria/,22875849,9623676,6184534,
Cuba,2021-10-10,"Abdala, Soberana02",https://salud.msp.gob.cu/actualizacion-de-la-vacunacion-en-el-marco-de-los-estudios-de-los-candidatos-vacunales-cubanos-y-la-intervencion-sanitaria/,22982472,9628835,6238972,
Cuba,2021-10-11,"Abdala, Soberana02",https://salud.msp.gob.cu/actualizacion-de-la-vacunacion-en-el-marco-de-los-estudios-de-los-candidatos-vacunales-cubanos-y-la-intervencion-sanitaria/,23149042,9636551,6355943,
Cuba,2021-10-12,"Abdala, Soberana02",https://salud.msp.gob.cu/actualizacion-de-la-vacunacion-en-el-marco-de-los-estudios-de-los-candidatos-vacunales-cubanos-y-la-intervencion-sanitaria/,23397552,9654453,6500743,
Cuba,2021-10-13,"Abdala, Soberana02",https://salud.msp.gob.cu/actualizacion-de-la-vacunacion-en-el-marco-de-los-estudios-de-los-candidatos-vacunales-cubanos-y-la-intervencion-sanitaria/,23628367,9671500,6611807,
Cuba,2021-10-14,"Abdala, Soberana02",https://salud.msp.gob.cu/actualizacion-de-la-vacunacion-en-el-marco-de-los-estudios-de-los-candidatos-vacunales-cubanos-y-la-intervencion-sanitaria/,23920914,9688764,6689090,
Cuba,2021-10-15,"Abdala, Soberana02",https://salud.msp.gob.cu/actualizacion-de-la-vacunacion-en-el-marco-de-los-estudios-de-los-candidatos-vacunales-cubanos-y-la-intervencion-sanitaria/,24162094,9704167,6748348,
Cuba,2021-10-16,"Abdala, Soberana02",https://salud.msp.gob.cu/actualizacion-de-la-vacunacion-en-el-marco-de-los-estudios-de-los-candidatos-vacunales-cubanos-y-la-intervencion-sanitaria/,24464590,9713978,6777771,
Cuba,2021-10-17,"Abdala, Soberana02",https://salud.msp.gob.cu/actualizacion-de-la-vacunacion-en-el-marco-de-los-estudios-de-los-candidatos-vacunales-cubanos-y-la-intervencion-sanitaria/,24647897,9719850,6790452,
Cuba,2021-10-18,"Abdala, Soberana02",https://salud.msp.gob.cu/actualizacion-de-la-vacunacion-en-el-marco-de-los-estudios-de-los-candidatos-vacunales-cubanos-y-la-intervencion-sanitaria/,24839602,9734489,6820549,
Cuba,2021-10-19,"Abdala, Soberana02",https://salud.msp.gob.cu/actualizacion-de-la-vacunacion-en-el-marco-de-los-estudios-de-los-candidatos-vacunales-cubanos-y-la-intervencion-sanitaria/,24972060,9750407,6857060,
Cuba,2021-10-20,"Abdala, Soberana02",https://salud.msp.gob.cu/actualizacion-de-la-vacunacion-en-el-marco-de-los-estudios-de-los-candidatos-vacunales-cubanos-y-la-intervencion-sanitaria/,25081025,9764590,6895689,
Cuba,2021-10-21,"Abdala, Soberana02",https://salud.msp.gob.cu/actualizacion-de-la-vacunacion-en-el-marco-de-los-estudios-de-los-candidatos-vacunales-cubanos-y-la-intervencion-sanitaria/,25182537,9780864,6939289,
Cuba,2021-10-22,"Abdala, Soberana02",https://salud.msp.gob.cu/actualizacion-de-la-vacunacion-en-el-marco-de-los-estudios-de-los-candidatos-vacunales-cubanos-y-la-intervencion-sanitaria/,25275700,9795606,6983098,
Cuba,2021-10-23,"Abdala, Soberana02",https://salud.msp.gob.cu/actualizacion-de-la-vacunacion-en-el-marco-de-los-estudios-de-los-candidatos-vacunales-cubanos-y-la-intervencion-sanitaria/,25330666,9802963,7013247,
Cuba,2021-10-24,"Abdala, Soberana02",https://salud.msp.gob.cu/actualizacion-de-la-vacunacion-en-el-marco-de-los-estudios-de-los-candidatos-vacunales-cubanos-y-la-intervencion-sanitaria/,25357844,9805148,7030356,
Cuba,2021-10-25,"Abdala, Soberana02",https://salud.msp.gob.cu/actualizacion-de-la-vacunacion-en-el-marco-de-los-estudios-de-los-candidatos-vacunales-cubanos-y-la-intervencion-sanitaria/,25436117,9820338,7070412,
Cuba,2021-10-26,"Abdala, Soberana02",https://salud.msp.gob.cu/actualizacion-de-la-vacunacion-en-el-marco-de-los-estudios-de-los-candidatos-vacunales-cubanos-y-la-intervencion-sanitaria/,25510679,9832329,7110019,
Cuba,2021-10-27,"Abdala, Soberana02",https://salud.msp.gob.cu/actualizacion-de-la-vacunacion-en-el-marco-de-los-estudios-de-los-candidatos-vacunales-cubanos-y-la-intervencion-sanitaria/,25569841,9842563,7140556,
Cuba,2021-10-28,"Abdala, Soberana02",https://salud.msp.gob.cu/actualizacion-de-la-vacunacion-en-el-marco-de-los-estudios-de-los-candidatos-vacunales-cubanos-y-la-intervencion-sanitaria/,25633094,9854289,7171456,
Cuba,2021-10-29,"Abdala, Soberana02",https://salud.msp.gob.cu/actualizacion-de-la-vacunacion-en-el-marco-de-los-estudios-de-los-candidatos-vacunales-cubanos-y-la-intervencion-sanitaria/,25717783,9888050,7218258,
Cuba,2021-10-30,"Abdala, Soberana02",https://salud.msp.gob.cu/actualizacion-de-la-vacunacion-en-el-marco-de-los-estudios-de-los-candidatos-vacunales-cubanos-y-la-intervencion-sanitaria/,25772255,9922533,7258251,
Cuba,2021-10-31,"Abdala, Soberana02",https://salud.msp.gob.cu/actualizacion-de-la-vacunacion-en-el-marco-de-los-estudios-de-los-candidatos-vacunales-cubanos-y-la-intervencion-sanitaria/,25800950,9939797,7282929,
Cuba,2021-11-01,"Abdala, Soberana02",https://salud.msp.gob.cu/actualizacion-de-la-vacunacion-en-el-marco-de-los-estudios-de-los-candidatos-vacunales-cubanos-y-la-intervencion-sanitaria/,25869765,9963447,7326707,
Cuba,2021-11-02,"Abdala, Soberana02",https://salud.msp.gob.cu/actualizacion-de-la-vacunacion-en-el-marco-de-los-estudios-de-los-candidatos-vacunales-cubanos-y-la-intervencion-sanitaria/,25938815,9984120,7372161,
Cuba,2021-11-03,"Abdala, Soberana02",https://salud.msp.gob.cu/actualizacion-de-la-vacunacion-en-el-marco-de-los-estudios-de-los-candidatos-vacunales-cubanos-y-la-intervencion-sanitaria/,26007239,10002014,7419135,
Cuba,2021-11-04,"Abdala, Soberana02",https://salud.msp.gob.cu/actualizacion-de-la-vacunacion-en-el-marco-de-los-estudios-de-los-candidatos-vacunales-cubanos-y-la-intervencion-sanitaria/,26066217,10017665,7458669,
Cuba,2021-11-05,"Abdala, Soberana02",https://salud.msp.gob.cu/actualizacion-de-la-vacunacion-en-el-marco-de-los-estudios-de-los-candidatos-vacunales-cubanos-y-la-intervencion-sanitaria/,26262308,10033315,7631937,
Cuba,2021-11-06,"Abdala, Soberana02",https://salud.msp.gob.cu/actualizacion-de-la-vacunacion-en-el-marco-de-los-estudios-de-los-candidatos-vacunales-cubanos-y-la-intervencion-sanitaria/,26389209,,7747505,
Cuba,2021-11-07,"Abdala, Soberana02",https://salud.msp.gob.cu/actualizacion-de-la-vacunacion-en-el-marco-de-los-estudios-de-los-candidatos-vacunales-cubanos-y-la-intervencion-sanitaria/,26423596,,7779265,
Cuba,2021-11-08,"Abdala, Soberana02",https://salud.msp.gob.cu/actualizacion-de-la-vacunacion-en-el-marco-de-los-estudios-de-los-candidatos-vacunales-cubanos-y-la-intervencion-sanitaria/,26453315,10036001,7810402,
Cuba,2021-11-09,"Abdala, Soberana02",https://salud.msp.gob.cu/actualizacion-de-la-vacunacion-en-el-marco-de-los-estudios-de-los-candidatos-vacunales-cubanos-y-la-intervencion-sanitaria/,26564347,10048518,7883145,
Cuba,2021-11-10,"Abdala, Soberana02",https://salud.msp.gob.cu/actualizacion-de-la-vacunacion-en-el-marco-de-los-estudios-de-los-candidatos-vacunales-cubanos-y-la-intervencion-sanitaria/,26664153,10059462,7967430,
Cuba,2021-11-11,"Abdala, Soberana02",https://salud.msp.gob.cu/actualizacion-de-la-vacunacion-en-el-marco-de-los-estudios-de-los-candidatos-vacunales-cubanos-y-la-intervencion-sanitaria/,26852506,10070476,8138612,
Cuba,2021-11-12,"Abdala, Soberana02",https://salud.msp.gob.cu/actualizacion-de-la-vacunacion-en-el-marco-de-los-estudios-de-los-candidatos-vacunales-cubanos-y-la-intervencion-sanitaria/,27039584,10080202,8307956,
Cuba,2021-11-13,"Abdala, Soberana02",https://salud.msp.gob.cu/actualizacion-de-la-vacunacion-en-el-marco-de-los-estudios-de-los-candidatos-vacunales-cubanos-y-la-intervencion-sanitaria/,27284188,10084965,8543079,
Cuba,2021-11-14,"Abdala, Soberana02",https://salud.msp.gob.cu/actualizacion-de-la-vacunacion-en-el-marco-de-los-estudios-de-los-candidatos-vacunales-cubanos-y-la-intervencion-sanitaria/,27424183,10086396,8679636,
Cuba,2021-11-15,"Abdala, Soberana02",https://salud.msp.gob.cu/actualizacion-de-la-vacunacion-en-el-marco-de-los-estudios-de-los-candidatos-vacunales-cubanos-y-la-intervencion-sanitaria/,27568581,10094401,8807998,
Cuba,2021-11-16,"Abdala, Soberana02",https://salud.msp.gob.cu/actualizacion-de-la-vacunacion-en-el-marco-de-los-estudios-de-los-candidatos-vacunales-cubanos-y-la-intervencion-sanitaria/,27670213,10102486,8893920,
Cuba,2021-11-17,"Abdala, Soberana02",https://salud.msp.gob.cu/actualizacion-de-la-vacunacion-en-el-marco-de-los-estudios-de-los-candidatos-vacunales-cubanos-y-la-intervencion-sanitaria/,27741924,10110794,8951589,
Cuba,2021-11-18,"Abdala, Soberana02",https://salud.msp.gob.cu/actualizacion-de-la-vacunacion-en-el-marco-de-los-estudios-de-los-candidatos-vacunales-cubanos-y-la-intervencion-sanitaria/,27794032,10118526,8991195,
Cuba,2021-11-19,"Abdala, Soberana02",https://salud.msp.gob.cu/actualizacion-de-la-vacunacion-en-el-marco-de-los-estudios-de-los-candidatos-vacunales-cubanos-y-la-intervencion-sanitaria/,27850290,10126186,9033415,
Cuba,2021-11-20,"Abdala, Soberana02",https://salud.msp.gob.cu/actualizacion-de-la-vacunacion-en-el-marco-de-los-estudios-de-los-candidatos-vacunales-cubanos-y-la-intervencion-sanitaria/,27872484,10129065,9050528,
Cuba,2021-11-21,"Abdala, Soberana02",https://salud.msp.gob.cu/actualizacion-de-la-vacunacion-en-el-marco-de-los-estudios-de-los-candidatos-vacunales-cubanos-y-la-intervencion-sanitaria/,27878409,10129320,9054649,
Cuba,2021-11-22,"Abdala, Soberana02",https://salud.msp.gob.cu/actualizacion-de-la-vacunacion-en-el-marco-de-los-estudios-de-los-candidatos-vacunales-cubanos-y-la-intervencion-sanitaria/,27923083,10136225,9086703,
Cuba,2021-11-23,"Abdala, Soberana02",https://salud.msp.gob.cu/actualizacion-de-la-vacunacion-en-el-marco-de-los-estudios-de-los-candidatos-vacunales-cubanos-y-la-intervencion-sanitaria/,27961410,10142765,9114147,
Cuba,2021-11-26,"Abdala, Soberana02",https://salud.msp.gob.cu/actualizacion-de-la-vacunacion-en-el-marco-de-los-estudios-de-los-candidatos-vacunales-cubanos-y-la-intervencion-sanitaria/,28373238,10161233,9186075,
Cuba,2021-11-27,"Abdala, Soberana02",https://salud.msp.gob.cu/actualizacion-de-la-vacunacion-en-el-marco-de-los-estudios-de-los-candidatos-vacunales-cubanos-y-la-intervencion-sanitaria/,28396291,10163235,9194017,
Cuba,2021-11-28,"Abdala, Soberana02",https://salud.msp.gob.cu/actualizacion-de-la-vacunacion-en-el-marco-de-los-estudios-de-los-candidatos-vacunales-cubanos-y-la-intervencion-sanitaria/,28402651,10163695,9195366,
Cuba,2021-11-29,"Abdala, Soberana02",https://salud.msp.gob.cu/actualizacion-de-la-vacunacion-en-el-marco-de-los-estudios-de-los-candidatos-vacunales-cubanos-y-la-intervencion-sanitaria/,28434067,10169492,9217347,
Cuba,2021-11-30,"Abdala, Soberana02",https://salud.msp.gob.cu/actualizacion-de-la-vacunacion-en-el-marco-de-los-estudios-de-los-candidatos-vacunales-cubanos-y-la-intervencion-sanitaria/,28485574,10175287,9237847,
Cuba,2021-12-01,"Abdala, Soberana02",https://salud.msp.gob.cu/actualizacion-de-la-vacunacion-en-el-marco-de-los-estudios-de-los-candidatos-vacunales-cubanos-y-la-intervencion-sanitaria/,28541948,10181265,9255012,
Cuba,2021-12-02,"Abdala, Soberana02",https://salud.msp.gob.cu/actualizacion-de-la-vacunacion-en-el-marco-de-los-estudios-de-los-candidatos-vacunales-cubanos-y-la-intervencion-sanitaria/,28592611,10188084,9270769,
Cuba,2021-12-03,"Abdala, Soberana02",https://salud.msp.gob.cu/actualizacion-de-la-vacunacion-en-el-marco-de-los-estudios-de-los-candidatos-vacunales-cubanos-y-la-intervencion-sanitaria/,28623729,10190888,9280509,
Cuba,2021-12-04,"Abdala, Soberana02",https://salud.msp.gob.cu/actualizacion-de-la-vacunacion-en-el-marco-de-los-estudios-de-los-candidatos-vacunales-cubanos-y-la-intervencion-sanitaria/,28644008,10192588,9286956,
Cuba,2021-12-05,"Abdala, Soberana02",https://salud.msp.gob.cu/actualizacion-de-la-vacunacion-en-el-marco-de-los-estudios-de-los-candidatos-vacunales-cubanos-y-la-intervencion-sanitaria/,28651157,10192861,9287955,
Cuba,2021-12-06,"Abdala, Soberana02",https://salud.msp.gob.cu/actualizacion-de-la-vacunacion-en-el-marco-de-los-estudios-de-los-candidatos-vacunales-cubanos-y-la-intervencion-sanitaria/,28677318,10198006,9305674,
Cuba,2021-12-07,"Abdala, Soberana02",https://salud.msp.gob.cu/actualizacion-de-la-vacunacion-en-el-marco-de-los-estudios-de-los-candidatos-vacunales-cubanos-y-la-intervencion-sanitaria/,28741454,10202801,9318613,
Cuba,2021-12-08,"Abdala, Soberana02",https://salud.msp.gob.cu/actualizacion-de-la-vacunacion-en-el-marco-de-los-estudios-de-los-candidatos-vacunales-cubanos-y-la-intervencion-sanitaria/,28822131,10207648,9331520,
Cuba,2021-12-09,"Abdala, Soberana02",https://salud.msp.gob.cu/actualizacion-de-la-vacunacion-en-el-marco-de-los-estudios-de-los-candidatos-vacunales-cubanos-y-la-intervencion-sanitaria/,28892653,10212248,9343711,
Cuba,2021-12-10,"Abdala, Soberana02",https://salud.msp.gob.cu/actualizacion-de-la-vacunacion-en-el-marco-de-los-estudios-de-los-candidatos-vacunales-cubanos-y-la-intervencion-sanitaria/,28960590,10217205,9357454,
Cuba,2021-12-11,"Abdala, Soberana02",https://salud.msp.gob.cu/actualizacion-de-la-vacunacion-en-el-marco-de-los-estudios-de-los-candidatos-vacunales-cubanos-y-la-intervencion-sanitaria/,29006443,10218705,9361872,
Cuba,2021-12-12,"Abdala, Soberana02",https://salud.msp.gob.cu/actualizacion-de-la-vacunacion-en-el-marco-de-los-estudios-de-los-candidatos-vacunales-cubanos-y-la-intervencion-sanitaria/,29032134,10218940,9362628,
Cuba,2021-12-13,"Abdala, Soberana02",https://salud.msp.gob.cu/actualizacion-de-la-vacunacion-en-el-marco-de-los-estudios-de-los-candidatos-vacunales-cubanos-y-la-intervencion-sanitaria/,29055632,10223122,9376207,
Cuba,2021-12-14,"Abdala, Soberana02",https://salud.msp.gob.cu/actualizacion-de-la-vacunacion-en-el-marco-de-los-estudios-de-los-candidatos-vacunales-cubanos-y-la-intervencion-sanitaria/,29090880,10227387,9388653,
Cuba,2021-12-15,"Abdala, Soberana02",https://salud.msp.gob.cu/actualizacion-de-la-vacunacion-en-el-marco-de-los-estudios-de-los-candidatos-vacunales-cubanos-y-la-intervencion-sanitaria/,29126523,10235340,9402992,
Cuba,2021-12-16,"Abdala, Soberana02",https://salud.msp.gob.cu/actualizacion-de-la-vacunacion-en-el-marco-de-los-estudios-de-los-candidatos-vacunales-cubanos-y-la-intervencion-sanitaria/,29224482,10266992,9440384,
Cuba,2021-12-17,"Abdala, Soberana02",https://salud.msp.gob.cu/actualizacion-de-la-vacunacion-en-el-marco-de-los-estudios-de-los-candidatos-vacunales-cubanos-y-la-intervencion-sanitaria/,29292150,10299822,9478586,
Cuba,2021-12-18,"Abdala, Soberana02",https://salud.msp.gob.cu/actualizacion-de-la-vacunacion-en-el-marco-de-los-estudios-de-los-candidatos-vacunales-cubanos-y-la-intervencion-sanitaria/,29330035,10313482,9494597,
Cuba,2021-12-19,"Abdala, Soberana02",https://salud.msp.gob.cu/actualizacion-de-la-vacunacion-en-el-marco-de-los-estudios-de-los-candidatos-vacunales-cubanos-y-la-intervencion-sanitaria/,29370584,10316552,9498051,
Cuba,2021-12-20,"Abdala, Soberana02",https://salud.msp.gob.cu/actualizacion-de-la-vacunacion-en-el-marco-de-los-estudios-de-los-candidatos-vacunales-cubanos-y-la-intervencion-sanitaria/,29404770,10332705,9519495,891494
Cuba,2021-12-21,"Abdala, Soberana02",https://salud.msp.gob.cu/actualizacion-de-la-vacunacion-en-el-marco-de-los-estudios-de-los-candidatos-vacunales-cubanos-y-la-intervencion-sanitaria/,29462299,10346041,9537322,927302
Cuba,2021-12-22,"Abdala, Soberana02",https://salud.msp.gob.cu/actualizacion-de-la-vacunacion-en-el-marco-de-los-estudios-de-los-candidatos-vacunales-cubanos-y-la-intervencion-sanitaria/,29536349,10361109,9556317,978864
Cuba,2021-12-23,"Abdala, Soberana02",https://salud.msp.gob.cu/actualizacion-de-la-vacunacion-en-el-marco-de-los-estudios-de-los-candidatos-vacunales-cubanos-y-la-intervencion-sanitaria/,29636947,10377251,9576627,1055390
Cuba,2021-12-24,"Abdala, Soberana02",https://salud.msp.gob.cu/actualizacion-de-la-vacunacion-en-el-marco-de-los-estudios-de-los-candidatos-vacunales-cubanos-y-la-intervencion-sanitaria/,29769267,10393893,9597707,1163358
Cuba,2021-12-25,"Abdala, Soberana02",https://salud.msp.gob.cu/actualizacion-de-la-vacunacion-en-el-marco-de-los-estudios-de-los-candidatos-vacunales-cubanos-y-la-intervencion-sanitaria/,29936632,10396920,9601548,1325796
Cuba,2021-12-26,"Abdala, Soberana02",https://salud.msp.gob.cu/actualizacion-de-la-vacunacion-en-el-marco-de-los-estudios-de-los-candidatos-vacunales-cubanos-y-la-intervencion-sanitaria/,30023092,10397970,9604132,1409376
Cuba,2021-12-27,"Abdala, Soberana02",https://salud.msp.gob.cu/actualizacion-de-la-vacunacion-en-el-marco-de-los-estudios-de-los-candidatos-vacunales-cubanos-y-la-intervencion-sanitaria/,30090996,10416579,9626071,1449108
Cuba,2021-12-28,"Abdala, Soberana02",https://salud.msp.gob.cu/actualizacion-de-la-vacunacion-en-el-marco-de-los-estudios-de-los-candidatos-vacunales-cubanos-y-la-intervencion-sanitaria/,30274009,10429625,9643835,1610388
Cuba,2021-12-30,"Abdala, Soberana02",https://salud.msp.gob.cu/actualizacion-de-la-vacunacion-en-el-marco-de-los-estudios-de-los-candidatos-vacunales-cubanos-y-la-intervencion-sanitaria/,30719737,10448202,9670974,2021600
Cuba,2021-12-31,"Abdala, Soberana02",https://salud.msp.gob.cu/actualizacion-de-la-vacunacion-en-el-marco-de-los-estudios-de-los-candidatos-vacunales-cubanos-y-la-intervencion-sanitaria/,30874045,10448955,9672464,2174094
Cuba,2022-01-01,"Abdala, Soberana02",https://salud.msp.gob.cu/actualizacion-de-la-vacunacion-en-el-marco-de-los-estudios-de-los-candidatos-vacunales-cubanos-y-la-intervencion-sanitaria/,30888612,10449231,9672873,2188181
Cuba,2022-01-02,"Abdala, Soberana02",https://salud.msp.gob.cu/actualizacion-de-la-vacunacion-en-el-marco-de-los-estudios-de-los-candidatos-vacunales-cubanos-y-la-intervencion-sanitaria/,30891212,10449308,9673087,2190530
Cuba,2022-01-03,"Abdala, Soberana02",https://salud.msp.gob.cu/actualizacion-de-la-vacunacion-en-el-marco-de-los-estudios-de-los-candidatos-vacunales-cubanos-y-la-intervencion-sanitaria/,30895670,10449544,9673452,2194437
Cuba,2022-01-04,"Abdala, Soberana02",https://salud.msp.gob.cu/actualizacion-de-la-vacunacion-en-el-marco-de-los-estudios-de-los-candidatos-vacunales-cubanos-y-la-intervencion-sanitaria/,30925470,10455713,9683780,2209586
Cuba,2022-01-05,"Abdala, Soberana02",https://salud.msp.gob.cu/actualizacion-de-la-vacunacion-en-el-marco-de-los-estudios-de-los-candidatos-vacunales-cubanos-y-la-intervencion-sanitaria/,31020410,10464507,9696217,2287344
Cuba,2022-01-06,"Abdala, Soberana02",https://salud.msp.gob.cu/actualizacion-de-la-vacunacion-en-el-marco-de-los-estudios-de-los-candidatos-vacunales-cubanos-y-la-intervencion-sanitaria/,31165635,10473519,9707836,2415187
Cuba,2022-01-07,"Abdala, Soberana02",https://salud.msp.gob.cu/actualizacion-de-la-vacunacion-en-el-marco-de-los-estudios-de-los-candidatos-vacunales-cubanos-y-la-intervencion-sanitaria/,31344582,10482819,9719547,2577892
Cuba,2022-01-08,"Abdala, Soberana02",https://salud.msp.gob.cu/actualizacion-de-la-vacunacion-en-el-marco-de-los-estudios-de-los-candidatos-vacunales-cubanos-y-la-intervencion-sanitaria/,31527306,10487125,9724444,2753858
Cuba,2022-01-09,"Abdala, Soberana02",https://salud.msp.gob.cu/actualizacion-de-la-vacunacion-en-el-marco-de-los-estudios-de-los-candidatos-vacunales-cubanos-y-la-intervencion-sanitaria/,31689588,10488128,9725935,2914069
Cuba,2022-01-10,"Abdala, Soberana02",https://salud.msp.gob.cu/actualizacion-de-la-vacunacion-en-el-marco-de-los-estudios-de-los-candidatos-vacunales-cubanos-y-la-intervencion-sanitaria/,31803702,10495703,9735086,3014980
Cuba,2022-01-11,"Abdala, Soberana02",https://salud.msp.gob.cu/actualizacion-de-la-vacunacion-en-el-marco-de-los-estudios-de-los-candidatos-vacunales-cubanos-y-la-intervencion-sanitaria/,31975625,10504040,9745230,3172790
Cuba,2022-01-12,"Abdala, Soberana02",https://salud.msp.gob.cu/actualizacion-de-la-vacunacion-en-el-marco-de-los-estudios-de-los-candidatos-vacunales-cubanos-y-la-intervencion-sanitaria/,32161357,10511082,9754368,3345351
Cuba,2022-01-13,"Abdala, Soberana02",https://salud.msp.gob.cu/actualizacion-de-la-vacunacion-en-el-marco-de-los-estudios-de-los-candidatos-vacunales-cubanos-y-la-intervencion-sanitaria/,32375745,10517029,9761822,3548598
Cuba,2022-01-14,"Abdala, Soberana02",https://salud.msp.gob.cu/actualizacion-de-la-vacunacion-en-el-marco-de-los-estudios-de-los-candidatos-vacunales-cubanos-y-la-intervencion-sanitaria/,32600145,10523876,9769548,3761636
Cuba,2022-01-15,"Abdala, Soberana02",https://salud.msp.gob.cu/actualizacion-de-la-vacunacion-en-el-marco-de-los-estudios-de-los-candidatos-vacunales-cubanos-y-la-intervencion-sanitaria/,32808451,10526250,9771819,3966156
Cuba,2022-01-16,"Abdala, Soberana02",https://salud.msp.gob.cu/actualizacion-de-la-vacunacion-en-el-marco-de-los-estudios-de-los-candidatos-vacunales-cubanos-y-la-intervencion-sanitaria/,32942089,10526575,9772152,4098924
Cuba,2022-01-17,"Abdala, Soberana02",https://salud.msp.gob.cu/actualizacion-de-la-vacunacion-en-el-marco-de-los-estudios-de-los-candidatos-vacunales-cubanos-y-la-intervencion-sanitaria/,33013350,10531221,9777326,4162531
Cuba,2022-01-18,"Abdala, Soberana02",https://salud.msp.gob.cu/actualizacion-de-la-vacunacion-en-el-marco-de-los-estudios-de-los-candidatos-vacunales-cubanos-y-la-intervencion-sanitaria/,33145786,10535327,9782850,4286445
Cuba,2022-01-19,"Abdala, Soberana02",https://salud.msp.gob.cu/actualizacion-de-la-vacunacion-en-el-marco-de-los-estudios-de-los-candidatos-vacunales-cubanos-y-la-intervencion-sanitaria/,33275888,10539704,9788341,4407695
Cuba,2022-01-20,"Abdala, Soberana02",https://salud.msp.gob.cu/actualizacion-de-la-vacunacion-en-el-marco-de-los-estudios-de-los-candidatos-vacunales-cubanos-y-la-intervencion-sanitaria/,33422531,10544254,9793740,4545231
Cuba,2022-01-21,"Abdala, Soberana02",https://salud.msp.gob.cu/actualizacion-de-la-vacunacion-en-el-marco-de-los-estudios-de-los-candidatos-vacunales-cubanos-y-la-intervencion-sanitaria/,33549486,10548924,9799932,4662287
Cuba,2022-01-22,"Abdala, Soberana02",https://salud.msp.gob.cu/actualizacion-de-la-vacunacion-en-el-marco-de-los-estudios-de-los-candidatos-vacunales-cubanos-y-la-intervencion-sanitaria/,33659972,10549889,9801110,4770523
Cuba,2022-01-23,"Abdala, Soberana02",https://salud.msp.gob.cu/actualizacion-de-la-vacunacion-en-el-marco-de-los-estudios-de-los-candidatos-vacunales-cubanos-y-la-intervencion-sanitaria/,33727420,10550176,9801366,4837518
Cuba,2022-01-24,"Abdala, Soberana02",https://salud.msp.gob.cu/actualizacion-de-la-vacunacion-en-el-marco-de-los-estudios-de-los-candidatos-vacunales-cubanos-y-la-intervencion-sanitaria/,33775628,10554915,9807436,4876009
Cuba,2022-01-25,"Abdala, Soberana02",https://salud.msp.gob.cu/actualizacion-de-la-vacunacion-en-el-marco-de-los-estudios-de-los-candidatos-vacunales-cubanos-y-la-intervencion-sanitaria/,33866971,10558532,9811501,4876009
Cuba,2022-01-26,"Abdala, Soberana02",https://salud.msp.gob.cu/actualizacion-de-la-vacunacion-en-el-marco-de-los-estudios-de-los-candidatos-vacunales-cubanos-y-la-intervencion-sanitaria/,33968091,10561720,9815389,5054186
Cuba,2022-01-27,"Abdala, Soberana02",https://salud.msp.gob.cu/actualizacion-de-la-vacunacion-en-el-marco-de-los-estudios-de-los-candidatos-vacunales-cubanos-y-la-intervencion-sanitaria/,34067429,10564918,9819198,5145349
Cuba,2022-01-28,"Abdala, Soberana02",https://salud.msp.gob.cu/actualizacion-de-la-vacunacion-en-el-marco-de-los-estudios-de-los-candidatos-vacunales-cubanos-y-la-intervencion-sanitaria/,34148586,10568180,9822769,5220110
Cuba,2022-01-29,"Abdala, Soberana02",https://salud.msp.gob.cu/actualizacion-de-la-vacunacion-en-el-marco-de-los-estudios-de-los-candidatos-vacunales-cubanos-y-la-intervencion-sanitaria/,34236418,10569179,9823714,5306237
Cuba,2022-01-30,"Abdala, Soberana02",https://salud.msp.gob.cu/actualizacion-de-la-vacunacion-en-el-marco-de-los-estudios-de-los-candidatos-vacunales-cubanos-y-la-intervencion-sanitaria/,34278865,10569265,9823862,5348499
Cuba,2022-01-31,"Abdala, Soberana02",https://salud.msp.gob.cu/actualizacion-de-la-vacunacion-en-el-marco-de-los-estudios-de-los-candidatos-vacunales-cubanos-y-la-intervencion-sanitaria/,34298831,10571945,9831581,5358553
Cuba,2022-02-01,"Abdala, Soberana02",https://salud.msp.gob.cu/actualizacion-de-la-vacunacion-en-el-marco-de-los-estudios-de-los-candidatos-vacunales-cubanos-y-la-intervencion-sanitaria/,34345875,10574142,9834152,5400947
Cuba,2022-02-04,"Abdala, Soberana02",https://salud.msp.gob.cu/actualizacion-de-la-vacunacion-en-el-marco-de-los-estudios-de-los-candidatos-vacunales-cubanos-y-la-intervencion-sanitaria/,34504944,10580423,9842728,5542906
Cuba,2022-02-05,"Abdala, Soberana02",https://salud.msp.gob.cu/actualizacion-de-la-vacunacion-en-el-marco-de-los-estudios-de-los-candidatos-vacunales-cubanos-y-la-intervencion-sanitaria/,34551520,10581126,9843502,5587846
Cuba,2022-02-06,"Abdala, Soberana02",https://salud.msp.gob.cu/actualizacion-de-la-vacunacion-en-el-marco-de-los-estudios-de-los-candidatos-vacunales-cubanos-y-la-intervencion-sanitaria/,34577234,10581273,9843728,5613068
Cuba,2022-02-07,"Abdala, Soberana02",https://salud.msp.gob.cu/actualizacion-de-la-vacunacion-en-el-marco-de-los-estudios-de-los-candidatos-vacunales-cubanos-y-la-intervencion-sanitaria/,34588070,10583276,9846370,5618814
Cuba,2022-02-08,"Abdala, Soberana02",https://salud.msp.gob.cu/actualizacion-de-la-vacunacion-en-el-marco-de-los-estudios-de-los-candidatos-vacunales-cubanos-y-la-intervencion-sanitaria/,34623506,10585309,9849252,5648870
Cuba,2022-02-09,"Abdala, Soberana02",https://salud.msp.gob.cu/actualizacion-de-la-vacunacion-en-el-marco-de-los-estudios-de-los-candidatos-vacunales-cubanos-y-la-intervencion-sanitaria/,34653847,10587170,9851616,5674624
Cuba,2022-02-10,"Abdala, Soberana02",https://salud.msp.gob.cu/actualizacion-de-la-vacunacion-en-el-marco-de-los-estudios-de-los-candidatos-vacunales-cubanos-y-la-intervencion-sanitaria/,34684400,10589033,9854381,5700280
Cuba,2022-02-11,"Abdala, Soberana02",https://salud.msp.gob.cu/actualizacion-de-la-vacunacion-en-el-marco-de-los-estudios-de-los-candidatos-vacunales-cubanos-y-la-intervencion-sanitaria/,34712606,10591122,9857305,5722905
Cuba,2022-02-12,"Abdala, Soberana02",https://salud.msp.gob.cu/actualizacion-de-la-vacunacion-en-el-marco-de-los-estudios-de-los-candidatos-vacunales-cubanos-y-la-intervencion-sanitaria/,34735729,10591632,9858081,5744577
Cuba,2022-02-13,"Abdala, Soberana02",https://salud.msp.gob.cu/actualizacion-de-la-vacunacion-en-el-marco-de-los-estudios-de-los-candidatos-vacunales-cubanos-y-la-intervencion-sanitaria/,34748037,10591716,9858220,5756692
Cuba,2022-02-14,"Abdala, Soberana02",https://salud.msp.gob.cu/actualizacion-de-la-vacunacion-en-el-marco-de-los-estudios-de-los-candidatos-vacunales-cubanos-y-la-intervencion-sanitaria/,34754239,10592857,9860083,5759487
Cuba,2022-02-15,"Abdala, Soberana02",https://salud.msp.gob.cu/actualizacion-de-la-vacunacion-en-el-marco-de-los-estudios-de-los-candidatos-vacunales-cubanos-y-la-intervencion-sanitaria/,34775103,10594300,9862067,5776600
Cuba,2022-02-16,"Abdala, Soberana02",https://salud.msp.gob.cu/actualizacion-de-la-vacunacion-en-el-marco-de-los-estudios-de-los-candidatos-vacunales-cubanos-y-la-intervencion-sanitaria/,34797939,10595818,9864341,5795263
Cuba,2022-02-17,"Abdala, Soberana02",https://salud.msp.gob.cu/actualizacion-de-la-vacunacion-en-el-marco-de-los-estudios-de-los-candidatos-vacunales-cubanos-y-la-intervencion-sanitaria/,34823700,10597367,9866414,5816975
Cuba,2022-02-18,"Abdala, Soberana02",https://salud.msp.gob.cu/actualizacion-de-la-vacunacion-en-el-marco-de-los-estudios-de-los-candidatos-vacunales-cubanos-y-la-intervencion-sanitaria/,34849139,10599029,9868835,5835924
Cuba,2022-02-19,"Abdala, Soberana02",https://salud.msp.gob.cu/actualizacion-de-la-vacunacion-en-el-marco-de-los-estudios-de-los-candidatos-vacunales-cubanos-y-la-intervencion-sanitaria/,34870616,10599501,9869609,5857903
Cuba,2022-02-20,"Abdala, Soberana02",https://salud.msp.gob.cu/actualizacion-de-la-vacunacion-en-el-marco-de-los-estudios-de-los-candidatos-vacunales-cubanos-y-la-intervencion-sanitaria/,34878966,10599670,9869824,5865836
Cuba,2022-02-21,"Abdala, Soberana02",https://salud.msp.gob.cu/actualizacion-de-la-vacunacion-en-el-marco-de-los-estudios-de-los-candidatos-vacunales-cubanos-y-la-intervencion-sanitaria/,34884614,10601059,9871746,5867673
Cuba,2022-02-22,"Abdala, Soberana02",https://salud.msp.gob.cu/actualizacion-de-la-vacunacion-en-el-marco-de-los-estudios-de-los-candidatos-vacunales-cubanos-y-la-intervencion-sanitaria/,34907460,10602860,9873957,5886414
Cuba,2022-02-23,"Abdala, Soberana02",https://salud.msp.gob.cu/actualizacion-de-la-vacunacion-en-el-marco-de-los-estudios-de-los-candidatos-vacunales-cubanos-y-la-intervencion-sanitaria/,34926914,10604386,9875909,5902129
Cuba,2022-02-24,"Abdala, Soberana02",https://salud.msp.gob.cu/actualizacion-de-la-vacunacion-en-el-marco-de-los-estudios-de-los-candidatos-vacunales-cubanos-y-la-intervencion-sanitaria/,34947655,10605876,9877890,5919155
Cuba,2022-02-25,"Abdala, Soberana02",https://salud.msp.gob.cu/actualizacion-de-la-vacunacion-en-el-marco-de-los-estudios-de-los-candidatos-vacunales-cubanos-y-la-intervencion-sanitaria/,34971046,10607418,9879995,5938099
Cuba,2022-02-26,"Abdala, Soberana02, Soberana Plus",https://salud.msp.gob.cu/actualizacion-de-la-vacunacion-en-el-marco-de-los-estudios-de-los-candidatos-vacunales-cubanos-y-la-intervencion-sanitaria/,34988004,10608045,9880844,5953475
