location,date,vaccine,source_url,total_vaccinations,people_vaccinated,people_fully_vaccinated,total_boosters
Czechia,2020-12-27,Pfizer/BioNTech,https://onemocneni-aktualne.mzcr.cz/covid-19,1287,1287,0,0
Czechia,2020-12-28,Pfizer/BioNTech,https://onemocneni-aktualne.mzcr.cz/covid-19,3591,3591,0,0
Czechia,2020-12-29,Pfizer/BioNTech,https://onemocneni-aktualne.mzcr.cz/covid-19,7063,7062,1,0
Czechia,2020-12-30,Pfizer/BioNTech,https://onemocneni-aktualne.mzcr.cz/covid-19,10583,10582,1,0
Czechia,2020-12-31,Pfizer/BioNTech,https://onemocneni-aktualne.mzcr.cz/covid-19,11894,11893,1,0
Czechia,2021-01-01,"Moderna, Pfizer/BioNTech",https://onemocneni-aktualne.mzcr.cz/covid-19,12164,12163,1,0
Czechia,2021-01-02,"Moderna, Pfizer/BioNTech",https://onemocneni-aktualne.mzcr.cz/covid-19,13446,13445,1,0
Czechia,2021-01-03,"Moderna, Pfizer/BioNTech",https://onemocneni-aktualne.mzcr.cz/covid-19,14372,14371,1,0
Czechia,2021-01-04,"Moderna, Pfizer/BioNTech",https://onemocneni-aktualne.mzcr.cz/covid-19,17986,17985,1,0
Czechia,2021-01-05,"Moderna, Pfizer/BioNTech",https://onemocneni-aktualne.mzcr.cz/covid-19,22514,22512,2,0
Czechia,2021-01-06,"Moderna, Pfizer/BioNTech",https://onemocneni-aktualne.mzcr.cz/covid-19,28363,28360,3,0
Czechia,2021-01-07,"Moderna, Pfizer/BioNTech",https://onemocneni-aktualne.mzcr.cz/covid-19,36364,36361,3,0
Czechia,2021-01-08,"Moderna, Pfizer/BioNTech",https://onemocneni-aktualne.mzcr.cz/covid-19,46420,46416,4,0
Czechia,2021-01-09,"Moderna, Pfizer/BioNTech",https://onemocneni-aktualne.mzcr.cz/covid-19,48450,48444,6,0
Czechia,2021-01-10,"Moderna, Pfizer/BioNTech",https://onemocneni-aktualne.mzcr.cz/covid-19,50223,50215,8,0
Czechia,2021-01-11,"Moderna, Pfizer/BioNTech",https://onemocneni-aktualne.mzcr.cz/covid-19,60085,60075,10,0
Czechia,2021-01-12,"Moderna, Pfizer/BioNTech",https://onemocneni-aktualne.mzcr.cz/covid-19,73544,73532,12,0
Czechia,2021-01-13,"Moderna, Pfizer/BioNTech",https://onemocneni-aktualne.mzcr.cz/covid-19,87094,87082,12,0
Czechia,2021-01-14,"Moderna, Pfizer/BioNTech",https://onemocneni-aktualne.mzcr.cz/covid-19,102356,102340,16,0
Czechia,2021-01-15,"Moderna, Pfizer/BioNTech",https://onemocneni-aktualne.mzcr.cz/covid-19,116380,116363,17,0
Czechia,2021-01-16,"Moderna, Pfizer/BioNTech",https://onemocneni-aktualne.mzcr.cz/covid-19,119788,119767,21,0
Czechia,2021-01-17,"Moderna, Pfizer/BioNTech",https://onemocneni-aktualne.mzcr.cz/covid-19,123045,122388,657,0
Czechia,2021-01-18,"Moderna, Pfizer/BioNTech",https://onemocneni-aktualne.mzcr.cz/covid-19,137367,134883,2484,0
Czechia,2021-01-19,"Moderna, Pfizer/BioNTech",https://onemocneni-aktualne.mzcr.cz/covid-19,152710,147497,5213,0
Czechia,2021-01-20,"Moderna, Pfizer/BioNTech",https://onemocneni-aktualne.mzcr.cz/covid-19,169071,161194,7877,0
Czechia,2021-01-21,"Moderna, Pfizer/BioNTech",https://onemocneni-aktualne.mzcr.cz/covid-19,186470,176851,9619,0
Czechia,2021-01-22,"Moderna, Pfizer/BioNTech",https://onemocneni-aktualne.mzcr.cz/covid-19,202411,191746,10665,0
Czechia,2021-01-23,"Moderna, Pfizer/BioNTech",https://onemocneni-aktualne.mzcr.cz/covid-19,206610,195066,11544,0
Czechia,2021-01-24,"Moderna, Pfizer/BioNTech",https://onemocneni-aktualne.mzcr.cz/covid-19,209736,197322,12414,0
Czechia,2021-01-25,"Moderna, Pfizer/BioNTech",https://onemocneni-aktualne.mzcr.cz/covid-19,222365,206977,15388,0
Czechia,2021-01-26,"Moderna, Pfizer/BioNTech",https://onemocneni-aktualne.mzcr.cz/covid-19,236907,217527,19380,0
Czechia,2021-01-27,"Moderna, Pfizer/BioNTech",https://onemocneni-aktualne.mzcr.cz/covid-19,250476,226560,23916,0
Czechia,2021-01-28,"Moderna, Pfizer/BioNTech",https://onemocneni-aktualne.mzcr.cz/covid-19,263714,233663,30051,0
Czechia,2021-01-29,"Moderna, Pfizer/BioNTech",https://onemocneni-aktualne.mzcr.cz/covid-19,277843,239882,37961,0
Czechia,2021-01-30,"Moderna, Pfizer/BioNTech",https://onemocneni-aktualne.mzcr.cz/covid-19,279672,240623,39049,0
Czechia,2021-01-31,"Moderna, Pfizer/BioNTech",https://onemocneni-aktualne.mzcr.cz/covid-19,281572,241341,40231,0
Czechia,2021-02-01,"Moderna, Pfizer/BioNTech",https://onemocneni-aktualne.mzcr.cz/covid-19,293524,245323,48201,0
Czechia,2021-02-02,"Moderna, Pfizer/BioNTech",https://onemocneni-aktualne.mzcr.cz/covid-19,307918,249477,58441,0
Czechia,2021-02-03,"Moderna, Pfizer/BioNTech",https://onemocneni-aktualne.mzcr.cz/covid-19,323369,253904,69465,0
Czechia,2021-02-04,"Moderna, Pfizer/BioNTech",https://onemocneni-aktualne.mzcr.cz/covid-19,341273,258812,82461,0
Czechia,2021-02-05,"Moderna, Pfizer/BioNTech",https://onemocneni-aktualne.mzcr.cz/covid-19,357424,264286,93138,0
Czechia,2021-02-06,"Moderna, Oxford/AstraZeneca, Pfizer/BioNTech",https://onemocneni-aktualne.mzcr.cz/covid-19,360648,265143,95505,0
Czechia,2021-02-07,"Moderna, Oxford/AstraZeneca, Pfizer/BioNTech",https://onemocneni-aktualne.mzcr.cz/covid-19,364000,265995,98005,0
Czechia,2021-02-08,"Moderna, Oxford/AstraZeneca, Pfizer/BioNTech",https://onemocneni-aktualne.mzcr.cz/covid-19,379529,270090,109439,0
Czechia,2021-02-09,"Moderna, Oxford/AstraZeneca, Pfizer/BioNTech",https://onemocneni-aktualne.mzcr.cz/covid-19,396554,275198,121356,0
Czechia,2021-02-10,"Moderna, Oxford/AstraZeneca, Pfizer/BioNTech",https://onemocneni-aktualne.mzcr.cz/covid-19,415334,280715,134619,0
Czechia,2021-02-11,"Moderna, Oxford/AstraZeneca, Pfizer/BioNTech",https://onemocneni-aktualne.mzcr.cz/covid-19,437898,287056,150842,0
Czechia,2021-02-12,"Moderna, Oxford/AstraZeneca, Pfizer/BioNTech",https://onemocneni-aktualne.mzcr.cz/covid-19,459476,293886,165590,0
Czechia,2021-02-13,"Moderna, Oxford/AstraZeneca, Pfizer/BioNTech",https://onemocneni-aktualne.mzcr.cz/covid-19,464080,295501,168579,0
Czechia,2021-02-14,"Moderna, Oxford/AstraZeneca, Pfizer/BioNTech",https://onemocneni-aktualne.mzcr.cz/covid-19,466472,296507,169965,0
Czechia,2021-02-15,"Moderna, Oxford/AstraZeneca, Pfizer/BioNTech",https://onemocneni-aktualne.mzcr.cz/covid-19,482242,302906,179336,0
Czechia,2021-02-16,"Moderna, Oxford/AstraZeneca, Pfizer/BioNTech",https://onemocneni-aktualne.mzcr.cz/covid-19,500048,311628,188420,0
Czechia,2021-02-17,"Moderna, Oxford/AstraZeneca, Pfizer/BioNTech",https://onemocneni-aktualne.mzcr.cz/covid-19,518061,321331,196730,0
Czechia,2021-02-18,"Moderna, Oxford/AstraZeneca, Pfizer/BioNTech",https://onemocneni-aktualne.mzcr.cz/covid-19,538475,333661,204814,0
Czechia,2021-02-19,"Moderna, Oxford/AstraZeneca, Pfizer/BioNTech",https://onemocneni-aktualne.mzcr.cz/covid-19,557721,345527,212194,0
Czechia,2021-02-20,"Moderna, Oxford/AstraZeneca, Pfizer/BioNTech",https://onemocneni-aktualne.mzcr.cz/covid-19,560917,347537,213380,0
Czechia,2021-02-21,"Moderna, Oxford/AstraZeneca, Pfizer/BioNTech",https://onemocneni-aktualne.mzcr.cz/covid-19,563080,348674,214406,0
Czechia,2021-02-22,"Moderna, Oxford/AstraZeneca, Pfizer/BioNTech",https://onemocneni-aktualne.mzcr.cz/covid-19,579245,358801,220444,0
Czechia,2021-02-23,"Moderna, Oxford/AstraZeneca, Pfizer/BioNTech",https://onemocneni-aktualne.mzcr.cz/covid-19,599202,371766,227436,0
Czechia,2021-02-24,"Moderna, Oxford/AstraZeneca, Pfizer/BioNTech",https://onemocneni-aktualne.mzcr.cz/covid-19,619129,385650,233479,0
Czechia,2021-02-25,"Moderna, Oxford/AstraZeneca, Pfizer/BioNTech",https://onemocneni-aktualne.mzcr.cz/covid-19,642665,403634,239031,0
Czechia,2021-02-26,"Moderna, Oxford/AstraZeneca, Pfizer/BioNTech",https://onemocneni-aktualne.mzcr.cz/covid-19,664207,419814,244393,0
Czechia,2021-02-27,"Moderna, Oxford/AstraZeneca, Pfizer/BioNTech",https://onemocneni-aktualne.mzcr.cz/covid-19,667778,422825,244953,0
Czechia,2021-02-28,"Moderna, Oxford/AstraZeneca, Pfizer/BioNTech",https://onemocneni-aktualne.mzcr.cz/covid-19,670688,425183,245505,0
Czechia,2021-03-01,"Moderna, Oxford/AstraZeneca, Pfizer/BioNTech",https://onemocneni-aktualne.mzcr.cz/covid-19,693741,444785,248956,0
Czechia,2021-03-02,"Moderna, Oxford/AstraZeneca, Pfizer/BioNTech",https://onemocneni-aktualne.mzcr.cz/covid-19,724521,472015,252506,0
Czechia,2021-03-03,"Moderna, Oxford/AstraZeneca, Pfizer/BioNTech",https://onemocneni-aktualne.mzcr.cz/covid-19,759993,502976,257017,0
Czechia,2021-03-04,"Moderna, Oxford/AstraZeneca, Pfizer/BioNTech",https://onemocneni-aktualne.mzcr.cz/covid-19,797976,536269,261707,0
Czechia,2021-03-05,"Johnson&Johnson, Moderna, Oxford/AstraZeneca, Pfizer/BioNTech",https://onemocneni-aktualne.mzcr.cz/covid-19,832250,565117,267135,0
Czechia,2021-03-06,"Johnson&Johnson, Moderna, Oxford/AstraZeneca, Pfizer/BioNTech",https://onemocneni-aktualne.mzcr.cz/covid-19,845266,577275,268000,0
Czechia,2021-03-07,"Johnson&Johnson, Moderna, Oxford/AstraZeneca, Pfizer/BioNTech",https://onemocneni-aktualne.mzcr.cz/covid-19,857656,588824,268843,0
Czechia,2021-03-08,"Johnson&Johnson, Moderna, Oxford/AstraZeneca, Pfizer/BioNTech",https://onemocneni-aktualne.mzcr.cz/covid-19,892266,618574,273706,0
Czechia,2021-03-09,"Johnson&Johnson, Moderna, Oxford/AstraZeneca, Pfizer/BioNTech",https://onemocneni-aktualne.mzcr.cz/covid-19,935021,654945,280092,0
Czechia,2021-03-10,"Johnson&Johnson, Moderna, Oxford/AstraZeneca, Pfizer/BioNTech",https://onemocneni-aktualne.mzcr.cz/covid-19,983316,696282,287053,0
Czechia,2021-03-11,"Johnson&Johnson, Moderna, Oxford/AstraZeneca, Pfizer/BioNTech",https://onemocneni-aktualne.mzcr.cz/covid-19,1036544,741138,295428,0
Czechia,2021-03-12,"Johnson&Johnson, Moderna, Oxford/AstraZeneca, Pfizer/BioNTech",https://onemocneni-aktualne.mzcr.cz/covid-19,1083807,779906,303925,0
Czechia,2021-03-13,"Johnson&Johnson, Moderna, Oxford/AstraZeneca, Pfizer/BioNTech",https://onemocneni-aktualne.mzcr.cz/covid-19,1102229,797015,305240,0
Czechia,2021-03-14,"Johnson&Johnson, Moderna, Oxford/AstraZeneca, Pfizer/BioNTech",https://onemocneni-aktualne.mzcr.cz/covid-19,1115502,809134,306396,0
Czechia,2021-03-15,"Johnson&Johnson, Moderna, Oxford/AstraZeneca, Pfizer/BioNTech",https://onemocneni-aktualne.mzcr.cz/covid-19,1152682,837532,315179,0
Czechia,2021-03-16,"Johnson&Johnson, Moderna, Oxford/AstraZeneca, Pfizer/BioNTech",https://onemocneni-aktualne.mzcr.cz/covid-19,1202114,876428,325717,0
Czechia,2021-03-17,"Johnson&Johnson, Moderna, Oxford/AstraZeneca, Pfizer/BioNTech",https://onemocneni-aktualne.mzcr.cz/covid-19,1250117,913918,336230,0
Czechia,2021-03-18,"Johnson&Johnson, Moderna, Oxford/AstraZeneca, Pfizer/BioNTech",https://onemocneni-aktualne.mzcr.cz/covid-19,1300540,951922,348655,0
Czechia,2021-03-19,"Johnson&Johnson, Moderna, Oxford/AstraZeneca, Pfizer/BioNTech",https://onemocneni-aktualne.mzcr.cz/covid-19,1348671,986439,362269,0
Czechia,2021-03-20,"Johnson&Johnson, Moderna, Oxford/AstraZeneca, Pfizer/BioNTech",https://onemocneni-aktualne.mzcr.cz/covid-19,1365876,1001620,364301,0
Czechia,2021-03-21,"Johnson&Johnson, Moderna, Oxford/AstraZeneca, Pfizer/BioNTech",https://onemocneni-aktualne.mzcr.cz/covid-19,1374877,1009063,365861,0
Czechia,2021-03-22,"Johnson&Johnson, Moderna, Oxford/AstraZeneca, Pfizer/BioNTech",https://onemocneni-aktualne.mzcr.cz/covid-19,1411956,1033641,378365,0
Czechia,2021-03-23,"Johnson&Johnson, Moderna, Oxford/AstraZeneca, Pfizer/BioNTech",https://onemocneni-aktualne.mzcr.cz/covid-19,1451996,1060319,391731,0
Czechia,2021-03-24,"Johnson&Johnson, Moderna, Oxford/AstraZeneca, Pfizer/BioNTech",https://onemocneni-aktualne.mzcr.cz/covid-19,1494629,1087206,407480,0
Czechia,2021-03-25,"Johnson&Johnson, Moderna, Oxford/AstraZeneca, Pfizer/BioNTech",https://onemocneni-aktualne.mzcr.cz/covid-19,1538839,1113561,425336,0
Czechia,2021-03-26,"Johnson&Johnson, Moderna, Oxford/AstraZeneca, Pfizer/BioNTech",https://onemocneni-aktualne.mzcr.cz/covid-19,1581192,1138403,442848,0
Czechia,2021-03-27,"Johnson&Johnson, Moderna, Oxford/AstraZeneca, Pfizer/BioNTech",https://onemocneni-aktualne.mzcr.cz/covid-19,1594494,1146862,447694,0
Czechia,2021-03-28,"Johnson&Johnson, Moderna, Oxford/AstraZeneca, Pfizer/BioNTech",https://onemocneni-aktualne.mzcr.cz/covid-19,1604190,1152410,451842,0
Czechia,2021-03-29,"Johnson&Johnson, Moderna, Oxford/AstraZeneca, Pfizer/BioNTech",https://onemocneni-aktualne.mzcr.cz/covid-19,1644082,1171568,472580,0
Czechia,2021-03-30,"Johnson&Johnson, Moderna, Oxford/AstraZeneca, Pfizer/BioNTech",https://onemocneni-aktualne.mzcr.cz/covid-19,1690975,1196279,494767,0
Czechia,2021-03-31,"Johnson&Johnson, Moderna, Oxford/AstraZeneca, Pfizer/BioNTech",https://onemocneni-aktualne.mzcr.cz/covid-19,1741194,1219436,521837,0
Czechia,2021-04-01,"Johnson&Johnson, Moderna, Oxford/AstraZeneca, Pfizer/BioNTech",https://onemocneni-aktualne.mzcr.cz/covid-19,1798928,1245122,553899,0
Czechia,2021-04-02,"Johnson&Johnson, Moderna, Oxford/AstraZeneca, Pfizer/BioNTech",https://onemocneni-aktualne.mzcr.cz/covid-19,1818687,1252099,566701,0
Czechia,2021-04-03,"Johnson&Johnson, Moderna, Oxford/AstraZeneca, Pfizer/BioNTech",https://onemocneni-aktualne.mzcr.cz/covid-19,1833265,1255749,577632,0
Czechia,2021-04-04,"Johnson&Johnson, Moderna, Oxford/AstraZeneca, Pfizer/BioNTech",https://onemocneni-aktualne.mzcr.cz/covid-19,1844726,1258290,586557,0
Czechia,2021-04-05,"Johnson&Johnson, Moderna, Oxford/AstraZeneca, Pfizer/BioNTech",https://onemocneni-aktualne.mzcr.cz/covid-19,1854348,1260719,593761,0
Czechia,2021-04-06,"Johnson&Johnson, Moderna, Oxford/AstraZeneca, Pfizer/BioNTech",https://onemocneni-aktualne.mzcr.cz/covid-19,1899825,1276935,623038,0
Czechia,2021-04-07,"Johnson&Johnson, Moderna, Oxford/AstraZeneca, Pfizer/BioNTech",https://onemocneni-aktualne.mzcr.cz/covid-19,1945557,1300439,645282,0
Czechia,2021-04-08,"Johnson&Johnson, Moderna, Oxford/AstraZeneca, Pfizer/BioNTech",https://onemocneni-aktualne.mzcr.cz/covid-19,2015390,1339248,676328,0
Czechia,2021-04-09,"Johnson&Johnson, Moderna, Oxford/AstraZeneca, Pfizer/BioNTech",https://onemocneni-aktualne.mzcr.cz/covid-19,2085163,1378844,706525,0
Czechia,2021-04-10,"Johnson&Johnson, Moderna, Oxford/AstraZeneca, Pfizer/BioNTech",https://onemocneni-aktualne.mzcr.cz/covid-19,2116017,1394410,721838,0
Czechia,2021-04-11,"Johnson&Johnson, Moderna, Oxford/AstraZeneca, Pfizer/BioNTech",https://onemocneni-aktualne.mzcr.cz/covid-19,2135857,1404205,731894,0
Czechia,2021-04-12,"Johnson&Johnson, Moderna, Oxford/AstraZeneca, Pfizer/BioNTech",https://onemocneni-aktualne.mzcr.cz/covid-19,2199308,1442528,757041,0
Czechia,2021-04-13,"Johnson&Johnson, Moderna, Oxford/AstraZeneca, Pfizer/BioNTech",https://onemocneni-aktualne.mzcr.cz/covid-19,2261655,1478833,783083,0
Czechia,2021-04-14,"Johnson&Johnson, Moderna, Oxford/AstraZeneca, Pfizer/BioNTech",https://onemocneni-aktualne.mzcr.cz/covid-19,2327913,1517716,810458,0
Czechia,2021-04-15,"Johnson&Johnson, Moderna, Oxford/AstraZeneca, Pfizer/BioNTech",https://onemocneni-aktualne.mzcr.cz/covid-19,2401527,1565550,836238,0
Czechia,2021-04-16,"Johnson&Johnson, Moderna, Oxford/AstraZeneca, Pfizer/BioNTech",https://onemocneni-aktualne.mzcr.cz/covid-19,2471925,1610262,861924,0
Czechia,2021-04-17,"Johnson&Johnson, Moderna, Oxford/AstraZeneca, Pfizer/BioNTech",https://onemocneni-aktualne.mzcr.cz/covid-19,2497677,1626987,870951,0
Czechia,2021-04-18,"Johnson&Johnson, Moderna, Oxford/AstraZeneca, Pfizer/BioNTech",https://onemocneni-aktualne.mzcr.cz/covid-19,2515662,1639986,875937,0
Czechia,2021-04-19,"Johnson&Johnson, Moderna, Oxford/AstraZeneca, Pfizer/BioNTech",https://onemocneni-aktualne.mzcr.cz/covid-19,2575078,1683960,891380,0
Czechia,2021-04-20,"Johnson&Johnson, Moderna, Oxford/AstraZeneca, Pfizer/BioNTech",https://onemocneni-aktualne.mzcr.cz/covid-19,2633556,1726549,907271,0
Czechia,2021-04-21,"Johnson&Johnson, Moderna, Oxford/AstraZeneca, Pfizer/BioNTech",https://onemocneni-aktualne.mzcr.cz/covid-19,2695699,1774323,921640,0
Czechia,2021-04-22,"Johnson&Johnson, Moderna, Oxford/AstraZeneca, Pfizer/BioNTech",https://onemocneni-aktualne.mzcr.cz/covid-19,2767597,1828851,939039,0
Czechia,2021-04-23,"Johnson&Johnson, Moderna, Oxford/AstraZeneca, Pfizer/BioNTech",https://onemocneni-aktualne.mzcr.cz/covid-19,2829462,1878871,951105,0
Czechia,2021-04-24,"Johnson&Johnson, Moderna, Oxford/AstraZeneca, Pfizer/BioNTech",https://onemocneni-aktualne.mzcr.cz/covid-19,2852591,1896748,956371,0
Czechia,2021-04-25,"Johnson&Johnson, Moderna, Oxford/AstraZeneca, Pfizer/BioNTech",https://onemocneni-aktualne.mzcr.cz/covid-19,2871290,1911460,960374,0
Czechia,2021-04-26,"Johnson&Johnson, Moderna, Oxford/AstraZeneca, Pfizer/BioNTech",https://onemocneni-aktualne.mzcr.cz/covid-19,2927930,1961070,967943,0
Czechia,2021-04-27,"Johnson&Johnson, Moderna, Oxford/AstraZeneca, Pfizer/BioNTech",https://onemocneni-aktualne.mzcr.cz/covid-19,2988244,2010064,980194,0
Czechia,2021-04-28,"Johnson&Johnson, Moderna, Oxford/AstraZeneca, Pfizer/BioNTech",https://onemocneni-aktualne.mzcr.cz/covid-19,3059602,2068847,994223,0
Czechia,2021-04-29,"Johnson&Johnson, Moderna, Oxford/AstraZeneca, Pfizer/BioNTech",https://onemocneni-aktualne.mzcr.cz/covid-19,3139534,2134467,1010141,0
Czechia,2021-04-30,"Johnson&Johnson, Moderna, Oxford/AstraZeneca, Pfizer/BioNTech",https://onemocneni-aktualne.mzcr.cz/covid-19,3210365,2196765,1020137,0
Czechia,2021-05-01,"Johnson&Johnson, Moderna, Oxford/AstraZeneca, Pfizer/BioNTech",https://onemocneni-aktualne.mzcr.cz/covid-19,3233108,2216151,1023600,0
Czechia,2021-05-02,"Johnson&Johnson, Moderna, Oxford/AstraZeneca, Pfizer/BioNTech",https://onemocneni-aktualne.mzcr.cz/covid-19,3254308,2235103,1025889,0
Czechia,2021-05-03,"Johnson&Johnson, Moderna, Oxford/AstraZeneca, Pfizer/BioNTech",https://onemocneni-aktualne.mzcr.cz/covid-19,3325542,2302383,1030971,0
Czechia,2021-05-04,"Johnson&Johnson, Moderna, Oxford/AstraZeneca, Pfizer/BioNTech",https://onemocneni-aktualne.mzcr.cz/covid-19,3398908,2368940,1039347,0
Czechia,2021-05-05,"Johnson&Johnson, Moderna, Oxford/AstraZeneca, Pfizer/BioNTech",https://onemocneni-aktualne.mzcr.cz/covid-19,3479587,2442150,1048794,0
Czechia,2021-05-06,"Johnson&Johnson, Moderna, Oxford/AstraZeneca, Pfizer/BioNTech",https://onemocneni-aktualne.mzcr.cz/covid-19,3568820,2522599,1059550,0
Czechia,2021-05-07,"Johnson&Johnson, Moderna, Oxford/AstraZeneca, Pfizer/BioNTech",https://onemocneni-aktualne.mzcr.cz/covid-19,3654366,2599933,1069692,0
Czechia,2021-05-08,"Johnson&Johnson, Moderna, Oxford/AstraZeneca, Pfizer/BioNTech",https://onemocneni-aktualne.mzcr.cz/covid-19,3685533,2629465,1071482,0
Czechia,2021-05-09,"Johnson&Johnson, Moderna, Oxford/AstraZeneca, Pfizer/BioNTech",https://onemocneni-aktualne.mzcr.cz/covid-19,3710976,2653700,1072702,0
Czechia,2021-05-10,"Johnson&Johnson, Moderna, Oxford/AstraZeneca, Pfizer/BioNTech",https://onemocneni-aktualne.mzcr.cz/covid-19,3789343,2726507,1079952,0
Czechia,2021-05-11,"Johnson&Johnson, Moderna, Oxford/AstraZeneca, Pfizer/BioNTech",https://onemocneni-aktualne.mzcr.cz/covid-19,3872509,2802662,1088787,0
Czechia,2021-05-12,"Johnson&Johnson, Moderna, Oxford/AstraZeneca, Pfizer/BioNTech",https://onemocneni-aktualne.mzcr.cz/covid-19,3960009,2882613,1097933,0
Czechia,2021-05-13,"Johnson&Johnson, Moderna, Oxford/AstraZeneca, Pfizer/BioNTech",https://onemocneni-aktualne.mzcr.cz/covid-19,4051742,2966669,1107124,0
Czechia,2021-05-14,"Johnson&Johnson, Moderna, Oxford/AstraZeneca, Pfizer/BioNTech",https://onemocneni-aktualne.mzcr.cz/covid-19,4138006,3046218,1114955,0
Czechia,2021-05-15,"Johnson&Johnson, Moderna, Oxford/AstraZeneca, Pfizer/BioNTech",https://onemocneni-aktualne.mzcr.cz/covid-19,4172173,3078183,1117240,0
Czechia,2021-05-16,"Johnson&Johnson, Moderna, Oxford/AstraZeneca, Pfizer/BioNTech",https://onemocneni-aktualne.mzcr.cz/covid-19,4199256,3103994,1118525,0
Czechia,2021-05-17,"Johnson&Johnson, Moderna, Oxford/AstraZeneca, Pfizer/BioNTech",https://onemocneni-aktualne.mzcr.cz/covid-19,4277673,3176539,1125283,0
Czechia,2021-05-18,"Johnson&Johnson, Moderna, Oxford/AstraZeneca, Pfizer/BioNTech",https://onemocneni-aktualne.mzcr.cz/covid-19,4361774,3248526,1138405,0
Czechia,2021-05-19,"Johnson&Johnson, Moderna, Oxford/AstraZeneca, Pfizer/BioNTech",https://onemocneni-aktualne.mzcr.cz/covid-19,4453217,3326027,1153580,0
Czechia,2021-05-20,"Johnson&Johnson, Moderna, Oxford/AstraZeneca, Pfizer/BioNTech",https://onemocneni-aktualne.mzcr.cz/covid-19,4554146,3401520,1180650,0
Czechia,2021-05-21,"Johnson&Johnson, Moderna, Oxford/AstraZeneca, Pfizer/BioNTech",https://onemocneni-aktualne.mzcr.cz/covid-19,4649382,3470374,1208463,0
Czechia,2021-05-22,"Johnson&Johnson, Moderna, Oxford/AstraZeneca, Pfizer/BioNTech",https://onemocneni-aktualne.mzcr.cz/covid-19,4692892,3502831,1219704,0
Czechia,2021-05-23,"Johnson&Johnson, Moderna, Oxford/AstraZeneca, Pfizer/BioNTech",https://onemocneni-aktualne.mzcr.cz/covid-19,4724367,3525280,1228747,0
Czechia,2021-05-24,"Johnson&Johnson, Moderna, Oxford/AstraZeneca, Pfizer/BioNTech",https://onemocneni-aktualne.mzcr.cz/covid-19,4803972,3572493,1262426,0
Czechia,2021-05-25,"Johnson&Johnson, Moderna, Oxford/AstraZeneca, Pfizer/BioNTech",https://onemocneni-aktualne.mzcr.cz/covid-19,4889953,3624410,1298274,0
Czechia,2021-05-26,"Johnson&Johnson, Moderna, Oxford/AstraZeneca, Pfizer/BioNTech",https://onemocneni-aktualne.mzcr.cz/covid-19,4993369,3692176,1335836,0
Czechia,2021-05-27,"Johnson&Johnson, Moderna, Oxford/AstraZeneca, Pfizer/BioNTech",https://onemocneni-aktualne.mzcr.cz/covid-19,5100067,3753613,1383205,0
Czechia,2021-05-28,"Johnson&Johnson, Moderna, Oxford/AstraZeneca, Pfizer/BioNTech",https://onemocneni-aktualne.mzcr.cz/covid-19,5206317,3815367,1429819,0
Czechia,2021-05-29,"Johnson&Johnson, Moderna, Oxford/AstraZeneca, Pfizer/BioNTech",https://onemocneni-aktualne.mzcr.cz/covid-19,5252577,3844629,1446964,0
Czechia,2021-05-30,"Johnson&Johnson, Moderna, Oxford/AstraZeneca, Pfizer/BioNTech",https://onemocneni-aktualne.mzcr.cz/covid-19,5289437,3867039,1461433,0
Czechia,2021-05-31,"Johnson&Johnson, Moderna, Oxford/AstraZeneca, Pfizer/BioNTech",https://onemocneni-aktualne.mzcr.cz/covid-19,5390869,3922792,1508970,0
Czechia,2021-06-01,"Johnson&Johnson, Moderna, Oxford/AstraZeneca, Pfizer/BioNTech",https://onemocneni-aktualne.mzcr.cz/covid-19,5496574,3981898,1557860,0
Czechia,2021-06-02,"Johnson&Johnson, Moderna, Oxford/AstraZeneca, Pfizer/BioNTech",https://onemocneni-aktualne.mzcr.cz/covid-19,5611117,4044870,1611899,0
Czechia,2021-06-03,"Johnson&Johnson, Moderna, Oxford/AstraZeneca, Pfizer/BioNTech",https://onemocneni-aktualne.mzcr.cz/covid-19,5726817,4103122,1672147,0
Czechia,2021-06-04,"Johnson&Johnson, Moderna, Oxford/AstraZeneca, Pfizer/BioNTech",https://onemocneni-aktualne.mzcr.cz/covid-19,5844141,4166255,1729590,0
Czechia,2021-06-05,"Johnson&Johnson, Moderna, Oxford/AstraZeneca, Pfizer/BioNTech",https://onemocneni-aktualne.mzcr.cz/covid-19,5897119,4200443,1748515,0
Czechia,2021-06-06,"Johnson&Johnson, Moderna, Oxford/AstraZeneca, Pfizer/BioNTech",https://onemocneni-aktualne.mzcr.cz/covid-19,5939171,4227403,1763692,0
Czechia,2021-06-07,"Johnson&Johnson, Moderna, Oxford/AstraZeneca, Pfizer/BioNTech",https://onemocneni-aktualne.mzcr.cz/covid-19,6055399,4291104,1819347,0
Czechia,2021-06-08,"Johnson&Johnson, Moderna, Oxford/AstraZeneca, Pfizer/BioNTech",https://onemocneni-aktualne.mzcr.cz/covid-19,6171392,4355122,1874384,0
Czechia,2021-06-09,"Johnson&Johnson, Moderna, Oxford/AstraZeneca, Pfizer/BioNTech",https://onemocneni-aktualne.mzcr.cz/covid-19,6291671,4414343,1939088,0
Czechia,2021-06-10,"Johnson&Johnson, Moderna, Oxford/AstraZeneca, Pfizer/BioNTech",https://onemocneni-aktualne.mzcr.cz/covid-19,6413754,4468208,2010417,0
Czechia,2021-06-11,"Johnson&Johnson, Moderna, Oxford/AstraZeneca, Pfizer/BioNTech",https://onemocneni-aktualne.mzcr.cz/covid-19,6532606,4520340,2080277,0
Czechia,2021-06-12,"Johnson&Johnson, Moderna, Oxford/AstraZeneca, Pfizer/BioNTech",https://onemocneni-aktualne.mzcr.cz/covid-19,6585372,4552359,2101132,0
Czechia,2021-06-13,"Johnson&Johnson, Moderna, Oxford/AstraZeneca, Pfizer/BioNTech",https://onemocneni-aktualne.mzcr.cz/covid-19,6627806,4576405,2119577,0
Czechia,2021-06-14,"Johnson&Johnson, Moderna, Oxford/AstraZeneca, Pfizer/BioNTech",https://onemocneni-aktualne.mzcr.cz/covid-19,6742903,4619494,2193994,0
Czechia,2021-06-15,"Johnson&Johnson, Moderna, Oxford/AstraZeneca, Pfizer/BioNTech",https://onemocneni-aktualne.mzcr.cz/covid-19,6857809,4664174,2266408,0
Czechia,2021-06-16,"Johnson&Johnson, Moderna, Oxford/AstraZeneca, Pfizer/BioNTech",https://onemocneni-aktualne.mzcr.cz/covid-19,6976334,4706995,2344671,0
Czechia,2021-06-17,"Johnson&Johnson, Moderna, Oxford/AstraZeneca, Pfizer/BioNTech",https://onemocneni-aktualne.mzcr.cz/covid-19,7096700,4746433,2427795,0
Czechia,2021-06-18,"Johnson&Johnson, Moderna, Oxford/AstraZeneca, Pfizer/BioNTech",https://onemocneni-aktualne.mzcr.cz/covid-19,7217698,4788882,2508405,0
Czechia,2021-06-19,"Johnson&Johnson, Moderna, Oxford/AstraZeneca, Pfizer/BioNTech",https://onemocneni-aktualne.mzcr.cz/covid-19,7268804,4810671,2537750,0
Czechia,2021-06-20,"Johnson&Johnson, Moderna, Oxford/AstraZeneca, Pfizer/BioNTech",https://onemocneni-aktualne.mzcr.cz/covid-19,7310048,4828081,2561625,0
Czechia,2021-06-21,"Johnson&Johnson, Moderna, Oxford/AstraZeneca, Pfizer/BioNTech",https://onemocneni-aktualne.mzcr.cz/covid-19,7419767,4860597,2640266,0
Czechia,2021-06-22,"Johnson&Johnson, Moderna, Oxford/AstraZeneca, Pfizer/BioNTech",https://onemocneni-aktualne.mzcr.cz/covid-19,7533470,4893574,2722615,0
Czechia,2021-06-23,"Johnson&Johnson, Moderna, Oxford/AstraZeneca, Pfizer/BioNTech",https://onemocneni-aktualne.mzcr.cz/covid-19,7648642,4925288,2807883,0
Czechia,2021-06-24,"Johnson&Johnson, Moderna, Oxford/AstraZeneca, Pfizer/BioNTech",https://onemocneni-aktualne.mzcr.cz/covid-19,7766760,4955157,2897959,0
Czechia,2021-06-25,"Johnson&Johnson, Moderna, Oxford/AstraZeneca, Pfizer/BioNTech",https://onemocneni-aktualne.mzcr.cz/covid-19,7882393,4986249,2984208,0
Czechia,2021-06-26,"Johnson&Johnson, Moderna, Oxford/AstraZeneca, Pfizer/BioNTech",https://onemocneni-aktualne.mzcr.cz/covid-19,7933145,5002154,3019095,0
Czechia,2021-06-27,"Johnson&Johnson, Moderna, Oxford/AstraZeneca, Pfizer/BioNTech",https://onemocneni-aktualne.mzcr.cz/covid-19,7973813,5016116,3045815,0
Czechia,2021-06-28,"Johnson&Johnson, Moderna, Oxford/AstraZeneca, Pfizer/BioNTech",https://onemocneni-aktualne.mzcr.cz/covid-19,8086212,5044538,3131051,0
Czechia,2021-06-29,"Johnson&Johnson, Moderna, Oxford/AstraZeneca, Pfizer/BioNTech",https://onemocneni-aktualne.mzcr.cz/covid-19,8200611,5073827,3217613,0
Czechia,2021-06-30,"Johnson&Johnson, Moderna, Oxford/AstraZeneca, Pfizer/BioNTech",https://onemocneni-aktualne.mzcr.cz/covid-19,8317815,5101333,3308668,1
Czechia,2021-07-01,"Johnson&Johnson, Moderna, Oxford/AstraZeneca, Pfizer/BioNTech",https://onemocneni-aktualne.mzcr.cz/covid-19,8430135,5125324,3398777,1
Czechia,2021-07-02,"Johnson&Johnson, Moderna, Oxford/AstraZeneca, Pfizer/BioNTech",https://onemocneni-aktualne.mzcr.cz/covid-19,8541092,5152072,3484713,1
Czechia,2021-07-03,"Johnson&Johnson, Moderna, Oxford/AstraZeneca, Pfizer/BioNTech",https://onemocneni-aktualne.mzcr.cz/covid-19,8579744,5159174,3516288,1
Czechia,2021-07-04,"Johnson&Johnson, Moderna, Oxford/AstraZeneca, Pfizer/BioNTech",https://onemocneni-aktualne.mzcr.cz/covid-19,8609146,5166760,3538115,1
Czechia,2021-07-05,"Johnson&Johnson, Moderna, Oxford/AstraZeneca, Pfizer/BioNTech",https://onemocneni-aktualne.mzcr.cz/covid-19,8641953,5174174,3563531,1
Czechia,2021-07-06,"Johnson&Johnson, Moderna, Oxford/AstraZeneca, Pfizer/BioNTech",https://onemocneni-aktualne.mzcr.cz/covid-19,8675114,5179641,3591263,1
Czechia,2021-07-07,"Johnson&Johnson, Moderna, Oxford/AstraZeneca, Pfizer/BioNTech",https://onemocneni-aktualne.mzcr.cz/covid-19,8778959,5205475,3670263,1
Czechia,2021-07-08,"Johnson&Johnson, Moderna, Oxford/AstraZeneca, Pfizer/BioNTech",https://onemocneni-aktualne.mzcr.cz/covid-19,8874600,5232090,3740612,1
Czechia,2021-07-09,"Johnson&Johnson, Moderna, Oxford/AstraZeneca, Pfizer/BioNTech",https://onemocneni-aktualne.mzcr.cz/covid-19,8970453,5260039,3809953,1
Czechia,2021-07-10,"Johnson&Johnson, Moderna, Oxford/AstraZeneca, Pfizer/BioNTech",https://onemocneni-aktualne.mzcr.cz/covid-19,9008486,5269421,3838630,1
Czechia,2021-07-11,"Johnson&Johnson, Moderna, Oxford/AstraZeneca, Pfizer/BioNTech",https://onemocneni-aktualne.mzcr.cz/covid-19,9039886,5277973,3861523,1
Czechia,2021-07-12,"Johnson&Johnson, Moderna, Oxford/AstraZeneca, Pfizer/BioNTech",https://onemocneni-aktualne.mzcr.cz/covid-19,9135199,5305510,3930621,1
Czechia,2021-07-13,"Johnson&Johnson, Moderna, Oxford/AstraZeneca, Pfizer/BioNTech",https://onemocneni-aktualne.mzcr.cz/covid-19,9229456,5331714,4000521,1
Czechia,2021-07-14,"Johnson&Johnson, Moderna, Oxford/AstraZeneca, Pfizer/BioNTech",https://onemocneni-aktualne.mzcr.cz/covid-19,9325310,5357551,4072539,1
Czechia,2021-07-15,"Johnson&Johnson, Moderna, Oxford/AstraZeneca, Pfizer/BioNTech",https://onemocneni-aktualne.mzcr.cz/covid-19,9418192,5386742,4138580,1
Czechia,2021-07-16,"Johnson&Johnson, Moderna, Oxford/AstraZeneca, Pfizer/BioNTech",https://onemocneni-aktualne.mzcr.cz/covid-19,9516402,5414675,4211338,1
Czechia,2021-07-17,"Johnson&Johnson, Moderna, Oxford/AstraZeneca, Pfizer/BioNTech",https://onemocneni-aktualne.mzcr.cz/covid-19,9556181,5423478,4242821,1
Czechia,2021-07-18,"Johnson&Johnson, Moderna, Oxford/AstraZeneca, Pfizer/BioNTech",https://onemocneni-aktualne.mzcr.cz/covid-19,9590095,5431923,4268834,1
Czechia,2021-07-19,"Johnson&Johnson, Moderna, Oxford/AstraZeneca, Pfizer/BioNTech",https://onemocneni-aktualne.mzcr.cz/covid-19,9679042,5455297,4335882,1
Czechia,2021-07-20,"Johnson&Johnson, Moderna, Oxford/AstraZeneca, Pfizer/BioNTech",https://onemocneni-aktualne.mzcr.cz/covid-19,9765616,5476708,4402964,3
Czechia,2021-07-21,"Johnson&Johnson, Moderna, Oxford/AstraZeneca, Pfizer/BioNTech",https://onemocneni-aktualne.mzcr.cz/covid-19,9849715,5500169,4466441,3
Czechia,2021-07-22,"Johnson&Johnson, Moderna, Oxford/AstraZeneca, Pfizer/BioNTech",https://onemocneni-aktualne.mzcr.cz/covid-19,9927687,5522540,4525088,3
Czechia,2021-07-23,"Johnson&Johnson, Moderna, Oxford/AstraZeneca, Pfizer/BioNTech",https://onemocneni-aktualne.mzcr.cz/covid-19,10002576,5545772,4579861,3
Czechia,2021-07-24,"Johnson&Johnson, Moderna, Oxford/AstraZeneca, Pfizer/BioNTech",https://onemocneni-aktualne.mzcr.cz/covid-19,10036408,5553119,4607542,3
Czechia,2021-07-25,"Johnson&Johnson, Moderna, Oxford/AstraZeneca, Pfizer/BioNTech",https://onemocneni-aktualne.mzcr.cz/covid-19,10064026,5559755,4629683,3
Czechia,2021-07-26,"Johnson&Johnson, Moderna, Oxford/AstraZeneca, Pfizer/BioNTech",https://onemocneni-aktualne.mzcr.cz/covid-19,10133616,5583312,4678382,3
Czechia,2021-07-27,"Johnson&Johnson, Moderna, Oxford/AstraZeneca, Pfizer/BioNTech",https://onemocneni-aktualne.mzcr.cz/covid-19,10199733,5606061,4725050,3
Czechia,2021-07-28,"Johnson&Johnson, Moderna, Oxford/AstraZeneca, Pfizer/BioNTech",https://onemocneni-aktualne.mzcr.cz/covid-19,10263285,5627341,4771082,3
Czechia,2021-07-29,"Johnson&Johnson, Moderna, Oxford/AstraZeneca, Pfizer/BioNTech",https://onemocneni-aktualne.mzcr.cz/covid-19,10323293,5648678,4813075,3
Czechia,2021-07-30,"Johnson&Johnson, Moderna, Oxford/AstraZeneca, Pfizer/BioNTech",https://onemocneni-aktualne.mzcr.cz/covid-19,10385844,5671962,4855666,4
Czechia,2021-07-31,"Johnson&Johnson, Moderna, Oxford/AstraZeneca, Pfizer/BioNTech",https://onemocneni-aktualne.mzcr.cz/covid-19,10412772,5680909,4875207,4
Czechia,2021-08-01,"Johnson&Johnson, Moderna, Oxford/AstraZeneca, Pfizer/BioNTech",https://onemocneni-aktualne.mzcr.cz/covid-19,10434352,5687640,4891391,4
Czechia,2021-08-02,"Johnson&Johnson, Moderna, Oxford/AstraZeneca, Pfizer/BioNTech",https://onemocneni-aktualne.mzcr.cz/covid-19,10488118,5706286,4928965,4
Czechia,2021-08-03,"Johnson&Johnson, Moderna, Oxford/AstraZeneca, Pfizer/BioNTech",https://onemocneni-aktualne.mzcr.cz/covid-19,10540665,5723939,4967086,4
Czechia,2021-08-04,"Johnson&Johnson, Moderna, Oxford/AstraZeneca, Pfizer/BioNTech",https://onemocneni-aktualne.mzcr.cz/covid-19,10590586,5740063,5003865,4
Czechia,2021-08-05,"Johnson&Johnson, Moderna, Oxford/AstraZeneca, Pfizer/BioNTech",https://onemocneni-aktualne.mzcr.cz/covid-19,10644085,5756105,5044371,4
Czechia,2021-08-06,"Johnson&Johnson, Moderna, Oxford/AstraZeneca, Pfizer/BioNTech",https://onemocneni-aktualne.mzcr.cz/covid-19,10701113,5772905,5087685,4
Czechia,2021-08-07,"Johnson&Johnson, Moderna, Oxford/AstraZeneca, Pfizer/BioNTech",https://onemocneni-aktualne.mzcr.cz/covid-19,10723485,5778511,5105868,4
Czechia,2021-08-08,"Johnson&Johnson, Moderna, Oxford/AstraZeneca, Pfizer/BioNTech",https://onemocneni-aktualne.mzcr.cz/covid-19,10742531,5782879,5121633,5
Czechia,2021-08-09,"Johnson&Johnson, Moderna, Oxford/AstraZeneca, Pfizer/BioNTech",https://onemocneni-aktualne.mzcr.cz/covid-19,10798029,5795522,5166708,5
Czechia,2021-08-10,"Johnson&Johnson, Moderna, Oxford/AstraZeneca, Pfizer/BioNTech",https://onemocneni-aktualne.mzcr.cz/covid-19,10847262,5807369,5206297,5
Czechia,2021-08-11,"Johnson&Johnson, Moderna, Oxford/AstraZeneca, Pfizer/BioNTech",https://onemocneni-aktualne.mzcr.cz/covid-19,10899542,5818730,5249444,5
Czechia,2021-08-12,"Johnson&Johnson, Moderna, Oxford/AstraZeneca, Pfizer/BioNTech",https://onemocneni-aktualne.mzcr.cz/covid-19,10945630,5830156,5286597,5
Czechia,2021-08-13,"Johnson&Johnson, Moderna, Oxford/AstraZeneca, Pfizer/BioNTech",https://onemocneni-aktualne.mzcr.cz/covid-19,10994510,5840884,5326955,5
Czechia,2021-08-14,"Johnson&Johnson, Moderna, Oxford/AstraZeneca, Pfizer/BioNTech",https://onemocneni-aktualne.mzcr.cz/covid-19,11007507,5844224,5337671,5
Czechia,2021-08-15,"Johnson&Johnson, Moderna, Oxford/AstraZeneca, Pfizer/BioNTech",https://onemocneni-aktualne.mzcr.cz/covid-19,11019859,5846810,5348060,5
Czechia,2021-08-16,"Johnson&Johnson, Moderna, Oxford/AstraZeneca, Pfizer/BioNTech",https://onemocneni-aktualne.mzcr.cz/covid-19,11061843,5856602,5382149,5
Czechia,2021-08-17,"Johnson&Johnson, Moderna, Oxford/AstraZeneca, Pfizer/BioNTech",https://onemocneni-aktualne.mzcr.cz/covid-19,11096567,5866199,5409254,5
Czechia,2021-08-18,"Johnson&Johnson, Moderna, Oxford/AstraZeneca, Pfizer/BioNTech",https://onemocneni-aktualne.mzcr.cz/covid-19,11142716,5875576,5448156,5
Czechia,2021-08-19,"Johnson&Johnson, Moderna, Oxford/AstraZeneca, Pfizer/BioNTech",https://onemocneni-aktualne.mzcr.cz/covid-19,11188295,5885257,5486518,5
Czechia,2021-08-20,"Johnson&Johnson, Moderna, Oxford/AstraZeneca, Pfizer/BioNTech",https://onemocneni-aktualne.mzcr.cz/covid-19,11237256,5896651,5526713,5
Czechia,2021-08-21,"Johnson&Johnson, Moderna, Oxford/AstraZeneca, Pfizer/BioNTech",https://onemocneni-aktualne.mzcr.cz/covid-19,11251839,5899373,5539484,5
Czechia,2021-08-22,"Johnson&Johnson, Moderna, Oxford/AstraZeneca, Pfizer/BioNTech",https://onemocneni-aktualne.mzcr.cz/covid-19,11265361,5901718,5551454,5
Czechia,2021-08-23,"Johnson&Johnson, Moderna, Oxford/AstraZeneca, Pfizer/BioNTech",https://onemocneni-aktualne.mzcr.cz/covid-19,11312658,5912249,5590735,7
Czechia,2021-08-24,"Johnson&Johnson, Moderna, Oxford/AstraZeneca, Pfizer/BioNTech",https://onemocneni-aktualne.mzcr.cz/covid-19,11353549,5922129,5623999,7
Czechia,2021-08-25,"Johnson&Johnson, Moderna, Oxford/AstraZeneca, Pfizer/BioNTech",https://onemocneni-aktualne.mzcr.cz/covid-19,11388630,5930994,5652377,8
Czechia,2021-08-26,"Johnson&Johnson, Moderna, Oxford/AstraZeneca, Pfizer/BioNTech",https://onemocneni-aktualne.mzcr.cz/covid-19,11421413,5939446,5678506,10
Czechia,2021-08-27,"Johnson&Johnson, Moderna, Oxford/AstraZeneca, Pfizer/BioNTech",https://onemocneni-aktualne.mzcr.cz/covid-19,11455506,5949774,5704486,11
Czechia,2021-08-28,"Johnson&Johnson, Moderna, Oxford/AstraZeneca, Pfizer/BioNTech",https://onemocneni-aktualne.mzcr.cz/covid-19,11464577,5952508,5711545,11
Czechia,2021-08-29,"Johnson&Johnson, Moderna, Oxford/AstraZeneca, Pfizer/BioNTech",https://onemocneni-aktualne.mzcr.cz/covid-19,11472881,5954920,5718166,11
Czechia,2021-08-30,"Johnson&Johnson, Moderna, Oxford/AstraZeneca, Pfizer/BioNTech",https://onemocneni-aktualne.mzcr.cz/covid-19,11501602,5963451,5740046,11
Czechia,2021-08-31,"Johnson&Johnson, Moderna, Oxford/AstraZeneca, Pfizer/BioNTech",https://onemocneni-aktualne.mzcr.cz/covid-19,11525628,5971131,5758152,11
Czechia,2021-09-01,"Johnson&Johnson, Moderna, Oxford/AstraZeneca, Pfizer/BioNTech",https://onemocneni-aktualne.mzcr.cz/covid-19,11544225,5977042,5772170,12
Czechia,2021-09-02,"Johnson&Johnson, Moderna, Oxford/AstraZeneca, Pfizer/BioNTech",https://onemocneni-aktualne.mzcr.cz/covid-19,11563604,5983887,5786562,12
Czechia,2021-09-03,"Johnson&Johnson, Moderna, Oxford/AstraZeneca, Pfizer/BioNTech",https://onemocneni-aktualne.mzcr.cz/covid-19,11586928,5993449,5802293,12
Czechia,2021-09-04,"Johnson&Johnson, Moderna, Oxford/AstraZeneca, Pfizer/BioNTech",https://onemocneni-aktualne.mzcr.cz/covid-19,11591932,5995518,5805851,12
Czechia,2021-09-05,"Johnson&Johnson, Moderna, Oxford/AstraZeneca, Pfizer/BioNTech",https://onemocneni-aktualne.mzcr.cz/covid-19,11596291,5997558,5808698,12
Czechia,2021-09-06,"Johnson&Johnson, Moderna, Oxford/AstraZeneca, Pfizer/BioNTech",https://onemocneni-aktualne.mzcr.cz/covid-19,11613656,6003797,5821240,12
Czechia,2021-09-07,"Johnson&Johnson, Moderna, Oxford/AstraZeneca, Pfizer/BioNTech",https://onemocneni-aktualne.mzcr.cz/covid-19,11627640,6008192,5832327,12
Czechia,2021-09-08,"Johnson&Johnson, Moderna, Oxford/AstraZeneca, Pfizer/BioNTech",https://onemocneni-aktualne.mzcr.cz/covid-19,11641924,6013868,5842188,15
Czechia,2021-09-09,"Johnson&Johnson, Moderna, Oxford/AstraZeneca, Pfizer/BioNTech",https://onemocneni-aktualne.mzcr.cz/covid-19,11657119,6020570,5852256,16
Czechia,2021-09-10,"Johnson&Johnson, Moderna, Oxford/AstraZeneca, Pfizer/BioNTech",https://onemocneni-aktualne.mzcr.cz/covid-19,11675450,6028264,5864436,17
Czechia,2021-09-11,"Johnson&Johnson, Moderna, Oxford/AstraZeneca, Pfizer/BioNTech",https://onemocneni-aktualne.mzcr.cz/covid-19,11679184,6030132,5866919,17
Czechia,2021-09-12,"Johnson&Johnson, Moderna, Oxford/AstraZeneca, Pfizer/BioNTech",https://onemocneni-aktualne.mzcr.cz/covid-19,11681489,6031250,5868551,18
Czechia,2021-09-13,"Johnson&Johnson, Moderna, Oxford/AstraZeneca, Pfizer/BioNTech",https://onemocneni-aktualne.mzcr.cz/covid-19,11695752,6036688,5878855,18
Czechia,2021-09-14,"Johnson&Johnson, Moderna, Oxford/AstraZeneca, Pfizer/BioNTech",https://onemocneni-aktualne.mzcr.cz/covid-19,11708733,6042084,5887873,18
Czechia,2021-09-15,"Johnson&Johnson, Moderna, Oxford/AstraZeneca, Pfizer/BioNTech",https://onemocneni-aktualne.mzcr.cz/covid-19,11721148,6047285,5896401,24
Czechia,2021-09-16,"Johnson&Johnson, Moderna, Oxford/AstraZeneca, Pfizer/BioNTech",https://onemocneni-aktualne.mzcr.cz/covid-19,11733218,6052634,5904680,24
Czechia,2021-09-17,"Johnson&Johnson, Moderna, Oxford/AstraZeneca, Pfizer/BioNTech",https://onemocneni-aktualne.mzcr.cz/covid-19,11748256,6059205,5914916,28
Czechia,2021-09-18,"Johnson&Johnson, Moderna, Oxford/AstraZeneca, Pfizer/BioNTech",https://onemocneni-aktualne.mzcr.cz/covid-19,11751787,6060931,5917277,30
Czechia,2021-09-19,"Johnson&Johnson, Moderna, Oxford/AstraZeneca, Pfizer/BioNTech",https://onemocneni-aktualne.mzcr.cz/covid-19,11753907,6061877,5918846,32
Czechia,2021-09-20,"Johnson&Johnson, Moderna, Oxford/AstraZeneca, Pfizer/BioNTech",https://onemocneni-aktualne.mzcr.cz/covid-19,11765471,6065894,5927047,466
Czechia,2021-09-21,"Johnson&Johnson, Moderna, Oxford/AstraZeneca, Pfizer/BioNTech",https://onemocneni-aktualne.mzcr.cz/covid-19,11776566,6070130,5934580,921
Czechia,2021-09-22,"Johnson&Johnson, Moderna, Oxford/AstraZeneca, Pfizer/BioNTech",https://onemocneni-aktualne.mzcr.cz/covid-19,11785634,6074323,5940106,1375
Czechia,2021-09-23,"Johnson&Johnson, Moderna, Oxford/AstraZeneca, Pfizer/BioNTech",https://onemocneni-aktualne.mzcr.cz/covid-19,11796656,6079300,5946516,2385
Czechia,2021-09-24,"Johnson&Johnson, Moderna, Oxford/AstraZeneca, Pfizer/BioNTech",https://onemocneni-aktualne.mzcr.cz/covid-19,11810935,6085062,5956137,2880
Czechia,2021-09-25,"Johnson&Johnson, Moderna, Oxford/AstraZeneca, Pfizer/BioNTech",https://onemocneni-aktualne.mzcr.cz/covid-19,11813975,6086557,5958136,2960
Czechia,2021-09-26,"Johnson&Johnson, Moderna, Oxford/AstraZeneca, Pfizer/BioNTech",https://onemocneni-aktualne.mzcr.cz/covid-19,11816132,6087302,5959775,3033
Czechia,2021-09-27,"Johnson&Johnson, Moderna, Oxford/AstraZeneca, Pfizer/BioNTech",https://onemocneni-aktualne.mzcr.cz/covid-19,11826212,6091185,5966289,3780
Czechia,2021-09-28,"Johnson&Johnson, Moderna, Oxford/AstraZeneca, Pfizer/BioNTech",https://onemocneni-aktualne.mzcr.cz/covid-19,11827078,6091553,5966913,3839
Czechia,2021-09-29,"Johnson&Johnson, Moderna, Oxford/AstraZeneca, Pfizer/BioNTech",https://onemocneni-aktualne.mzcr.cz/covid-19,11838276,6095329,5974373,4856
Czechia,2021-09-30,"Johnson&Johnson, Moderna, Oxford/AstraZeneca, Pfizer/BioNTech",https://onemocneni-aktualne.mzcr.cz/covid-19,11850513,6099835,5982074,6028
Czechia,2021-10-01,"Johnson&Johnson, Moderna, Oxford/AstraZeneca, Pfizer/BioNTech",https://onemocneni-aktualne.mzcr.cz/covid-19,11863556,6104139,5990054,7895
Czechia,2021-10-02,"Johnson&Johnson, Moderna, Oxford/AstraZeneca, Pfizer/BioNTech",https://onemocneni-aktualne.mzcr.cz/covid-19,11865926,6105202,5991597,8000
Czechia,2021-10-03,"Johnson&Johnson, Moderna, Oxford/AstraZeneca, Pfizer/BioNTech",https://onemocneni-aktualne.mzcr.cz/covid-19,11867304,6105927,5992467,8084
Czechia,2021-10-04,"Johnson&Johnson, Moderna, Oxford/AstraZeneca, Pfizer/BioNTech",https://onemocneni-aktualne.mzcr.cz/covid-19,11876858,6109002,5998040,9817
Czechia,2021-10-05,"Johnson&Johnson, Moderna, Oxford/AstraZeneca, Pfizer/BioNTech",https://onemocneni-aktualne.mzcr.cz/covid-19,11886273,6112166,6003127,11955
Czechia,2021-10-06,"Johnson&Johnson, Moderna, Oxford/AstraZeneca, Pfizer/BioNTech",https://onemocneni-aktualne.mzcr.cz/covid-19,11896647,6115685,6008298,14582
Czechia,2021-10-07,"Johnson&Johnson, Moderna, Oxford/AstraZeneca, Pfizer/BioNTech",https://onemocneni-aktualne.mzcr.cz/covid-19,11906646,6118966,6013557,16995
Czechia,2021-10-08,"Johnson&Johnson, Moderna, Oxford/AstraZeneca, Pfizer/BioNTech",https://onemocneni-aktualne.mzcr.cz/covid-19,11920766,6123760,6020199,20932
Czechia,2021-10-09,"Johnson&Johnson, Moderna, Oxford/AstraZeneca, Pfizer/BioNTech",https://onemocneni-aktualne.mzcr.cz/covid-19,11923753,6125005,6021859,21395
Czechia,2021-10-10,"Johnson&Johnson, Moderna, Oxford/AstraZeneca, Pfizer/BioNTech",https://onemocneni-aktualne.mzcr.cz/covid-19,11925512,6125948,6022690,21636
Czechia,2021-10-11,"Johnson&Johnson, Moderna, Oxford/AstraZeneca, Pfizer/BioNTech",https://onemocneni-aktualne.mzcr.cz/covid-19,11934810,6128878,6027104,24303
Czechia,2021-10-12,"Johnson&Johnson, Moderna, Oxford/AstraZeneca, Pfizer/BioNTech",https://onemocneni-aktualne.mzcr.cz/covid-19,11944484,6131810,6031108,27761
Czechia,2021-10-13,"Johnson&Johnson, Moderna, Oxford/AstraZeneca, Pfizer/BioNTech",https://onemocneni-aktualne.mzcr.cz/covid-19,11955678,6135340,6035291,32144
Czechia,2021-10-14,"Johnson&Johnson, Moderna, Oxford/AstraZeneca, Pfizer/BioNTech",https://onemocneni-aktualne.mzcr.cz/covid-19,11967943,6139013,6040240,36924
Czechia,2021-10-15,"Johnson&Johnson, Moderna, Oxford/AstraZeneca, Pfizer/BioNTech",https://onemocneni-aktualne.mzcr.cz/covid-19,11983055,6144242,6046386,42024
Czechia,2021-10-16,"Johnson&Johnson, Moderna, Oxford/AstraZeneca, Pfizer/BioNTech",https://onemocneni-aktualne.mzcr.cz/covid-19,11986599,6145657,6047913,43108
Czechia,2021-10-17,"Johnson&Johnson, Moderna, Oxford/AstraZeneca, Pfizer/BioNTech",https://onemocneni-aktualne.mzcr.cz/covid-19,11988996,6146984,6048968,43671
Czechia,2021-10-18,"Johnson&Johnson, Moderna, Oxford/AstraZeneca, Pfizer/BioNTech",https://onemocneni-aktualne.mzcr.cz/covid-19,12003307,6151099,6053066,50866
Czechia,2021-10-19,"Johnson&Johnson, Moderna, Oxford/AstraZeneca, Pfizer/BioNTech",https://onemocneni-aktualne.mzcr.cz/covid-19,12018939,6154679,6055164,61829
Czechia,2021-10-20,"Johnson&Johnson, Moderna, Oxford/AstraZeneca, Pfizer/BioNTech",https://onemocneni-aktualne.mzcr.cz/covid-19,12041871,6159559,6059613,76847
Czechia,2021-10-21,"Johnson&Johnson, Moderna, Oxford/AstraZeneca, Pfizer/BioNTech",https://onemocneni-aktualne.mzcr.cz/covid-19,12070598,6167324,6065216,94456
Czechia,2021-10-22,"Johnson&Johnson, Moderna, Oxford/AstraZeneca, Pfizer/BioNTech",https://onemocneni-aktualne.mzcr.cz/covid-19,12103599,6177779,6071720,113317
Czechia,2021-10-23,"Johnson&Johnson, Moderna, Oxford/AstraZeneca, Pfizer/BioNTech",https://onemocneni-aktualne.mzcr.cz/covid-19,12111803,6181454,6073926,116990
Czechia,2021-10-24,"Johnson&Johnson, Moderna, Oxford/AstraZeneca, Pfizer/BioNTech",https://onemocneni-aktualne.mzcr.cz/covid-19,12117516,6184139,6075707,119491
Czechia,2021-10-25,"Johnson&Johnson, Moderna, Oxford/AstraZeneca, Pfizer/BioNTech",https://onemocneni-aktualne.mzcr.cz/covid-19,12150561,6194637,6081514,139368
Czechia,2021-10-26,"Johnson&Johnson, Moderna, Oxford/AstraZeneca, Pfizer/BioNTech",https://onemocneni-aktualne.mzcr.cz/covid-19,12187525,6206628,6088064,161895
Czechia,2021-10-27,"Johnson&Johnson, Moderna, Oxford/AstraZeneca, Pfizer/BioNTech",https://onemocneni-aktualne.mzcr.cz/covid-19,12231716,6221237,6095469,188311
Czechia,2021-10-28,"Johnson&Johnson, Moderna, Oxford/AstraZeneca, Pfizer/BioNTech",https://onemocneni-aktualne.mzcr.cz/covid-19,12239863,6224660,6097153,192564
Czechia,2021-10-29,"Johnson&Johnson, Moderna, Oxford/AstraZeneca, Pfizer/BioNTech",https://onemocneni-aktualne.mzcr.cz/covid-19,12277236,6239097,6105138,211657
Czechia,2021-10-30,"Johnson&Johnson, Moderna, Oxford/AstraZeneca, Pfizer/BioNTech",https://onemocneni-aktualne.mzcr.cz/covid-19,12286534,6243626,6108062,215510
Czechia,2021-10-31,"Johnson&Johnson, Moderna, Oxford/AstraZeneca, Pfizer/BioNTech",https://onemocneni-aktualne.mzcr.cz/covid-19,12294816,6247389,6110534,219215
Czechia,2021-11-01,"Johnson&Johnson, Moderna, Oxford/AstraZeneca, Pfizer/BioNTech",https://onemocneni-aktualne.mzcr.cz/covid-19,12334996,6262586,6118219,241171
Czechia,2021-11-02,"Johnson&Johnson, Moderna, Oxford/AstraZeneca, Pfizer/BioNTech",https://onemocneni-aktualne.mzcr.cz/covid-19,12378712,6278037,6125775,266685
Czechia,2021-11-03,"Johnson&Johnson, Moderna, Oxford/AstraZeneca, Pfizer/BioNTech",https://onemocneni-aktualne.mzcr.cz/covid-19,12429311,6295220,6133071,296977
Czechia,2021-11-04,"Johnson&Johnson, Moderna, Oxford/AstraZeneca, Pfizer/BioNTech",https://onemocneni-aktualne.mzcr.cz/covid-19,12481969,6313571,6141241,328166
Czechia,2021-11-05,"Johnson&Johnson, Moderna, Oxford/AstraZeneca, Pfizer/BioNTech",https://onemocneni-aktualne.mzcr.cz/covid-19,12540245,6336372,6152525,359144
Czechia,2021-11-06,"Johnson&Johnson, Moderna, Oxford/AstraZeneca, Pfizer/BioNTech",https://onemocneni-aktualne.mzcr.cz/covid-19,12554578,6342887,6155580,365961
Czechia,2021-11-07,"Johnson&Johnson, Moderna, Oxford/AstraZeneca, Pfizer/BioNTech",https://onemocneni-aktualne.mzcr.cz/covid-19,12564066,6346908,6158016,370628
Czechia,2021-11-08,"Johnson&Johnson, Moderna, Oxford/AstraZeneca, Pfizer/BioNTech",https://onemocneni-aktualne.mzcr.cz/covid-19,12608759,6363180,6165649,395908
Czechia,2021-11-09,"Johnson&Johnson, Moderna, Oxford/AstraZeneca, Pfizer/BioNTech",https://onemocneni-aktualne.mzcr.cz/covid-19,12654408,6377987,6172945,424130
Czechia,2021-11-10,"Johnson&Johnson, Moderna, Oxford/AstraZeneca, Pfizer/BioNTech",https://onemocneni-aktualne.mzcr.cz/covid-19,12702339,6393729,6180327,452892
Czechia,2021-11-11,"Johnson&Johnson, Moderna, Oxford/AstraZeneca, Pfizer/BioNTech",https://onemocneni-aktualne.mzcr.cz/covid-19,12750269,6409199,6189431,480579
Czechia,2021-11-12,"Johnson&Johnson, Moderna, Oxford/AstraZeneca, Pfizer/BioNTech",https://onemocneni-aktualne.mzcr.cz/covid-19,12804743,6429006,6202233,508126
Czechia,2021-11-13,"Johnson&Johnson, Moderna, Oxford/AstraZeneca, Pfizer/BioNTech",https://onemocneni-aktualne.mzcr.cz/covid-19,12817881,6434398,6206105,513873
Czechia,2021-11-14,"Johnson&Johnson, Moderna, Oxford/AstraZeneca, Pfizer/BioNTech",https://onemocneni-aktualne.mzcr.cz/covid-19,12826823,6438291,6209108,517524
Czechia,2021-11-15,"Johnson&Johnson, Moderna, Oxford/AstraZeneca, Pfizer/BioNTech",https://onemocneni-aktualne.mzcr.cz/covid-19,12870866,6453367,6219799,540106
Czechia,2021-11-16,"Johnson&Johnson, Moderna, Oxford/AstraZeneca, Pfizer/BioNTech",https://onemocneni-aktualne.mzcr.cz/covid-19,12922948,6470909,6231777,567210
Czechia,2021-11-17,"Johnson&Johnson, Moderna, Oxford/AstraZeneca, Pfizer/BioNTech",https://onemocneni-aktualne.mzcr.cz/covid-19,12933997,6475151,6235340,571729
Czechia,2021-11-18,"Johnson&Johnson, Moderna, Oxford/AstraZeneca, Pfizer/BioNTech",https://onemocneni-aktualne.mzcr.cz/covid-19,12985874,6494573,6247032,597477
Czechia,2021-11-19,"Johnson&Johnson, Moderna, Oxford/AstraZeneca, Pfizer/BioNTech",https://onemocneni-aktualne.mzcr.cz/covid-19,13046891,6519180,6264002,622972
Czechia,2021-11-20,"Johnson&Johnson, Moderna, Oxford/AstraZeneca, Pfizer/BioNTech",https://onemocneni-aktualne.mzcr.cz/covid-19,13063681,6527757,6268983,628550
Czechia,2021-11-21,"Johnson&Johnson, Moderna, Oxford/AstraZeneca, Pfizer/BioNTech",https://onemocneni-aktualne.mzcr.cz/covid-19,13075443,6534529,6272756,631547
Czechia,2021-11-22,"Johnson&Johnson, Moderna, Oxford/AstraZeneca, Pfizer/BioNTech",https://onemocneni-aktualne.mzcr.cz/covid-19,13126415,6553043,6286870,654176
Czechia,2021-11-23,"Johnson&Johnson, Moderna, Oxford/AstraZeneca, Pfizer/BioNTech",https://onemocneni-aktualne.mzcr.cz/covid-19,13183734,6572105,6300132,682881
Czechia,2021-11-24,"Johnson&Johnson, Moderna, Oxford/AstraZeneca, Pfizer/BioNTech",https://onemocneni-aktualne.mzcr.cz/covid-19,13244056,6591119,6315979,712004
Czechia,2021-11-25,"Johnson&Johnson, Moderna, Oxford/AstraZeneca, Pfizer/BioNTech",https://onemocneni-aktualne.mzcr.cz/covid-19,13308265,6610267,6331009,745519
Czechia,2021-11-26,"Johnson&Johnson, Moderna, Oxford/AstraZeneca, Pfizer/BioNTech",https://onemocneni-aktualne.mzcr.cz/covid-19,13379794,6631920,6350147,780377
Czechia,2021-11-27,"Johnson&Johnson, Moderna, Oxford/AstraZeneca, Pfizer/BioNTech",https://onemocneni-aktualne.mzcr.cz/covid-19,13399247,6639392,6355702,788346
Czechia,2021-11-28,"Johnson&Johnson, Moderna, Oxford/AstraZeneca, Pfizer/BioNTech",https://onemocneni-aktualne.mzcr.cz/covid-19,13411857,6642726,6358837,795355
Czechia,2021-11-29,"Johnson&Johnson, Moderna, Oxford/AstraZeneca, Pfizer/BioNTech",https://onemocneni-aktualne.mzcr.cz/covid-19,13477509,6657934,6372493,834451
Czechia,2021-11-30,"Johnson&Johnson, Moderna, Oxford/AstraZeneca, Pfizer/BioNTech",https://onemocneni-aktualne.mzcr.cz/covid-19,13551299,6671135,6383724,885769
Czechia,2021-12-01,"Johnson&Johnson, Moderna, Oxford/AstraZeneca, Pfizer/BioNTech",https://onemocneni-aktualne.mzcr.cz/covid-19,13640249,6685170,6396179,950017
Czechia,2021-12-02,"Johnson&Johnson, Moderna, Oxford/AstraZeneca, Pfizer/BioNTech",https://onemocneni-aktualne.mzcr.cz/covid-19,13734872,6695809,6408670,1023254
Czechia,2021-12-03,"Johnson&Johnson, Moderna, Oxford/AstraZeneca, Pfizer/BioNTech",https://onemocneni-aktualne.mzcr.cz/covid-19,13834017,6705447,6424245,1099201
Czechia,2021-12-04,"Johnson&Johnson, Moderna, Oxford/AstraZeneca, Pfizer/BioNTech",https://onemocneni-aktualne.mzcr.cz/covid-19,13866403,6708006,6428195,1125728
Czechia,2021-12-05,"Johnson&Johnson, Moderna, Oxford/AstraZeneca, Pfizer/BioNTech",https://onemocneni-aktualne.mzcr.cz/covid-19,13888836,6709366,6430535,1144797
Czechia,2021-12-06,"Johnson&Johnson, Moderna, Oxford/AstraZeneca, Pfizer/BioNTech",https://onemocneni-aktualne.mzcr.cz/covid-19,13974340,6717512,6442060,1211683
Czechia,2021-12-07,"Johnson&Johnson, Moderna, Oxford/AstraZeneca, Pfizer/BioNTech",https://onemocneni-aktualne.mzcr.cz/covid-19,14071480,6725399,6454068,1289843
Czechia,2021-12-08,"Johnson&Johnson, Moderna, Oxford/AstraZeneca, Pfizer/BioNTech",https://onemocneni-aktualne.mzcr.cz/covid-19,14166784,6733642,6459995,1371818
Czechia,2021-12-09,"Johnson&Johnson, Moderna, Oxford/AstraZeneca, Pfizer/BioNTech",https://onemocneni-aktualne.mzcr.cz/covid-19,14267199,6740763,6472813,1452921
Czechia,2021-12-10,"Johnson&Johnson, Moderna, Oxford/AstraZeneca, Pfizer/BioNTech",https://onemocneni-aktualne.mzcr.cz/covid-19,14367645,6747696,6490618,1529467
Czechia,2021-12-11,"Johnson&Johnson, Moderna, Oxford/AstraZeneca, Pfizer/BioNTech",https://onemocneni-aktualne.mzcr.cz/covid-19,14400382,6749354,6495889,1555522
Czechia,2021-12-12,"Johnson&Johnson, Moderna, Oxford/AstraZeneca, Pfizer/BioNTech",https://onemocneni-aktualne.mzcr.cz/covid-19,14421999,6750664,6500322,1571565
Czechia,2021-12-13,"Johnson&Johnson, Moderna, Oxford/AstraZeneca, Pfizer/BioNTech",https://onemocneni-aktualne.mzcr.cz/covid-19,14501979,6757011,6513633,1632273
Czechia,2021-12-14,"Johnson&Johnson, Moderna, Oxford/AstraZeneca, Pfizer/BioNTech",https://onemocneni-aktualne.mzcr.cz/covid-19,14594827,6763222,6527301,1705755
Czechia,2021-12-15,"Johnson&Johnson, Moderna, Oxford/AstraZeneca, Pfizer/BioNTech",https://onemocneni-aktualne.mzcr.cz/covid-19,14687977,6769427,6540900,1779553
Czechia,2021-12-16,"Johnson&Johnson, Moderna, Oxford/AstraZeneca, Pfizer/BioNTech",https://onemocneni-aktualne.mzcr.cz/covid-19,14784238,6776365,6555734,1854488
Czechia,2021-12-17,"Johnson&Johnson, Moderna, Oxford/AstraZeneca, Pfizer/BioNTech",https://onemocneni-aktualne.mzcr.cz/covid-19,14883561,6784730,6572996,1928620
Czechia,2021-12-18,"Johnson&Johnson, Moderna, Oxford/AstraZeneca, Pfizer/BioNTech",https://onemocneni-aktualne.mzcr.cz/covid-19,14917084,6787340,6578446,1954269
Czechia,2021-12-19,"Johnson&Johnson, Moderna, Oxford/AstraZeneca, Pfizer/BioNTech",https://onemocneni-aktualne.mzcr.cz/covid-19,14939415,6789112,6580949,1972415
Czechia,2021-12-20,"Johnson&Johnson, Moderna, Oxford/AstraZeneca, Pfizer/BioNTech",https://onemocneni-aktualne.mzcr.cz/covid-19,15024289,6794954,6595013,2037725
Czechia,2021-12-21,"Johnson&Johnson, Moderna, Oxford/AstraZeneca, Pfizer/BioNTech",https://onemocneni-aktualne.mzcr.cz/covid-19,15112042,6801616,6607004,2107164
Czechia,2021-12-22,"Johnson&Johnson, Moderna, Oxford/AstraZeneca, Pfizer/BioNTech",https://onemocneni-aktualne.mzcr.cz/covid-19,15187753,6806662,6620057,2165025
Czechia,2021-12-23,"Johnson&Johnson, Moderna, Oxford/AstraZeneca, Pfizer/BioNTech",https://onemocneni-aktualne.mzcr.cz/covid-19,15223557,6809529,6625659,2192564
Czechia,2021-12-24,"Johnson&Johnson, Moderna, Oxford/AstraZeneca, Pfizer/BioNTech",https://onemocneni-aktualne.mzcr.cz/covid-19,15224114,6809575,6625759,2192987
Czechia,2021-12-25,"Johnson&Johnson, Moderna, Oxford/AstraZeneca, Pfizer/BioNTech",https://onemocneni-aktualne.mzcr.cz/covid-19,15224146,6809576,6625767,2193010
Czechia,2021-12-26,"Johnson&Johnson, Moderna, Oxford/AstraZeneca, Pfizer/BioNTech",https://onemocneni-aktualne.mzcr.cz/covid-19,15225444,6809677,6625968,2194006
Czechia,2021-12-27,"Johnson&Johnson, Moderna, Oxford/AstraZeneca, Pfizer/BioNTech",https://onemocneni-aktualne.mzcr.cz/covid-19,15288440,6813542,6635702,2243581
Czechia,2021-12-28,"Johnson&Johnson, Moderna, Oxford/AstraZeneca, Pfizer/BioNTech",https://onemocneni-aktualne.mzcr.cz/covid-19,15359998,6818782,6643693,2302088
Czechia,2021-12-29,"Johnson&Johnson, Moderna, Oxford/AstraZeneca, Pfizer/BioNTech",https://onemocneni-aktualne.mzcr.cz/covid-19,15428473,6823060,6651411,2358756
Czechia,2021-12-30,"Johnson&Johnson, Moderna, Oxford/AstraZeneca, Pfizer/BioNTech",https://onemocneni-aktualne.mzcr.cz/covid-19,15481755,6827358,6656843,2402446
Czechia,2021-12-31,"Johnson&Johnson, Moderna, Oxford/AstraZeneca, Pfizer/BioNTech",https://onemocneni-aktualne.mzcr.cz/covid-19,15492713,6827868,6658266,2411501
Czechia,2022-01-01,"Johnson&Johnson, Moderna, Oxford/AstraZeneca, Pfizer/BioNTech",https://onemocneni-aktualne.mzcr.cz/covid-19,15492775,6827873,6658284,2411540
Czechia,2022-01-02,"Johnson&Johnson, Moderna, Oxford/AstraZeneca, Pfizer/BioNTech",https://onemocneni-aktualne.mzcr.cz/covid-19,15508028,6828729,6659661,2424601
Czechia,2022-01-03,"Johnson&Johnson, Moderna, Oxford/AstraZeneca, Pfizer/BioNTech",https://onemocneni-aktualne.mzcr.cz/covid-19,15580060,6832864,6668558,2483810
Czechia,2022-01-04,"Johnson&Johnson, Moderna, Oxford/AstraZeneca, Pfizer/BioNTech",https://onemocneni-aktualne.mzcr.cz/covid-19,15669307,6837950,6676307,2560465
Czechia,2022-01-05,"Johnson&Johnson, Moderna, Oxford/AstraZeneca, Pfizer/BioNTech",https://onemocneni-aktualne.mzcr.cz/covid-19,15763682,6843761,6684271,2641276
Czechia,2022-01-06,"Johnson&Johnson, Moderna, Oxford/AstraZeneca, Pfizer/BioNTech",https://onemocneni-aktualne.mzcr.cz/covid-19,15865584,6850346,6692674,2728364
Czechia,2022-01-07,"Johnson&Johnson, Moderna, Oxford/AstraZeneca, Pfizer/BioNTech",https://onemocneni-aktualne.mzcr.cz/covid-19,15977407,6858215,6703018,2822291
Czechia,2022-01-08,"Johnson&Johnson, Moderna, Oxford/AstraZeneca, Pfizer/BioNTech",https://onemocneni-aktualne.mzcr.cz/covid-19,16011833,6860696,6705800,2851549
Czechia,2022-01-09,"Johnson&Johnson, Moderna, Oxford/AstraZeneca, Pfizer/BioNTech",https://onemocneni-aktualne.mzcr.cz/covid-19,16031806,6861778,6707493,2868817
Czechia,2022-01-10,"Johnson&Johnson, Moderna, Oxford/AstraZeneca, Pfizer/BioNTech",https://onemocneni-aktualne.mzcr.cz/covid-19,16111252,6866273,6713677,2937762
Czechia,2022-01-11,"Johnson&Johnson, Moderna, Oxford/AstraZeneca, Pfizer/BioNTech",https://onemocneni-aktualne.mzcr.cz/covid-19,16199174,6871711,6720431,3013703
Czechia,2022-01-12,"Johnson&Johnson, Moderna, Oxford/AstraZeneca, Pfizer/BioNTech",https://onemocneni-aktualne.mzcr.cz/covid-19,16286312,6877662,6726073,3089425
Czechia,2022-01-13,"Johnson&Johnson, Moderna, Oxford/AstraZeneca, Pfizer/BioNTech",https://onemocneni-aktualne.mzcr.cz/covid-19,16371638,6883543,6730844,3164315
Czechia,2022-01-14,"Johnson&Johnson, Moderna, Oxford/AstraZeneca, Pfizer/BioNTech",https://onemocneni-aktualne.mzcr.cz/covid-19,16464342,6889839,6734473,3247337
Czechia,2022-01-15,"Johnson&Johnson, Moderna, Oxford/AstraZeneca, Pfizer/BioNTech",https://onemocneni-aktualne.mzcr.cz/covid-19,16488823,6891117,6735127,3269986
Czechia,2022-01-16,"Johnson&Johnson, Moderna, Oxford/AstraZeneca, Pfizer/BioNTech",https://onemocneni-aktualne.mzcr.cz/covid-19,16501666,6891804,6735564,3281763
Czechia,2022-01-17,"Johnson&Johnson, Moderna, Oxford/AstraZeneca, Pfizer/BioNTech",https://onemocneni-aktualne.mzcr.cz/covid-19,16555601,6895347,6739515,3328349
Czechia,2022-01-18,"Johnson&Johnson, Moderna, Oxford/AstraZeneca, Pfizer/BioNTech",https://onemocneni-aktualne.mzcr.cz/covid-19,16613338,6899197,6744463,3377417
Czechia,2022-01-19,"Johnson&Johnson, Moderna, Oxford/AstraZeneca, Pfizer/BioNTech",https://onemocneni-aktualne.mzcr.cz/covid-19,16665838,6903260,6748395,3422079
Czechia,2022-01-20,"Johnson&Johnson, Moderna, Oxford/AstraZeneca, Pfizer/BioNTech",https://onemocneni-aktualne.mzcr.cz/covid-19,16720608,6906853,6752832,3468946
Czechia,2022-01-21,"Johnson&Johnson, Moderna, Oxford/AstraZeneca, Pfizer/BioNTech",https://onemocneni-aktualne.mzcr.cz/covid-19,16782416,6910846,6755358,3524407
Czechia,2022-01-22,"Johnson&Johnson, Moderna, Oxford/AstraZeneca, Pfizer/BioNTech",https://onemocneni-aktualne.mzcr.cz/covid-19,16793353,6911626,6755795,3534185
Czechia,2022-01-23,"Johnson&Johnson, Moderna, Oxford/AstraZeneca, Pfizer/BioNTech",https://onemocneni-aktualne.mzcr.cz/covid-19,16799876,6912188,6756429,3539547
Czechia,2022-01-24,"Johnson&Johnson, Moderna, Oxford/AstraZeneca, Pfizer/BioNTech",https://onemocneni-aktualne.mzcr.cz/covid-19,16837940,6914454,6759863,3572012
Czechia,2022-01-25,"Johnson&Johnson, Moderna, Oxford/AstraZeneca, Pfizer/BioNTech",https://onemocneni-aktualne.mzcr.cz/covid-19,16875262,6916805,6763856,3603118
Czechia,2022-01-26,"Johnson&Johnson, Moderna, Oxford/AstraZeneca, Pfizer/BioNTech",https://onemocneni-aktualne.mzcr.cz/covid-19,16914809,6919186,6768419,3635800
Czechia,2022-01-27,"Johnson&Johnson, Moderna, Oxford/AstraZeneca, Pfizer/BioNTech",https://onemocneni-aktualne.mzcr.cz/covid-19,16954650,6921512,6773229,3668590
Czechia,2022-01-28,"Johnson&Johnson, Moderna, Oxford/AstraZeneca, Pfizer/BioNTech",https://onemocneni-aktualne.mzcr.cz/covid-19,17011107,6924418,6779378,3716125
Czechia,2022-01-29,"Johnson&Johnson, Moderna, Oxford/AstraZeneca, Pfizer/BioNTech",https://onemocneni-aktualne.mzcr.cz/covid-19,17023155,6925018,6781025,3725964
Czechia,2022-01-30,"Johnson&Johnson, Moderna, Oxford/AstraZeneca, Pfizer/BioNTech",https://onemocneni-aktualne.mzcr.cz/covid-19,17027970,6925247,6781802,3729804
Czechia,2022-01-31,"Johnson&Johnson, Moderna, Oxford/AstraZeneca, Pfizer/BioNTech",https://onemocneni-aktualne.mzcr.cz/covid-19,17058150,6926784,6785716,3754612
Czechia,2022-02-01,"Johnson&Johnson, Moderna, Oxford/AstraZeneca, Pfizer/BioNTech",https://onemocneni-aktualne.mzcr.cz/covid-19,17084205,6928372,6789746,3775125
Czechia,2022-02-02,"Johnson&Johnson, Moderna, Oxford/AstraZeneca, Pfizer/BioNTech",https://onemocneni-aktualne.mzcr.cz/covid-19,17110410,6929931,6794243,3795330
Czechia,2022-02-03,"Johnson&Johnson, Moderna, Oxford/AstraZeneca, Pfizer/BioNTech",https://onemocneni-aktualne.mzcr.cz/covid-19,17136800,6931293,6798714,3815950
Czechia,2022-02-04,"Johnson&Johnson, Moderna, Oxford/AstraZeneca, Pfizer/BioNTech",https://onemocneni-aktualne.mzcr.cz/covid-19,17173164,6932888,6803823,3845676
Czechia,2022-02-05,"Johnson&Johnson, Moderna, Oxford/AstraZeneca, Pfizer/BioNTech",https://onemocneni-aktualne.mzcr.cz/covid-19,17178826,6933062,6804432,3850569
Czechia,2022-02-06,"Johnson&Johnson, Moderna, Oxford/AstraZeneca, Pfizer/BioNTech",https://onemocneni-aktualne.mzcr.cz/covid-19,17181117,6933156,6804751,3852453
Czechia,2022-02-07,"Johnson&Johnson, Moderna, Oxford/AstraZeneca, Pfizer/BioNTech",https://onemocneni-aktualne.mzcr.cz/covid-19,17197551,6933849,6807955,3865029
Czechia,2022-02-08,"Johnson&Johnson, Moderna, Oxford/AstraZeneca, Pfizer/BioNTech",https://onemocneni-aktualne.mzcr.cz/covid-19,17213547,6934624,6811133,3877116
Czechia,2022-02-09,"Johnson&Johnson, Moderna, Oxford/AstraZeneca, Pfizer/BioNTech",https://onemocneni-aktualne.mzcr.cz/covid-19,17229611,6935438,6814498,3889075
Czechia,2022-02-10,"Johnson&Johnson, Moderna, Oxford/AstraZeneca, Pfizer/BioNTech",https://onemocneni-aktualne.mzcr.cz/covid-19,17245616,6936217,6817617,3901207
Czechia,2022-02-11,"Johnson&Johnson, Moderna, Oxford/AstraZeneca, Pfizer/BioNTech",https://onemocneni-aktualne.mzcr.cz/covid-19,17269308,6937143,6821523,3920114
Czechia,2022-02-12,"Johnson&Johnson, Moderna, Oxford/AstraZeneca, Pfizer/BioNTech",https://onemocneni-aktualne.mzcr.cz/covid-19,17272173,6937252,6821942,3922463
Czechia,2022-02-13,"Johnson&Johnson, Moderna, Oxford/AstraZeneca, Pfizer/BioNTech",https://onemocneni-aktualne.mzcr.cz/covid-19,17274063,6937285,6822378,3923890
Czechia,2022-02-14,"Johnson&Johnson, Moderna, Oxford/AstraZeneca, Pfizer/BioNTech",https://onemocneni-aktualne.mzcr.cz/covid-19,17284633,6937725,6824484,3931944
Czechia,2022-02-15,"Johnson&Johnson, Moderna, Oxford/AstraZeneca, Pfizer/BioNTech",https://onemocneni-aktualne.mzcr.cz/covid-19,17294680,6938269,6826681,3939298
Czechia,2022-02-16,"Johnson&Johnson, Moderna, Oxford/AstraZeneca, Pfizer/BioNTech",https://onemocneni-aktualne.mzcr.cz/covid-19,17305304,6938856,6828769,3947268
Czechia,2022-02-17,"Johnson&Johnson, Moderna, Oxford/AstraZeneca, Pfizer/BioNTech",https://onemocneni-aktualne.mzcr.cz/covid-19,17316544,6939449,6831099,3955608
Czechia,2022-02-18,"Johnson&Johnson, Moderna, Oxford/AstraZeneca, Pfizer/BioNTech",https://onemocneni-aktualne.mzcr.cz/covid-19,17333993,6940085,6834146,3969395
Czechia,2022-02-19,"Johnson&Johnson, Moderna, Oxford/AstraZeneca, Pfizer/BioNTech",https://onemocneni-aktualne.mzcr.cz/covid-19,17336294,6940162,6834428,3971342
Czechia,2022-02-20,"Johnson&Johnson, Moderna, Oxford/AstraZeneca, Pfizer/BioNTech",https://onemocneni-aktualne.mzcr.cz/covid-19,17337206,6940195,6834577,3972076
Czechia,2022-02-21,"Johnson&Johnson, Moderna, Oxford/AstraZeneca, Pfizer/BioNTech",https://onemocneni-aktualne.mzcr.cz/covid-19,17345071,6940543,6836259,3977955
Czechia,2022-02-22,"Johnson&Johnson, Moderna, Oxford/AstraZeneca, Pfizer/BioNTech",https://onemocneni-aktualne.mzcr.cz/covid-19,17352639,6940907,6837927,3983509
Czechia,2022-02-23,"Johnson&Johnson, Moderna, Oxford/AstraZeneca, Pfizer/BioNTech",https://onemocneni-aktualne.mzcr.cz/covid-19,17360401,6941356,6839535,3989254
Czechia,2022-02-24,"Johnson&Johnson, Moderna, Oxford/AstraZeneca, Pfizer/BioNTech",https://onemocneni-aktualne.mzcr.cz/covid-19,17368469,6941765,6841151,3995314
Czechia,2022-02-25,"Johnson&Johnson, Moderna, Oxford/AstraZeneca, Pfizer/BioNTech",https://onemocneni-aktualne.mzcr.cz/covid-19,17381918,6942342,6843161,4006207
Czechia,2022-02-26,"Johnson&Johnson, Moderna, Oxford/AstraZeneca, Pfizer/BioNTech",https://onemocneni-aktualne.mzcr.cz/covid-19,17383751,6942406,6843315,4007827
Czechia,2022-02-27,"Johnson&Johnson, Moderna, Oxford/AstraZeneca, Pfizer/BioNTech",https://onemocneni-aktualne.mzcr.cz/covid-19,17384469,6942441,6843390,4008439
Czechia,2022-02-28,"Johnson&Johnson, Moderna, Oxford/AstraZeneca, Pfizer/BioNTech",https://onemocneni-aktualne.mzcr.cz/covid-19,17390184,6942670,6844314,4013027
