location,date,vaccine,source_url,total_vaccinations,people_vaccinated,people_fully_vaccinated,total_boosters
Djibouti,2021-04-17,Oxford/AstraZeneca,https://reliefweb.int/report/iran-islamic-republic/covid-19-situation-updates-week-15-11-17-april-2021,10246,10246,0,
Djibouti,2021-04-28,"Oxford/AstraZeneca, Sinopharm/Beijing, Sputnik V",https://covid19.who.int/,13042,12547,495,
Djibouti,2021-05-24,"Oxford/AstraZeneca, Sinopharm/Beijing, Sputnik V",https://covid19.who.int/,14943,12547,2396,
Djibouti,2021-06-01,"Oxford/AstraZeneca, Sinopharm/Beijing, Sputnik V",https://covid19.who.int/,21357,12547,8810,
Djibouti,2021-06-23,"Oxford/AstraZeneca, Sinopharm/Beijing, Sinovac, Sputnik V",https://covid19.who.int/,26796,,,
Djibouti,2021-08-03,"Oxford/AstraZeneca, Sinopharm/Beijing, Sinovac, Sputnik V",https://www.facebook.com/minister.sante.dj/photos/a.1390385961000334/4351217361583831/,,31528,,
Djibouti,2021-08-05,"Johnson&Johnson, Oxford/AstraZeneca, Sinopharm/Beijing, Sinovac, Sputnik V",https://africacdc.org/covid-19-vaccination/,50509,31528,18981,
Djibouti,2021-08-12,"Johnson&Johnson, Oxford/AstraZeneca, Sinopharm/Beijing, Sinovac, Sputnik V",https://africacdc.org/covid-19-vaccination/,53064,32548,20516,
Djibouti,2021-08-19,"Johnson&Johnson, Oxford/AstraZeneca, Sinopharm/Beijing, Sinovac, Sputnik V",https://africacdc.org/covid-19-vaccination/,54229,33388,20841,
Djibouti,2021-08-25,"Johnson&Johnson, Oxford/AstraZeneca, Pfizer/BioNTech, Sinopharm/Beijing, Sinovac, Sputnik V",https://africacdc.org/covid-19-vaccination/,58245,35396,22849,
Djibouti,2021-09-01,"Johnson&Johnson, Oxford/AstraZeneca, Pfizer/BioNTech, Sinopharm/Beijing, Sinovac, Sputnik V",https://africacdc.org/covid-19-vaccination/,60141,36344,23797,
Djibouti,2021-09-09,"Johnson&Johnson, Oxford/AstraZeneca, Pfizer/BioNTech, Sinopharm/Beijing, Sinovac, Sputnik V",https://africacdc.org/covid-19-vaccination/,64721,38634,26087,
Djibouti,2022-01-17,"Johnson&Johnson, Oxford/AstraZeneca, Pfizer/BioNTech, Sinopharm/Beijing, Sinovac, Sputnik V",https://covid19.who.int/,143796,123566,83655,
Djibouti,2022-01-23,"Johnson&Johnson, Oxford/AstraZeneca, Pfizer/BioNTech, Sinopharm/Beijing, Sinovac, Sputnik V",https://covid19.who.int/,147166,126874,86946,
Djibouti,2022-01-29,"Johnson&Johnson, Oxford/AstraZeneca, Pfizer/BioNTech, Sinopharm/Beijing, Sinovac, Sputnik V",https://covid19.who.int/,150755,130425,90458,
Djibouti,2022-02-06,"Johnson&Johnson, Oxford/AstraZeneca, Pfizer/BioNTech, Sinopharm/Beijing, Sinovac, Sputnik V",https://covid19.who.int/,151713,131370,91410,
Djibouti,2022-02-14,"Johnson&Johnson, Oxford/AstraZeneca, Pfizer/BioNTech, Sinopharm/Beijing, Sinovac, Sputnik V",https://covid19.who.int/,155741,135347,95364,
Djibouti,2022-02-17,"Johnson&Johnson, Oxford/AstraZeneca, Pfizer/BioNTech, Sinopharm/Beijing, Sinovac, Sputnik V",https://africacdc.org/covid-19-vaccination/,,,,0
Djibouti,2022-02-21,"Johnson&Johnson, Oxford/AstraZeneca, Pfizer/BioNTech, Sinopharm/Beijing, Sinovac, Sputnik V",https://covid19.who.int/,158306,137888,97891,
