location,date,vaccine,source_url,total_vaccinations,people_vaccinated,people_fully_vaccinated,total_boosters
Estonia,2020-12-27,Pfizer/BioNTech,https://opendata.digilugu.ee,191,191,3,0
Estonia,2020-12-28,Pfizer/BioNTech,https://opendata.digilugu.ee,509,509,9,0
Estonia,2020-12-29,Pfizer/BioNTech,https://opendata.digilugu.ee,876,876,20,0
Estonia,2020-12-30,Pfizer/BioNTech,https://opendata.digilugu.ee,1889,1889,35,0
Estonia,2020-12-31,Pfizer/BioNTech,https://opendata.digilugu.ee,2475,2475,50,0
Estonia,2021-01-01,Pfizer/BioNTech,https://opendata.digilugu.ee,2475,2475,50,0
Estonia,2021-01-02,Pfizer/BioNTech,https://opendata.digilugu.ee,2505,2505,51,0
Estonia,2021-01-03,Pfizer/BioNTech,https://opendata.digilugu.ee,2523,2523,51,0
Estonia,2021-01-04,Pfizer/BioNTech,https://opendata.digilugu.ee,3165,3165,94,0
Estonia,2021-01-05,Pfizer/BioNTech,https://opendata.digilugu.ee,4977,4975,129,0
Estonia,2021-01-06,Pfizer/BioNTech,https://opendata.digilugu.ee,6589,6586,156,1
Estonia,2021-01-07,Pfizer/BioNTech,https://opendata.digilugu.ee,7931,7928,179,1
Estonia,2021-01-08,Pfizer/BioNTech,https://opendata.digilugu.ee,10145,10142,220,1
Estonia,2021-01-09,Pfizer/BioNTech,https://opendata.digilugu.ee,10696,10693,231,1
Estonia,2021-01-10,Pfizer/BioNTech,https://opendata.digilugu.ee,10919,10916,232,1
Estonia,2021-01-11,Pfizer/BioNTech,https://opendata.digilugu.ee,11768,11765,265,1
Estonia,2021-01-12,Pfizer/BioNTech,https://opendata.digilugu.ee,13348,13345,309,1
Estonia,2021-01-13,Pfizer/BioNTech,https://opendata.digilugu.ee,14742,14739,418,1
Estonia,2021-01-14,"Moderna, Pfizer/BioNTech",https://opendata.digilugu.ee,16522,16519,530,1
Estonia,2021-01-15,"Moderna, Pfizer/BioNTech",https://opendata.digilugu.ee,17803,17800,570,1
Estonia,2021-01-16,"Moderna, Pfizer/BioNTech",https://opendata.digilugu.ee,18023,18020,577,1
Estonia,2021-01-17,"Moderna, Pfizer/BioNTech",https://opendata.digilugu.ee,18119,18050,640,4
Estonia,2021-01-18,"Moderna, Pfizer/BioNTech",https://opendata.digilugu.ee,19152,18708,1034,9
Estonia,2021-01-19,"Moderna, Pfizer/BioNTech",https://opendata.digilugu.ee,20313,19466,1486,17
Estonia,2021-01-20,"Moderna, Pfizer/BioNTech",https://opendata.digilugu.ee,21795,20318,2165,20
Estonia,2021-01-21,"Moderna, Pfizer/BioNTech",https://opendata.digilugu.ee,23976,21834,2906,38
Estonia,2021-01-22,"Moderna, Pfizer/BioNTech",https://opendata.digilugu.ee,25477,23066,3235,44
Estonia,2021-01-23,"Moderna, Pfizer/BioNTech",https://opendata.digilugu.ee,25735,23321,3252,44
Estonia,2021-01-24,"Moderna, Pfizer/BioNTech",https://opendata.digilugu.ee,25896,23482,3256,44
Estonia,2021-01-25,"Moderna, Pfizer/BioNTech",https://opendata.digilugu.ee,26957,23856,3919,81
Estonia,2021-01-26,"Moderna, Pfizer/BioNTech",https://opendata.digilugu.ee,29349,24598,5562,113
Estonia,2021-01-27,"Moderna, Pfizer/BioNTech",https://opendata.digilugu.ee,31485,25237,7070,127
Estonia,2021-01-28,"Moderna, Pfizer/BioNTech",https://opendata.digilugu.ee,33957,26308,8488,150
Estonia,2021-01-29,"Moderna, Pfizer/BioNTech",https://opendata.digilugu.ee,37163,27528,10482,181
Estonia,2021-01-30,"Moderna, Pfizer/BioNTech",https://opendata.digilugu.ee,37994,27794,11036,195
Estonia,2021-01-31,"Moderna, Pfizer/BioNTech",https://opendata.digilugu.ee,38532,28079,11321,195
Estonia,2021-02-01,"Moderna, Pfizer/BioNTech",https://opendata.digilugu.ee,40140,28798,12203,238
Estonia,2021-02-02,"Moderna, Pfizer/BioNTech",https://opendata.digilugu.ee,42909,30043,13726,284
Estonia,2021-02-03,"Moderna, Pfizer/BioNTech",https://opendata.digilugu.ee,46103,31703,15203,400
Estonia,2021-02-04,"Moderna, Pfizer/BioNTech",https://opendata.digilugu.ee,49703,33746,16876,430
Estonia,2021-02-05,"Moderna, Pfizer/BioNTech",https://opendata.digilugu.ee,52771,35295,18387,483
Estonia,2021-02-06,"Moderna, Pfizer/BioNTech",https://opendata.digilugu.ee,53323,35702,18544,487
Estonia,2021-02-07,"Moderna, Pfizer/BioNTech",https://opendata.digilugu.ee,53381,35712,18593,487
Estonia,2021-02-08,"Moderna, Pfizer/BioNTech",https://opendata.digilugu.ee,55006,36709,19202,529
Estonia,2021-02-09,"Moderna, Oxford/AstraZeneca, Pfizer/BioNTech",https://opendata.digilugu.ee,58156,38986,20069,576
Estonia,2021-02-10,"Moderna, Oxford/AstraZeneca, Pfizer/BioNTech",https://opendata.digilugu.ee,61653,41576,21009,588
Estonia,2021-02-11,"Moderna, Oxford/AstraZeneca, Pfizer/BioNTech",https://opendata.digilugu.ee,65707,44332,22319,650
Estonia,2021-02-12,"Moderna, Oxford/AstraZeneca, Pfizer/BioNTech",https://opendata.digilugu.ee,68047,45864,23149,689
Estonia,2021-02-13,"Moderna, Oxford/AstraZeneca, Pfizer/BioNTech",https://opendata.digilugu.ee,68338,45996,23303,698
Estonia,2021-02-14,"Moderna, Oxford/AstraZeneca, Pfizer/BioNTech",https://opendata.digilugu.ee,68399,45998,23362,698
Estonia,2021-02-15,"Moderna, Oxford/AstraZeneca, Pfizer/BioNTech",https://opendata.digilugu.ee,69245,46616,23617,709
Estonia,2021-02-16,"Moderna, Oxford/AstraZeneca, Pfizer/BioNTech",https://opendata.digilugu.ee,71647,48445,24202,737
Estonia,2021-02-17,"Moderna, Oxford/AstraZeneca, Pfizer/BioNTech",https://opendata.digilugu.ee,75975,52110,24940,763
Estonia,2021-02-18,"Moderna, Oxford/AstraZeneca, Pfizer/BioNTech",https://opendata.digilugu.ee,82273,57393,26112,785
Estonia,2021-02-19,"Moderna, Oxford/AstraZeneca, Pfizer/BioNTech",https://opendata.digilugu.ee,87046,61165,27210,816
Estonia,2021-02-20,"Moderna, Oxford/AstraZeneca, Pfizer/BioNTech",https://opendata.digilugu.ee,87856,61752,27463,820
Estonia,2021-02-21,"Moderna, Oxford/AstraZeneca, Pfizer/BioNTech",https://opendata.digilugu.ee,88689,62264,27802,822
Estonia,2021-02-22,"Moderna, Oxford/AstraZeneca, Pfizer/BioNTech",https://opendata.digilugu.ee,91681,64358,28770,871
Estonia,2021-02-23,"Moderna, Oxford/AstraZeneca, Pfizer/BioNTech",https://opendata.digilugu.ee,96385,68143,29827,898
Estonia,2021-02-24,"Moderna, Oxford/AstraZeneca, Pfizer/BioNTech",https://opendata.digilugu.ee,96848,68474,29979,900
Estonia,2021-02-25,"Moderna, Oxford/AstraZeneca, Pfizer/BioNTech",https://opendata.digilugu.ee,103383,72198,32827,1000
Estonia,2021-02-26,"Moderna, Oxford/AstraZeneca, Pfizer/BioNTech",https://opendata.digilugu.ee,110919,77377,35224,1115
Estonia,2021-02-27,"Moderna, Oxford/AstraZeneca, Pfizer/BioNTech",https://opendata.digilugu.ee,112376,78412,35683,1128
Estonia,2021-02-28,"Moderna, Oxford/AstraZeneca, Pfizer/BioNTech",https://opendata.digilugu.ee,112686,78596,35810,1132
Estonia,2021-03-01,"Moderna, Oxford/AstraZeneca, Pfizer/BioNTech",https://opendata.digilugu.ee,116152,81040,36906,1156
Estonia,2021-03-02,"Moderna, Oxford/AstraZeneca, Pfizer/BioNTech",https://opendata.digilugu.ee,121423,84003,39317,1194
Estonia,2021-03-03,"Moderna, Oxford/AstraZeneca, Pfizer/BioNTech",https://opendata.digilugu.ee,126725,86911,41792,1229
Estonia,2021-03-04,"Moderna, Oxford/AstraZeneca, Pfizer/BioNTech",https://opendata.digilugu.ee,134357,92044,44427,1273
Estonia,2021-03-05,"Moderna, Oxford/AstraZeneca, Pfizer/BioNTech",https://opendata.digilugu.ee,141450,97612,46134,1300
Estonia,2021-03-06,"Moderna, Oxford/AstraZeneca, Pfizer/BioNTech",https://opendata.digilugu.ee,145199,101198,46397,1305
Estonia,2021-03-07,"Moderna, Oxford/AstraZeneca, Pfizer/BioNTech",https://opendata.digilugu.ee,146198,102192,46433,1305
Estonia,2021-03-08,"Moderna, Oxford/AstraZeneca, Pfizer/BioNTech",https://opendata.digilugu.ee,149860,105607,46807,1315
Estonia,2021-03-09,"Moderna, Oxford/AstraZeneca, Pfizer/BioNTech",https://opendata.digilugu.ee,154968,109642,48007,1329
Estonia,2021-03-10,"Moderna, Oxford/AstraZeneca, Pfizer/BioNTech",https://opendata.digilugu.ee,161413,113643,50569,1363
Estonia,2021-03-11,"Moderna, Oxford/AstraZeneca, Pfizer/BioNTech",https://opendata.digilugu.ee,172507,121812,53690,1401
Estonia,2021-03-12,"Moderna, Oxford/AstraZeneca, Pfizer/BioNTech",https://opendata.digilugu.ee,180169,127539,55763,1468
Estonia,2021-03-13,"Moderna, Oxford/AstraZeneca, Pfizer/BioNTech",https://opendata.digilugu.ee,185671,132962,55945,1471
Estonia,2021-03-14,"Moderna, Oxford/AstraZeneca, Pfizer/BioNTech",https://opendata.digilugu.ee,190951,138227,56040,1477
Estonia,2021-03-15,"Moderna, Oxford/AstraZeneca, Pfizer/BioNTech",https://opendata.digilugu.ee,194571,141577,56397,1491
Estonia,2021-03-16,"Moderna, Oxford/AstraZeneca, Pfizer/BioNTech",https://opendata.digilugu.ee,199114,145320,57313,1508
Estonia,2021-03-17,"Moderna, Oxford/AstraZeneca, Pfizer/BioNTech",https://opendata.digilugu.ee,204538,150487,57797,1524
Estonia,2021-03-18,"Moderna, Oxford/AstraZeneca, Pfizer/BioNTech",https://opendata.digilugu.ee,211958,157122,58812,1565
Estonia,2021-03-19,"Moderna, Oxford/AstraZeneca, Pfizer/BioNTech",https://opendata.digilugu.ee,220579,163566,61242,1630
Estonia,2021-03-20,"Moderna, Oxford/AstraZeneca, Pfizer/BioNTech",https://opendata.digilugu.ee,222857,165787,61409,1631
Estonia,2021-03-21,"Moderna, Oxford/AstraZeneca, Pfizer/BioNTech",https://opendata.digilugu.ee,224201,167109,61500,1631
Estonia,2021-03-22,"Moderna, Oxford/AstraZeneca, Pfizer/BioNTech",https://opendata.digilugu.ee,226690,169060,62133,1636
Estonia,2021-03-23,"Moderna, Oxford/AstraZeneca, Pfizer/BioNTech",https://opendata.digilugu.ee,229616,171805,62437,1643
Estonia,2021-03-24,"Moderna, Oxford/AstraZeneca, Pfizer/BioNTech",https://opendata.digilugu.ee,235267,177051,62907,1703
Estonia,2021-03-25,"Moderna, Oxford/AstraZeneca, Pfizer/BioNTech",https://opendata.digilugu.ee,245302,185535,64612,1758
Estonia,2021-03-26,"Moderna, Oxford/AstraZeneca, Pfizer/BioNTech",https://opendata.digilugu.ee,251978,191345,65579,1789
Estonia,2021-03-27,"Moderna, Oxford/AstraZeneca, Pfizer/BioNTech",https://opendata.digilugu.ee,254366,193475,65870,1796
Estonia,2021-03-28,"Moderna, Oxford/AstraZeneca, Pfizer/BioNTech",https://opendata.digilugu.ee,254901,193961,65955,1801
Estonia,2021-03-29,"Moderna, Oxford/AstraZeneca, Pfizer/BioNTech",https://opendata.digilugu.ee,257185,195903,66440,1823
Estonia,2021-03-30,"Moderna, Oxford/AstraZeneca, Pfizer/BioNTech",https://opendata.digilugu.ee,260744,198490,67557,1864
Estonia,2021-03-31,"Moderna, Oxford/AstraZeneca, Pfizer/BioNTech",https://opendata.digilugu.ee,266719,202949,69326,1897
Estonia,2021-04-01,"Moderna, Oxford/AstraZeneca, Pfizer/BioNTech",https://opendata.digilugu.ee,278664,210935,73605,1999
Estonia,2021-04-02,"Moderna, Oxford/AstraZeneca, Pfizer/BioNTech",https://opendata.digilugu.ee,282598,214487,74072,2004
Estonia,2021-04-03,"Moderna, Oxford/AstraZeneca, Pfizer/BioNTech",https://opendata.digilugu.ee,291021,222282,74922,2052
Estonia,2021-04-04,"Moderna, Oxford/AstraZeneca, Pfizer/BioNTech",https://opendata.digilugu.ee,295169,226291,75152,2057
Estonia,2021-04-05,"Moderna, Oxford/AstraZeneca, Pfizer/BioNTech",https://opendata.digilugu.ee,298663,228797,76251,2103
Estonia,2021-04-06,"Moderna, Oxford/AstraZeneca, Pfizer/BioNTech",https://opendata.digilugu.ee,302272,231271,77436,2172
Estonia,2021-04-07,"Moderna, Oxford/AstraZeneca, Pfizer/BioNTech",https://opendata.digilugu.ee,308279,236164,78659,2211
Estonia,2021-04-08,"Moderna, Oxford/AstraZeneca, Pfizer/BioNTech",https://opendata.digilugu.ee,321176,247794,80223,2262
Estonia,2021-04-09,"Moderna, Oxford/AstraZeneca, Pfizer/BioNTech",https://opendata.digilugu.ee,331812,257362,81473,2344
Estonia,2021-04-10,"Moderna, Oxford/AstraZeneca, Pfizer/BioNTech",https://opendata.digilugu.ee,333440,258585,81912,2390
Estonia,2021-04-11,"Moderna, Oxford/AstraZeneca, Pfizer/BioNTech",https://opendata.digilugu.ee,333770,258870,81966,2390
Estonia,2021-04-12,"Moderna, Oxford/AstraZeneca, Pfizer/BioNTech",https://opendata.digilugu.ee,335686,260338,82431,2446
Estonia,2021-04-13,"Moderna, Oxford/AstraZeneca, Pfizer/BioNTech",https://opendata.digilugu.ee,338544,262620,83072,2462
Estonia,2021-04-14,"Johnson&Johnson, Moderna, Oxford/AstraZeneca, Pfizer/BioNTech",https://opendata.digilugu.ee,345760,267963,85082,2547
Estonia,2021-04-15,"Johnson&Johnson, Moderna, Oxford/AstraZeneca, Pfizer/BioNTech",https://opendata.digilugu.ee,358279,277270,88463,2683
Estonia,2021-04-16,"Johnson&Johnson, Moderna, Oxford/AstraZeneca, Pfizer/BioNTech",https://opendata.digilugu.ee,369804,285491,92021,2820
Estonia,2021-04-17,"Johnson&Johnson, Moderna, Oxford/AstraZeneca, Pfizer/BioNTech",https://opendata.digilugu.ee,371863,286815,92797,2856
Estonia,2021-04-18,"Johnson&Johnson, Moderna, Oxford/AstraZeneca, Pfizer/BioNTech",https://opendata.digilugu.ee,373270,287790,93261,2875
Estonia,2021-04-19,"Johnson&Johnson, Moderna, Oxford/AstraZeneca, Pfizer/BioNTech",https://opendata.digilugu.ee,375882,289030,94681,2910
Estonia,2021-04-20,"Johnson&Johnson, Moderna, Oxford/AstraZeneca, Pfizer/BioNTech",https://opendata.digilugu.ee,380109,290968,97070,2972
Estonia,2021-04-21,"Johnson&Johnson, Moderna, Oxford/AstraZeneca, Pfizer/BioNTech",https://opendata.digilugu.ee,385210,295252,98045,3044
Estonia,2021-04-22,"Johnson&Johnson, Moderna, Oxford/AstraZeneca, Pfizer/BioNTech",https://opendata.digilugu.ee,396792,303454,101689,3177
Estonia,2021-04-23,"Johnson&Johnson, Moderna, Oxford/AstraZeneca, Pfizer/BioNTech",https://opendata.digilugu.ee,405694,309146,105064,3285
Estonia,2021-04-24,"Johnson&Johnson, Moderna, Oxford/AstraZeneca, Pfizer/BioNTech",https://opendata.digilugu.ee,408762,310011,107309,3347
Estonia,2021-04-25,"Johnson&Johnson, Moderna, Oxford/AstraZeneca, Pfizer/BioNTech",https://opendata.digilugu.ee,411154,311219,108545,3378
Estonia,2021-04-26,"Johnson&Johnson, Moderna, Oxford/AstraZeneca, Pfizer/BioNTech",https://opendata.digilugu.ee,414384,312672,110385,3432
Estonia,2021-04-27,"Johnson&Johnson, Moderna, Oxford/AstraZeneca, Pfizer/BioNTech",https://opendata.digilugu.ee,421222,316155,113813,3527
Estonia,2021-04-28,"Johnson&Johnson, Moderna, Oxford/AstraZeneca, Pfizer/BioNTech",https://opendata.digilugu.ee,432432,322800,118634,3700
Estonia,2021-04-29,"Johnson&Johnson, Moderna, Oxford/AstraZeneca, Pfizer/BioNTech",https://opendata.digilugu.ee,447203,331016,125547,3996
Estonia,2021-04-30,"Johnson&Johnson, Moderna, Oxford/AstraZeneca, Pfizer/BioNTech",https://opendata.digilugu.ee,459062,336635,132097,4228
Estonia,2021-05-01,"Johnson&Johnson, Moderna, Oxford/AstraZeneca, Pfizer/BioNTech",https://opendata.digilugu.ee,462077,337586,134216,4258
Estonia,2021-05-02,"Johnson&Johnson, Moderna, Oxford/AstraZeneca, Pfizer/BioNTech",https://opendata.digilugu.ee,464519,339146,135216,4285
Estonia,2021-05-03,"Johnson&Johnson, Moderna, Oxford/AstraZeneca, Pfizer/BioNTech",https://opendata.digilugu.ee,470259,341471,138787,4355
Estonia,2021-05-04,"Johnson&Johnson, Moderna, Oxford/AstraZeneca, Pfizer/BioNTech",https://opendata.digilugu.ee,478952,346431,142746,4468
Estonia,2021-05-05,"Johnson&Johnson, Moderna, Oxford/AstraZeneca, Pfizer/BioNTech",https://opendata.digilugu.ee,492047,353694,148889,4695
Estonia,2021-05-06,"Johnson&Johnson, Moderna, Oxford/AstraZeneca, Pfizer/BioNTech",https://opendata.digilugu.ee,509606,362304,158353,5015
Estonia,2021-05-07,"Johnson&Johnson, Moderna, Oxford/AstraZeneca, Pfizer/BioNTech",https://opendata.digilugu.ee,523365,368577,166257,5299
Estonia,2021-05-08,"Johnson&Johnson, Moderna, Oxford/AstraZeneca, Pfizer/BioNTech",https://opendata.digilugu.ee,528871,371637,168858,5347
Estonia,2021-05-09,"Johnson&Johnson, Moderna, Oxford/AstraZeneca, Pfizer/BioNTech",https://opendata.digilugu.ee,532067,372803,170994,5366
Estonia,2021-05-10,"Johnson&Johnson, Moderna, Oxford/AstraZeneca, Pfizer/BioNTech",https://opendata.digilugu.ee,536384,374993,173353,5410
Estonia,2021-05-11,"Johnson&Johnson, Moderna, Oxford/AstraZeneca, Pfizer/BioNTech",https://opendata.digilugu.ee,542582,378732,176044,5522
Estonia,2021-05-12,"Johnson&Johnson, Moderna, Oxford/AstraZeneca, Pfizer/BioNTech",https://opendata.digilugu.ee,552694,384728,180536,5772
Estonia,2021-05-13,"Johnson&Johnson, Moderna, Oxford/AstraZeneca, Pfizer/BioNTech",https://opendata.digilugu.ee,565618,390540,188106,6058
Estonia,2021-05-14,"Johnson&Johnson, Moderna, Oxford/AstraZeneca, Pfizer/BioNTech",https://opendata.digilugu.ee,574385,396656,191365,6205
Estonia,2021-05-15,"Johnson&Johnson, Moderna, Oxford/AstraZeneca, Pfizer/BioNTech",https://opendata.digilugu.ee,577838,399788,191896,6223
Estonia,2021-05-16,"Johnson&Johnson, Moderna, Oxford/AstraZeneca, Pfizer/BioNTech",https://opendata.digilugu.ee,578801,400720,192053,6223
Estonia,2021-05-17,"Johnson&Johnson, Moderna, Oxford/AstraZeneca, Pfizer/BioNTech",https://opendata.digilugu.ee,585742,406607,194021,6285
Estonia,2021-05-18,"Johnson&Johnson, Moderna, Oxford/AstraZeneca, Pfizer/BioNTech",https://opendata.digilugu.ee,593654,412462,196944,6359
Estonia,2021-05-19,"Johnson&Johnson, Moderna, Oxford/AstraZeneca, Pfizer/BioNTech",https://opendata.digilugu.ee,602629,417683,201865,6489
Estonia,2021-05-20,"Johnson&Johnson, Moderna, Oxford/AstraZeneca, Pfizer/BioNTech",https://opendata.digilugu.ee,617333,423001,212635,6704
Estonia,2021-05-21,"Johnson&Johnson, Moderna, Oxford/AstraZeneca, Pfizer/BioNTech",https://opendata.digilugu.ee,631613,429615,221819,6871
Estonia,2021-05-22,"Johnson&Johnson, Moderna, Oxford/AstraZeneca, Pfizer/BioNTech",https://opendata.digilugu.ee,636474,433714,223349,6884
Estonia,2021-05-23,"Johnson&Johnson, Moderna, Oxford/AstraZeneca, Pfizer/BioNTech",https://opendata.digilugu.ee,640202,437046,224184,6886
Estonia,2021-05-24,"Johnson&Johnson, Moderna, Oxford/AstraZeneca, Pfizer/BioNTech",https://opendata.digilugu.ee,645700,441428,226444,6941
Estonia,2021-05-25,"Johnson&Johnson, Moderna, Oxford/AstraZeneca, Pfizer/BioNTech",https://opendata.digilugu.ee,652711,446407,229195,6990
Estonia,2021-05-26,"Johnson&Johnson, Moderna, Oxford/AstraZeneca, Pfizer/BioNTech",https://opendata.digilugu.ee,664119,452191,235769,7108
Estonia,2021-05-27,"Johnson&Johnson, Moderna, Oxford/AstraZeneca, Pfizer/BioNTech",https://opendata.digilugu.ee,680278,457922,247314,7311
Estonia,2021-05-28,"Johnson&Johnson, Moderna, Oxford/AstraZeneca, Pfizer/BioNTech",https://opendata.digilugu.ee,692767,462650,257020,7504
Estonia,2021-05-29,"Johnson&Johnson, Moderna, Oxford/AstraZeneca, Pfizer/BioNTech",https://opendata.digilugu.ee,697974,466484,259478,7536
Estonia,2021-05-30,"Johnson&Johnson, Moderna, Oxford/AstraZeneca, Pfizer/BioNTech",https://opendata.digilugu.ee,702511,470015,261030,7547
Estonia,2021-05-31,"Johnson&Johnson, Moderna, Oxford/AstraZeneca, Pfizer/BioNTech",https://opendata.digilugu.ee,706227,472316,263011,7596
Estonia,2021-06-01,"Johnson&Johnson, Moderna, Oxford/AstraZeneca, Pfizer/BioNTech",https://opendata.digilugu.ee,714796,478062,267305,7679
Estonia,2021-06-02,"Johnson&Johnson, Moderna, Oxford/AstraZeneca, Pfizer/BioNTech",https://opendata.digilugu.ee,725772,483820,273288,7799
Estonia,2021-06-03,"Johnson&Johnson, Moderna, Oxford/AstraZeneca, Pfizer/BioNTech",https://opendata.digilugu.ee,739781,489933,281906,7981
Estonia,2021-06-04,"Johnson&Johnson, Moderna, Oxford/AstraZeneca, Pfizer/BioNTech",https://opendata.digilugu.ee,751412,494952,289375,8152
Estonia,2021-06-05,"Johnson&Johnson, Moderna, Oxford/AstraZeneca, Pfizer/BioNTech",https://opendata.digilugu.ee,756615,498406,292622,8168
Estonia,2021-06-06,"Johnson&Johnson, Moderna, Oxford/AstraZeneca, Pfizer/BioNTech",https://opendata.digilugu.ee,761831,500023,296371,8209
Estonia,2021-06-07,"Johnson&Johnson, Moderna, Oxford/AstraZeneca, Pfizer/BioNTech",https://opendata.digilugu.ee,768112,503000,300323,8274
Estonia,2021-06-08,"Johnson&Johnson, Moderna, Oxford/AstraZeneca, Pfizer/BioNTech",https://opendata.digilugu.ee,777684,507220,306376,8380
Estonia,2021-06-09,"Johnson&Johnson, Moderna, Oxford/AstraZeneca, Pfizer/BioNTech",https://opendata.digilugu.ee,791149,511560,316117,8567
Estonia,2021-06-10,"Johnson&Johnson, Moderna, Oxford/AstraZeneca, Pfizer/BioNTech",https://opendata.digilugu.ee,806074,515883,327281,8753
Estonia,2021-06-11,"Johnson&Johnson, Moderna, Oxford/AstraZeneca, Pfizer/BioNTech",https://opendata.digilugu.ee,817942,519301,336226,8904
Estonia,2021-06-12,"Johnson&Johnson, Moderna, Oxford/AstraZeneca, Pfizer/BioNTech",https://opendata.digilugu.ee,824774,521502,341014,8957
Estonia,2021-06-13,"Johnson&Johnson, Moderna, Oxford/AstraZeneca, Pfizer/BioNTech",https://opendata.digilugu.ee,829351,523191,344096,8983
Estonia,2021-06-14,"Johnson&Johnson, Moderna, Oxford/AstraZeneca, Pfizer/BioNTech",https://opendata.digilugu.ee,837112,526345,349281,9077
Estonia,2021-06-15,"Johnson&Johnson, Moderna, Oxford/AstraZeneca, Pfizer/BioNTech",https://opendata.digilugu.ee,847664,529788,356773,9221
Estonia,2021-06-16,"Johnson&Johnson, Moderna, Oxford/AstraZeneca, Pfizer/BioNTech",https://opendata.digilugu.ee,860904,532704,367571,9399
Estonia,2021-06-17,"Johnson&Johnson, Moderna, Oxford/AstraZeneca, Pfizer/BioNTech",https://opendata.digilugu.ee,875026,535612,379234,9627
Estonia,2021-06-18,"Johnson&Johnson, Moderna, Oxford/AstraZeneca, Pfizer/BioNTech",https://opendata.digilugu.ee,889068,540092,390627,9800
Estonia,2021-06-19,"Johnson&Johnson, Moderna, Oxford/AstraZeneca, Pfizer/BioNTech",https://opendata.digilugu.ee,895327,541712,395529,9862
Estonia,2021-06-20,"Johnson&Johnson, Moderna, Oxford/AstraZeneca, Pfizer/BioNTech",https://opendata.digilugu.ee,899368,543485,398192,9897
Estonia,2021-06-21,"Johnson&Johnson, Moderna, Oxford/AstraZeneca, Pfizer/BioNTech",https://opendata.digilugu.ee,907991,546375,404726,10036
Estonia,2021-06-22,"Johnson&Johnson, Moderna, Oxford/AstraZeneca, Pfizer/BioNTech",https://opendata.digilugu.ee,913852,548197,409110,10109
Estonia,2021-06-23,"Johnson&Johnson, Moderna, Oxford/AstraZeneca, Pfizer/BioNTech",https://opendata.digilugu.ee,913978,548200,409233,10109
Estonia,2021-06-24,"Johnson&Johnson, Moderna, Oxford/AstraZeneca, Pfizer/BioNTech",https://opendata.digilugu.ee,914154,548236,409389,10112
Estonia,2021-06-25,"Johnson&Johnson, Moderna, Oxford/AstraZeneca, Pfizer/BioNTech",https://opendata.digilugu.ee,921797,550245,415432,10212
Estonia,2021-06-26,"Johnson&Johnson, Moderna, Oxford/AstraZeneca, Pfizer/BioNTech",https://opendata.digilugu.ee,926250,551393,419108,10243
Estonia,2021-06-27,"Johnson&Johnson, Moderna, Oxford/AstraZeneca, Pfizer/BioNTech",https://opendata.digilugu.ee,930675,552616,422666,10275
Estonia,2021-06-28,"Johnson&Johnson, Moderna, Oxford/AstraZeneca, Pfizer/BioNTech",https://opendata.digilugu.ee,938155,554537,428787,10414
Estonia,2021-06-29,"Johnson&Johnson, Moderna, Oxford/AstraZeneca, Pfizer/BioNTech",https://opendata.digilugu.ee,946563,556715,435423,10507
Estonia,2021-06-30,"Johnson&Johnson, Moderna, Oxford/AstraZeneca, Pfizer/BioNTech",https://opendata.digilugu.ee,955423,559143,442450,10638
Estonia,2021-07-01,"Johnson&Johnson, Moderna, Oxford/AstraZeneca, Pfizer/BioNTech",https://opendata.digilugu.ee,962808,561533,447953,10784
Estonia,2021-07-02,"Johnson&Johnson, Moderna, Oxford/AstraZeneca, Pfizer/BioNTech",https://opendata.digilugu.ee,970210,563877,453708,10905
Estonia,2021-07-03,"Johnson&Johnson, Moderna, Oxford/AstraZeneca, Pfizer/BioNTech",https://opendata.digilugu.ee,975241,565217,457952,10982
Estonia,2021-07-04,"Johnson&Johnson, Moderna, Oxford/AstraZeneca, Pfizer/BioNTech",https://opendata.digilugu.ee,980763,566568,462827,11067
Estonia,2021-07-05,"Johnson&Johnson, Moderna, Oxford/AstraZeneca, Pfizer/BioNTech",https://opendata.digilugu.ee,985377,569096,465527,11111
Estonia,2021-07-06,"Johnson&Johnson, Moderna, Oxford/AstraZeneca, Pfizer/BioNTech",https://opendata.digilugu.ee,993723,571664,471916,11212
Estonia,2021-07-07,"Johnson&Johnson, Moderna, Oxford/AstraZeneca, Pfizer/BioNTech",https://opendata.digilugu.ee,1000322,574167,476667,11369
Estonia,2021-07-08,"Johnson&Johnson, Moderna, Oxford/AstraZeneca, Pfizer/BioNTech",https://opendata.digilugu.ee,1008433,576821,482756,11531
Estonia,2021-07-09,"Johnson&Johnson, Moderna, Oxford/AstraZeneca, Pfizer/BioNTech",https://opendata.digilugu.ee,1015061,579693,487350,11635
Estonia,2021-07-10,"Johnson&Johnson, Moderna, Oxford/AstraZeneca, Pfizer/BioNTech",https://opendata.digilugu.ee,1018335,581247,489538,11713
Estonia,2021-07-11,"Johnson&Johnson, Moderna, Oxford/AstraZeneca, Pfizer/BioNTech",https://opendata.digilugu.ee,1023082,582815,492952,11783
Estonia,2021-07-12,"Johnson&Johnson, Moderna, Oxford/AstraZeneca, Pfizer/BioNTech",https://opendata.digilugu.ee,1027544,584656,496133,11885
Estonia,2021-07-13,"Johnson&Johnson, Moderna, Oxford/AstraZeneca, Pfizer/BioNTech",https://opendata.digilugu.ee,1034186,587098,501110,11985
Estonia,2021-07-14,"Johnson&Johnson, Moderna, Oxford/AstraZeneca, Pfizer/BioNTech",https://opendata.digilugu.ee,1041321,589356,506607,12107
Estonia,2021-07-15,"Johnson&Johnson, Moderna, Oxford/AstraZeneca, Pfizer/BioNTech",https://opendata.digilugu.ee,1048821,592331,512353,12277
Estonia,2021-07-16,"Johnson&Johnson, Moderna, Oxford/AstraZeneca, Pfizer/BioNTech",https://opendata.digilugu.ee,1053814,594326,516189,12425
Estonia,2021-07-17,"Johnson&Johnson, Moderna, Oxford/AstraZeneca, Pfizer/BioNTech",https://opendata.digilugu.ee,1055692,595595,517331,12450
Estonia,2021-07-18,"Johnson&Johnson, Moderna, Oxford/AstraZeneca, Pfizer/BioNTech",https://opendata.digilugu.ee,1060029,598640,519552,12485
Estonia,2021-07-19,"Johnson&Johnson, Moderna, Oxford/AstraZeneca, Pfizer/BioNTech",https://opendata.digilugu.ee,1065872,601750,523386,12574
Estonia,2021-07-20,"Johnson&Johnson, Moderna, Oxford/AstraZeneca, Pfizer/BioNTech",https://opendata.digilugu.ee,1074031,605050,529251,12674
Estonia,2021-07-21,"Johnson&Johnson, Moderna, Oxford/AstraZeneca, Pfizer/BioNTech",https://opendata.digilugu.ee,1080933,608102,533902,12770
Estonia,2021-07-22,"Johnson&Johnson, Moderna, Oxford/AstraZeneca, Pfizer/BioNTech",https://opendata.digilugu.ee,1088680,611877,539279,12877
Estonia,2021-07-23,"Johnson&Johnson, Moderna, Oxford/AstraZeneca, Pfizer/BioNTech",https://opendata.digilugu.ee,1096104,616055,543663,12981
Estonia,2021-07-24,"Johnson&Johnson, Moderna, Oxford/AstraZeneca, Pfizer/BioNTech",https://opendata.digilugu.ee,1099447,618402,545439,13014
Estonia,2021-07-25,"Johnson&Johnson, Moderna, Oxford/AstraZeneca, Pfizer/BioNTech",https://opendata.digilugu.ee,1102660,620662,547209,13059
Estonia,2021-07-26,"Johnson&Johnson, Moderna, Oxford/AstraZeneca, Pfizer/BioNTech",https://opendata.digilugu.ee,1108249,623886,550581,13108
Estonia,2021-07-27,"Johnson&Johnson, Moderna, Oxford/AstraZeneca, Pfizer/BioNTech",https://opendata.digilugu.ee,1114384,626541,554782,13209
Estonia,2021-07-28,"Johnson&Johnson, Moderna, Oxford/AstraZeneca, Pfizer/BioNTech",https://opendata.digilugu.ee,1119902,629607,558130,13320
Estonia,2021-07-29,"Johnson&Johnson, Moderna, Oxford/AstraZeneca, Pfizer/BioNTech",https://opendata.digilugu.ee,1125127,633010,560702,13427
Estonia,2021-07-30,"Johnson&Johnson, Moderna, Oxford/AstraZeneca, Pfizer/BioNTech",https://opendata.digilugu.ee,1130266,636229,563314,13595
Estonia,2021-07-31,"Johnson&Johnson, Moderna, Oxford/AstraZeneca, Pfizer/BioNTech",https://opendata.digilugu.ee,1133228,638282,564911,13631
Estonia,2021-08-01,"Johnson&Johnson, Moderna, Oxford/AstraZeneca, Pfizer/BioNTech",https://opendata.digilugu.ee,1136017,640260,566390,13671
Estonia,2021-08-02,"Johnson&Johnson, Moderna, Oxford/AstraZeneca, Pfizer/BioNTech",https://opendata.digilugu.ee,1141930,644089,569307,13776
Estonia,2021-08-03,"Johnson&Johnson, Moderna, Oxford/AstraZeneca, Pfizer/BioNTech",https://opendata.digilugu.ee,1148184,648381,572258,13947
Estonia,2021-08-04,"Johnson&Johnson, Moderna, Oxford/AstraZeneca, Pfizer/BioNTech",https://opendata.digilugu.ee,1154350,653097,575336,14094
Estonia,2021-08-05,"Johnson&Johnson, Moderna, Oxford/AstraZeneca, Pfizer/BioNTech",https://opendata.digilugu.ee,1159751,657038,577981,14225
Estonia,2021-08-06,"Johnson&Johnson, Moderna, Oxford/AstraZeneca, Pfizer/BioNTech",https://opendata.digilugu.ee,1166502,661994,581196,14403
Estonia,2021-08-07,"Johnson&Johnson, Moderna, Oxford/AstraZeneca, Pfizer/BioNTech",https://opendata.digilugu.ee,1170051,664621,582923,14488
Estonia,2021-08-08,"Johnson&Johnson, Moderna, Oxford/AstraZeneca, Pfizer/BioNTech",https://opendata.digilugu.ee,1172119,666337,583769,14552
Estonia,2021-08-09,"Johnson&Johnson, Moderna, Oxford/AstraZeneca, Pfizer/BioNTech",https://opendata.digilugu.ee,1177633,670224,586737,14667
Estonia,2021-08-10,"Johnson&Johnson, Moderna, Oxford/AstraZeneca, Pfizer/BioNTech",https://opendata.digilugu.ee,1183784,674437,590032,14809
Estonia,2021-08-11,"Johnson&Johnson, Moderna, Oxford/AstraZeneca, Pfizer/BioNTech",https://opendata.digilugu.ee,1189514,678370,592945,14971
Estonia,2021-08-12,"Johnson&Johnson, Moderna, Oxford/AstraZeneca, Pfizer/BioNTech",https://opendata.digilugu.ee,1195212,682131,595798,15131
Estonia,2021-08-13,"Johnson&Johnson, Moderna, Oxford/AstraZeneca, Pfizer/BioNTech",https://opendata.digilugu.ee,1201145,686097,598904,15325
Estonia,2021-08-14,"Johnson&Johnson, Moderna, Oxford/AstraZeneca, Pfizer/BioNTech",https://opendata.digilugu.ee,1205732,688910,601428,15494
Estonia,2021-08-15,"Johnson&Johnson, Moderna, Oxford/AstraZeneca, Pfizer/BioNTech",https://opendata.digilugu.ee,1208097,690473,602591,15586
Estonia,2021-08-16,"Johnson&Johnson, Moderna, Oxford/AstraZeneca, Pfizer/BioNTech",https://opendata.digilugu.ee,1213496,693706,605664,15737
Estonia,2021-08-17,"Johnson&Johnson, Moderna, Oxford/AstraZeneca, Pfizer/BioNTech",https://opendata.digilugu.ee,1218391,696587,608347,15881
Estonia,2021-08-18,"Johnson&Johnson, Moderna, Oxford/AstraZeneca, Pfizer/BioNTech",https://opendata.digilugu.ee,1223679,699839,611091,16059
Estonia,2021-08-19,"Johnson&Johnson, Moderna, Oxford/AstraZeneca, Pfizer/BioNTech",https://opendata.digilugu.ee,1229466,703101,614473,16285
Estonia,2021-08-20,"Johnson&Johnson, Moderna, Oxford/AstraZeneca, Pfizer/BioNTech",https://opendata.digilugu.ee,1230885,703937,615235,16335
Estonia,2021-08-21,"Johnson&Johnson, Moderna, Oxford/AstraZeneca, Pfizer/BioNTech",https://opendata.digilugu.ee,1233682,705779,616541,16442
Estonia,2021-08-22,"Johnson&Johnson, Moderna, Oxford/AstraZeneca, Pfizer/BioNTech",https://opendata.digilugu.ee,1235083,706961,617011,16492
Estonia,2021-08-23,"Johnson&Johnson, Moderna, Oxford/AstraZeneca, Pfizer/BioNTech",https://opendata.digilugu.ee,1239210,709345,619268,16665
Estonia,2021-08-24,"Johnson&Johnson, Moderna, Oxford/AstraZeneca, Pfizer/BioNTech",https://opendata.digilugu.ee,1243367,711627,621641,16836
Estonia,2021-08-25,"Johnson&Johnson, Moderna, Oxford/AstraZeneca, Pfizer/BioNTech",https://opendata.digilugu.ee,1247902,714204,624227,17046
Estonia,2021-08-26,"Johnson&Johnson, Moderna, Oxford/AstraZeneca, Pfizer/BioNTech",https://opendata.digilugu.ee,1251643,716280,626335,17228
Estonia,2021-08-27,"Johnson&Johnson, Moderna, Oxford/AstraZeneca, Pfizer/BioNTech",https://opendata.digilugu.ee,1256460,719154,628904,17486
Estonia,2021-08-28,"Johnson&Johnson, Moderna, Oxford/AstraZeneca, Pfizer/BioNTech",https://opendata.digilugu.ee,1260129,721419,630821,17658
Estonia,2021-08-29,"Johnson&Johnson, Moderna, Oxford/AstraZeneca, Pfizer/BioNTech",https://opendata.digilugu.ee,1263880,723286,633041,17817
Estonia,2021-08-30,"Johnson&Johnson, Moderna, Oxford/AstraZeneca, Pfizer/BioNTech",https://opendata.digilugu.ee,1267739,725086,635522,17972
Estonia,2021-08-31,"Johnson&Johnson, Moderna, Oxford/AstraZeneca, Pfizer/BioNTech",https://opendata.digilugu.ee,1272794,726884,639167,18201
Estonia,2021-09-01,"Johnson&Johnson, Moderna, Oxford/AstraZeneca, Pfizer/BioNTech",https://opendata.digilugu.ee,1275154,727900,640677,18323
Estonia,2021-09-02,"Johnson&Johnson, Moderna, Oxford/AstraZeneca, Pfizer/BioNTech",https://opendata.digilugu.ee,1278660,729542,642978,18535
Estonia,2021-09-03,"Johnson&Johnson, Moderna, Oxford/AstraZeneca, Pfizer/BioNTech",https://opendata.digilugu.ee,1281970,731023,645168,18742
Estonia,2021-09-04,"Johnson&Johnson, Moderna, Oxford/AstraZeneca, Pfizer/BioNTech",https://opendata.digilugu.ee,1285151,732157,647504,18896
Estonia,2021-09-05,"Johnson&Johnson, Moderna, Oxford/AstraZeneca, Pfizer/BioNTech",https://opendata.digilugu.ee,1287495,732614,649454,19030
Estonia,2021-09-06,"Johnson&Johnson, Moderna, Oxford/AstraZeneca, Pfizer/BioNTech",https://opendata.digilugu.ee,1291199,733905,652186,19224
Estonia,2021-09-07,"Johnson&Johnson, Moderna, Oxford/AstraZeneca, Pfizer/BioNTech",https://opendata.digilugu.ee,1294810,735235,654812,19430
Estonia,2021-09-08,"Johnson&Johnson, Moderna, Oxford/AstraZeneca, Pfizer/BioNTech",https://opendata.digilugu.ee,1298191,736378,657297,19622
Estonia,2021-09-09,"Johnson&Johnson, Moderna, Oxford/AstraZeneca, Pfizer/BioNTech",https://opendata.digilugu.ee,1301652,737509,659851,19853
Estonia,2021-09-10,"Johnson&Johnson, Moderna, Oxford/AstraZeneca, Pfizer/BioNTech",https://opendata.digilugu.ee,1305297,738647,662524,20136
Estonia,2021-09-11,"Johnson&Johnson, Moderna, Oxford/AstraZeneca, Pfizer/BioNTech",https://opendata.digilugu.ee,1308045,739507,664584,20280
Estonia,2021-09-12,"Johnson&Johnson, Moderna, Oxford/AstraZeneca, Pfizer/BioNTech",https://opendata.digilugu.ee,1310179,739953,666287,20426
Estonia,2021-09-13,"Johnson&Johnson, Moderna, Oxford/AstraZeneca, Pfizer/BioNTech",https://opendata.digilugu.ee,1313910,740897,669245,20625
Estonia,2021-09-14,"Johnson&Johnson, Moderna, Oxford/AstraZeneca, Pfizer/BioNTech",https://opendata.digilugu.ee,1318033,742029,672473,20843
Estonia,2021-09-15,"Johnson&Johnson, Moderna, Oxford/AstraZeneca, Pfizer/BioNTech",https://opendata.digilugu.ee,1321971,743104,675486,21102
Estonia,2021-09-16,"Johnson&Johnson, Moderna, Oxford/AstraZeneca, Pfizer/BioNTech",https://opendata.digilugu.ee,1325814,744279,678467,21356
Estonia,2021-09-17,"Johnson&Johnson, Moderna, Oxford/AstraZeneca, Pfizer/BioNTech",https://opendata.digilugu.ee,1329879,745708,681625,21649
Estonia,2021-09-18,"Johnson&Johnson, Moderna, Oxford/AstraZeneca, Pfizer/BioNTech",https://opendata.digilugu.ee,1332915,746737,684058,21840
Estonia,2021-09-19,"Johnson&Johnson, Moderna, Oxford/AstraZeneca, Pfizer/BioNTech",https://opendata.digilugu.ee,1334672,747434,685488,21946
Estonia,2021-09-20,"Johnson&Johnson, Moderna, Oxford/AstraZeneca, Pfizer/BioNTech",https://opendata.digilugu.ee,1337822,748271,688085,22130
Estonia,2021-09-21,"Johnson&Johnson, Moderna, Oxford/AstraZeneca, Pfizer/BioNTech",https://opendata.digilugu.ee,1341850,749100,691375,22387
Estonia,2021-09-22,"Johnson&Johnson, Moderna, Oxford/AstraZeneca, Pfizer/BioNTech",https://opendata.digilugu.ee,1345893,750121,694608,22664
Estonia,2021-09-23,"Johnson&Johnson, Moderna, Oxford/AstraZeneca, Pfizer/BioNTech",https://opendata.digilugu.ee,1350025,751546,697922,22918
Estonia,2021-09-24,"Johnson&Johnson, Moderna, Oxford/AstraZeneca, Pfizer/BioNTech",https://opendata.digilugu.ee,1354540,752970,701583,23250
Estonia,2021-09-25,"Johnson&Johnson, Moderna, Oxford/AstraZeneca, Pfizer/BioNTech",https://opendata.digilugu.ee,1358020,753981,704529,23483
Estonia,2021-09-26,"Johnson&Johnson, Moderna, Oxford/AstraZeneca, Pfizer/BioNTech",https://opendata.digilugu.ee,1360045,754520,706287,23590
Estonia,2021-09-27,"Johnson&Johnson, Moderna, Oxford/AstraZeneca, Pfizer/BioNTech",https://opendata.digilugu.ee,1361712,755013,707664,23678
Estonia,2021-09-28,"Johnson&Johnson, Moderna, Oxford/AstraZeneca, Pfizer/BioNTech",https://opendata.digilugu.ee,1365193,756231,710409,23920
Estonia,2021-09-29,"Johnson&Johnson, Moderna, Oxford/AstraZeneca, Pfizer/BioNTech",https://opendata.digilugu.ee,1367944,757258,712561,24125
Estonia,2021-09-30,"Johnson&Johnson, Moderna, Oxford/AstraZeneca, Pfizer/BioNTech",https://opendata.digilugu.ee,1370821,758191,714795,24352
Estonia,2021-10-01,"Johnson&Johnson, Moderna, Oxford/AstraZeneca, Pfizer/BioNTech",https://opendata.digilugu.ee,1373150,759166,716620,24558
Estonia,2021-10-02,"Johnson&Johnson, Moderna, Oxford/AstraZeneca, Pfizer/BioNTech",https://opendata.digilugu.ee,1375331,759746,718437,24720
Estonia,2021-10-03,"Johnson&Johnson, Moderna, Oxford/AstraZeneca, Pfizer/BioNTech",https://opendata.digilugu.ee,1376002,760028,718953,24768
Estonia,2021-10-04,"Johnson&Johnson, Moderna, Oxford/AstraZeneca, Pfizer/BioNTech",https://opendata.digilugu.ee,1377775,760676,720348,24909
Estonia,2021-10-05,"Johnson&Johnson, Moderna, Oxford/AstraZeneca, Pfizer/BioNTech",https://opendata.digilugu.ee,1379995,761462,722054,25095
Estonia,2021-10-06,"Johnson&Johnson, Moderna, Oxford/AstraZeneca, Pfizer/BioNTech",https://opendata.digilugu.ee,1382090,762194,723642,25291
Estonia,2021-10-07,"Johnson&Johnson, Moderna, Oxford/AstraZeneca, Pfizer/BioNTech",https://opendata.digilugu.ee,1384164,762984,725107,25587
Estonia,2021-10-08,"Johnson&Johnson, Moderna, Oxford/AstraZeneca, Pfizer/BioNTech",https://opendata.digilugu.ee,1386728,763946,726766,26054
Estonia,2021-10-09,"Johnson&Johnson, Moderna, Oxford/AstraZeneca, Pfizer/BioNTech",https://opendata.digilugu.ee,1388878,764572,728441,26282
Estonia,2021-10-10,"Johnson&Johnson, Moderna, Oxford/AstraZeneca, Pfizer/BioNTech",https://opendata.digilugu.ee,1390144,764923,729386,26433
Estonia,2021-10-11,"Johnson&Johnson, Moderna, Oxford/AstraZeneca, Pfizer/BioNTech",https://opendata.digilugu.ee,1392140,765534,730672,26920
Estonia,2021-10-12,"Johnson&Johnson, Moderna, Oxford/AstraZeneca, Pfizer/BioNTech",https://opendata.digilugu.ee,1394755,766300,732173,27690
Estonia,2021-10-13,"Johnson&Johnson, Moderna, Oxford/AstraZeneca, Pfizer/BioNTech",https://opendata.digilugu.ee,1397013,767102,733431,28363
Estonia,2021-10-14,"Johnson&Johnson, Moderna, Oxford/AstraZeneca, Pfizer/BioNTech",https://opendata.digilugu.ee,1399924,768127,734838,29404
Estonia,2021-10-15,"Johnson&Johnson, Moderna, Oxford/AstraZeneca, Pfizer/BioNTech",https://opendata.digilugu.ee,1403631,769410,736577,30827
Estonia,2021-10-16,"Johnson&Johnson, Moderna, Oxford/AstraZeneca, Pfizer/BioNTech",https://opendata.digilugu.ee,1405183,770032,737354,31327
Estonia,2021-10-17,"Johnson&Johnson, Moderna, Oxford/AstraZeneca, Pfizer/BioNTech",https://opendata.digilugu.ee,1406612,770765,738138,31659
Estonia,2021-10-18,"Johnson&Johnson, Moderna, Oxford/AstraZeneca, Pfizer/BioNTech",https://opendata.digilugu.ee,1409447,771731,739376,32834
Estonia,2021-10-19,"Johnson&Johnson, Moderna, Oxford/AstraZeneca, Pfizer/BioNTech",https://opendata.digilugu.ee,1412927,772694,740659,34616
Estonia,2021-10-20,"Johnson&Johnson, Moderna, Oxford/AstraZeneca, Pfizer/BioNTech",https://opendata.digilugu.ee,1416825,774275,742302,36206
Estonia,2021-10-21,"Johnson&Johnson, Moderna, Oxford/AstraZeneca, Pfizer/BioNTech",https://opendata.digilugu.ee,1421388,776020,744004,38311
Estonia,2021-10-22,"Johnson&Johnson, Moderna, Oxford/AstraZeneca, Pfizer/BioNTech",https://opendata.digilugu.ee,1428304,778745,746548,41505
Estonia,2021-10-23,"Johnson&Johnson, Moderna, Oxford/AstraZeneca, Pfizer/BioNTech",https://opendata.digilugu.ee,1430981,780347,747869,42199
Estonia,2021-10-24,"Johnson&Johnson, Moderna, Oxford/AstraZeneca, Pfizer/BioNTech",https://opendata.digilugu.ee,1432685,781441,748799,42589
Estonia,2021-10-25,"Johnson&Johnson, Moderna, Oxford/AstraZeneca, Pfizer/BioNTech",https://opendata.digilugu.ee,1438038,783418,750439,45486
Estonia,2021-10-26,"Johnson&Johnson, Moderna, Oxford/AstraZeneca, Pfizer/BioNTech",https://opendata.digilugu.ee,1445827,785879,752426,50035
Estonia,2021-10-27,"Johnson&Johnson, Moderna, Oxford/AstraZeneca, Pfizer/BioNTech",https://opendata.digilugu.ee,1454385,788197,754121,55670
Estonia,2021-10-28,"Johnson&Johnson, Moderna, Oxford/AstraZeneca, Pfizer/BioNTech",https://opendata.digilugu.ee,1463681,790413,755741,62189
Estonia,2021-10-29,"Johnson&Johnson, Moderna, Oxford/AstraZeneca, Pfizer/BioNTech",https://opendata.digilugu.ee,1473522,793352,757636,68528
Estonia,2021-10-30,"Johnson&Johnson, Moderna, Oxford/AstraZeneca, Pfizer/BioNTech",https://opendata.digilugu.ee,1475818,794655,758636,69235
Estonia,2021-10-31,"Johnson&Johnson, Moderna, Oxford/AstraZeneca, Pfizer/BioNTech",https://opendata.digilugu.ee,1477222,795552,759331,69585
Estonia,2021-11-01,"Johnson&Johnson, Moderna, Oxford/AstraZeneca, Pfizer/BioNTech",https://opendata.digilugu.ee,1484562,797369,760623,74730
Estonia,2021-11-02,"Johnson&Johnson, Moderna, Oxford/AstraZeneca, Pfizer/BioNTech",https://opendata.digilugu.ee,1494452,799449,762030,82048
Estonia,2021-11-03,"Johnson&Johnson, Moderna, Oxford/AstraZeneca, Pfizer/BioNTech",https://opendata.digilugu.ee,1504272,801578,763399,89260
Estonia,2021-11-04,"Johnson&Johnson, Moderna, Oxford/AstraZeneca, Pfizer/BioNTech",https://opendata.digilugu.ee,1514830,803644,764771,97403
Estonia,2021-11-05,"Johnson&Johnson, Moderna, Oxford/AstraZeneca, Pfizer/BioNTech",https://opendata.digilugu.ee,1526738,806168,766501,106265
Estonia,2021-11-06,"Johnson&Johnson, Moderna, Oxford/AstraZeneca, Pfizer/BioNTech",https://opendata.digilugu.ee,1529255,807196,767209,107574
Estonia,2021-11-07,"Johnson&Johnson, Moderna, Oxford/AstraZeneca, Pfizer/BioNTech",https://opendata.digilugu.ee,1530716,807874,767726,108243
Estonia,2021-11-08,"Johnson&Johnson, Moderna, Oxford/AstraZeneca, Pfizer/BioNTech",https://opendata.digilugu.ee,1537077,809219,768723,112964
Estonia,2021-11-09,"Johnson&Johnson, Moderna, Oxford/AstraZeneca, Pfizer/BioNTech",https://opendata.digilugu.ee,1545715,810682,769803,119732
Estonia,2021-11-10,"Johnson&Johnson, Moderna, Oxford/AstraZeneca, Pfizer/BioNTech",https://opendata.digilugu.ee,1553364,812050,770837,125656
Estonia,2021-11-11,"Johnson&Johnson, Moderna, Oxford/AstraZeneca, Pfizer/BioNTech",https://opendata.digilugu.ee,1560501,813228,771744,131275
Estonia,2021-11-12,"Johnson&Johnson, Moderna, Oxford/AstraZeneca, Pfizer/BioNTech",https://opendata.digilugu.ee,1570174,814750,772921,139031
Estonia,2021-11-13,"Johnson&Johnson, Moderna, Oxford/AstraZeneca, Pfizer/BioNTech",https://opendata.digilugu.ee,1572287,815309,773433,140401
Estonia,2021-11-14,"Johnson&Johnson, Moderna, Oxford/AstraZeneca, Pfizer/BioNTech",https://opendata.digilugu.ee,1573352,815585,773737,141028
Estonia,2021-11-15,"Johnson&Johnson, Moderna, Oxford/AstraZeneca, Pfizer/BioNTech",https://opendata.digilugu.ee,1579594,816630,774707,145849
Estonia,2021-11-16,"Johnson&Johnson, Moderna, Oxford/AstraZeneca, Pfizer/BioNTech",https://opendata.digilugu.ee,1586944,817626,775626,151775
Estonia,2021-11-17,"Johnson&Johnson, Moderna, Oxford/AstraZeneca, Pfizer/BioNTech",https://opendata.digilugu.ee,1594192,818622,776536,157618
Estonia,2021-11-18,"Johnson&Johnson, Moderna, Oxford/AstraZeneca, Pfizer/BioNTech",https://opendata.digilugu.ee,1601711,819590,777513,163672
Estonia,2021-11-19,"Johnson&Johnson, Moderna, Oxford/AstraZeneca, Pfizer/BioNTech",https://opendata.digilugu.ee,1610392,820788,778784,170526
Estonia,2021-11-20,"Johnson&Johnson, Moderna, Oxford/AstraZeneca, Pfizer/BioNTech",https://opendata.digilugu.ee,1612505,821275,779275,171932
Estonia,2021-11-21,"Johnson&Johnson, Moderna, Oxford/AstraZeneca, Pfizer/BioNTech",https://opendata.digilugu.ee,1613994,821667,779777,172775
Estonia,2021-11-22,"Johnson&Johnson, Moderna, Oxford/AstraZeneca, Pfizer/BioNTech",https://opendata.digilugu.ee,1618687,822375,780642,176293
Estonia,2021-11-23,"Johnson&Johnson, Moderna, Oxford/AstraZeneca, Pfizer/BioNTech",https://opendata.digilugu.ee,1625256,823252,781726,181403
Estonia,2021-11-24,"Johnson&Johnson, Moderna, Oxford/AstraZeneca, Pfizer/BioNTech",https://opendata.digilugu.ee,1631694,824033,782726,186524
Estonia,2021-11-25,"Johnson&Johnson, Moderna, Oxford/AstraZeneca, Pfizer/BioNTech",https://opendata.digilugu.ee,1638274,824762,783734,191737
Estonia,2021-11-26,"Johnson&Johnson, Moderna, Oxford/AstraZeneca, Pfizer/BioNTech",https://opendata.digilugu.ee,1645735,825746,785169,197334
Estonia,2021-11-27,"Johnson&Johnson, Moderna, Oxford/AstraZeneca, Pfizer/BioNTech",https://opendata.digilugu.ee,1647889,826189,785765,198698
Estonia,2021-11-28,"Johnson&Johnson, Moderna, Oxford/AstraZeneca, Pfizer/BioNTech",https://opendata.digilugu.ee,1648839,826434,786086,199229
Estonia,2021-11-29,"Johnson&Johnson, Moderna, Oxford/AstraZeneca, Pfizer/BioNTech",https://opendata.digilugu.ee,1653474,827042,787097,202638
Estonia,2021-11-30,"Johnson&Johnson, Moderna, Oxford/AstraZeneca, Pfizer/BioNTech",https://opendata.digilugu.ee,1659694,827775,788236,207420
Estonia,2021-12-01,"Johnson&Johnson, Moderna, Oxford/AstraZeneca, Pfizer/BioNTech",https://opendata.digilugu.ee,1665604,828463,789371,211929
Estonia,2021-12-02,"Johnson&Johnson, Moderna, Oxford/AstraZeneca, Pfizer/BioNTech",https://opendata.digilugu.ee,1672359,829130,790552,217230
Estonia,2021-12-03,"Johnson&Johnson, Moderna, Oxford/AstraZeneca, Pfizer/BioNTech",https://opendata.digilugu.ee,1679689,829872,792155,222680
Estonia,2021-12-04,"Johnson&Johnson, Moderna, Oxford/AstraZeneca, Pfizer/BioNTech",https://opendata.digilugu.ee,1681654,830263,792931,223743
Estonia,2021-12-05,"Johnson&Johnson, Moderna, Oxford/AstraZeneca, Pfizer/BioNTech",https://opendata.digilugu.ee,1682491,830452,793227,224226
Estonia,2021-12-06,"Johnson&Johnson, Moderna, Oxford/AstraZeneca, Pfizer/BioNTech",https://opendata.digilugu.ee,1687307,830973,794426,227676
Estonia,2021-12-07,"Johnson&Johnson, Moderna, Oxford/AstraZeneca, Pfizer/BioNTech",https://opendata.digilugu.ee,1693710,831487,795860,232455
Estonia,2021-12-08,"Johnson&Johnson, Moderna, Oxford/AstraZeneca, Pfizer/BioNTech",https://opendata.digilugu.ee,1699925,832004,797280,237106
Estonia,2021-12-09,"Johnson&Johnson, Moderna, Oxford/AstraZeneca, Pfizer/BioNTech",https://opendata.digilugu.ee,1706876,832572,798635,242518
Estonia,2021-12-10,"Johnson&Johnson, Moderna, Oxford/AstraZeneca, Pfizer/BioNTech",https://opendata.digilugu.ee,1714594,833227,800508,248166
Estonia,2021-12-11,"Johnson&Johnson, Moderna, Oxford/AstraZeneca, Pfizer/BioNTech",https://opendata.digilugu.ee,1716960,833509,801164,249786
Estonia,2021-12-12,"Johnson&Johnson, Moderna, Oxford/AstraZeneca, Pfizer/BioNTech",https://opendata.digilugu.ee,1718056,833671,801502,250487
Estonia,2021-12-13,"Johnson&Johnson, Moderna, Oxford/AstraZeneca, Pfizer/BioNTech",https://opendata.digilugu.ee,1723040,834132,802728,254127
Estonia,2021-12-14,"Johnson&Johnson, Moderna, Oxford/AstraZeneca, Pfizer/BioNTech",https://opendata.digilugu.ee,1729718,834608,804104,259293
Estonia,2021-12-15,"Johnson&Johnson, Moderna, Oxford/AstraZeneca, Pfizer/BioNTech",https://opendata.digilugu.ee,1736541,835088,805505,264592
Estonia,2021-12-16,"Johnson&Johnson, Moderna, Oxford/AstraZeneca, Pfizer/BioNTech",https://opendata.digilugu.ee,1744034,835579,806822,270663
Estonia,2021-12-17,"Johnson&Johnson, Moderna, Oxford/AstraZeneca, Pfizer/BioNTech",https://opendata.digilugu.ee,1752604,836230,808582,277315
Estonia,2021-12-18,"Johnson&Johnson, Moderna, Oxford/AstraZeneca, Pfizer/BioNTech",https://opendata.digilugu.ee,1754998,836551,809202,278977
Estonia,2021-12-19,"Johnson&Johnson, Moderna, Oxford/AstraZeneca, Pfizer/BioNTech",https://opendata.digilugu.ee,1756695,836831,809529,280252
Estonia,2021-12-20,"Johnson&Johnson, Moderna, Oxford/AstraZeneca, Pfizer/BioNTech",https://opendata.digilugu.ee,1762983,837319,810635,285313
Estonia,2021-12-21,"Johnson&Johnson, Moderna, Oxford/AstraZeneca, Pfizer/BioNTech",https://opendata.digilugu.ee,1771247,838042,811925,292066
Estonia,2021-12-22,"Johnson&Johnson, Moderna, Oxford/AstraZeneca, Pfizer/BioNTech",https://opendata.digilugu.ee,1779388,838862,813284,298593
Estonia,2021-12-23,"Johnson&Johnson, Moderna, Oxford/AstraZeneca, Pfizer/BioNTech",https://opendata.digilugu.ee,1782798,839282,813846,301338
Estonia,2021-12-24,"Johnson&Johnson, Moderna, Oxford/AstraZeneca, Pfizer/BioNTech",https://opendata.digilugu.ee,1783111,839323,813916,301569
Estonia,2021-12-25,"Johnson&Johnson, Moderna, Oxford/AstraZeneca, Pfizer/BioNTech",https://opendata.digilugu.ee,1783455,839356,813961,301868
Estonia,2021-12-26,"Johnson&Johnson, Moderna, Oxford/AstraZeneca, Pfizer/BioNTech",https://opendata.digilugu.ee,1784021,839410,814057,302352
Estonia,2021-12-27,"Johnson&Johnson, Moderna, Oxford/AstraZeneca, Pfizer/BioNTech",https://opendata.digilugu.ee,1790329,840026,815135,307447
Estonia,2021-12-28,"Johnson&Johnson, Moderna, Oxford/AstraZeneca, Pfizer/BioNTech",https://opendata.digilugu.ee,1797861,840826,816314,313544
Estonia,2021-12-29,"Johnson&Johnson, Moderna, Oxford/AstraZeneca, Pfizer/BioNTech",https://opendata.digilugu.ee,1804080,841546,817316,318538
Estonia,2021-12-30,"Johnson&Johnson, Moderna, Oxford/AstraZeneca, Pfizer/BioNTech",https://opendata.digilugu.ee,1808291,842129,817996,321866
Estonia,2021-12-31,"Johnson&Johnson, Moderna, Oxford/AstraZeneca, Pfizer/BioNTech",https://opendata.digilugu.ee,1808964,842223,818131,322403
Estonia,2022-01-01,"Johnson&Johnson, Moderna, Oxford/AstraZeneca, Pfizer/BioNTech",https://opendata.digilugu.ee,1809195,842246,818164,322605
Estonia,2022-01-02,"Johnson&Johnson, Moderna, Oxford/AstraZeneca, Pfizer/BioNTech",https://opendata.digilugu.ee,1810450,842474,818384,323584
Estonia,2022-01-03,"Johnson&Johnson, Moderna, Oxford/AstraZeneca, Pfizer/BioNTech",https://opendata.digilugu.ee,1814111,842956,818962,326519
Estonia,2022-01-04,"Johnson&Johnson, Moderna, Oxford/AstraZeneca, Pfizer/BioNTech",https://opendata.digilugu.ee,1819624,843721,819864,330894
Estonia,2022-01-05,"Johnson&Johnson, Moderna, Oxford/AstraZeneca, Pfizer/BioNTech",https://opendata.digilugu.ee,1825325,844382,820610,335643
Estonia,2022-01-06,"Johnson&Johnson, Moderna, Oxford/AstraZeneca, Pfizer/BioNTech",https://opendata.digilugu.ee,1831123,845169,821410,340351
Estonia,2022-01-07,"Johnson&Johnson, Moderna, Oxford/AstraZeneca, Pfizer/BioNTech",https://opendata.digilugu.ee,1837269,845914,822313,345384
Estonia,2022-01-08,"Johnson&Johnson, Moderna, Oxford/AstraZeneca, Pfizer/BioNTech",https://opendata.digilugu.ee,1839910,846221,822692,347573
Estonia,2022-01-09,"Johnson&Johnson, Moderna, Oxford/AstraZeneca, Pfizer/BioNTech",https://opendata.digilugu.ee,1841401,846402,822917,348818
Estonia,2022-01-10,"Johnson&Johnson, Moderna, Oxford/AstraZeneca, Pfizer/BioNTech",https://opendata.digilugu.ee,1845587,846804,823460,352375
Estonia,2022-01-11,"Johnson&Johnson, Moderna, Oxford/AstraZeneca, Pfizer/BioNTech",https://opendata.digilugu.ee,1851300,847318,824121,357292
Estonia,2022-01-12,"Johnson&Johnson, Moderna, Oxford/AstraZeneca, Pfizer/BioNTech",https://opendata.digilugu.ee,1857093,847893,824831,362192
Estonia,2022-01-13,"Johnson&Johnson, Moderna, Oxford/AstraZeneca, Pfizer/BioNTech",https://opendata.digilugu.ee,1863022,848438,825418,367345
Estonia,2022-01-14,"Johnson&Johnson, Moderna, Oxford/AstraZeneca, Pfizer/BioNTech",https://opendata.digilugu.ee,1869500,849110,826188,372817
Estonia,2022-01-15,"Johnson&Johnson, Moderna, Oxford/AstraZeneca, Pfizer/BioNTech",https://opendata.digilugu.ee,1872780,849433,826590,375636
Estonia,2022-01-16,"Johnson&Johnson, Moderna, Oxford/AstraZeneca, Pfizer/BioNTech",https://opendata.digilugu.ee,1874055,849592,826752,376711
Estonia,2022-01-17,"Johnson&Johnson, Moderna, Oxford/AstraZeneca, Pfizer/BioNTech",https://opendata.digilugu.ee,1877683,849942,827144,379850
Estonia,2022-01-18,"Johnson&Johnson, Moderna, Oxford/AstraZeneca, Pfizer/BioNTech",https://opendata.digilugu.ee,1882315,850406,827681,383811
Estonia,2022-01-19,"Johnson&Johnson, Moderna, Oxford/AstraZeneca, Pfizer/BioNTech",https://opendata.digilugu.ee,1886452,850903,828213,387250
Estonia,2022-01-20,"Johnson&Johnson, Moderna, Oxford/AstraZeneca, Pfizer/BioNTech",https://opendata.digilugu.ee,1890900,851332,828671,391114
Estonia,2022-01-21,"Johnson&Johnson, Moderna, Oxford/AstraZeneca, Pfizer/BioNTech",https://opendata.digilugu.ee,1895961,851894,829264,395410
Estonia,2022-01-22,"Johnson&Johnson, Moderna, Oxford/AstraZeneca, Pfizer/BioNTech",https://opendata.digilugu.ee,1898089,852149,829525,397211
Estonia,2022-01-23,"Johnson&Johnson, Moderna, Oxford/AstraZeneca, Pfizer/BioNTech",https://opendata.digilugu.ee,1899088,852270,829660,398057
Estonia,2022-01-24,"Johnson&Johnson, Moderna, Oxford/AstraZeneca, Pfizer/BioNTech",https://opendata.digilugu.ee,1901915,852597,830042,400431
Estonia,2022-01-25,"Johnson&Johnson, Moderna, Oxford/AstraZeneca, Pfizer/BioNTech",https://opendata.digilugu.ee,1905213,852953,830482,403193
Estonia,2022-01-26,"Johnson&Johnson, Moderna, Oxford/AstraZeneca, Pfizer/BioNTech",https://opendata.digilugu.ee,1908217,853290,830888,405694
Estonia,2022-01-27,"Johnson&Johnson, Moderna, Oxford/AstraZeneca, Pfizer/BioNTech",https://opendata.digilugu.ee,1911492,853582,831278,408498
Estonia,2022-01-28,"Johnson&Johnson, Moderna, Oxford/AstraZeneca, Pfizer/BioNTech",https://opendata.digilugu.ee,1915232,853995,831785,411616
Estonia,2022-01-29,"Johnson&Johnson, Moderna, Oxford/AstraZeneca, Pfizer/BioNTech",https://opendata.digilugu.ee,1916835,854126,831992,412997
Estonia,2022-01-30,"Johnson&Johnson, Moderna, Oxford/AstraZeneca, Pfizer/BioNTech",https://opendata.digilugu.ee,1917922,854221,832135,413915
Estonia,2022-01-31,"Johnson&Johnson, Moderna, Oxford/AstraZeneca, Pfizer/BioNTech",https://opendata.digilugu.ee,1920213,854427,832435,415856
Estonia,2022-02-01,"Johnson&Johnson, Moderna, Oxford/AstraZeneca, Pfizer/BioNTech",https://opendata.digilugu.ee,1922668,854600,832813,417905
Estonia,2022-02-02,"Johnson&Johnson, Moderna, Oxford/AstraZeneca, Pfizer/BioNTech",https://opendata.digilugu.ee,1924974,854775,833190,419791
Estonia,2022-02-03,"Johnson&Johnson, Moderna, Oxford/AstraZeneca, Pfizer/BioNTech",https://opendata.digilugu.ee,1927075,854961,833478,421585
Estonia,2022-02-04,"Johnson&Johnson, Moderna, Oxford/AstraZeneca, Pfizer/BioNTech",https://opendata.digilugu.ee,1929284,855125,833764,423483
Estonia,2022-02-05,"Johnson&Johnson, Moderna, Oxford/AstraZeneca, Pfizer/BioNTech",https://opendata.digilugu.ee,1930233,855204,833874,424314
Estonia,2022-02-06,"Johnson&Johnson, Moderna, Oxford/AstraZeneca, Pfizer/BioNTech",https://opendata.digilugu.ee,1930741,855239,833926,424766
Estonia,2022-02-07,"Johnson&Johnson, Moderna, Oxford/AstraZeneca, Pfizer/BioNTech",https://opendata.digilugu.ee,1932140,855388,834194,425869
Estonia,2022-02-08,"Johnson&Johnson, Moderna, Oxford/AstraZeneca, Pfizer/BioNTech",https://opendata.digilugu.ee,1933799,855535,834579,427112
Estonia,2022-02-09,"Johnson&Johnson, Moderna, Oxford/AstraZeneca, Pfizer/BioNTech",https://opendata.digilugu.ee,1935320,855644,834901,428285
Estonia,2022-02-10,"Johnson&Johnson, Moderna, Oxford/AstraZeneca, Pfizer/BioNTech",https://opendata.digilugu.ee,1936856,855795,835216,429511
Estonia,2022-02-11,"Johnson&Johnson, Moderna, Oxford/AstraZeneca, Pfizer/BioNTech",https://opendata.digilugu.ee,1938637,855948,835505,430982
Estonia,2022-02-12,"Johnson&Johnson, Moderna, Oxford/AstraZeneca, Pfizer/BioNTech",https://opendata.digilugu.ee,1939241,856014,835591,431504
Estonia,2022-02-13,"Johnson&Johnson, Moderna, Oxford/AstraZeneca, Pfizer/BioNTech",https://opendata.digilugu.ee,1939763,856064,835712,431903
Estonia,2022-02-14,"Johnson&Johnson, Moderna, Oxford/AstraZeneca, Pfizer/BioNTech",https://opendata.digilugu.ee,1940724,856146,835921,432648
Estonia,2022-02-15,"Johnson&Johnson, Moderna, Oxford/AstraZeneca, Pfizer/BioNTech",https://opendata.digilugu.ee,1942009,856251,836203,433628
Estonia,2022-02-16,"Johnson&Johnson, Moderna, Oxford/AstraZeneca, Pfizer/BioNTech",https://opendata.digilugu.ee,1943221,856361,836499,434531
Estonia,2022-02-17,"Johnson&Johnson, Moderna, Oxford/AstraZeneca, Pfizer/BioNTech",https://opendata.digilugu.ee,1944487,856458,836806,435471
Estonia,2022-02-18,"Johnson&Johnson, Moderna, Oxford/AstraZeneca, Pfizer/BioNTech",https://opendata.digilugu.ee,1946035,856587,837162,436657
Estonia,2022-02-19,"Johnson&Johnson, Moderna, Oxford/AstraZeneca, Pfizer/BioNTech",https://opendata.digilugu.ee,1946730,856674,837314,437202
Estonia,2022-02-20,"Johnson&Johnson, Moderna, Oxford/AstraZeneca, Pfizer/BioNTech",https://opendata.digilugu.ee,1947036,856706,837376,437446
Estonia,2022-02-21,"Johnson&Johnson, Moderna, Oxford/AstraZeneca, Pfizer/BioNTech",https://opendata.digilugu.ee,1948123,856797,837576,438331
Estonia,2022-02-22,"Johnson&Johnson, Moderna, Oxford/AstraZeneca, Pfizer/BioNTech",https://opendata.digilugu.ee,1949629,856936,837902,439490
Estonia,2022-02-23,"Johnson&Johnson, Moderna, Oxford/AstraZeneca, Pfizer/BioNTech",https://opendata.digilugu.ee,1950588,857040,838138,440202
Estonia,2022-02-24,"Johnson&Johnson, Moderna, Oxford/AstraZeneca, Pfizer/BioNTech",https://opendata.digilugu.ee,1950734,857056,838169,440313
Estonia,2022-02-25,"Johnson&Johnson, Moderna, Oxford/AstraZeneca, Pfizer/BioNTech",https://opendata.digilugu.ee,1952320,857190,838535,441535
Estonia,2022-02-26,"Johnson&Johnson, Moderna, Oxford/AstraZeneca, Pfizer/BioNTech",https://opendata.digilugu.ee,1952897,857234,838636,442009
Estonia,2022-02-27,"Johnson&Johnson, Moderna, Oxford/AstraZeneca, Pfizer/BioNTech",https://opendata.digilugu.ee,1953223,857267,838689,442283
Estonia,2022-02-28,"Johnson&Johnson, Moderna, Oxford/AstraZeneca, Pfizer/BioNTech",https://opendata.digilugu.ee,1954208,857375,838914,443072
