location,date,vaccine,source_url,total_vaccinations,people_vaccinated,people_fully_vaccinated,total_boosters
Greenland,2021-01-27,Pfizer/BioNTech,https://sermitsiaq.ag/ikke-flere-vacciner-nuuk,2584,2584,0,
Greenland,2021-03-01,Pfizer/BioNTech,https://knr.gl/da/nyheder/overblik-s%C3%A5-langt-er-gr%C3%B8nland-med-vaccinere,5130,3927,1203,
Greenland,2021-04-09,Pfizer/BioNTech,https://corona.nun.gl/emner/statistik/antal_vaccinerede,9555,5296,4259,
Greenland,2021-04-12,Pfizer/BioNTech,https://corona.nun.gl/emner/statistik/antal_vaccinerede,9808,5531,4277,
Greenland,2021-04-13,Pfizer/BioNTech,https://corona.nun.gl/emner/statistik/antal_vaccinerede,9996,5700,4296,
Greenland,2021-04-14,Pfizer/BioNTech,https://corona.nun.gl/emner/statistik/antal_vaccinerede,10142,5845,4297,
Greenland,2021-04-15,Pfizer/BioNTech,https://corona.nun.gl/emner/statistik/antal_vaccinerede,10232,5935,4297,
Greenland,2021-04-16,Pfizer/BioNTech,https://corona.nun.gl/emner/statistik/antal_vaccinerede,10567,6270,4297,
Greenland,2021-04-19,Pfizer/BioNTech,https://corona.nun.gl/emner/statistik/antal_vaccinerede,10974,6677,4297,
Greenland,2021-04-20,Pfizer/BioNTech,https://corona.nun.gl/emner/statistik/antal_vaccinerede,11508,7210,4298,
Greenland,2021-04-21,Pfizer/BioNTech,https://corona.nun.gl/emner/statistik/antal_vaccinerede,12233,7935,4298,
Greenland,2021-04-22,Pfizer/BioNTech,https://corona.nun.gl/emner/statistik/antal_vaccinerede,12434,8136,4298,
Greenland,2021-04-23,Pfizer/BioNTech,https://corona.nun.gl/emner/statistik/antal_vaccinerede,12859,8561,4298,
Greenland,2021-04-26,Pfizer/BioNTech,https://corona.nun.gl/emner/statistik/antal_vaccinerede,13108,8810,4298,
Greenland,2021-04-27,Pfizer/BioNTech,https://corona.nun.gl/emner/statistik/antal_vaccinerede,13214,8835,4379,
Greenland,2021-04-28,Pfizer/BioNTech,https://corona.nun.gl/emner/statistik/antal_vaccinerede,13847,8858,4989,
Greenland,2021-04-29,Pfizer/BioNTech,https://corona.nun.gl/emner/statistik/antal_vaccinerede,14139,8867,5272,
Greenland,2021-05-03,Pfizer/BioNTech,https://corona.nun.gl/emner/statistik/antal_vaccinerede,14176,8900,5276,
Greenland,2021-05-04,Pfizer/BioNTech,https://corona.nun.gl/emner/statistik/antal_vaccinerede,14177,8900,5277,
Greenland,2021-05-07,Pfizer/BioNTech,https://corona.nun.gl/emner/statistik/antal_vaccinerede,14278,8994,5284,
Greenland,2021-05-10,Pfizer/BioNTech,https://corona.nun.gl/emner/statistik/antal_vaccinerede,14771,9326,5445,
Greenland,2021-05-11,Pfizer/BioNTech,https://corona.nun.gl/emner/statistik/antal_vaccinerede,14914,9432,5482,
Greenland,2021-05-12,Pfizer/BioNTech,https://corona.nun.gl/emner/statistik/antal_vaccinerede,15308,9715,5593,
Greenland,2021-05-14,Pfizer/BioNTech,https://corona.nun.gl/emner/statistik/antal_vaccinerede,16268,10222,6046,
Greenland,2021-05-17,Pfizer/BioNTech,https://corona.nun.gl/emner/statistik/antal_vaccinerede,17324,10921,6403,
Greenland,2021-05-18,Pfizer/BioNTech,https://corona.nun.gl/emner/statistik/antal_vaccinerede,18461,11475,6986,
Greenland,2021-05-19,Pfizer/BioNTech,https://corona.nun.gl/emner/statistik/antal_vaccinerede,19241,11577,7664,
Greenland,2021-05-21,Pfizer/BioNTech,https://corona.nun.gl/emner/statistik/antal_vaccinerede,19826,11628,8198,
Greenland,2021-05-25,Pfizer/BioNTech,https://corona.nun.gl/emner/statistik/antal_vaccinerede,20083,11822,8261,
Greenland,2021-05-26,Pfizer/BioNTech,https://corona.nun.gl/emner/statistik/antal_vaccinerede,20606,12282,8324,
Greenland,2021-05-27,Pfizer/BioNTech,https://corona.nun.gl/emner/statistik/antal_vaccinerede,20910,12584,8326,
Greenland,2021-05-28,Pfizer/BioNTech,https://corona.nun.gl/emner/statistik/antal_vaccinerede,20910,13361,8333,
Greenland,2021-05-30,Pfizer/BioNTech,https://corona.nun.gl/emner/statistik/antal_vaccinerede,21694,13361,8333,
Greenland,2021-05-31,Pfizer/BioNTech,https://corona.nun.gl/emner/statistik/antal_vaccinerede,22376,14036,8340,
Greenland,2021-06-01,Pfizer/BioNTech,https://corona.nun.gl/emner/statistik/antal_vaccinerede,23080,14691,8389,
Greenland,2021-06-02,Pfizer/BioNTech,https://corona.nun.gl/emner/statistik/antal_vaccinerede,23911,15516,8395,
Greenland,2021-06-03,Pfizer/BioNTech,https://corona.nun.gl/emner/statistik/antal_vaccinerede,25335,16879,8456,
Greenland,2021-06-04,Pfizer/BioNTech,https://corona.nun.gl/emner/statistik/antal_vaccinerede,26063,17598,8465,
Greenland,2021-06-07,Moderna,https://corona.nun.gl/emner/statistik/antal_vaccinerede,26182,17679,8503,
Greenland,2021-06-08,Moderna,https://corona.nun.gl/emner/statistik/antal_vaccinerede,26423,17897,8526,
Greenland,2021-06-09,Moderna,https://corona.nun.gl/emner/statistik/antal_vaccinerede,28068,19523,8545,
Greenland,2021-06-10,Moderna,https://corona.nun.gl/emner/statistik/antal_vaccinerede,28531,19956,8575,
Greenland,2021-06-11,Moderna,https://corona.nun.gl/emner/statistik/antal_vaccinerede,28827,20216,8611,
Greenland,2021-06-14,Moderna,https://corona.nun.gl/emner/statistik/antal_vaccinerede,30364,21008,9356,
Greenland,2021-06-15,Moderna,https://corona.nun.gl/emner/statistik/antal_vaccinerede,30588,21179,9409,
Greenland,2021-06-16,Moderna,https://corona.nun.gl/emner/statistik/antal_vaccinerede,31026,21381,9645,
Greenland,2021-06-17,Moderna,https://corona.nun.gl/emner/statistik/antal_vaccinerede,31672,21673,9999,
Greenland,2021-06-18,Moderna,https://corona.nun.gl/emner/statistik/antal_vaccinerede,32175,21863,10312,
Greenland,2021-06-22,Moderna,https://corona.nun.gl/emner/statistik/antal_vaccinerede,32403,22018,10385,
Greenland,2021-06-23,Moderna,https://corona.nun.gl/emner/statistik/antal_vaccinerede,33425,23009,10416,
Greenland,2021-06-24,Moderna,https://corona.nun.gl/emner/statistik/antal_vaccinerede,34596,24158,10438,
Greenland,2021-06-25,Moderna,https://corona.nun.gl/emner/statistik/antal_vaccinerede,35554,25108,10446,
Greenland,2021-06-28,Moderna,https://corona.nun.gl/emner/statistik/antal_vaccinerede,35751,25298,10453,
Greenland,2021-06-29,Moderna,https://corona.nun.gl/emner/statistik/antal_vaccinerede,36998,26425,10573,
Greenland,2021-06-30,Moderna,https://corona.nun.gl/emner/statistik/antal_vaccinerede,39270,28030,11240,
Greenland,2021-07-01,Moderna,https://corona.nun.gl/emner/statistik/antal_vaccinerede,41648,29234,12414,
Greenland,2021-07-02,Moderna,https://corona.nun.gl/emner/statistik/antal_vaccinerede,43111,30081,13030,
Greenland,2021-07-05,Moderna,https://corona.nun.gl/emner/statistik/antal_vaccinerede,43647,30169,13478,
Greenland,2021-07-06,Moderna,https://corona.nun.gl/emner/statistik/antal_vaccinerede,44246,30377,13869,
Greenland,2021-07-07,Moderna,https://corona.nun.gl/emner/statistik/antal_vaccinerede,45956,31079,14877,
Greenland,2021-07-08,Moderna,https://corona.nun.gl/emner/statistik/antal_vaccinerede,46746,31311,15435,
Greenland,2021-07-09,Moderna,https://corona.nun.gl/emner/statistik/antal_vaccinerede,47971,31494,16477,
Greenland,2021-07-12,Moderna,https://corona.nun.gl/emner/statistik/antal_vaccinerede,49838,31798,18040,
Greenland,2021-07-13,Moderna,https://corona.nun.gl/emner/statistik/antal_vaccinerede,50467,31935,18532,
Greenland,2021-07-14,Moderna,https://corona.nun.gl/emner/statistik/antal_vaccinerede,50826,32168,18658,
Greenland,2021-07-16,Moderna,https://corona.nun.gl/emner/statistik/antal_vaccinerede,51639,32724,18915,
Greenland,2021-07-19,Moderna,https://corona.nun.gl/emner/statistik/antal_vaccinerede,51657,32731,18926,
Greenland,2021-07-20,Moderna,https://corona.nun.gl/emner/statistik/antal_vaccinerede,51949,32881,19068,
Greenland,2021-07-21,Moderna,https://corona.nun.gl/emner/statistik/antal_vaccinerede,52472,33165,19307,
Greenland,2021-07-22,Moderna,https://corona.nun.gl/emner/statistik/antal_vaccinerede,53530,33691,19839,
Greenland,2021-07-23,Moderna,https://corona.nun.gl/emner/statistik/antal_vaccinerede,54704,34165,20539,
Greenland,2021-07-26,Moderna,https://corona.nun.gl/emner/statistik/antal_vaccinerede,57618,35267,22351,
Greenland,2021-07-27,Moderna,https://corona.nun.gl/emner/statistik/antal_vaccinerede,57767,35375,22392,
Greenland,2021-07-28,Moderna,https://corona.nun.gl/emner/statistik/antal_vaccinerede,58131,35434,22697,
Greenland,2021-07-29,Moderna,https://corona.nun.gl/emner/statistik/antal_vaccinerede,59270,35782,23488,
Greenland,2021-07-30,Moderna,https://corona.nun.gl/emner/statistik/antal_vaccinerede,62050,36324,25726,
Greenland,2021-08-02,Moderna,https://corona.nun.gl/emner/statistik/antal_vaccinerede,62724,36634,26090,
Greenland,2021-08-03,Moderna,https://corona.nun.gl/emner/statistik/antal_vaccinerede,62804,36672,26132,
Greenland,2021-08-04,Moderna,https://corona.nun.gl/emner/statistik/antal_vaccinerede,63728,36883,26845,
Greenland,2021-08-05,Moderna,https://corona.nun.gl/emner/statistik/antal_vaccinerede,63845,36921,26924,
Greenland,2021-08-06,Moderna,https://corona.nun.gl/emner/statistik/antal_vaccinerede,64591,37033,27558,
Greenland,2021-08-09,Moderna,https://corona.nun.gl/emner/statistik/antal_vaccinerede,65343,37240,28103,
Greenland,2021-08-10,Moderna,https://corona.nun.gl/emner/statistik/antal_vaccinerede,65392,37254,28138,
Greenland,2021-08-11,Moderna,https://corona.nun.gl/emner/statistik/antal_vaccinerede,66285,37401,28884,
Greenland,2021-08-13,Moderna,https://corona.nun.gl/emner/statistik/antal_vaccinerede,67849,38165,29684,
Greenland,2021-08-16,Moderna,https://corona.nun.gl/emner/statistik/antal_vaccinerede,68721,38720,30001,
Greenland,2021-08-17,Moderna,https://corona.nun.gl/emner/statistik/antal_vaccinerede,68767,38755,30012,
Greenland,2021-08-19,Moderna,https://corona.nun.gl/emner/statistik/antal_vaccinerede,69605,38984,30621,
Greenland,2021-08-20,Moderna,https://corona.nun.gl/emner/statistik/antal_vaccinerede,70371,39337,31034,
Greenland,2021-08-23,Moderna,https://corona.nun.gl/emner/statistik/antal_vaccinerede,70518,39374,31144,
Greenland,2021-08-24,Moderna,https://corona.nun.gl/emner/statistik/antal_vaccinerede,70741,39425,31316,
Greenland,2021-08-30,Moderna,https://corona.nun.gl,72589,39878,32711,
Greenland,2021-10-01,Moderna,https://corona.nun.gl,76081,39900,36181,
Greenland,2021-10-05,Moderna,https://corona.nun.gl,76120,39901,36219,
Greenland,2021-10-08,Moderna,https://corona.nun.gl,76319,39936,36383,
Greenland,2021-10-11,Moderna,https://corona.nun.gl,76359,39951,36408,
Greenland,2021-10-12,Moderna,https://corona.nun.gl,76405,39960,36445,
Greenland,2021-10-13,Moderna,https://corona.nun.gl,76470,39988,36482,
Greenland,2021-10-14,Moderna,https://corona.nun.gl,76572,40002,36570,
Greenland,2021-10-15,Moderna,https://corona.nun.gl,76637,40015,36622,
Greenland,2021-10-18,Moderna,https://corona.nun.gl,76757,40033,36724,
Greenland,2021-10-21,Moderna,https://corona.nun.gl,77006,40104,36902,
Greenland,2021-10-25,Moderna,https://corona.nun.gl,77057,40104,36953,
Greenland,2021-10-29,Moderna,https://corona.nun.gl,77164,40121,37043,
Greenland,2021-11-02,Moderna,https://corona.nun.gl,77206,40121,37085,
Greenland,2021-11-04,Moderna,https://corona.nun.gl,77383,40125,37258,
Greenland,2021-11-25,Moderna,https://corona.nun.gl,77655,40224,37431,
Greenland,2021-12-03,Moderna,https://corona.nun.gl,77808,40271,37537,
Greenland,2021-12-07,Moderna,https://corona.nun.gl,77821,40274,37547,
Greenland,2021-12-08,Moderna,https://corona.nun.gl,77893,40296,37597,
Greenland,2021-12-10,Moderna,https://corona.nun.gl,78120,40351,37769,
Greenland,2021-12-15,Moderna,https://corona.nun.gl,78240,40385,37855,
Greenland,2021-12-21,Moderna,https://corona.nun.gl,78423,40425,37998,
Greenland,2021-12-23,Moderna,https://corona.nun.gl,78490,40445,38045,
Greenland,2021-12-27,Moderna,https://corona.nun.gl,78500,40447,38053,
Greenland,2022-01-04,Moderna,https://corona.nun.gl,78558,40469,38089,
Greenland,2022-01-18,Moderna,https://corona.nun.gl,79270,41010,38260,
Greenland,2022-01-21,Moderna,https://corona.nun.gl,79430,41122,38308,
Greenland,2022-01-24,Moderna,https://corona.nun.gl,79478,41148,38330,
Greenland,2022-01-25,Moderna,https://corona.nun.gl,79487,41157,38330,
Greenland,2022-01-26,Moderna,https://corona.nun.gl,79507,41166,38341,
Greenland,2022-01-27,Moderna,https://corona.nun.gl,79521,41174,38347,
Greenland,2022-01-30,Moderna,https://corona.nun.gl,79539,41183,38356,
Greenland,2022-02-01,Moderna,https://corona.nun.gl,79549,41188,38361,
Greenland,2022-02-03,Moderna,https://corona.nun.gl,79562,41201,38361,
Greenland,2022-02-04,Moderna,https://corona.nun.gl,79577,41201,38376,
Greenland,2022-02-09,Moderna,https://corona.nun.gl,79658,41220,38438,
Greenland,2022-02-14,Moderna,https://corona.nun.gl,79703,41229,38474,
