location,date,vaccine,source_url,total_vaccinations,people_vaccinated,people_fully_vaccinated,total_boosters
Hong Kong,2021-02-22,Sinovac,https://data.gov.hk/en-data/dataset/hk-fhb-fhbcovid19-vaccination-rates-over-time-by-age,47,47,0,0
Hong Kong,2021-02-23,Sinovac,https://data.gov.hk/en-data/dataset/hk-fhb-fhbcovid19-vaccination-rates-over-time-by-age,579,579,0,0
Hong Kong,2021-02-26,Sinovac,https://data.gov.hk/en-data/dataset/hk-fhb-fhbcovid19-vaccination-rates-over-time-by-age,6623,6623,0,0
Hong Kong,2021-02-27,Sinovac,https://data.gov.hk/en-data/dataset/hk-fhb-fhbcovid19-vaccination-rates-over-time-by-age,13663,13662,1,0
Hong Kong,2021-02-28,Sinovac,https://data.gov.hk/en-data/dataset/hk-fhb-fhbcovid19-vaccination-rates-over-time-by-age,20678,20677,1,0
Hong Kong,2021-03-01,Sinovac,https://data.gov.hk/en-data/dataset/hk-fhb-fhbcovid19-vaccination-rates-over-time-by-age,27086,27085,1,0
Hong Kong,2021-03-02,Sinovac,https://data.gov.hk/en-data/dataset/hk-fhb-fhbcovid19-vaccination-rates-over-time-by-age,40157,40156,1,0
Hong Kong,2021-03-03,Sinovac,https://data.gov.hk/en-data/dataset/hk-fhb-fhbcovid19-vaccination-rates-over-time-by-age,51825,51822,3,0
Hong Kong,2021-03-04,Sinovac,https://data.gov.hk/en-data/dataset/hk-fhb-fhbcovid19-vaccination-rates-over-time-by-age,62214,62211,3,0
Hong Kong,2021-03-05,Sinovac,https://data.gov.hk/en-data/dataset/hk-fhb-fhbcovid19-vaccination-rates-over-time-by-age,72352,72349,3,0
Hong Kong,2021-03-06,"Pfizer/BioNTech, Sinovac",https://data.gov.hk/en-data/dataset/hk-fhb-fhbcovid19-vaccination-rates-over-time-by-age,84008,84004,4,0
Hong Kong,2021-03-07,"Pfizer/BioNTech, Sinovac",https://data.gov.hk/en-data/dataset/hk-fhb-fhbcovid19-vaccination-rates-over-time-by-age,93000,92995,5,0
Hong Kong,2021-03-08,"Pfizer/BioNTech, Sinovac",https://data.gov.hk/en-data/dataset/hk-fhb-fhbcovid19-vaccination-rates-over-time-by-age,103823,103818,5,0
Hong Kong,2021-03-09,"Pfizer/BioNTech, Sinovac",https://data.gov.hk/en-data/dataset/hk-fhb-fhbcovid19-vaccination-rates-over-time-by-age,113499,113493,6,0
Hong Kong,2021-03-10,"Pfizer/BioNTech, Sinovac",https://data.gov.hk/en-data/dataset/hk-fhb-fhbcovid19-vaccination-rates-over-time-by-age,130521,130514,7,0
Hong Kong,2021-03-11,"Pfizer/BioNTech, Sinovac",https://data.gov.hk/en-data/dataset/hk-fhb-fhbcovid19-vaccination-rates-over-time-by-age,145881,145874,7,0
Hong Kong,2021-03-12,"Pfizer/BioNTech, Sinovac",https://data.gov.hk/en-data/dataset/hk-fhb-fhbcovid19-vaccination-rates-over-time-by-age,162204,162197,7,0
Hong Kong,2021-03-13,"Pfizer/BioNTech, Sinovac",https://data.gov.hk/en-data/dataset/hk-fhb-fhbcovid19-vaccination-rates-over-time-by-age,177085,177077,8,0
Hong Kong,2021-03-14,"Pfizer/BioNTech, Sinovac",https://data.gov.hk/en-data/dataset/hk-fhb-fhbcovid19-vaccination-rates-over-time-by-age,190705,190697,8,0
Hong Kong,2021-03-15,"Pfizer/BioNTech, Sinovac",https://data.gov.hk/en-data/dataset/hk-fhb-fhbcovid19-vaccination-rates-over-time-by-age,206068,206060,8,0
Hong Kong,2021-03-16,"Pfizer/BioNTech, Sinovac",https://data.gov.hk/en-data/dataset/hk-fhb-fhbcovid19-vaccination-rates-over-time-by-age,229395,229387,8,0
Hong Kong,2021-03-17,"Pfizer/BioNTech, Sinovac",https://data.gov.hk/en-data/dataset/hk-fhb-fhbcovid19-vaccination-rates-over-time-by-age,253995,253986,9,0
Hong Kong,2021-03-18,"Pfizer/BioNTech, Sinovac",https://data.gov.hk/en-data/dataset/hk-fhb-fhbcovid19-vaccination-rates-over-time-by-age,276622,276612,10,0
Hong Kong,2021-03-19,"Pfizer/BioNTech, Sinovac",https://data.gov.hk/en-data/dataset/hk-fhb-fhbcovid19-vaccination-rates-over-time-by-age,304226,304216,10,0
Hong Kong,2021-03-20,"Pfizer/BioNTech, Sinovac",https://data.gov.hk/en-data/dataset/hk-fhb-fhbcovid19-vaccination-rates-over-time-by-age,330594,330584,10,0
Hong Kong,2021-03-21,"Pfizer/BioNTech, Sinovac",https://data.gov.hk/en-data/dataset/hk-fhb-fhbcovid19-vaccination-rates-over-time-by-age,354414,354404,10,0
Hong Kong,2021-03-22,"Pfizer/BioNTech, Sinovac",https://data.gov.hk/en-data/dataset/hk-fhb-fhbcovid19-vaccination-rates-over-time-by-age,379669,379616,53,0
Hong Kong,2021-03-23,"Pfizer/BioNTech, Sinovac",https://data.gov.hk/en-data/dataset/hk-fhb-fhbcovid19-vaccination-rates-over-time-by-age,403502,403054,448,0
Hong Kong,2021-03-24,"Pfizer/BioNTech, Sinovac",https://data.gov.hk/en-data/dataset/hk-fhb-fhbcovid19-vaccination-rates-over-time-by-age,413277,412797,480,0
Hong Kong,2021-03-25,"Pfizer/BioNTech, Sinovac",https://data.gov.hk/en-data/dataset/hk-fhb-fhbcovid19-vaccination-rates-over-time-by-age,421497,420989,508,0
Hong Kong,2021-03-26,"Pfizer/BioNTech, Sinovac",https://data.gov.hk/en-data/dataset/hk-fhb-fhbcovid19-vaccination-rates-over-time-by-age,435214,429508,5706,0
Hong Kong,2021-03-27,"Pfizer/BioNTech, Sinovac",https://data.gov.hk/en-data/dataset/hk-fhb-fhbcovid19-vaccination-rates-over-time-by-age,449254,437240,12014,0
Hong Kong,2021-03-28,"Pfizer/BioNTech, Sinovac",https://data.gov.hk/en-data/dataset/hk-fhb-fhbcovid19-vaccination-rates-over-time-by-age,462428,443875,18553,0
Hong Kong,2021-03-29,"Pfizer/BioNTech, Sinovac",https://data.gov.hk/en-data/dataset/hk-fhb-fhbcovid19-vaccination-rates-over-time-by-age,475099,450493,24606,0
Hong Kong,2021-03-30,"Pfizer/BioNTech, Sinovac",https://data.gov.hk/en-data/dataset/hk-fhb-fhbcovid19-vaccination-rates-over-time-by-age,490294,455898,34396,0
Hong Kong,2021-03-31,"Pfizer/BioNTech, Sinovac",https://data.gov.hk/en-data/dataset/hk-fhb-fhbcovid19-vaccination-rates-over-time-by-age,505075,461031,44044,0
Hong Kong,2021-04-01,"Pfizer/BioNTech, Sinovac",https://data.gov.hk/en-data/dataset/hk-fhb-fhbcovid19-vaccination-rates-over-time-by-age,520354,466255,54099,0
Hong Kong,2021-04-02,"Pfizer/BioNTech, Sinovac",https://data.gov.hk/en-data/dataset/hk-fhb-fhbcovid19-vaccination-rates-over-time-by-age,531215,471398,59817,0
Hong Kong,2021-04-03,"Pfizer/BioNTech, Sinovac",https://data.gov.hk/en-data/dataset/hk-fhb-fhbcovid19-vaccination-rates-over-time-by-age,543964,475023,68941,0
Hong Kong,2021-04-04,"Pfizer/BioNTech, Sinovac",https://data.gov.hk/en-data/dataset/hk-fhb-fhbcovid19-vaccination-rates-over-time-by-age,556048,478852,77196,0
Hong Kong,2021-04-05,"Pfizer/BioNTech, Sinovac",https://data.gov.hk/en-data/dataset/hk-fhb-fhbcovid19-vaccination-rates-over-time-by-age,577213,486951,90262,0
Hong Kong,2021-04-06,"Pfizer/BioNTech, Sinovac",https://data.gov.hk/en-data/dataset/hk-fhb-fhbcovid19-vaccination-rates-over-time-by-age,615980,502668,113312,0
Hong Kong,2021-04-07,"Pfizer/BioNTech, Sinovac",https://data.gov.hk/en-data/dataset/hk-fhb-fhbcovid19-vaccination-rates-over-time-by-age,659765,515998,143767,0
Hong Kong,2021-04-08,"Pfizer/BioNTech, Sinovac",https://data.gov.hk/en-data/dataset/hk-fhb-fhbcovid19-vaccination-rates-over-time-by-age,700282,529454,170828,0
Hong Kong,2021-04-09,"Pfizer/BioNTech, Sinovac",https://data.gov.hk/en-data/dataset/hk-fhb-fhbcovid19-vaccination-rates-over-time-by-age,745014,543605,201409,0
Hong Kong,2021-04-10,"Pfizer/BioNTech, Sinovac",https://data.gov.hk/en-data/dataset/hk-fhb-fhbcovid19-vaccination-rates-over-time-by-age,791529,559906,231623,0
Hong Kong,2021-04-11,"Pfizer/BioNTech, Sinovac",https://data.gov.hk/en-data/dataset/hk-fhb-fhbcovid19-vaccination-rates-over-time-by-age,834871,578916,255955,0
Hong Kong,2021-04-12,"Pfizer/BioNTech, Sinovac",https://data.gov.hk/en-data/dataset/hk-fhb-fhbcovid19-vaccination-rates-over-time-by-age,878223,597532,280691,0
Hong Kong,2021-04-13,"Pfizer/BioNTech, Sinovac",https://data.gov.hk/en-data/dataset/hk-fhb-fhbcovid19-vaccination-rates-over-time-by-age,918933,615387,303546,0
Hong Kong,2021-04-14,"Pfizer/BioNTech, Sinovac",https://data.gov.hk/en-data/dataset/hk-fhb-fhbcovid19-vaccination-rates-over-time-by-age,951092,632342,318750,0
Hong Kong,2021-04-15,"Pfizer/BioNTech, Sinovac",https://data.gov.hk/en-data/dataset/hk-fhb-fhbcovid19-vaccination-rates-over-time-by-age,981074,648977,332097,0
Hong Kong,2021-04-16,"Pfizer/BioNTech, Sinovac",https://data.gov.hk/en-data/dataset/hk-fhb-fhbcovid19-vaccination-rates-over-time-by-age,1017829,671863,345966,0
Hong Kong,2021-04-17,"Pfizer/BioNTech, Sinovac",https://data.gov.hk/en-data/dataset/hk-fhb-fhbcovid19-vaccination-rates-over-time-by-age,1057253,697310,359943,0
Hong Kong,2021-04-18,"Pfizer/BioNTech, Sinovac",https://data.gov.hk/en-data/dataset/hk-fhb-fhbcovid19-vaccination-rates-over-time-by-age,1091084,719879,371205,0
Hong Kong,2021-04-19,"Pfizer/BioNTech, Sinovac",https://data.gov.hk/en-data/dataset/hk-fhb-fhbcovid19-vaccination-rates-over-time-by-age,1123556,741368,382188,0
Hong Kong,2021-04-20,"Pfizer/BioNTech, Sinovac",https://data.gov.hk/en-data/dataset/hk-fhb-fhbcovid19-vaccination-rates-over-time-by-age,1149643,758656,390987,0
Hong Kong,2021-04-21,"Pfizer/BioNTech, Sinovac",https://data.gov.hk/en-data/dataset/hk-fhb-fhbcovid19-vaccination-rates-over-time-by-age,1173084,773868,399216,0
Hong Kong,2021-04-22,"Pfizer/BioNTech, Sinovac",https://data.gov.hk/en-data/dataset/hk-fhb-fhbcovid19-vaccination-rates-over-time-by-age,1196634,789260,407374,0
Hong Kong,2021-04-23,"Pfizer/BioNTech, Sinovac",https://data.gov.hk/en-data/dataset/hk-fhb-fhbcovid19-vaccination-rates-over-time-by-age,1222866,806707,416159,0
Hong Kong,2021-04-24,"Pfizer/BioNTech, Sinovac",https://data.gov.hk/en-data/dataset/hk-fhb-fhbcovid19-vaccination-rates-over-time-by-age,1253054,828236,424818,0
Hong Kong,2021-04-25,"Pfizer/BioNTech, Sinovac",https://data.gov.hk/en-data/dataset/hk-fhb-fhbcovid19-vaccination-rates-over-time-by-age,1275165,842659,432506,0
Hong Kong,2021-04-26,"Pfizer/BioNTech, Sinovac",https://data.gov.hk/en-data/dataset/hk-fhb-fhbcovid19-vaccination-rates-over-time-by-age,1302188,859916,442272,0
Hong Kong,2021-04-27,"Pfizer/BioNTech, Sinovac",https://data.gov.hk/en-data/dataset/hk-fhb-fhbcovid19-vaccination-rates-over-time-by-age,1326857,872360,454496,1
Hong Kong,2021-04-28,"Pfizer/BioNTech, Sinovac",https://data.gov.hk/en-data/dataset/hk-fhb-fhbcovid19-vaccination-rates-over-time-by-age,1351741,884148,467592,1
Hong Kong,2021-04-29,"Pfizer/BioNTech, Sinovac",https://data.gov.hk/en-data/dataset/hk-fhb-fhbcovid19-vaccination-rates-over-time-by-age,1377496,896989,480506,1
Hong Kong,2021-04-30,"Pfizer/BioNTech, Sinovac",https://data.gov.hk/en-data/dataset/hk-fhb-fhbcovid19-vaccination-rates-over-time-by-age,1413768,916296,497471,1
Hong Kong,2021-05-01,"Pfizer/BioNTech, Sinovac",https://data.gov.hk/en-data/dataset/hk-fhb-fhbcovid19-vaccination-rates-over-time-by-age,1454408,936375,518032,1
Hong Kong,2021-05-02,"Pfizer/BioNTech, Sinovac",https://data.gov.hk/en-data/dataset/hk-fhb-fhbcovid19-vaccination-rates-over-time-by-age,1491926,952125,539800,1
Hong Kong,2021-05-03,"Pfizer/BioNTech, Sinovac",https://data.gov.hk/en-data/dataset/hk-fhb-fhbcovid19-vaccination-rates-over-time-by-age,1529649,971915,557733,1
Hong Kong,2021-05-04,"Pfizer/BioNTech, Sinovac",https://data.gov.hk/en-data/dataset/hk-fhb-fhbcovid19-vaccination-rates-over-time-by-age,1562832,989746,573085,1
Hong Kong,2021-05-05,"Pfizer/BioNTech, Sinovac",https://data.gov.hk/en-data/dataset/hk-fhb-fhbcovid19-vaccination-rates-over-time-by-age,1593608,1005406,588201,1
Hong Kong,2021-05-06,"Pfizer/BioNTech, Sinovac",https://data.gov.hk/en-data/dataset/hk-fhb-fhbcovid19-vaccination-rates-over-time-by-age,1624048,1021202,602845,1
Hong Kong,2021-05-07,"Pfizer/BioNTech, Sinovac",https://data.gov.hk/en-data/dataset/hk-fhb-fhbcovid19-vaccination-rates-over-time-by-age,1662356,1038346,624009,1
Hong Kong,2021-05-08,"Pfizer/BioNTech, Sinovac",https://data.gov.hk/en-data/dataset/hk-fhb-fhbcovid19-vaccination-rates-over-time-by-age,1704445,1055499,648945,1
Hong Kong,2021-05-09,"Pfizer/BioNTech, Sinovac",https://data.gov.hk/en-data/dataset/hk-fhb-fhbcovid19-vaccination-rates-over-time-by-age,1741664,1071440,670223,1
Hong Kong,2021-05-10,"Pfizer/BioNTech, Sinovac",https://data.gov.hk/en-data/dataset/hk-fhb-fhbcovid19-vaccination-rates-over-time-by-age,1776552,1087183,689368,1
Hong Kong,2021-05-11,"Pfizer/BioNTech, Sinovac",https://data.gov.hk/en-data/dataset/hk-fhb-fhbcovid19-vaccination-rates-over-time-by-age,1805063,1100407,704655,1
Hong Kong,2021-05-12,"Pfizer/BioNTech, Sinovac",https://data.gov.hk/en-data/dataset/hk-fhb-fhbcovid19-vaccination-rates-over-time-by-age,1830852,1112074,718777,1
Hong Kong,2021-05-13,"Pfizer/BioNTech, Sinovac",https://data.gov.hk/en-data/dataset/hk-fhb-fhbcovid19-vaccination-rates-over-time-by-age,1856630,1123376,733253,1
Hong Kong,2021-05-14,"Pfizer/BioNTech, Sinovac",https://data.gov.hk/en-data/dataset/hk-fhb-fhbcovid19-vaccination-rates-over-time-by-age,1888612,1138051,750560,1
Hong Kong,2021-05-15,"Pfizer/BioNTech, Sinovac",https://data.gov.hk/en-data/dataset/hk-fhb-fhbcovid19-vaccination-rates-over-time-by-age,1926244,1153954,772289,1
Hong Kong,2021-05-16,"Pfizer/BioNTech, Sinovac",https://data.gov.hk/en-data/dataset/hk-fhb-fhbcovid19-vaccination-rates-over-time-by-age,1955073,1167850,787222,1
Hong Kong,2021-05-17,"Pfizer/BioNTech, Sinovac",https://data.gov.hk/en-data/dataset/hk-fhb-fhbcovid19-vaccination-rates-over-time-by-age,1984327,1180427,803899,1
Hong Kong,2021-05-18,"Pfizer/BioNTech, Sinovac",https://data.gov.hk/en-data/dataset/hk-fhb-fhbcovid19-vaccination-rates-over-time-by-age,2010369,1193618,816750,1
Hong Kong,2021-05-19,"Pfizer/BioNTech, Sinovac",https://data.gov.hk/en-data/dataset/hk-fhb-fhbcovid19-vaccination-rates-over-time-by-age,2026536,1202361,824174,1
Hong Kong,2021-05-20,"Pfizer/BioNTech, Sinovac",https://data.gov.hk/en-data/dataset/hk-fhb-fhbcovid19-vaccination-rates-over-time-by-age,2050319,1213119,837199,1
Hong Kong,2021-05-21,"Pfizer/BioNTech, Sinovac",https://data.gov.hk/en-data/dataset/hk-fhb-fhbcovid19-vaccination-rates-over-time-by-age,2081163,1227129,854033,1
Hong Kong,2021-05-22,"Pfizer/BioNTech, Sinovac",https://data.gov.hk/en-data/dataset/hk-fhb-fhbcovid19-vaccination-rates-over-time-by-age,2117813,1242987,874825,1
Hong Kong,2021-05-23,"Pfizer/BioNTech, Sinovac",https://data.gov.hk/en-data/dataset/hk-fhb-fhbcovid19-vaccination-rates-over-time-by-age,2146648,1254794,891853,1
Hong Kong,2021-05-24,"Pfizer/BioNTech, Sinovac",https://data.gov.hk/en-data/dataset/hk-fhb-fhbcovid19-vaccination-rates-over-time-by-age,2175027,1267442,907584,1
Hong Kong,2021-05-25,"Pfizer/BioNTech, Sinovac",https://data.gov.hk/en-data/dataset/hk-fhb-fhbcovid19-vaccination-rates-over-time-by-age,2200087,1278561,921525,1
Hong Kong,2021-05-26,"Pfizer/BioNTech, Sinovac",https://data.gov.hk/en-data/dataset/hk-fhb-fhbcovid19-vaccination-rates-over-time-by-age,2224164,1289772,934391,1
Hong Kong,2021-05-27,"Pfizer/BioNTech, Sinovac",https://data.gov.hk/en-data/dataset/hk-fhb-fhbcovid19-vaccination-rates-over-time-by-age,2250308,1302545,947762,1
Hong Kong,2021-05-28,"Pfizer/BioNTech, Sinovac",https://data.gov.hk/en-data/dataset/hk-fhb-fhbcovid19-vaccination-rates-over-time-by-age,2286306,1319744,966561,1
Hong Kong,2021-05-29,"Pfizer/BioNTech, Sinovac",https://data.gov.hk/en-data/dataset/hk-fhb-fhbcovid19-vaccination-rates-over-time-by-age,2328847,1342200,986646,1
Hong Kong,2021-05-30,"Pfizer/BioNTech, Sinovac",https://data.gov.hk/en-data/dataset/hk-fhb-fhbcovid19-vaccination-rates-over-time-by-age,2364023,1359353,1004669,1
Hong Kong,2021-05-31,"Pfizer/BioNTech, Sinovac",https://data.gov.hk/en-data/dataset/hk-fhb-fhbcovid19-vaccination-rates-over-time-by-age,2400492,1379459,1021032,1
Hong Kong,2021-06-01,"Pfizer/BioNTech, Sinovac",https://data.gov.hk/en-data/dataset/hk-fhb-fhbcovid19-vaccination-rates-over-time-by-age,2434056,1399308,1034747,1
Hong Kong,2021-06-02,"Pfizer/BioNTech, Sinovac",https://data.gov.hk/en-data/dataset/hk-fhb-fhbcovid19-vaccination-rates-over-time-by-age,2466556,1419107,1047448,1
Hong Kong,2021-06-03,"Pfizer/BioNTech, Sinovac",https://data.gov.hk/en-data/dataset/hk-fhb-fhbcovid19-vaccination-rates-over-time-by-age,2502774,1442969,1059803,2
Hong Kong,2021-06-04,"Pfizer/BioNTech, Sinovac",https://data.gov.hk/en-data/dataset/hk-fhb-fhbcovid19-vaccination-rates-over-time-by-age,2547725,1472113,1075610,2
Hong Kong,2021-06-05,"Pfizer/BioNTech, Sinovac",https://data.gov.hk/en-data/dataset/hk-fhb-fhbcovid19-vaccination-rates-over-time-by-age,2598242,1503577,1094663,2
Hong Kong,2021-06-06,"Pfizer/BioNTech, Sinovac",https://data.gov.hk/en-data/dataset/hk-fhb-fhbcovid19-vaccination-rates-over-time-by-age,2637578,1528130,1109446,2
Hong Kong,2021-06-07,"Pfizer/BioNTech, Sinovac",https://data.gov.hk/en-data/dataset/hk-fhb-fhbcovid19-vaccination-rates-over-time-by-age,2679730,1557565,1122163,2
Hong Kong,2021-06-08,"Pfizer/BioNTech, Sinovac",https://data.gov.hk/en-data/dataset/hk-fhb-fhbcovid19-vaccination-rates-over-time-by-age,2716210,1583981,1132227,2
Hong Kong,2021-06-09,"Pfizer/BioNTech, Sinovac",https://data.gov.hk/en-data/dataset/hk-fhb-fhbcovid19-vaccination-rates-over-time-by-age,2749075,1608446,1140627,2
Hong Kong,2021-06-10,"Pfizer/BioNTech, Sinovac",https://data.gov.hk/en-data/dataset/hk-fhb-fhbcovid19-vaccination-rates-over-time-by-age,2787306,1636528,1150776,2
Hong Kong,2021-06-11,"Pfizer/BioNTech, Sinovac",https://data.gov.hk/en-data/dataset/hk-fhb-fhbcovid19-vaccination-rates-over-time-by-age,2837740,1671937,1165801,2
Hong Kong,2021-06-12,"Pfizer/BioNTech, Sinovac",https://data.gov.hk/en-data/dataset/hk-fhb-fhbcovid19-vaccination-rates-over-time-by-age,2891884,1708039,1183843,2
Hong Kong,2021-06-13,"Pfizer/BioNTech, Sinovac",https://data.gov.hk/en-data/dataset/hk-fhb-fhbcovid19-vaccination-rates-over-time-by-age,2934384,1738128,1196254,2
Hong Kong,2021-06-14,"Pfizer/BioNTech, Sinovac",https://data.gov.hk/en-data/dataset/hk-fhb-fhbcovid19-vaccination-rates-over-time-by-age,2964873,1761607,1203264,2
Hong Kong,2021-06-15,"Pfizer/BioNTech, Sinovac",https://data.gov.hk/en-data/dataset/hk-fhb-fhbcovid19-vaccination-rates-over-time-by-age,3006394,1790776,1215616,2
Hong Kong,2021-06-16,"Pfizer/BioNTech, Sinovac",https://data.gov.hk/en-data/dataset/hk-fhb-fhbcovid19-vaccination-rates-over-time-by-age,3041853,1817965,1223886,2
Hong Kong,2021-06-17,"Pfizer/BioNTech, Sinovac",https://data.gov.hk/en-data/dataset/hk-fhb-fhbcovid19-vaccination-rates-over-time-by-age,3080756,1847200,1233554,2
Hong Kong,2021-06-18,"Pfizer/BioNTech, Sinovac",https://data.gov.hk/en-data/dataset/hk-fhb-fhbcovid19-vaccination-rates-over-time-by-age,3131086,1883032,1248052,2
Hong Kong,2021-06-19,"Pfizer/BioNTech, Sinovac",https://data.gov.hk/en-data/dataset/hk-fhb-fhbcovid19-vaccination-rates-over-time-by-age,3182699,1916387,1266310,2
Hong Kong,2021-06-20,"Pfizer/BioNTech, Sinovac",https://data.gov.hk/en-data/dataset/hk-fhb-fhbcovid19-vaccination-rates-over-time-by-age,3220658,1940444,1280212,2
Hong Kong,2021-06-21,"Pfizer/BioNTech, Sinovac",https://data.gov.hk/en-data/dataset/hk-fhb-fhbcovid19-vaccination-rates-over-time-by-age,3266661,1970941,1295718,2
Hong Kong,2021-06-22,"Pfizer/BioNTech, Sinovac",https://data.gov.hk/en-data/dataset/hk-fhb-fhbcovid19-vaccination-rates-over-time-by-age,3307658,1998744,1308912,2
Hong Kong,2021-06-23,"Pfizer/BioNTech, Sinovac",https://data.gov.hk/en-data/dataset/hk-fhb-fhbcovid19-vaccination-rates-over-time-by-age,3348341,2026222,1322117,2
Hong Kong,2021-06-24,"Pfizer/BioNTech, Sinovac",https://data.gov.hk/en-data/dataset/hk-fhb-fhbcovid19-vaccination-rates-over-time-by-age,3394764,2056869,1337893,2
Hong Kong,2021-06-25,"Pfizer/BioNTech, Sinovac",https://data.gov.hk/en-data/dataset/hk-fhb-fhbcovid19-vaccination-rates-over-time-by-age,3452706,2092300,1360404,2
Hong Kong,2021-06-26,"Pfizer/BioNTech, Sinovac",https://data.gov.hk/en-data/dataset/hk-fhb-fhbcovid19-vaccination-rates-over-time-by-age,3511265,2122630,1388633,2
Hong Kong,2021-06-27,"Pfizer/BioNTech, Sinovac",https://data.gov.hk/en-data/dataset/hk-fhb-fhbcovid19-vaccination-rates-over-time-by-age,3561470,2150342,1411126,2
Hong Kong,2021-06-28,"Pfizer/BioNTech, Sinovac",https://data.gov.hk/en-data/dataset/hk-fhb-fhbcovid19-vaccination-rates-over-time-by-age,3613016,2179666,1433348,2
Hong Kong,2021-06-29,"Pfizer/BioNTech, Sinovac",https://data.gov.hk/en-data/dataset/hk-fhb-fhbcovid19-vaccination-rates-over-time-by-age,3669086,2212465,1456619,2
Hong Kong,2021-06-30,"Pfizer/BioNTech, Sinovac",https://data.gov.hk/en-data/dataset/hk-fhb-fhbcovid19-vaccination-rates-over-time-by-age,3729350,2249109,1480239,2
Hong Kong,2021-07-01,"Pfizer/BioNTech, Sinovac",https://data.gov.hk/en-data/dataset/hk-fhb-fhbcovid19-vaccination-rates-over-time-by-age,3777001,2281818,1495181,2
Hong Kong,2021-07-02,"Pfizer/BioNTech, Sinovac",https://data.gov.hk/en-data/dataset/hk-fhb-fhbcovid19-vaccination-rates-over-time-by-age,3847116,2316453,1530661,2
Hong Kong,2021-07-03,"Pfizer/BioNTech, Sinovac",https://data.gov.hk/en-data/dataset/hk-fhb-fhbcovid19-vaccination-rates-over-time-by-age,3908839,2343626,1565211,2
Hong Kong,2021-07-04,"Pfizer/BioNTech, Sinovac",https://data.gov.hk/en-data/dataset/hk-fhb-fhbcovid19-vaccination-rates-over-time-by-age,3961787,2370453,1591332,2
Hong Kong,2021-07-05,"Pfizer/BioNTech, Sinovac",https://data.gov.hk/en-data/dataset/hk-fhb-fhbcovid19-vaccination-rates-over-time-by-age,4026430,2406863,1619565,2
Hong Kong,2021-07-06,"Pfizer/BioNTech, Sinovac",https://data.gov.hk/en-data/dataset/hk-fhb-fhbcovid19-vaccination-rates-over-time-by-age,4086287,2440842,1645443,2
Hong Kong,2021-07-07,"Pfizer/BioNTech, Sinovac",https://data.gov.hk/en-data/dataset/hk-fhb-fhbcovid19-vaccination-rates-over-time-by-age,4143561,2473927,1669632,2
Hong Kong,2021-07-08,"Pfizer/BioNTech, Sinovac",https://data.gov.hk/en-data/dataset/hk-fhb-fhbcovid19-vaccination-rates-over-time-by-age,4207312,2509276,1698034,2
Hong Kong,2021-07-09,"Pfizer/BioNTech, Sinovac",https://data.gov.hk/en-data/dataset/hk-fhb-fhbcovid19-vaccination-rates-over-time-by-age,4277560,2541863,1735695,2
Hong Kong,2021-07-10,"Pfizer/BioNTech, Sinovac",https://data.gov.hk/en-data/dataset/hk-fhb-fhbcovid19-vaccination-rates-over-time-by-age,4341704,2565232,1776470,2
Hong Kong,2021-07-11,"Pfizer/BioNTech, Sinovac",https://data.gov.hk/en-data/dataset/hk-fhb-fhbcovid19-vaccination-rates-over-time-by-age,4396744,2591795,1804947,2
Hong Kong,2021-07-12,"Pfizer/BioNTech, Sinovac",https://data.gov.hk/en-data/dataset/hk-fhb-fhbcovid19-vaccination-rates-over-time-by-age,4458505,2628676,1829827,2
Hong Kong,2021-07-13,"Pfizer/BioNTech, Sinovac",https://data.gov.hk/en-data/dataset/hk-fhb-fhbcovid19-vaccination-rates-over-time-by-age,4518297,2664670,1853625,2
Hong Kong,2021-07-14,"Pfizer/BioNTech, Sinovac",https://data.gov.hk/en-data/dataset/hk-fhb-fhbcovid19-vaccination-rates-over-time-by-age,4575598,2698580,1877016,2
Hong Kong,2021-07-15,"Pfizer/BioNTech, Sinovac",https://data.gov.hk/en-data/dataset/hk-fhb-fhbcovid19-vaccination-rates-over-time-by-age,4638966,2731361,1907603,2
Hong Kong,2021-07-16,"Pfizer/BioNTech, Sinovac",https://data.gov.hk/en-data/dataset/hk-fhb-fhbcovid19-vaccination-rates-over-time-by-age,4707954,2763640,1944309,5
Hong Kong,2021-07-17,"Pfizer/BioNTech, Sinovac",https://data.gov.hk/en-data/dataset/hk-fhb-fhbcovid19-vaccination-rates-over-time-by-age,4771407,2790264,1981138,5
Hong Kong,2021-07-18,"Pfizer/BioNTech, Sinovac",https://data.gov.hk/en-data/dataset/hk-fhb-fhbcovid19-vaccination-rates-over-time-by-age,4826726,2816957,2009764,5
Hong Kong,2021-07-19,"Pfizer/BioNTech, Sinovac",https://data.gov.hk/en-data/dataset/hk-fhb-fhbcovid19-vaccination-rates-over-time-by-age,4891875,2853366,2038504,5
Hong Kong,2021-07-20,"Pfizer/BioNTech, Sinovac",https://data.gov.hk/en-data/dataset/hk-fhb-fhbcovid19-vaccination-rates-over-time-by-age,4953575,2888082,2065488,5
Hong Kong,2021-07-21,"Pfizer/BioNTech, Sinovac",https://data.gov.hk/en-data/dataset/hk-fhb-fhbcovid19-vaccination-rates-over-time-by-age,5014390,2922560,2091825,5
Hong Kong,2021-07-22,"Pfizer/BioNTech, Sinovac",https://data.gov.hk/en-data/dataset/hk-fhb-fhbcovid19-vaccination-rates-over-time-by-age,5078655,2955696,2122954,5
Hong Kong,2021-07-23,"Pfizer/BioNTech, Sinovac",https://data.gov.hk/en-data/dataset/hk-fhb-fhbcovid19-vaccination-rates-over-time-by-age,5149438,2982575,2166858,5
Hong Kong,2021-07-24,"Pfizer/BioNTech, Sinovac",https://data.gov.hk/en-data/dataset/hk-fhb-fhbcovid19-vaccination-rates-over-time-by-age,5213984,3006601,2207378,5
Hong Kong,2021-07-25,"Pfizer/BioNTech, Sinovac",https://data.gov.hk/en-data/dataset/hk-fhb-fhbcovid19-vaccination-rates-over-time-by-age,5269999,3032078,2237908,13
Hong Kong,2021-07-26,"Pfizer/BioNTech, Sinovac",https://data.gov.hk/en-data/dataset/hk-fhb-fhbcovid19-vaccination-rates-over-time-by-age,5336716,3065048,2271655,13
Hong Kong,2021-07-27,"Pfizer/BioNTech, Sinovac",https://data.gov.hk/en-data/dataset/hk-fhb-fhbcovid19-vaccination-rates-over-time-by-age,5401597,3099591,2301993,13
Hong Kong,2021-07-28,"Pfizer/BioNTech, Sinovac",https://data.gov.hk/en-data/dataset/hk-fhb-fhbcovid19-vaccination-rates-over-time-by-age,5464814,3132535,2332266,13
Hong Kong,2021-07-29,"Pfizer/BioNTech, Sinovac",https://data.gov.hk/en-data/dataset/hk-fhb-fhbcovid19-vaccination-rates-over-time-by-age,5527897,3165670,2362214,13
Hong Kong,2021-07-30,"Pfizer/BioNTech, Sinovac",https://data.gov.hk/en-data/dataset/hk-fhb-fhbcovid19-vaccination-rates-over-time-by-age,5598193,3197355,2400825,13
Hong Kong,2021-07-31,"Pfizer/BioNTech, Sinovac",https://data.gov.hk/en-data/dataset/hk-fhb-fhbcovid19-vaccination-rates-over-time-by-age,5663220,3227302,2435905,13
Hong Kong,2021-08-01,"Pfizer/BioNTech, Sinovac",https://data.gov.hk/en-data/dataset/hk-fhb-fhbcovid19-vaccination-rates-over-time-by-age,5719016,3256008,2462988,20
Hong Kong,2021-08-02,"Pfizer/BioNTech, Sinovac",https://data.gov.hk/en-data/dataset/hk-fhb-fhbcovid19-vaccination-rates-over-time-by-age,5788062,3292485,2495557,20
Hong Kong,2021-08-03,"Pfizer/BioNTech, Sinovac",https://data.gov.hk/en-data/dataset/hk-fhb-fhbcovid19-vaccination-rates-over-time-by-age,5856979,3330843,2526116,20
Hong Kong,2021-08-04,"Pfizer/BioNTech, Sinovac",https://data.gov.hk/en-data/dataset/hk-fhb-fhbcovid19-vaccination-rates-over-time-by-age,5922411,3366051,2556340,20
Hong Kong,2021-08-05,"Pfizer/BioNTech, Sinovac",https://data.gov.hk/en-data/dataset/hk-fhb-fhbcovid19-vaccination-rates-over-time-by-age,5989605,3401463,2588121,21
Hong Kong,2021-08-06,"Pfizer/BioNTech, Sinovac",https://data.gov.hk/en-data/dataset/hk-fhb-fhbcovid19-vaccination-rates-over-time-by-age,6060134,3434160,2625953,21
Hong Kong,2021-08-07,"Pfizer/BioNTech, Sinovac",https://data.gov.hk/en-data/dataset/hk-fhb-fhbcovid19-vaccination-rates-over-time-by-age,6124743,3463794,2660928,21
Hong Kong,2021-08-08,"Pfizer/BioNTech, Sinovac",https://data.gov.hk/en-data/dataset/hk-fhb-fhbcovid19-vaccination-rates-over-time-by-age,6180126,3493853,2686249,24
Hong Kong,2021-08-09,"Pfizer/BioNTech, Sinovac",https://data.gov.hk/en-data/dataset/hk-fhb-fhbcovid19-vaccination-rates-over-time-by-age,6248838,3528686,2720128,24
Hong Kong,2021-08-10,"Pfizer/BioNTech, Sinovac",https://data.gov.hk/en-data/dataset/hk-fhb-fhbcovid19-vaccination-rates-over-time-by-age,6315659,3565450,2750185,24
Hong Kong,2021-08-11,"Pfizer/BioNTech, Sinovac",https://data.gov.hk/en-data/dataset/hk-fhb-fhbcovid19-vaccination-rates-over-time-by-age,6381151,3601592,2779535,24
Hong Kong,2021-08-12,"Pfizer/BioNTech, Sinovac",https://data.gov.hk/en-data/dataset/hk-fhb-fhbcovid19-vaccination-rates-over-time-by-age,6447140,3634740,2812376,24
Hong Kong,2021-08-13,"Pfizer/BioNTech, Sinovac",https://data.gov.hk/en-data/dataset/hk-fhb-fhbcovid19-vaccination-rates-over-time-by-age,6515658,3668254,2847380,24
Hong Kong,2021-08-14,"Pfizer/BioNTech, Sinovac",https://data.gov.hk/en-data/dataset/hk-fhb-fhbcovid19-vaccination-rates-over-time-by-age,6579729,3698661,2881043,25
Hong Kong,2021-08-15,"Pfizer/BioNTech, Sinovac",https://data.gov.hk/en-data/dataset/hk-fhb-fhbcovid19-vaccination-rates-over-time-by-age,6635077,3728269,2906783,25
Hong Kong,2021-08-16,"Pfizer/BioNTech, Sinovac",https://data.gov.hk/en-data/dataset/hk-fhb-fhbcovid19-vaccination-rates-over-time-by-age,6700112,3763685,2936402,25
Hong Kong,2021-08-17,"Pfizer/BioNTech, Sinovac",https://data.gov.hk/en-data/dataset/hk-fhb-fhbcovid19-vaccination-rates-over-time-by-age,6761545,3797447,2964072,26
Hong Kong,2021-08-18,"Pfizer/BioNTech, Sinovac",https://data.gov.hk/en-data/dataset/hk-fhb-fhbcovid19-vaccination-rates-over-time-by-age,6821590,3829778,2991755,57
Hong Kong,2021-08-19,"Pfizer/BioNTech, Sinovac",https://data.gov.hk/en-data/dataset/hk-fhb-fhbcovid19-vaccination-rates-over-time-by-age,6881231,3858520,3022654,57
Hong Kong,2021-08-20,"Pfizer/BioNTech, Sinovac",https://data.gov.hk/en-data/dataset/hk-fhb-fhbcovid19-vaccination-rates-over-time-by-age,6944308,3884787,3059464,57
Hong Kong,2021-08-21,"Pfizer/BioNTech, Sinovac",https://data.gov.hk/en-data/dataset/hk-fhb-fhbcovid19-vaccination-rates-over-time-by-age,7003959,3906946,3096953,60
Hong Kong,2021-08-22,"Pfizer/BioNTech, Sinovac",https://data.gov.hk/en-data/dataset/hk-fhb-fhbcovid19-vaccination-rates-over-time-by-age,7054258,3928930,3125227,101
Hong Kong,2021-08-23,"Pfizer/BioNTech, Sinovac",https://data.gov.hk/en-data/dataset/hk-fhb-fhbcovid19-vaccination-rates-over-time-by-age,7114103,3955949,3158053,101
Hong Kong,2021-08-24,"Pfizer/BioNTech, Sinovac",https://data.gov.hk/en-data/dataset/hk-fhb-fhbcovid19-vaccination-rates-over-time-by-age,7171102,3983162,3187814,126
Hong Kong,2021-08-25,"Pfizer/BioNTech, Sinovac",https://data.gov.hk/en-data/dataset/hk-fhb-fhbcovid19-vaccination-rates-over-time-by-age,7227454,4008165,3219163,126
Hong Kong,2021-08-26,"Pfizer/BioNTech, Sinovac",https://data.gov.hk/en-data/dataset/hk-fhb-fhbcovid19-vaccination-rates-over-time-by-age,7288144,4031833,3256185,126
Hong Kong,2021-08-27,"Pfizer/BioNTech, Sinovac",https://data.gov.hk/en-data/dataset/hk-fhb-fhbcovid19-vaccination-rates-over-time-by-age,7351236,4055600,3295510,126
Hong Kong,2021-08-28,"Pfizer/BioNTech, Sinovac",https://data.gov.hk/en-data/dataset/hk-fhb-fhbcovid19-vaccination-rates-over-time-by-age,7412111,4077668,3334317,126
Hong Kong,2021-08-29,"Pfizer/BioNTech, Sinovac",https://data.gov.hk/en-data/dataset/hk-fhb-fhbcovid19-vaccination-rates-over-time-by-age,7463241,4096413,3366669,159
Hong Kong,2021-08-30,"Pfizer/BioNTech, Sinovac",https://data.gov.hk/en-data/dataset/hk-fhb-fhbcovid19-vaccination-rates-over-time-by-age,7527184,4119748,3407277,159
Hong Kong,2021-08-31,"Pfizer/BioNTech, Sinovac",https://data.gov.hk/en-data/dataset/hk-fhb-fhbcovid19-vaccination-rates-over-time-by-age,7588560,4140011,3448390,159
Hong Kong,2021-09-01,"Pfizer/BioNTech, Sinovac",https://data.gov.hk/en-data/dataset/hk-fhb-fhbcovid19-vaccination-rates-over-time-by-age,7637889,4162064,3475666,159
Hong Kong,2021-09-02,"Pfizer/BioNTech, Sinovac",https://data.gov.hk/en-data/dataset/hk-fhb-fhbcovid19-vaccination-rates-over-time-by-age,7685706,4182833,3502714,159
Hong Kong,2021-09-03,"Pfizer/BioNTech, Sinovac",https://data.gov.hk/en-data/dataset/hk-fhb-fhbcovid19-vaccination-rates-over-time-by-age,7741929,4205290,3536480,159
Hong Kong,2021-09-04,"Pfizer/BioNTech, Sinovac",https://data.gov.hk/en-data/dataset/hk-fhb-fhbcovid19-vaccination-rates-over-time-by-age,7799196,4228223,3570808,165
Hong Kong,2021-09-05,"Pfizer/BioNTech, Sinovac",https://data.gov.hk/en-data/dataset/hk-fhb-fhbcovid19-vaccination-rates-over-time-by-age,7842489,4244785,3597512,192
Hong Kong,2021-09-06,"Pfizer/BioNTech, Sinovac",https://data.gov.hk/en-data/dataset/hk-fhb-fhbcovid19-vaccination-rates-over-time-by-age,7887810,4260241,3627377,192
Hong Kong,2021-09-07,"Pfizer/BioNTech, Sinovac",https://data.gov.hk/en-data/dataset/hk-fhb-fhbcovid19-vaccination-rates-over-time-by-age,7927874,4272809,3654873,192
Hong Kong,2021-09-08,"Pfizer/BioNTech, Sinovac",https://data.gov.hk/en-data/dataset/hk-fhb-fhbcovid19-vaccination-rates-over-time-by-age,7967826,4284881,3682753,192
Hong Kong,2021-09-09,"Pfizer/BioNTech, Sinovac",https://data.gov.hk/en-data/dataset/hk-fhb-fhbcovid19-vaccination-rates-over-time-by-age,8010657,4298291,3712174,192
Hong Kong,2021-09-10,"Pfizer/BioNTech, Sinovac",https://data.gov.hk/en-data/dataset/hk-fhb-fhbcovid19-vaccination-rates-over-time-by-age,8062267,4313602,3748473,192
Hong Kong,2021-09-11,"Pfizer/BioNTech, Sinovac",https://data.gov.hk/en-data/dataset/hk-fhb-fhbcovid19-vaccination-rates-over-time-by-age,8115802,4330017,3785593,192
Hong Kong,2021-09-12,"Pfizer/BioNTech, Sinovac",https://data.gov.hk/en-data/dataset/hk-fhb-fhbcovid19-vaccination-rates-over-time-by-age,8152061,4340298,3811571,192
Hong Kong,2021-09-13,"Pfizer/BioNTech, Sinovac",https://data.gov.hk/en-data/dataset/hk-fhb-fhbcovid19-vaccination-rates-over-time-by-age,8188347,4350819,3837336,192
Hong Kong,2021-09-14,"Pfizer/BioNTech, Sinovac",https://data.gov.hk/en-data/dataset/hk-fhb-fhbcovid19-vaccination-rates-over-time-by-age,8218211,4359036,3858983,192
Hong Kong,2021-09-15,"Pfizer/BioNTech, Sinovac",https://data.gov.hk/en-data/dataset/hk-fhb-fhbcovid19-vaccination-rates-over-time-by-age,8247835,4367343,3880300,192
Hong Kong,2021-09-16,"Pfizer/BioNTech, Sinovac",https://data.gov.hk/en-data/dataset/hk-fhb-fhbcovid19-vaccination-rates-over-time-by-age,8278719,4376105,3902383,231
Hong Kong,2021-09-17,"Pfizer/BioNTech, Sinovac",https://data.gov.hk/en-data/dataset/hk-fhb-fhbcovid19-vaccination-rates-over-time-by-age,8316369,4387288,3928836,245
Hong Kong,2021-09-18,"Pfizer/BioNTech, Sinovac",https://data.gov.hk/en-data/dataset/hk-fhb-fhbcovid19-vaccination-rates-over-time-by-age,8356883,4398808,3957828,247
Hong Kong,2021-09-19,"Pfizer/BioNTech, Sinovac",https://data.gov.hk/en-data/dataset/hk-fhb-fhbcovid19-vaccination-rates-over-time-by-age,8380408,4405087,3975051,270
Hong Kong,2021-09-20,"Pfizer/BioNTech, Sinovac",https://data.gov.hk/en-data/dataset/hk-fhb-fhbcovid19-vaccination-rates-over-time-by-age,8405393,4412552,3992571,270
Hong Kong,2021-09-21,"Pfizer/BioNTech, Sinovac",https://data.gov.hk/en-data/dataset/hk-fhb-fhbcovid19-vaccination-rates-over-time-by-age,8424013,4418105,4005627,281
Hong Kong,2021-09-22,"Pfizer/BioNTech, Sinovac",https://data.gov.hk/en-data/dataset/hk-fhb-fhbcovid19-vaccination-rates-over-time-by-age,8440574,4422263,4018030,281
Hong Kong,2021-09-23,"Pfizer/BioNTech, Sinovac",https://data.gov.hk/en-data/dataset/hk-fhb-fhbcovid19-vaccination-rates-over-time-by-age,8474385,4430346,4043758,281
Hong Kong,2021-09-24,"Pfizer/BioNTech, Sinovac",https://data.gov.hk/en-data/dataset/hk-fhb-fhbcovid19-vaccination-rates-over-time-by-age,8511697,4441336,4070080,281
Hong Kong,2021-09-25,"Pfizer/BioNTech, Sinovac",https://data.gov.hk/en-data/dataset/hk-fhb-fhbcovid19-vaccination-rates-over-time-by-age,8550798,4451436,4099081,281
Hong Kong,2021-09-26,"Pfizer/BioNTech, Sinovac",https://data.gov.hk/en-data/dataset/hk-fhb-fhbcovid19-vaccination-rates-over-time-by-age,8574446,4457360,4116805,281
Hong Kong,2021-09-27,"Pfizer/BioNTech, Sinovac",https://data.gov.hk/en-data/dataset/hk-fhb-fhbcovid19-vaccination-rates-over-time-by-age,8601196,4465787,4135120,289
Hong Kong,2021-09-28,"Pfizer/BioNTech, Sinovac",https://data.gov.hk/en-data/dataset/hk-fhb-fhbcovid19-vaccination-rates-over-time-by-age,8623139,4472860,4149988,291
Hong Kong,2021-09-29,"Pfizer/BioNTech, Sinovac",https://data.gov.hk/en-data/dataset/hk-fhb-fhbcovid19-vaccination-rates-over-time-by-age,8646772,4480646,4165835,291
Hong Kong,2021-09-30,"Pfizer/BioNTech, Sinovac",https://data.gov.hk/en-data/dataset/hk-fhb-fhbcovid19-vaccination-rates-over-time-by-age,8677065,4492538,4184236,291
Hong Kong,2021-10-01,"Pfizer/BioNTech, Sinovac",https://data.gov.hk/en-data/dataset/hk-fhb-fhbcovid19-vaccination-rates-over-time-by-age,8692659,4498001,4194367,291
Hong Kong,2021-10-02,"Pfizer/BioNTech, Sinovac",https://data.gov.hk/en-data/dataset/hk-fhb-fhbcovid19-vaccination-rates-over-time-by-age,8715322,4503607,4211424,291
Hong Kong,2021-10-03,"Pfizer/BioNTech, Sinovac",https://data.gov.hk/en-data/dataset/hk-fhb-fhbcovid19-vaccination-rates-over-time-by-age,8728076,4507014,4220771,291
Hong Kong,2021-10-04,"Pfizer/BioNTech, Sinovac",https://data.gov.hk/en-data/dataset/hk-fhb-fhbcovid19-vaccination-rates-over-time-by-age,8745788,4512435,4233062,291
Hong Kong,2021-10-05,"Pfizer/BioNTech, Sinovac",https://data.gov.hk/en-data/dataset/hk-fhb-fhbcovid19-vaccination-rates-over-time-by-age,8759814,4517591,4241932,291
Hong Kong,2021-10-06,"Pfizer/BioNTech, Sinovac",https://data.gov.hk/en-data/dataset/hk-fhb-fhbcovid19-vaccination-rates-over-time-by-age,8772384,4521931,4250162,291
Hong Kong,2021-10-07,"Pfizer/BioNTech, Sinovac",https://data.gov.hk/en-data/dataset/hk-fhb-fhbcovid19-vaccination-rates-over-time-by-age,8786334,4526632,4259411,291
Hong Kong,2021-10-08,"Pfizer/BioNTech, Sinovac",https://data.gov.hk/en-data/dataset/hk-fhb-fhbcovid19-vaccination-rates-over-time-by-age,8801703,4531061,4270351,291
Hong Kong,2021-10-09,"Pfizer/BioNTech, Sinovac",https://data.gov.hk/en-data/dataset/hk-fhb-fhbcovid19-vaccination-rates-over-time-by-age,8801772,4531087,4270394,291
Hong Kong,2021-10-10,"Pfizer/BioNTech, Sinovac",https://data.gov.hk/en-data/dataset/hk-fhb-fhbcovid19-vaccination-rates-over-time-by-age,8820331,4535342,4284647,342
Hong Kong,2021-10-11,"Pfizer/BioNTech, Sinovac",https://data.gov.hk/en-data/dataset/hk-fhb-fhbcovid19-vaccination-rates-over-time-by-age,8835775,4540824,4294609,342
Hong Kong,2021-10-12,"Pfizer/BioNTech, Sinovac",https://data.gov.hk/en-data/dataset/hk-fhb-fhbcovid19-vaccination-rates-over-time-by-age,8844287,4543651,4300294,342
Hong Kong,2021-10-13,"Pfizer/BioNTech, Sinovac",https://data.gov.hk/en-data/dataset/hk-fhb-fhbcovid19-vaccination-rates-over-time-by-age,8844503,4543689,4300472,342
Hong Kong,2021-10-14,"Pfizer/BioNTech, Sinovac",https://data.gov.hk/en-data/dataset/hk-fhb-fhbcovid19-vaccination-rates-over-time-by-age,8855871,4547027,4308502,342
Hong Kong,2021-10-15,"Pfizer/BioNTech, Sinovac",https://data.gov.hk/en-data/dataset/hk-fhb-fhbcovid19-vaccination-rates-over-time-by-age,8875365,4552572,4322450,343
Hong Kong,2021-10-16,"Pfizer/BioNTech, Sinovac",https://data.gov.hk/en-data/dataset/hk-fhb-fhbcovid19-vaccination-rates-over-time-by-age,8893877,4558729,4334805,343
Hong Kong,2021-10-17,"Pfizer/BioNTech, Sinovac",https://data.gov.hk/en-data/dataset/hk-fhb-fhbcovid19-vaccination-rates-over-time-by-age,8902059,4561318,4340398,343
Hong Kong,2021-10-18,"Pfizer/BioNTech, Sinovac",https://data.gov.hk/en-data/dataset/hk-fhb-fhbcovid19-vaccination-rates-over-time-by-age,8914344,4565959,4348033,352
Hong Kong,2021-10-19,"Pfizer/BioNTech, Sinovac",https://data.gov.hk/en-data/dataset/hk-fhb-fhbcovid19-vaccination-rates-over-time-by-age,8923712,4569990,4353356,366
Hong Kong,2021-10-20,"Pfizer/BioNTech, Sinovac",https://data.gov.hk/en-data/dataset/hk-fhb-fhbcovid19-vaccination-rates-over-time-by-age,8931868,4573461,4358029,378
Hong Kong,2021-10-21,"Pfizer/BioNTech, Sinovac",https://data.gov.hk/en-data/dataset/hk-fhb-fhbcovid19-vaccination-rates-over-time-by-age,8943368,4577551,4365425,392
Hong Kong,2021-10-22,"Pfizer/BioNTech, Sinovac",https://data.gov.hk/en-data/dataset/hk-fhb-fhbcovid19-vaccination-rates-over-time-by-age,8958385,4583171,4374819,395
Hong Kong,2021-10-23,"Pfizer/BioNTech, Sinovac",https://data.gov.hk/en-data/dataset/hk-fhb-fhbcovid19-vaccination-rates-over-time-by-age,8972485,4587697,4384386,402
Hong Kong,2021-10-24,"Pfizer/BioNTech, Sinovac",https://data.gov.hk/en-data/dataset/hk-fhb-fhbcovid19-vaccination-rates-over-time-by-age,8979436,4590153,4388860,423
Hong Kong,2021-10-25,"Pfizer/BioNTech, Sinovac",https://data.gov.hk/en-data/dataset/hk-fhb-fhbcovid19-vaccination-rates-over-time-by-age,8990420,4594015,4395875,530
Hong Kong,2021-10-26,"Pfizer/BioNTech, Sinovac",https://data.gov.hk/en-data/dataset/hk-fhb-fhbcovid19-vaccination-rates-over-time-by-age,9000059,4597452,4402048,559
Hong Kong,2021-10-27,"Pfizer/BioNTech, Sinovac",https://data.gov.hk/en-data/dataset/hk-fhb-fhbcovid19-vaccination-rates-over-time-by-age,9008645,4601052,4407015,578
Hong Kong,2021-10-28,"Pfizer/BioNTech, Sinovac",https://data.gov.hk/en-data/dataset/hk-fhb-fhbcovid19-vaccination-rates-over-time-by-age,9018546,4604952,4412910,684
Hong Kong,2021-10-29,"Pfizer/BioNTech, Sinovac",https://data.gov.hk/en-data/dataset/hk-fhb-fhbcovid19-vaccination-rates-over-time-by-age,9028470,4610003,4417775,692
Hong Kong,2021-10-30,"Pfizer/BioNTech, Sinovac",https://data.gov.hk/en-data/dataset/hk-fhb-fhbcovid19-vaccination-rates-over-time-by-age,9037538,4614926,4421906,706
Hong Kong,2021-10-31,"Pfizer/BioNTech, Sinovac",https://data.gov.hk/en-data/dataset/hk-fhb-fhbcovid19-vaccination-rates-over-time-by-age,9043839,4617673,4425459,707
Hong Kong,2021-11-01,"Pfizer/BioNTech, Sinovac",https://data.gov.hk/en-data/dataset/hk-fhb-fhbcovid19-vaccination-rates-over-time-by-age,9052257,4621563,4429965,729
Hong Kong,2021-11-02,"Pfizer/BioNTech, Sinovac",https://data.gov.hk/en-data/dataset/hk-fhb-fhbcovid19-vaccination-rates-over-time-by-age,9059802,4625511,4433545,746
Hong Kong,2021-11-03,"Pfizer/BioNTech, Sinovac",https://data.gov.hk/en-data/dataset/hk-fhb-fhbcovid19-vaccination-rates-over-time-by-age,9062601,4626909,4434946,746
Hong Kong,2021-11-04,"Pfizer/BioNTech, Sinovac",https://data.gov.hk/en-data/dataset/hk-fhb-fhbcovid19-vaccination-rates-over-time-by-age,9071146,4631412,4438967,767
Hong Kong,2021-11-05,"Pfizer/BioNTech, Sinovac",https://data.gov.hk/en-data/dataset/hk-fhb-fhbcovid19-vaccination-rates-over-time-by-age,9080829,4636526,4443526,777
Hong Kong,2021-11-06,"Pfizer/BioNTech, Sinovac",https://data.gov.hk/en-data/dataset/hk-fhb-fhbcovid19-vaccination-rates-over-time-by-age,9091426,4642204,4448442,780
Hong Kong,2021-11-07,"Pfizer/BioNTech, Sinovac",https://data.gov.hk/en-data/dataset/hk-fhb-fhbcovid19-vaccination-rates-over-time-by-age,9097747,4645449,4451518,780
Hong Kong,2021-11-08,"Pfizer/BioNTech, Sinovac",https://data.gov.hk/en-data/dataset/hk-fhb-fhbcovid19-vaccination-rates-over-time-by-age,9106257,4649555,4455903,799
Hong Kong,2021-11-09,"Pfizer/BioNTech, Sinovac",https://data.gov.hk/en-data/dataset/hk-fhb-fhbcovid19-vaccination-rates-over-time-by-age,9113427,4653402,4459209,816
Hong Kong,2021-11-10,"Pfizer/BioNTech, Sinovac",https://data.gov.hk/en-data/dataset/hk-fhb-fhbcovid19-vaccination-rates-over-time-by-age,9115351,4654700,4459835,816
Hong Kong,2021-11-11,"Pfizer/BioNTech, Sinovac",https://data.gov.hk/en-data/dataset/hk-fhb-fhbcovid19-vaccination-rates-over-time-by-age,9139697,4658848,4463162,17687
Hong Kong,2021-11-12,"Pfizer/BioNTech, Sinovac",https://data.gov.hk/en-data/dataset/hk-fhb-fhbcovid19-vaccination-rates-over-time-by-age,9159571,4664341,4467446,27784
Hong Kong,2021-11-13,"Pfizer/BioNTech, Sinovac",https://data.gov.hk/en-data/dataset/hk-fhb-fhbcovid19-vaccination-rates-over-time-by-age,9180434,4670022,4472901,37511
Hong Kong,2021-11-14,"Pfizer/BioNTech, Sinovac",https://data.gov.hk/en-data/dataset/hk-fhb-fhbcovid19-vaccination-rates-over-time-by-age,9192242,4673353,4475564,43325
Hong Kong,2021-11-15,"Pfizer/BioNTech, Sinovac",https://data.gov.hk/en-data/dataset/hk-fhb-fhbcovid19-vaccination-rates-over-time-by-age,9207325,4677603,4479269,50453
Hong Kong,2021-11-16,"Pfizer/BioNTech, Sinovac",https://data.gov.hk/en-data/dataset/hk-fhb-fhbcovid19-vaccination-rates-over-time-by-age,9221266,4681882,4482725,56659
Hong Kong,2021-11-17,"Pfizer/BioNTech, Sinovac",https://data.gov.hk/en-data/dataset/hk-fhb-fhbcovid19-vaccination-rates-over-time-by-age,9225407,4683288,4484059,58060
Hong Kong,2021-11-18,"Pfizer/BioNTech, Sinovac",https://data.gov.hk/en-data/dataset/hk-fhb-fhbcovid19-vaccination-rates-over-time-by-age,9242092,4688715,4488756,64621
Hong Kong,2021-11-19,"Pfizer/BioNTech, Sinovac",https://data.gov.hk/en-data/dataset/hk-fhb-fhbcovid19-vaccination-rates-over-time-by-age,9258741,4694563,4493453,70725
Hong Kong,2021-11-20,"Pfizer/BioNTech, Sinovac",https://data.gov.hk/en-data/dataset/hk-fhb-fhbcovid19-vaccination-rates-over-time-by-age,9276385,4701146,4498331,76908
Hong Kong,2021-11-21,"Pfizer/BioNTech, Sinovac",https://data.gov.hk/en-data/dataset/hk-fhb-fhbcovid19-vaccination-rates-over-time-by-age,9287128,4704871,4501139,81118
Hong Kong,2021-11-22,"Pfizer/BioNTech, Sinovac",https://data.gov.hk/en-data/dataset/hk-fhb-fhbcovid19-vaccination-rates-over-time-by-age,9301582,4709348,4504845,87389
Hong Kong,2021-11-23,"Pfizer/BioNTech, Sinovac",https://data.gov.hk/en-data/dataset/hk-fhb-fhbcovid19-vaccination-rates-over-time-by-age,9318675,4713449,4508380,96846
Hong Kong,2021-11-24,"Pfizer/BioNTech, Sinovac",https://data.gov.hk/en-data/dataset/hk-fhb-fhbcovid19-vaccination-rates-over-time-by-age,9324189,4715018,4509685,99486
Hong Kong,2021-11-25,"Pfizer/BioNTech, Sinovac",https://data.gov.hk/en-data/dataset/hk-fhb-fhbcovid19-vaccination-rates-over-time-by-age,9346078,4720753,4513912,111413
Hong Kong,2021-11-26,"Pfizer/BioNTech, Sinovac",https://data.gov.hk/en-data/dataset/hk-fhb-fhbcovid19-vaccination-rates-over-time-by-age,9368313,4727498,4518293,122522
Hong Kong,2021-11-27,"Pfizer/BioNTech, Sinovac",https://data.gov.hk/en-data/dataset/hk-fhb-fhbcovid19-vaccination-rates-over-time-by-age,9394985,4735848,4523639,135498
Hong Kong,2021-11-28,"Pfizer/BioNTech, Sinovac",https://data.gov.hk/en-data/dataset/hk-fhb-fhbcovid19-vaccination-rates-over-time-by-age,9414662,4741522,4526837,146303
Hong Kong,2021-11-29,"Pfizer/BioNTech, Sinovac",https://data.gov.hk/en-data/dataset/hk-fhb-fhbcovid19-vaccination-rates-over-time-by-age,9436437,4748673,4530765,156999
Hong Kong,2021-11-30,"Pfizer/BioNTech, Sinovac",https://data.gov.hk/en-data/dataset/hk-fhb-fhbcovid19-vaccination-rates-over-time-by-age,9457714,4756166,4534504,167044
Hong Kong,2021-12-01,"Pfizer/BioNTech, Sinovac",https://data.gov.hk/en-data/dataset/hk-fhb-fhbcovid19-vaccination-rates-over-time-by-age,9463649,4758235,4535842,169572
Hong Kong,2021-12-02,"Pfizer/BioNTech, Sinovac",https://data.gov.hk/en-data/dataset/hk-fhb-fhbcovid19-vaccination-rates-over-time-by-age,9482933,4763354,4539675,179904
Hong Kong,2021-12-03,"Pfizer/BioNTech, Sinovac",https://data.gov.hk/en-data/dataset/hk-fhb-fhbcovid19-vaccination-rates-over-time-by-age,9503446,4769940,4544238,189268
Hong Kong,2021-12-04,"Pfizer/BioNTech, Sinovac",https://data.gov.hk/en-data/dataset/hk-fhb-fhbcovid19-vaccination-rates-over-time-by-age,9525327,4776373,4549385,199569
Hong Kong,2021-12-05,"Pfizer/BioNTech, Sinovac",https://data.gov.hk/en-data/dataset/hk-fhb-fhbcovid19-vaccination-rates-over-time-by-age,9540576,4780312,4552588,207676
Hong Kong,2021-12-06,"Pfizer/BioNTech, Sinovac",https://data.gov.hk/en-data/dataset/hk-fhb-fhbcovid19-vaccination-rates-over-time-by-age,9557518,4785127,4556438,215953
Hong Kong,2021-12-07,"Pfizer/BioNTech, Sinovac",https://data.gov.hk/en-data/dataset/hk-fhb-fhbcovid19-vaccination-rates-over-time-by-age,9573716,4789766,4559883,224067
Hong Kong,2021-12-08,"Pfizer/BioNTech, Sinovac",https://data.gov.hk/en-data/dataset/hk-fhb-fhbcovid19-vaccination-rates-over-time-by-age,9579446,4791872,4561191,226383
Hong Kong,2021-12-09,"Pfizer/BioNTech, Sinovac",https://data.gov.hk/en-data/dataset/hk-fhb-fhbcovid19-vaccination-rates-over-time-by-age,9597211,4796553,4565418,235240
Hong Kong,2021-12-10,"Pfizer/BioNTech, Sinovac",https://data.gov.hk/en-data/dataset/hk-fhb-fhbcovid19-vaccination-rates-over-time-by-age,9615105,4801741,4570290,243074
Hong Kong,2021-12-11,"Pfizer/BioNTech, Sinovac",https://data.gov.hk/en-data/dataset/hk-fhb-fhbcovid19-vaccination-rates-over-time-by-age,9634472,4806880,4575984,251608
Hong Kong,2021-12-12,"Pfizer/BioNTech, Sinovac",https://data.gov.hk/en-data/dataset/hk-fhb-fhbcovid19-vaccination-rates-over-time-by-age,9647831,4809893,4579411,258527
Hong Kong,2021-12-13,"Pfizer/BioNTech, Sinovac",https://data.gov.hk/en-data/dataset/hk-fhb-fhbcovid19-vaccination-rates-over-time-by-age,9663739,4813827,4583378,266534
Hong Kong,2021-12-14,"Pfizer/BioNTech, Sinovac",https://data.gov.hk/en-data/dataset/hk-fhb-fhbcovid19-vaccination-rates-over-time-by-age,9678275,4817411,4586944,273920
Hong Kong,2021-12-15,"Pfizer/BioNTech, Sinovac",https://data.gov.hk/en-data/dataset/hk-fhb-fhbcovid19-vaccination-rates-over-time-by-age,9683747,4819176,4588304,276267
Hong Kong,2021-12-16,"Pfizer/BioNTech, Sinovac",https://data.gov.hk/en-data/dataset/hk-fhb-fhbcovid19-vaccination-rates-over-time-by-age,9701977,4823455,4592964,285558
Hong Kong,2021-12-17,"Pfizer/BioNTech, Sinovac",https://data.gov.hk/en-data/dataset/hk-fhb-fhbcovid19-vaccination-rates-over-time-by-age,9719318,4827771,4598138,293409
Hong Kong,2021-12-18,"Pfizer/BioNTech, Sinovac",https://data.gov.hk/en-data/dataset/hk-fhb-fhbcovid19-vaccination-rates-over-time-by-age,9737899,4831877,4604544,301478
Hong Kong,2021-12-19,"Pfizer/BioNTech, Sinovac",https://data.gov.hk/en-data/dataset/hk-fhb-fhbcovid19-vaccination-rates-over-time-by-age,9751670,4834423,4609134,308113
Hong Kong,2021-12-20,"Pfizer/BioNTech, Sinovac",https://data.gov.hk/en-data/dataset/hk-fhb-fhbcovid19-vaccination-rates-over-time-by-age,9766789,4837678,4614008,315103
Hong Kong,2021-12-21,"Pfizer/BioNTech, Sinovac",https://data.gov.hk/en-data/dataset/hk-fhb-fhbcovid19-vaccination-rates-over-time-by-age,9779286,4840578,4618044,320664
Hong Kong,2021-12-22,"Pfizer/BioNTech, Sinovac",https://data.gov.hk/en-data/dataset/hk-fhb-fhbcovid19-vaccination-rates-over-time-by-age,9785035,4842413,4619778,322844
Hong Kong,2021-12-23,"Pfizer/BioNTech, Sinovac",https://data.gov.hk/en-data/dataset/hk-fhb-fhbcovid19-vaccination-rates-over-time-by-age,9803669,4847383,4624864,331422
Hong Kong,2021-12-24,"Pfizer/BioNTech, Sinovac",https://data.gov.hk/en-data/dataset/hk-fhb-fhbcovid19-vaccination-rates-over-time-by-age,9819032,4851415,4629168,338449
Hong Kong,2021-12-25,"Pfizer/BioNTech, Sinovac",https://data.gov.hk/en-data/dataset/hk-fhb-fhbcovid19-vaccination-rates-over-time-by-age,9832146,4854299,4632848,344999
Hong Kong,2021-12-26,"Pfizer/BioNTech, Sinovac",https://data.gov.hk/en-data/dataset/hk-fhb-fhbcovid19-vaccination-rates-over-time-by-age,9844021,4856663,4636622,350736
Hong Kong,2021-12-27,"Pfizer/BioNTech, Sinovac",https://data.gov.hk/en-data/dataset/hk-fhb-fhbcovid19-vaccination-rates-over-time-by-age,9855668,4858738,4640815,356115
Hong Kong,2021-12-28,"Pfizer/BioNTech, Sinovac",https://data.gov.hk/en-data/dataset/hk-fhb-fhbcovid19-vaccination-rates-over-time-by-age,9878718,4863283,4648964,366471
Hong Kong,2021-12-29,"Pfizer/BioNTech, Sinovac",https://data.gov.hk/en-data/dataset/hk-fhb-fhbcovid19-vaccination-rates-over-time-by-age,9886950,4865655,4651794,369501
Hong Kong,2021-12-30,"Pfizer/BioNTech, Sinovac",https://data.gov.hk/en-data/dataset/hk-fhb-fhbcovid19-vaccination-rates-over-time-by-age,9907403,4871280,4657027,379096
Hong Kong,2021-12-31,"Pfizer/BioNTech, Sinovac",https://data.gov.hk/en-data/dataset/hk-fhb-fhbcovid19-vaccination-rates-over-time-by-age,9925607,4876512,4662017,387078
Hong Kong,2022-01-01,"Pfizer/BioNTech, Sinovac",https://data.gov.hk/en-data/dataset/hk-fhb-fhbcovid19-vaccination-rates-over-time-by-age,9943944,4883650,4665203,395091
Hong Kong,2022-01-02,"Pfizer/BioNTech, Sinovac",https://data.gov.hk/en-data/dataset/hk-fhb-fhbcovid19-vaccination-rates-over-time-by-age,9965850,4891218,4668846,405786
Hong Kong,2022-01-03,"Pfizer/BioNTech, Sinovac",https://data.gov.hk/en-data/dataset/hk-fhb-fhbcovid19-vaccination-rates-over-time-by-age,10004681,4909144,4674159,421378
Hong Kong,2022-01-04,"Pfizer/BioNTech, Sinovac",https://data.gov.hk/en-data/dataset/hk-fhb-fhbcovid19-vaccination-rates-over-time-by-age,10043785,4927334,4678482,437969
Hong Kong,2022-01-05,"Pfizer/BioNTech, Sinovac",https://data.gov.hk/en-data/dataset/hk-fhb-fhbcovid19-vaccination-rates-over-time-by-age,10082424,4945599,4681104,455721
Hong Kong,2022-01-06,"Pfizer/BioNTech, Sinovac",https://data.gov.hk/en-data/dataset/hk-fhb-fhbcovid19-vaccination-rates-over-time-by-age,10123959,4963838,4685747,474374
Hong Kong,2022-01-07,"Pfizer/BioNTech, Sinovac",https://data.gov.hk/en-data/dataset/hk-fhb-fhbcovid19-vaccination-rates-over-time-by-age,10169086,4984698,4690970,493418
Hong Kong,2022-01-08,"Pfizer/BioNTech, Sinovac",https://data.gov.hk/en-data/dataset/hk-fhb-fhbcovid19-vaccination-rates-over-time-by-age,10205774,5001112,4696336,508326
Hong Kong,2022-01-09,"Pfizer/BioNTech, Sinovac",https://data.gov.hk/en-data/dataset/hk-fhb-fhbcovid19-vaccination-rates-over-time-by-age,10233864,5012083,4699265,522516
Hong Kong,2022-01-10,"Pfizer/BioNTech, Sinovac",https://data.gov.hk/en-data/dataset/hk-fhb-fhbcovid19-vaccination-rates-over-time-by-age,10279016,5031957,4703099,543960
Hong Kong,2022-01-11,"Pfizer/BioNTech, Sinovac",https://data.gov.hk/en-data/dataset/hk-fhb-fhbcovid19-vaccination-rates-over-time-by-age,10322482,5051094,4706597,564791
Hong Kong,2022-01-12,"Pfizer/BioNTech, Sinovac",https://data.gov.hk/en-data/dataset/hk-fhb-fhbcovid19-vaccination-rates-over-time-by-age,10363031,5069203,4708834,584994
Hong Kong,2022-01-13,"Pfizer/BioNTech, Sinovac",https://data.gov.hk/en-data/dataset/hk-fhb-fhbcovid19-vaccination-rates-over-time-by-age,10406332,5087087,4712963,606282
Hong Kong,2022-01-14,"Pfizer/BioNTech, Sinovac",https://data.gov.hk/en-data/dataset/hk-fhb-fhbcovid19-vaccination-rates-over-time-by-age,10451024,5107097,4717316,626611
Hong Kong,2022-01-15,"Pfizer/BioNTech, Sinovac",https://data.gov.hk/en-data/dataset/hk-fhb-fhbcovid19-vaccination-rates-over-time-by-age,10486564,5123144,4721520,641900
Hong Kong,2022-01-16,"Pfizer/BioNTech, Sinovac",https://data.gov.hk/en-data/dataset/hk-fhb-fhbcovid19-vaccination-rates-over-time-by-age,10513787,5133228,4724197,656362
Hong Kong,2022-01-17,"Pfizer/BioNTech, Sinovac",https://data.gov.hk/en-data/dataset/hk-fhb-fhbcovid19-vaccination-rates-over-time-by-age,10554604,5150545,4727112,676947
Hong Kong,2022-01-18,"Pfizer/BioNTech, Sinovac",https://data.gov.hk/en-data/dataset/hk-fhb-fhbcovid19-vaccination-rates-over-time-by-age,10593357,5166278,4730276,696803
Hong Kong,2022-01-19,"Pfizer/BioNTech, Sinovac",https://data.gov.hk/en-data/dataset/hk-fhb-fhbcovid19-vaccination-rates-over-time-by-age,10630722,5181827,4732316,716579
Hong Kong,2022-01-20,"Pfizer/BioNTech, Sinovac",https://data.gov.hk/en-data/dataset/hk-fhb-fhbcovid19-vaccination-rates-over-time-by-age,10670706,5197264,4736314,737128
Hong Kong,2022-01-21,"Pfizer/BioNTech, Sinovac",https://data.gov.hk/en-data/dataset/hk-fhb-fhbcovid19-vaccination-rates-over-time-by-age,10718764,5218520,4740867,759377
Hong Kong,2022-01-22,"Pfizer/BioNTech, Sinovac",https://data.gov.hk/en-data/dataset/hk-fhb-fhbcovid19-vaccination-rates-over-time-by-age,10758016,5235235,4746382,776399
Hong Kong,2022-01-23,"Pfizer/BioNTech, Sinovac",https://data.gov.hk/en-data/dataset/hk-fhb-fhbcovid19-vaccination-rates-over-time-by-age,10789994,5246050,4751176,792768
Hong Kong,2022-01-24,"Pfizer/BioNTech, Sinovac",https://data.gov.hk/en-data/dataset/hk-fhb-fhbcovid19-vaccination-rates-over-time-by-age,10837757,5265170,4757140,815447
Hong Kong,2022-01-25,"Pfizer/BioNTech, Sinovac",https://data.gov.hk/en-data/dataset/hk-fhb-fhbcovid19-vaccination-rates-over-time-by-age,10884489,5283573,4764248,836668
Hong Kong,2022-01-26,"Pfizer/BioNTech, Sinovac",https://data.gov.hk/en-data/dataset/hk-fhb-fhbcovid19-vaccination-rates-over-time-by-age,10931965,5300441,4771436,860088
Hong Kong,2022-01-27,"Pfizer/BioNTech, Sinovac",https://data.gov.hk/en-data/dataset/hk-fhb-fhbcovid19-vaccination-rates-over-time-by-age,10981401,5315556,4779498,886347
Hong Kong,2022-01-28,"Pfizer/BioNTech, Sinovac",https://data.gov.hk/en-data/dataset/hk-fhb-fhbcovid19-vaccination-rates-over-time-by-age,11034372,5333169,4789846,911357
Hong Kong,2022-01-29,"Pfizer/BioNTech, Sinovac",https://data.gov.hk/en-data/dataset/hk-fhb-fhbcovid19-vaccination-rates-over-time-by-age,11078787,5347344,4799433,932010
Hong Kong,2022-01-30,"Pfizer/BioNTech, Sinovac",https://data.gov.hk/en-data/dataset/hk-fhb-fhbcovid19-vaccination-rates-over-time-by-age,11115129,5356927,4806999,951203
Hong Kong,2022-01-31,"Pfizer/BioNTech, Sinovac",https://data.gov.hk/en-data/dataset/hk-fhb-fhbcovid19-vaccination-rates-over-time-by-age,11125561,5360891,4810645,954025
Hong Kong,2022-02-01,"Pfizer/BioNTech, Sinovac",https://data.gov.hk/en-data/dataset/hk-fhb-fhbcovid19-vaccination-rates-over-time-by-age,11125646,5360920,4810686,954040
Hong Kong,2022-02-02,"Pfizer/BioNTech, Sinovac",https://data.gov.hk/en-data/dataset/hk-fhb-fhbcovid19-vaccination-rates-over-time-by-age,11125963,5361024,4810843,954096
Hong Kong,2022-02-03,"Pfizer/BioNTech, Sinovac",https://data.gov.hk/en-data/dataset/hk-fhb-fhbcovid19-vaccination-rates-over-time-by-age,11151753,5369613,4812446,969694
Hong Kong,2022-02-04,"Pfizer/BioNTech, Sinovac",https://data.gov.hk/en-data/dataset/hk-fhb-fhbcovid19-vaccination-rates-over-time-by-age,11208445,5384909,4832536,991000
Hong Kong,2022-02-05,"Pfizer/BioNTech, Sinovac",https://data.gov.hk/en-data/dataset/hk-fhb-fhbcovid19-vaccination-rates-over-time-by-age,11257488,5398504,4847737,1011247
Hong Kong,2022-02-06,"Pfizer/BioNTech, Sinovac",https://data.gov.hk/en-data/dataset/hk-fhb-fhbcovid19-vaccination-rates-over-time-by-age,11298084,5408527,4858556,1031001
Hong Kong,2022-02-07,"Pfizer/BioNTech, Sinovac",https://data.gov.hk/en-data/dataset/hk-fhb-fhbcovid19-vaccination-rates-over-time-by-age,11371459,5431423,4879701,1060335
Hong Kong,2022-02-08,"Pfizer/BioNTech, Sinovac",https://data.gov.hk/en-data/dataset/hk-fhb-fhbcovid19-vaccination-rates-over-time-by-age,11450143,5458066,4901225,1090852
Hong Kong,2022-02-09,"Pfizer/BioNTech, Sinovac",https://data.gov.hk/en-data/dataset/hk-fhb-fhbcovid19-vaccination-rates-over-time-by-age,11534960,5495424,4919444,1120092
Hong Kong,2022-02-10,"Pfizer/BioNTech, Sinovac",https://data.gov.hk/en-data/dataset/hk-fhb-fhbcovid19-vaccination-rates-over-time-by-age,11622815,5533550,4938706,1150559
Hong Kong,2022-02-11,"Pfizer/BioNTech, Sinovac",https://data.gov.hk/en-data/dataset/hk-fhb-fhbcovid19-vaccination-rates-over-time-by-age,11716525,5573490,4961491,1181544
Hong Kong,2022-02-12,"Pfizer/BioNTech, Sinovac",https://data.gov.hk/en-data/dataset/hk-fhb-fhbcovid19-vaccination-rates-over-time-by-age,11789963,5601715,4980116,1208132
Hong Kong,2022-02-13,"Pfizer/BioNTech, Sinovac",https://data.gov.hk/en-data/dataset/hk-fhb-fhbcovid19-vaccination-rates-over-time-by-age,11840892,5618181,4990549,1232162
Hong Kong,2022-02-14,"Pfizer/BioNTech, Sinovac",https://data.gov.hk/en-data/dataset/hk-fhb-fhbcovid19-vaccination-rates-over-time-by-age,11930527,5657534,5007199,1265794
Hong Kong,2022-02-15,"Pfizer/BioNTech, Sinovac",https://data.gov.hk/en-data/dataset/hk-fhb-fhbcovid19-vaccination-rates-over-time-by-age,12021784,5697733,5025012,1299039
Hong Kong,2022-02-16,"Pfizer/BioNTech, Sinovac",https://data.gov.hk/en-data/dataset/hk-fhb-fhbcovid19-vaccination-rates-over-time-by-age,12116346,5740404,5042300,1333642
Hong Kong,2022-02-17,"Pfizer/BioNTech, Sinovac",https://data.gov.hk/en-data/dataset/hk-fhb-fhbcovid19-vaccination-rates-over-time-by-age,12210225,5782709,5058723,1368793
Hong Kong,2022-02-18,"Pfizer/BioNTech, Sinovac",https://data.gov.hk/en-data/dataset/hk-fhb-fhbcovid19-vaccination-rates-over-time-by-age,12312240,5827510,5079508,1405222
Hong Kong,2022-02-19,"Pfizer/BioNTech, Sinovac",https://data.gov.hk/en-data/dataset/hk-fhb-fhbcovid19-vaccination-rates-over-time-by-age,12391430,5860251,5098041,1433138
Hong Kong,2022-02-20,"Pfizer/BioNTech, Sinovac",https://data.gov.hk/en-data/dataset/hk-fhb-fhbcovid19-vaccination-rates-over-time-by-age,12445116,5880089,5108049,1456978
Hong Kong,2022-02-21,"Pfizer/BioNTech, Sinovac",https://data.gov.hk/en-data/dataset/hk-fhb-fhbcovid19-vaccination-rates-over-time-by-age,12528129,5917512,5120457,1490160
Hong Kong,2022-02-22,"Pfizer/BioNTech, Sinovac",https://data.gov.hk/en-data/dataset/hk-fhb-fhbcovid19-vaccination-rates-over-time-by-age,12611739,5958531,5131889,1521319
Hong Kong,2022-02-23,"Pfizer/BioNTech, Sinovac",https://data.gov.hk/en-data/dataset/hk-fhb-fhbcovid19-vaccination-rates-over-time-by-age,12701152,6004000,5142070,1555082
Hong Kong,2022-02-24,"Pfizer/BioNTech, Sinovac",https://data.gov.hk/en-data/dataset/hk-fhb-fhbcovid19-vaccination-rates-over-time-by-age,12792269,6046679,5153636,1591954
Hong Kong,2022-02-25,"Pfizer/BioNTech, Sinovac",https://data.gov.hk/en-data/dataset/hk-fhb-fhbcovid19-vaccination-rates-over-time-by-age,12886750,6084389,5169661,1632700
Hong Kong,2022-02-26,"Pfizer/BioNTech, Sinovac",https://data.gov.hk/en-data/dataset/hk-fhb-fhbcovid19-vaccination-rates-over-time-by-age,12968872,6113619,5186498,1668755
Hong Kong,2022-02-27,"Pfizer/BioNTech, Sinovac",https://data.gov.hk/en-data/dataset/hk-fhb-fhbcovid19-vaccination-rates-over-time-by-age,13028822,6133471,5196236,1699115
