location,date,vaccine,source_url,total_vaccinations,people_vaccinated,people_fully_vaccinated,total_boosters
Indonesia,2021-01-12,Sinovac,https://www.dw.com/en/indonesias-covid-vaccination-campaign-prioritizes-workers/a-56316852,0,0,0,
Indonesia,2021-01-22,Sinovac,https://sehatnegeriku.kemkes.go.id/baca/rilis-media/20210122/3036835/vaksinasi-covid-19-bagi-tenaga-kesehatan-capai-132-ribu/,132000,132000,0,
Indonesia,2021-01-24,Sinovac,https://www.kemkes.go.id/,149242,149242,0,
Indonesia,2021-01-25,Sinovac,https://www.kemkes.go.id/,161959,161959,0,
Indonesia,2021-01-26,Sinovac,https://www.kemkes.go.id/,245685,245685,0,
Indonesia,2021-01-27,Sinovac,https://www.kemkes.go.id/,308003,308003,0,
Indonesia,2021-01-28,Sinovac,https://www.kemkes.go.id/,373786,368318,5468,
Indonesia,2021-01-29,Sinovac,https://www.kemkes.go.id/,416299,405012,11287,
Indonesia,2021-01-30,Sinovac,https://www.kemkes.go.id/,502955,482145,20810,
Indonesia,2021-01-31,Sinovac,https://www.kemkes.go.id/,515681,493133,22548,
Indonesia,2021-02-01,Sinovac,https://covid19.go.id/berita/data-vaksinasi-covid-19-update-1-februari-2021,574938,539532,35406,
Indonesia,2021-02-02,Sinovac,https://www.kemkes.go.id/,648259,596260,51999,
Indonesia,2021-02-03,Sinovac,https://www.kemkes.go.id/,717647,646026,71621,
Indonesia,2021-02-04,Sinovac,https://www.kemkes.go.id/,796819,700266,96553,
Indonesia,2021-02-05,Sinovac,https://www.kemkes.go.id/,865609,744884,120725,
Indonesia,2021-02-06,Sinovac,https://www.kemkes.go.id/,914303,777096,137207,
Indonesia,2021-02-07,Sinovac,https://www.kemkes.go.id/,923449,784318,139131,
Indonesia,2021-02-08,Sinovac,https://www.kemkes.go.id/,985855,814585,171270,
Indonesia,2021-02-09,Sinovac,https://www.kemkes.go.id/,1066860,845407,221453,
Indonesia,2021-02-10,Sinovac,https://www.kemkes.go.id/,1248797,969546,279251,
Indonesia,2021-02-11,Sinovac,https://www.kemkes.go.id/,1362791,1017186,345605,
Indonesia,2021-02-13,Sinovac,https://www.kemkes.go.id/,1475812,1060326,415486,
Indonesia,2021-02-14,Sinovac,https://www.kemkes.go.id/,1494325,1068747,425578,
Indonesia,2021-02-15,Sinovac,https://www.kemkes.go.id/,1578720,1096095,482625,
Indonesia,2021-02-16,Sinovac,https://www.kemkes.go.id/,1658110,1120963,537147,
Indonesia,2021-02-17,Sinovac,https://www.kemkes.go.id/,1747267,1149939,597328,
Indonesia,2021-02-18,Sinovac,https://www.kemkes.go.id/,1787976,1164144,623832,
Indonesia,2021-02-20,Sinovac,https://www.kemkes.go.id/,1956725,1224091,732634,
Indonesia,2021-02-23,Sinovac,https://www.kemkes.go.id/,2059871,1269905,789966,
Indonesia,2021-02-24,Sinovac,https://www.kemkes.go.id/,2188788,1363138,825650,
Indonesia,2021-02-25,Sinovac,https://www.kemkes.go.id/,2315665,1461920,853745,
Indonesia,2021-02-26,Sinovac,https://www.kemkes.go.id/,2449451,1583581,865870,
Indonesia,2021-02-27,Sinovac,https://www.kemkes.go.id/,2598535,1616165,982370,
Indonesia,2021-02-28,Sinovac,https://www.kemkes.go.id/,2690163,1691724,998439,
Indonesia,2021-03-02,Sinovac,https://www.kemkes.go.id/article/view/21030300004/Situasi-Vaksinasi-COVID-19.html,3023348,1968057,1055291,
Indonesia,2021-03-03,Sinovac,https://www.kemkes.go.id/article/view/21030300004/Situasi-Vaksinasi-COVID-19.html,3386351,2286123,1100228,
Indonesia,2021-03-05,Sinovac,https://www.kemkes.go.id/article/view/21030300004/Situasi-Vaksinasi-COVID-19.html,3528152,2413615,1114537,
Indonesia,2021-03-07,Sinovac,https://www.kemkes.go.id/article/view/21030300004/Situasi-Vaksinasi-COVID-19.html,4022544,2888757,1133787,
Indonesia,2021-03-10,Sinovac,https://www.kemkes.go.id/article/view/21030300004/Situasi-Vaksinasi-COVID-19.html,4837576,3574698,1262878,
Indonesia,2021-03-11,Sinovac,https://www.kemkes.go.id/article/view/21030300004/Situasi-Vaksinasi-COVID-19.html,4991674,3696059,1295615,
Indonesia,2021-03-12,Sinovac,https://www.kemkes.go.id/article/view/21030300004/Situasi-Vaksinasi-COVID-19.html,5108536,3769174,1339362,
Indonesia,2021-03-13,Sinovac,https://www.kemkes.go.id/article/view/21030300004/Situasi-Vaksinasi-COVID-19.html,5440432,3985596,1454836,
Indonesia,2021-03-14,Sinovac,https://www.kemkes.go.id/article/view/21030300004/Situasi-Vaksinasi-COVID-19.html,5480346,4020124,1460222,
Indonesia,2021-03-15,Sinovac,https://data.covid19.go.id/public/index.html,5739648,4166862,1572786,
Indonesia,2021-03-16,Sinovac,https://data.covid19.go.id/public/index.html,6185700,4468951,1716749,
Indonesia,2021-03-17,Sinovac,https://data.covid19.go.id/public/index.html,6581388,4705248,1876140,
Indonesia,2021-03-18,Sinovac,https://data.covid19.go.id/public/index.html,6787283,4838752,1948531,
Indonesia,2021-03-19,Sinovac,https://data.covid19.go.id/public/index.html,7027463,4959063,2068400,
Indonesia,2021-03-20,Sinovac,https://data.covid19.go.id/public/index.html,7346148,5124948,2221200,
Indonesia,2021-03-21,Sinovac,https://data.covid19.go.id/public/index.html,7835357,5533379,2301978,
Indonesia,2021-03-22,"Oxford/AstraZeneca, Sinovac",https://data.covid19.go.id/public/index.html,7879881,5567280,2312601,
Indonesia,2021-03-23,"Oxford/AstraZeneca, Sinovac",https://data.covid19.go.id/public/index.html,8226632,5732210,2494422,
Indonesia,2021-03-24,"Oxford/AstraZeneca, Sinovac",https://data.covid19.go.id/public/index.html,8687796,5978251,2709545,
Indonesia,2021-03-25,"Oxford/AstraZeneca, Sinovac",https://data.covid19.go.id/public/index.html,9330853,6389837,2941016,
Indonesia,2021-03-26,"Oxford/AstraZeneca, Sinovac",https://data.covid19.go.id/public/index.html,10117812,6969201,3148611,
Indonesia,2021-03-27,"Oxford/AstraZeneca, Sinovac",https://data.covid19.go.id/public/index.html,10412824,7179014,3233810,
Indonesia,2021-03-28,"Oxford/AstraZeneca, Sinovac",https://data.covid19.go.id/public/index.html,10489657,7243202,3246455,
Indonesia,2021-03-29,"Oxford/AstraZeneca, Sinovac",https://data.covid19.go.id/public/index.html,10707915,7394421,3313494,
Indonesia,2021-03-30,"Oxford/AstraZeneca, Sinovac",https://data.covid19.go.id/public/index.html,11229846,7729582,3500264,
Indonesia,2021-03-31,"Oxford/AstraZeneca, Sinovac",https://data.covid19.go.id/public/index.html,11805314,8095717,3709597,
Indonesia,2021-04-01,"Oxford/AstraZeneca, Sinovac",https://data.covid19.go.id/public/index.html,12200266,8349475,3850791,
Indonesia,2021-04-02,"Oxford/AstraZeneca, Sinovac",https://data.covid19.go.id/public/index.html,12286155,8418589,3867566,
Indonesia,2021-04-03,"Oxford/AstraZeneca, Sinovac",https://data.covid19.go.id/public/index.html,12485291,8533422,3951869,
Indonesia,2021-04-04,"Oxford/AstraZeneca, Sinovac",https://data.covid19.go.id/public/index.html,12643583,8629182,4014401,
Indonesia,2021-04-05,"Oxford/AstraZeneca, Sinovac",https://data.covid19.go.id/public/index.html,13046407,8838081,4208326,
Indonesia,2021-04-06,"Oxford/AstraZeneca, Sinovac",https://data.covid19.go.id/public/index.html,13353717,8975366,4378351,
Indonesia,2021-04-07,"Oxford/AstraZeneca, Sinovac",https://data.covid19.go.id/public/index.html,13735337,9187757,4547580,
Indonesia,2021-04-08,"Oxford/AstraZeneca, Sinovac",https://data.covid19.go.id/public/index.html,13975000,9309809,4665191,
Indonesia,2021-04-09,"Oxford/AstraZeneca, Sinovac",https://data.covid19.go.id/public/index.html,14727509,9784278,4943231,
Indonesia,2021-04-10,"Oxford/AstraZeneca, Sinovac",https://data.covid19.go.id/public/index.html,15005957,9955433,5050524,
Indonesia,2021-04-11,"Oxford/AstraZeneca, Sinovac",https://data.covid19.go.id/public/index.html,15145565,10045575,5099990,
Indonesia,2021-04-12,"Oxford/AstraZeneca, Sinovac",https://data.covid19.go.id/public/index.html,15572530,10261791,5310739,
Indonesia,2021-04-13,"Oxford/AstraZeneca, Sinovac",https://data.covid19.go.id/public/index.html,15805960,10373963,5431997,
Indonesia,2021-04-14,"Oxford/AstraZeneca, Sinovac",https://data.covid19.go.id/public/index.html,16046363,10477506,5568857,
Indonesia,2021-04-15,"Oxford/AstraZeneca, Sinovac",https://data.covid19.go.id/public/index.html,16309777,10596373,5713404,
Indonesia,2021-04-16,"Oxford/AstraZeneca, Sinovac",https://data.covid19.go.id/public/index.html,16526130,10706184,5819946,
Indonesia,2021-04-17,"Oxford/AstraZeneca, Sinovac",https://data.covid19.go.id/public/index.html,16690960,10801244,5889716,
Indonesia,2021-04-18,"Oxford/AstraZeneca, Sinovac",https://data.covid19.go.id/public/index.html,16739340,10828419,5910921,
Indonesia,2021-04-19,"Oxford/AstraZeneca, Sinovac",https://data.covid19.go.id/public/index.html,17017666,10966934,6050732,
Indonesia,2021-04-20,"Oxford/AstraZeneca, Sinovac",https://data.covid19.go.id/public/index.html,17233178,11101291,6131887,
Indonesia,2021-04-21,"Oxford/AstraZeneca, Sinovac",https://data.covid19.go.id/public/index.html,17591216,11269213,6322003,
Indonesia,2021-04-22,"Oxford/AstraZeneca, Sinovac",https://data.covid19.go.id/public/index.html,17920908,11432711,6488197,
Indonesia,2021-04-23,"Oxford/AstraZeneca, Sinovac",https://data.covid19.go.id/public/index.html,18265027,11587879,6677148,
Indonesia,2021-04-24,"Oxford/AstraZeneca, Sinovac",https://data.covid19.go.id/public/index.html,18484179,11699585,6784594,
Indonesia,2021-04-25,"Oxford/AstraZeneca, Sinovac",https://data.covid19.go.id/public/index.html,18556227,11733923,6822304,
Indonesia,2021-04-26,"Oxford/AstraZeneca, Sinovac",https://data.covid19.go.id/public/index.html,18842883,11844579,6998304,
Indonesia,2021-04-27,"Oxford/AstraZeneca, Sinovac",https://data.covid19.go.id/public/index.html,19159802,11981034,7178768,
Indonesia,2021-04-28,"Oxford/AstraZeneca, Sinovac",https://data.covid19.go.id/public/index.html,19487346,12112888,7374458,
Indonesia,2021-04-29,"Oxford/AstraZeneca, Sinovac",https://data.covid19.go.id/public/index.html,19847136,12280765,7566371,
Indonesia,2021-04-30,"Oxford/AstraZeneca, Sinovac",https://data.covid19.go.id/public/index.html,20015745,12385886,7629859,
Indonesia,2021-05-01,"Oxford/AstraZeneca, Sinovac",https://data.covid19.go.id/public/index.html,20110846,12443263,7667583,
Indonesia,2021-05-02,"Oxford/AstraZeneca, Sinovac",https://data.covid19.go.id/public/index.html,20135649,12457164,7678485,
Indonesia,2021-05-03,"Oxford/AstraZeneca, Sinovac",https://data.covid19.go.id/public/index.html,20372568,12545372,7827196,
Indonesia,2021-05-04,"Oxford/AstraZeneca, Sinovac",https://data.covid19.go.id/public/index.html,20653919,12672864,7981055,
Indonesia,2021-05-05,"Oxford/AstraZeneca, Sinovac",https://data.covid19.go.id/public/index.html,20984828,12832886,8151942,
Indonesia,2021-05-06,"Oxford/AstraZeneca, Sinovac",https://data.covid19.go.id/public/index.html,21313654,12995710,8317944,
Indonesia,2021-05-07,"Oxford/AstraZeneca, Sinovac",https://data.covid19.go.id/public/index.html,21592945,13136686,8456259,
Indonesia,2021-05-08,"Oxford/AstraZeneca, Sinovac",https://data.covid19.go.id/public/index.html,21868276,13284422,8583854,
Indonesia,2021-05-09,"Oxford/AstraZeneca, Sinovac",https://data.covid19.go.id/public/index.html,21975503,13340957,8634546,
Indonesia,2021-05-10,"Oxford/AstraZeneca, Sinovac",https://data.covid19.go.id/public/index.html,22230343,13475087,8755256,
Indonesia,2021-05-11,"Oxford/AstraZeneca, Sinovac",https://data.covid19.go.id/public/index.html,22485737,13615313,8870424,
Indonesia,2021-05-12,"Oxford/AstraZeneca, Sinovac",https://data.covid19.go.id/public/index.html,22586588,13678323,8908265,
Indonesia,2021-05-13,"Oxford/AstraZeneca, Sinovac",https://data.covid19.go.id/public/index.html,22615110,13695553,8919557,
Indonesia,2021-05-14,"Oxford/AstraZeneca, Sinovac",https://data.covid19.go.id/public/index.html,22620824,13699393,8921431,
Indonesia,2021-05-15,"Oxford/AstraZeneca, Sinovac",https://data.covid19.go.id/public/index.html,22675927,13721627,8954300,
Indonesia,2021-05-16,"Oxford/AstraZeneca, Sinovac",https://data.covid19.go.id/public/index.html,22708311,13737596,8970715,
Indonesia,2021-05-17,"Oxford/AstraZeneca, Sinovac",https://data.covid19.go.id/public/index.html,22870037,13803055,9066982,
Indonesia,2021-05-18,"Oxford/AstraZeneca, Sinopharm/Beijing, Sinovac",https://data.covid19.go.id/public/index.html,23199575,13951975,9247600,
Indonesia,2021-05-19,"Oxford/AstraZeneca, Sinopharm/Beijing, Sinovac",https://data.covid19.go.id/public/index.html,23466389,14099754,9366635,
Indonesia,2021-05-20,"Oxford/AstraZeneca, Sinopharm/Beijing, Sinovac",https://data.covid19.go.id/public/index.html,23905335,14369233,9536102,
Indonesia,2021-05-21,"Oxford/AstraZeneca, Sinopharm/Beijing, Sinovac",https://data.covid19.go.id/public/index.html,24317577,14606331,9711246,
Indonesia,2021-05-22,"Oxford/AstraZeneca, Sinopharm/Beijing, Sinovac",https://data.covid19.go.id/public/index.html,24641165,14815666,9825499,
Indonesia,2021-05-23,"Oxford/AstraZeneca, Sinopharm/Beijing, Sinovac",https://data.covid19.go.id/public/index.html,24762597,14890933,9871664,
Indonesia,2021-05-24,"Oxford/AstraZeneca, Sinopharm/Beijing, Sinovac",https://data.covid19.go.id/public/index.html,24816571,14919589,9896982,
Indonesia,2021-05-25,"Oxford/AstraZeneca, Sinopharm/Beijing, Sinovac",https://data.covid19.go.id/public/index.html,25455786,15330306,10125480,
Indonesia,2021-05-26,"Oxford/AstraZeneca, Sinopharm/Beijing, Sinovac",https://data.covid19.go.id/public/index.html,25760831,15535998,10224833,
Indonesia,2021-05-27,"Oxford/AstraZeneca, Sinopharm/Beijing, Sinovac",https://data.covid19.go.id/public/index.html,26063579,15703583,10359996,
Indonesia,2021-05-28,"Oxford/AstraZeneca, Sinopharm/Beijing, Sinovac",https://data.covid19.go.id/public/index.html,26487346,16000947,10486399,
Indonesia,2021-05-29,"Oxford/AstraZeneca, Sinopharm/Beijing, Sinovac",https://data.covid19.go.id/public/index.html,26758625,16203829,10554796,
Indonesia,2021-05-30,"Oxford/AstraZeneca, Sinopharm/Beijing, Sinovac",https://data.covid19.go.id/public/index.html,26889189,16304700,10584489,
Indonesia,2021-05-31,"Oxford/AstraZeneca, Sinopharm/Beijing, Sinovac",https://data.covid19.go.id/public/index.html,27045507,16413672,10631835,
Indonesia,2021-06-01,"Oxford/AstraZeneca, Sinopharm/Beijing, Sinovac",https://data.covid19.go.id/public/index.html,27308881,16594581,10714300,
Indonesia,2021-06-02,"Oxford/AstraZeneca, Sinopharm/Beijing, Sinovac",https://data.covid19.go.id/public/index.html,27619247,16766263,10852984,
Indonesia,2021-06-03,"Oxford/AstraZeneca, Sinopharm/Beijing, Sinovac",https://data.covid19.go.id/public/index.html,28027750,17042850,10984900,
Indonesia,2021-06-04,"Oxford/AstraZeneca, Sinopharm/Beijing, Sinovac",https://data.covid19.go.id/public/index.html,28347058,17291504,11055554,
Indonesia,2021-06-05,"Oxford/AstraZeneca, Sinopharm/Beijing, Sinovac",https://data.covid19.go.id/public/index.html,28702933,17581464,11121469,
Indonesia,2021-06-06,"Oxford/AstraZeneca, Sinopharm/Beijing, Sinovac",https://data.covid19.go.id/public/index.html,28770360,17643603,11126757,
Indonesia,2021-06-07,"Oxford/AstraZeneca, Sinopharm/Beijing, Sinovac",https://data.covid19.go.id/public/index.html,28972987,17775918,11197069,
Indonesia,2021-06-08,"Oxford/AstraZeneca, Sinopharm/Beijing, Sinovac",https://data.covid19.go.id/public/index.html,29616507,18260482,11356025,
Indonesia,2021-06-09,"Oxford/AstraZeneca, Sinopharm/Beijing, Sinovac",https://data.covid19.go.id/public/index.html,30155028,18718769,11436259,
Indonesia,2021-06-10,"Oxford/AstraZeneca, Sinopharm/Beijing, Sinovac",https://data.covid19.go.id/public/index.html,30700350,19211433,11488917,
Indonesia,2021-06-11,"Oxford/AstraZeneca, Sinopharm/Beijing, Sinovac",https://data.covid19.go.id/public/index.html,31195606,19669968,11525638,
Indonesia,2021-06-12,"Oxford/AstraZeneca, Sinopharm/Beijing, Sinovac",https://data.covid19.go.id/public/index.html,31603325,20044187,11559138,
Indonesia,2021-06-13,"Oxford/AstraZeneca, Sinopharm/Beijing, Sinovac",https://data.covid19.go.id/public/index.html,31727380,20158937,11568443,
Indonesia,2021-06-14,"Oxford/AstraZeneca, Sinopharm/Beijing, Sinovac",https://data.covid19.go.id/public/index.html,32039910,20424048,11615862,
Indonesia,2021-06-15,"Oxford/AstraZeneca, Sinopharm/Beijing, Sinovac",https://data.covid19.go.id/public/index.html,32603744,20904723,11699021,
Indonesia,2021-06-16,"Oxford/AstraZeneca, Sinopharm/Beijing, Sinovac",https://data.covid19.go.id/public/index.html,33264392,21448774,11815618,
Indonesia,2021-06-17,"Oxford/AstraZeneca, Sinopharm/Beijing, Sinovac",https://data.covid19.go.id/public/index.html,33962386,21999256,11963130,
Indonesia,2021-06-18,"Oxford/AstraZeneca, Sinopharm/Beijing, Sinovac",https://data.covid19.go.id/public/index.html,34551233,22455167,12096066,
Indonesia,2021-06-19,"Oxford/AstraZeneca, Sinopharm/Beijing, Sinovac",https://data.covid19.go.id/public/index.html,35086248,22873342,12212906,
Indonesia,2021-06-20,"Oxford/AstraZeneca, Sinopharm/Beijing, Sinovac",https://data.covid19.go.id/public/index.html,35283078,23043372,12239706,
Indonesia,2021-06-21,"Oxford/AstraZeneca, Sinopharm/Beijing, Sinovac",https://data.covid19.go.id/public/index.html,35586159,23265773,12320386,
Indonesia,2021-06-22,"Oxford/AstraZeneca, Sinopharm/Beijing, Sinovac",https://data.covid19.go.id/public/index.html,36304801,23789884,12514917,
Indonesia,2021-06-23,"Oxford/AstraZeneca, Sinopharm/Beijing, Sinovac",https://data.covid19.go.id/public/index.html,36998897,24358856,12640041,
Indonesia,2021-06-24,"Oxford/AstraZeneca, Sinopharm/Beijing, Sinovac",https://data.covid19.go.id/public/index.html,37699231,24929442,12769789,
Indonesia,2021-06-25,"Oxford/AstraZeneca, Sinopharm/Beijing, Sinovac",https://data.covid19.go.id/public/index.html,38394659,25482036,12912623,
Indonesia,2021-06-26,"Oxford/AstraZeneca, Sinopharm/Beijing, Sinovac",https://data.covid19.go.id/public/index.html,39050655,26032131,13018524,
Indonesia,2021-06-27,"Oxford/AstraZeneca, Sinopharm/Beijing, Sinovac",https://data.covid19.go.id/public/index.html,40224794,27115763,13109031,
Indonesia,2021-06-28,"Oxford/AstraZeneca, Sinopharm/Beijing, Sinovac",https://data.covid19.go.id/public/index.html,40601932,27419898,13182034,
Indonesia,2021-06-29,"Oxford/AstraZeneca, Sinopharm/Beijing, Sinovac",https://data.covid19.go.id/public/index.html,41634512,28304774,13329738,
Indonesia,2021-06-30,"Oxford/AstraZeneca, Sinopharm/Beijing, Sinovac",https://data.covid19.go.id/public/index.html,42744641,29279142,13465499,
Indonesia,2021-07-01,"Oxford/AstraZeneca, Sinopharm/Beijing, Sinovac",https://data.covid19.go.id/public/index.html,43808549,30184392,13624157,
Indonesia,2021-07-02,"Oxford/AstraZeneca, Sinopharm/Beijing, Sinovac",https://data.covid19.go.id/public/index.html,44661928,30891821,13770107,
Indonesia,2021-07-03,"Oxford/AstraZeneca, Sinopharm/Beijing, Sinovac",https://data.covid19.go.id/public/index.html,45495972,31573240,13922732,
Indonesia,2021-07-04,"Oxford/AstraZeneca, Sinopharm/Beijing, Sinovac",https://data.covid19.go.id/public/index.html,46043309,32063745,13979564,
Indonesia,2021-07-05,"Oxford/AstraZeneca, Sinopharm/Beijing, Sinovac",https://data.covid19.go.id/public/index.html,46338202,32302268,14035934,
Indonesia,2021-07-06,"Oxford/AstraZeneca, Sinopharm/Beijing, Sinovac",https://data.covid19.go.id/public/index.html,47444009,33176029,14267980,
Indonesia,2021-07-07,"Oxford/AstraZeneca, Sinopharm/Beijing, Sinovac",https://data.covid19.go.id/public/index.html,48483610,34039797,14443813,
Indonesia,2021-07-08,"Oxford/AstraZeneca, Sinopharm/Beijing, Sinovac",https://data.covid19.go.id/public/index.html,49483188,34860686,14622502,
Indonesia,2021-07-09,"Oxford/AstraZeneca, Sinopharm/Beijing, Sinovac",https://data.covid19.go.id/public/index.html,50644144,35775567,14868577,
Indonesia,2021-07-10,"Oxford/AstraZeneca, Sinopharm/Beijing, Sinovac",https://data.covid19.go.id/public/index.html,51162406,36193076,14969330,
Indonesia,2021-07-11,"Oxford/AstraZeneca, Sinopharm/Beijing, Sinovac",https://data.covid19.go.id/public/index.html,51278367,36267019,15011348,
Indonesia,2021-07-12,"Oxford/AstraZeneca, Sinopharm/Beijing, Sinovac",https://data.covid19.go.id/public/index.html,51404659,36368191,15036468,
Indonesia,2021-07-13,"Oxford/AstraZeneca, Sinopharm/Beijing, Sinovac",https://data.covid19.go.id/public/index.html,52105605,36914607,15190998,
Indonesia,2021-07-14,"Oxford/AstraZeneca, Sinopharm/Beijing, Sinovac",https://data.covid19.go.id/public/index.html,54520987,38909433,15611554,
Indonesia,2021-07-15,"Oxford/AstraZeneca, Sinopharm/Beijing, Sinovac",https://data.covid19.go.id/public/index.html,55438248,39628149,15810099,
Indonesia,2021-07-16,"Oxford/AstraZeneca, Sinopharm/Beijing, Sinovac",https://data.covid19.go.id/public/index.html,56169540,40228811,15940729,
Indonesia,2021-07-17,"Moderna, Oxford/AstraZeneca, Sinopharm/Beijing, Sinovac",https://data.covid19.go.id/public/index.html,57486482,41268627,16217855,
Indonesia,2021-07-18,"Moderna, Oxford/AstraZeneca, Sinopharm/Beijing, Sinovac",https://data.covid19.go.id/public/index.html,57947614,41673464,16274150,
Indonesia,2021-07-19,"Moderna, Oxford/AstraZeneca, Sinopharm/Beijing, Sinovac",https://data.covid19.go.id/public/index.html,58495882,42095531,16400351,
Indonesia,2021-07-20,"Moderna, Oxford/AstraZeneca, Sinopharm/Beijing, Sinovac",https://data.covid19.go.id/public/index.html,58795963,42344675,16451288,
Indonesia,2021-07-21,"Moderna, Oxford/AstraZeneca, Sinopharm/Beijing, Sinovac",https://data.covid19.go.id/public/index.html,59218277,42611602,16606675,
Indonesia,2021-07-22,"Moderna, Oxford/AstraZeneca, Sinopharm/Beijing, Sinovac",https://data.covid19.go.id/public/index.html,60051995,43155795,16896200,
Indonesia,2021-07-23,"Moderna, Oxford/AstraZeneca, Sinopharm/Beijing, Sinovac",https://data.covid19.go.id/public/index.html,60871399,43717254,17154145,
Indonesia,2021-07-24,"Moderna, Oxford/AstraZeneca, Sinopharm/Beijing, Sinovac",https://data.covid19.go.id/public/index.html,61583922,44107926,17475996,
Indonesia,2021-07-25,"Moderna, Oxford/AstraZeneca, Sinopharm/Beijing, Sinovac",https://data.covid19.go.id/public/index.html,62376478,44469974,17906504,
Indonesia,2021-07-26,"Moderna, Oxford/AstraZeneca, Sinopharm/Beijing, Sinovac",https://data.covid19.go.id/public/index.html,62858198,44728320,18129878,
Indonesia,2021-07-27,"Moderna, Oxford/AstraZeneca, Sinopharm/Beijing, Sinovac",https://data.covid19.go.id/public/index.html,63944892,45278549,18666343,
Indonesia,2021-07-28,"Moderna, Oxford/AstraZeneca, Sinopharm/Beijing, Sinovac",https://data.covid19.go.id/public/index.html,64838074,45734912,19103162,
Indonesia,2021-07-29,"Moderna, Oxford/AstraZeneca, Sinopharm/Beijing, Sinovac",https://data.covid19.go.id/public/index.html,65959164,46289942,19669222,
Indonesia,2021-07-30,"Moderna, Oxford/AstraZeneca, Sinopharm/Beijing, Sinovac",https://data.covid19.go.id/public/index.html,66952414,46805993,20146421,
Indonesia,2021-07-31,"Moderna, Oxford/AstraZeneca, Sinopharm/Beijing, Sinovac",https://data.covid19.go.id/public/index.html,67761337,47226514,20534823,
Indonesia,2021-08-01,"Moderna, Oxford/AstraZeneca, Sinopharm/Beijing, Sinovac",https://data.covid19.go.id/public/index.html,68151247,47478168,20673079,
Indonesia,2021-08-02,"Moderna, Oxford/AstraZeneca, Sinopharm/Beijing, Sinovac",https://data.covid19.go.id/public/index.html,68620908,47686483,20934425,
Indonesia,2021-08-03,"Moderna, Oxford/AstraZeneca, Sinopharm/Beijing, Sinovac",https://data.covid19.go.id/public/index.html,69543116,48106208,21436908,
Indonesia,2021-08-04,"Moderna, Oxford/AstraZeneca, Sinopharm/Beijing, Sinovac",https://data.covid19.go.id/public/index.html,70450631,48485265,21965366,
Indonesia,2021-08-05,"Moderna, Oxford/AstraZeneca, Sinopharm/Beijing, Sinovac",https://data.covid19.go.id/public/index.html,71044502,48834123,22210379,
Indonesia,2021-08-06,"Moderna, Oxford/AstraZeneca, Sinopharm/Beijing, Sinovac",https://data.covid19.go.id/public/index.html,72282882,49391058,22891824,
Indonesia,2021-08-07,"Moderna, Oxford/AstraZeneca, Sinopharm/Beijing, Sinovac",https://data.covid19.go.id/public/index.html,73147087,49801823,23345264,
Indonesia,2021-08-08,"Moderna, Oxford/AstraZeneca, Sinopharm/Beijing, Sinovac",https://data.covid19.go.id/public/index.html,74275263,50497940,23777323,
Indonesia,2021-08-09,"Moderna, Oxford/AstraZeneca, Sinopharm/Beijing, Sinovac",https://data.covid19.go.id/public/index.html,74842339,50630315,24212024,
Indonesia,2021-08-10,"Moderna, Oxford/AstraZeneca, Sinopharm/Beijing, Sinovac",https://data.covid19.go.id/public/index.html,76093131,51195551,24897580,
Indonesia,2021-08-11,"Moderna, Oxford/AstraZeneca, Sinopharm/Beijing, Sinovac",https://data.covid19.go.id/public/index.html,77145224,51705924,25439300,
Indonesia,2021-08-12,"Moderna, Oxford/AstraZeneca, Sinopharm/Beijing, Sinovac",https://data.covid19.go.id/public/index.html,77639416,51894566,25744850,
Indonesia,2021-08-13,"Moderna, Oxford/AstraZeneca, Sinopharm/Beijing, Sinovac",https://data.covid19.go.id/public/index.html,80441273,53212350,27228923,
Indonesia,2021-08-14,"Moderna, Oxford/AstraZeneca, Sinopharm/Beijing, Sinovac",https://data.covid19.go.id/public/index.html,81412426,53618870,27793556,
Indonesia,2021-08-15,"Moderna, Oxford/AstraZeneca, Sinopharm/Beijing, Sinovac",https://data.covid19.go.id/public/index.html,81800407,53688122,28112285,
Indonesia,2021-08-16,"Moderna, Oxford/AstraZeneca, Sinopharm/Beijing, Sinovac",https://data.covid19.go.id/public/index.html,82907666,54382680,28524986,
Indonesia,2021-08-17,"Moderna, Oxford/AstraZeneca, Sinopharm/Beijing, Sinovac",https://data.covid19.go.id/public/index.html,84141599,54982550,29159049,
Indonesia,2021-08-18,"Moderna, Oxford/AstraZeneca, Sinopharm/Beijing, Sinovac",https://data.covid19.go.id/public/index.html,84595839,55192494,29403345,
Indonesia,2021-08-19,"Moderna, Oxford/AstraZeneca, Sinopharm/Beijing, Sinovac",https://data.covid19.go.id/public/index.html,86414456,56045931,30368525,
Indonesia,2021-08-20,"Moderna, Oxford/AstraZeneca, Sinopharm/Beijing, Sinovac",https://data.covid19.go.id/public/index.html,87257192,56504055,30753137,
Indonesia,2021-08-21,"Moderna, Oxford/AstraZeneca, Sinopharm/Beijing, Sinovac",https://data.covid19.go.id/public/index.html,88197072,56986150,31210922,
Indonesia,2021-08-22,"Moderna, Oxford/AstraZeneca, Sinopharm/Beijing, Sinovac",https://data.covid19.go.id/public/index.html,88941175,57339307,31601868,
Indonesia,2021-08-23,"Moderna, Oxford/AstraZeneca, Sinopharm/Beijing, Sinovac",https://data.covid19.go.id/public/index.html,89825940,57779716,32046224,
Indonesia,2021-08-24,"Moderna, Oxford/AstraZeneca, Sinopharm/Beijing, Sinovac",https://data.covid19.go.id/public/index.html,91109808,58468810,32640998,
Indonesia,2021-08-25,"Moderna, Oxford/AstraZeneca, Sinopharm/Beijing, Sinovac",https://data.covid19.go.id/public/index.html,92105838,59011333,33094505,
Indonesia,2021-08-26,"Moderna, Oxford/AstraZeneca, Sinopharm/Beijing, Sinovac",https://data.covid19.go.id/public/index.html,92784183,59426934,33357249,
Indonesia,2021-08-27,"Moderna, Oxford/AstraZeneca, Sinopharm/Beijing, Sinovac",https://data.covid19.go.id/public/index.html,94556758,60435555,34121203,
Indonesia,2021-08-28,"Moderna, Oxford/AstraZeneca, Sinopharm/Beijing, Sinovac",https://data.covid19.go.id/public/index.html,95925079,61222258,34702821,
Indonesia,2021-08-29,"Moderna, Oxford/AstraZeneca, Pfizer/BioNTech, Sinopharm/Beijing, Sinovac",https://data.covid19.go.id/public/index.html,96512676,61654676,34858000,
Indonesia,2021-08-30,"Moderna, Oxford/AstraZeneca, Pfizer/BioNTech, Sinopharm/Beijing, Sinovac",https://data.covid19.go.id/public/index.html,97609356,62294896,35314460,
Indonesia,2021-08-31,"Moderna, Oxford/AstraZeneca, Pfizer/BioNTech, Sinopharm/Beijing, Sinovac",https://data.covid19.go.id/public/index.html,98966499,63111288,35855211,
Indonesia,2021-09-01,"Moderna, Oxford/AstraZeneca, Pfizer/BioNTech, Sinopharm/Beijing, Sinovac",https://data.covid19.go.id/public/index.html,100288175,63944955,36343220,
Indonesia,2021-09-02,"Moderna, Oxford/AstraZeneca, Pfizer/BioNTech, Sinopharm/Beijing, Sinovac",https://data.covid19.go.id/public/index.html,101602002,64742601,36859401,
Indonesia,2021-09-03,"Moderna, Oxford/AstraZeneca, Pfizer/BioNTech, Sinopharm/Beijing, Sinovac",https://data.covid19.go.id/public/index.html,103542706,65894673,37648033,
Indonesia,2021-09-04,"Moderna, Oxford/AstraZeneca, Pfizer/BioNTech, Sinopharm/Beijing, Sinovac",https://data.covid19.go.id/public/index.html,104384321,66353669,38030652,
Indonesia,2021-09-05,"Moderna, Oxford/AstraZeneca, Pfizer/BioNTech, Sinopharm/Beijing, Sinovac",https://data.covid19.go.id/public/index.html,105005826,66782673,38223153,
Indonesia,2021-09-06,"Moderna, Oxford/AstraZeneca, Pfizer/BioNTech, Sinopharm/Beijing, Sinovac",https://data.covid19.go.id/public/index.html,105627444,67155353,38472091,
Indonesia,2021-09-07,"Moderna, Oxford/AstraZeneca, Pfizer/BioNTech, Sinopharm/Beijing, Sinovac",https://data.covid19.go.id/public/index.html,107374568,68208588,39165980,
Indonesia,2021-09-08,"Moderna, Oxford/AstraZeneca, Pfizer/BioNTech, Sinopharm/Beijing, Sinovac",https://data.covid19.go.id/public/index.html,108916110,69194539,39721571,
Indonesia,2021-09-09,"Moderna, Oxford/AstraZeneca, Pfizer/BioNTech, Sinopharm/Beijing, Sinovac",https://data.covid19.go.id/public/index.html,110685380,70322560,40362820,
Indonesia,2021-09-10,"Moderna, Oxford/AstraZeneca, Pfizer/BioNTech, Sinopharm/Beijing, Sinovac",https://data.covid19.go.id/public/index.html,112043252,71175259,40867993,
Indonesia,2021-09-11,"Johnson&Johnson, Moderna, Oxford/AstraZeneca, Pfizer/BioNTech, Sinopharm/Beijing, Sinovac",https://data.covid19.go.id/public/index.html,113783060,72248720,41534340,
Indonesia,2021-09-12,"Johnson&Johnson, Moderna, Oxford/AstraZeneca, Pfizer/BioNTech, Sinopharm/Beijing, Sinovac",https://data.covid19.go.id/public/index.html,114500929,72766195,41734734,
Indonesia,2021-09-13,"Johnson&Johnson, Moderna, Oxford/AstraZeneca, Pfizer/BioNTech, Sinopharm/Beijing, Sinovac",https://data.covid19.go.id/public/index.html,115415402,73310563,42104839,
Indonesia,2021-09-14,"Johnson&Johnson, Moderna, Oxford/AstraZeneca, Pfizer/BioNTech, Sinopharm/Beijing, Sinovac",https://data.covid19.go.id/public/index.html,116822846,74257515,42565331,
Indonesia,2021-09-15,"Johnson&Johnson, Moderna, Oxford/AstraZeneca, Pfizer/BioNTech, Sinopharm/Beijing, Sinovac",https://data.covid19.go.id/public/index.html,118103364,75140724,42962640,
Indonesia,2021-09-16,"Johnson&Johnson, Moderna, Oxford/AstraZeneca, Pfizer/BioNTech, Sinopharm/Beijing, Sinovac",https://data.covid19.go.id/public/index.html,119638458,76153487,43484971,
Indonesia,2021-09-17,"Johnson&Johnson, Moderna, Oxford/AstraZeneca, Pfizer/BioNTech, Sinopharm/Beijing, Sinovac",https://data.covid19.go.id/public/index.html,121542203,77417488,44124715,
Indonesia,2021-09-18,"Johnson&Johnson, Moderna, Oxford/AstraZeneca, Pfizer/BioNTech, Sinopharm/Beijing, Sinovac",https://data.covid19.go.id/public/index.html,123257089,78540519,44716570,
Indonesia,2021-09-19,"Johnson&Johnson, Moderna, Oxford/AstraZeneca, Pfizer/BioNTech, Sinopharm/Beijing, Sinovac",https://data.covid19.go.id/public/index.html,124649550,79515356,45134194,
Indonesia,2021-09-20,"Johnson&Johnson, Moderna, Oxford/AstraZeneca, Pfizer/BioNTech, Sinopharm/Beijing, Sinovac",https://data.covid19.go.id/public/index.html,124882412,79657762,45224650,
Indonesia,2021-09-21,"Johnson&Johnson, Moderna, Oxford/AstraZeneca, Pfizer/BioNTech, Sinopharm/Beijing, Sinovac",https://data.covid19.go.id/public/index.html,126261777,80408744,45853033,
Indonesia,2021-09-22,"Johnson&Johnson, Moderna, Oxford/AstraZeneca, Pfizer/BioNTech, Sinopharm/Beijing, Sinovac",https://data.covid19.go.id/public/index.html,128609965,82113788,46496177,
Indonesia,2021-09-23,"Johnson&Johnson, Moderna, Oxford/AstraZeneca, Pfizer/BioNTech, Sinopharm/Beijing, Sinovac",https://data.covid19.go.id/public/index.html,130228475,83248128,46980347,
Indonesia,2021-09-24,"Johnson&Johnson, Moderna, Oxford/AstraZeneca, Pfizer/BioNTech, Sinopharm/Beijing, Sinovac",https://data.covid19.go.id/public/index.html,132572040,84863899,47708141,
Indonesia,2021-09-25,"Johnson&Johnson, Moderna, Oxford/AstraZeneca, Pfizer/BioNTech, Sinopharm/Beijing, Sinovac",https://data.covid19.go.id/public/index.html,133429623,85433518,47996105,
Indonesia,2021-09-26,"Johnson&Johnson, Moderna, Oxford/AstraZeneca, Pfizer/BioNTech, Sinopharm/Beijing, Sinovac",https://data.covid19.go.id/public/index.html,134987333,86460685,48526648,
Indonesia,2021-09-27,"Johnson&Johnson, Moderna, Oxford/AstraZeneca, Pfizer/BioNTech, Sinopharm/Beijing, Sinovac",https://data.covid19.go.id/public/index.html,136078002,87162526,48915476,
Indonesia,2021-09-28,"Johnson&Johnson, Moderna, Oxford/AstraZeneca, Pfizer/BioNTech, Sinopharm/Beijing, Sinovac",https://data.covid19.go.id/public/index.html,138186855,88531137,49655718,
Indonesia,2021-09-29,"Johnson&Johnson, Moderna, Oxford/AstraZeneca, Pfizer/BioNTech, Sinopharm/Beijing, Sinovac",https://data.covid19.go.id/public/index.html,140235980,89822987,50412993,
Indonesia,2021-09-30,"Johnson&Johnson, Moderna, Oxford/AstraZeneca, Pfizer/BioNTech, Sinopharm/Beijing, Sinovac",https://data.covid19.go.id/public/index.html,142192361,91079001,51113360,
Indonesia,2021-10-01,"Johnson&Johnson, Moderna, Oxford/AstraZeneca, Pfizer/BioNTech, Sinopharm/Beijing, Sinovac",https://data.covid19.go.id/public/index.html,143911698,92161001,51750697,
Indonesia,2021-10-02,"Johnson&Johnson, Moderna, Oxford/AstraZeneca, Pfizer/BioNTech, Sinopharm/Beijing, Sinovac",https://data.covid19.go.id/public/index.html,145383060,93066494,52316566,
Indonesia,2021-10-03,"Johnson&Johnson, Moderna, Oxford/AstraZeneca, Pfizer/BioNTech, Sinopharm/Beijing, Sinovac",https://data.covid19.go.id/public/index.html,146456498,93780446,52676052,
Indonesia,2021-10-04,"Johnson&Johnson, Moderna, Oxford/AstraZeneca, Pfizer/BioNTech, Sinopharm/Beijing, Sinovac",https://data.covid19.go.id/public/index.html,147230613,94223690,53006923,
Indonesia,2021-10-05,"Johnson&Johnson, Moderna, Oxford/AstraZeneca, Pfizer/BioNTech, Sinopharm/Beijing, Sinovac",https://data.covid19.go.id/public/index.html,148596138,94939217,53656921,
Indonesia,2021-10-06,"Johnson&Johnson, Moderna, Oxford/AstraZeneca, Pfizer/BioNTech, Sinopharm/Beijing, Sinovac",https://data.covid19.go.id/public/index.html,150223752,95781773,54441979,
Indonesia,2021-10-07,"Johnson&Johnson, Moderna, Oxford/AstraZeneca, Pfizer/BioNTech, Sinopharm/Beijing, Sinovac",https://data.covid19.go.id/public/index.html,151451699,96492154,54959545,
Indonesia,2021-10-08,"Johnson&Johnson, Moderna, Oxford/AstraZeneca, Pfizer/BioNTech, Sinopharm/Beijing, Sinovac",https://data.covid19.go.id/public/index.html,154252314,98146308,56106006,
Indonesia,2021-10-09,"Johnson&Johnson, Moderna, Oxford/AstraZeneca, Pfizer/BioNTech, Sinopharm/Beijing, Sinovac",https://data.covid19.go.id/public/index.html,156281958,99373294,56908664,
Indonesia,2021-10-10,"Johnson&Johnson, Moderna, Oxford/AstraZeneca, Pfizer/BioNTech, Sinopharm/Beijing, Sinovac",https://data.covid19.go.id/public/index.html,157468784,100059481,57409303,
Indonesia,2021-10-11,"Johnson&Johnson, Moderna, Oxford/AstraZeneca, Pfizer/BioNTech, Sinopharm/Beijing, Sinovac",https://data.covid19.go.id/public/index.html,157929575,100322375,57607200,
Indonesia,2021-10-12,"Johnson&Johnson, Moderna, Oxford/AstraZeneca, Pfizer/BioNTech, Sinopharm/Beijing, Sinovac",https://data.covid19.go.id/public/index.html,159768474,101362894,58405580,
Indonesia,2021-10-13,"Johnson&Johnson, Moderna, Oxford/AstraZeneca, Pfizer/BioNTech, Sinopharm/Beijing, Sinovac",https://data.covid19.go.id/public/index.html,162097315,102685817,59411498,
Indonesia,2021-10-14,"Johnson&Johnson, Moderna, Oxford/AstraZeneca, Pfizer/BioNTech, Sinopharm/Beijing, Sinovac",https://data.covid19.go.id/public/index.html,164730775,104308702,60422073,
Indonesia,2021-10-15,"Johnson&Johnson, Moderna, Oxford/AstraZeneca, Pfizer/BioNTech, Sinopharm/Beijing, Sinovac",https://data.covid19.go.id/public/index.html,166861741,105464686,61397055,
Indonesia,2021-10-16,"Johnson&Johnson, Moderna, Oxford/AstraZeneca, Pfizer/BioNTech, Sinopharm/Beijing, Sinovac",https://data.covid19.go.id/public/index.html,168836886,106669970,62166916,
Indonesia,2021-10-17,"Johnson&Johnson, Moderna, Oxford/AstraZeneca, Pfizer/BioNTech, Sinopharm/Beijing, Sinovac",https://data.covid19.go.id/public/index.html,170235796,107503228,62732568,
Indonesia,2021-10-18,"Johnson&Johnson, Moderna, Oxford/AstraZeneca, Pfizer/BioNTech, Sinopharm/Beijing, Sinovac",https://data.covid19.go.id/public/index.html,171169816,107981016,63188800,
Indonesia,2021-10-19,"Johnson&Johnson, Moderna, Oxford/AstraZeneca, Pfizer/BioNTech, Sinopharm/Beijing, Sinovac",https://data.covid19.go.id/public/index.html,173014525,109005627,64008898,
Indonesia,2021-10-20,"Johnson&Johnson, Moderna, Oxford/AstraZeneca, Pfizer/BioNTech, Sinopharm/Beijing, Sinovac",https://data.covid19.go.id/public/index.html,174419558,109796866,64622692,
Indonesia,2021-10-21,"Johnson&Johnson, Moderna, Oxford/AstraZeneca, Pfizer/BioNTech, Sinopharm/Beijing, Sinovac",https://data.covid19.go.id/public/index.html,175579925,110406777,65173148,
Indonesia,2021-10-22,"Johnson&Johnson, Moderna, Oxford/AstraZeneca, Pfizer/BioNTech, Sinopharm/Beijing, Sinovac",https://data.covid19.go.id/public/index.html,177812708,111496041,66316667,
Indonesia,2021-10-23,"Johnson&Johnson, Moderna, Oxford/AstraZeneca, Pfizer/BioNTech, Sinopharm/Beijing, Sinovac",https://data.covid19.go.id/public/index.html,179437660,112271928,67165732,
Indonesia,2021-10-24,"Johnson&Johnson, Moderna, Oxford/AstraZeneca, Pfizer/BioNTech, Sinopharm/Beijing, Sinovac",https://data.covid19.go.id/public/index.html,180948208,113032768,67915440,
Indonesia,2021-10-25,"Johnson&Johnson, Moderna, Oxford/AstraZeneca, Pfizer/BioNTech, Sinopharm/Beijing, Sinovac",https://data.covid19.go.id/public/index.html,181688388,113424379,68264009,
Indonesia,2021-10-26,"Johnson&Johnson, Moderna, Oxford/AstraZeneca, Pfizer/BioNTech, Sinopharm/Beijing, Sinovac",https://data.covid19.go.id/public/index.html,183477223,114347101,69130122,
Indonesia,2021-10-27,"Johnson&Johnson, Moderna, Oxford/AstraZeneca, Pfizer/BioNTech, Sinopharm/Beijing, Sinovac",https://data.covid19.go.id/public/index.html,185616142,115502524,70113618,
Indonesia,2021-10-28,"Johnson&Johnson, Moderna, Oxford/AstraZeneca, Pfizer/BioNTech, Sinopharm/Beijing, Sinovac",https://data.covid19.go.id/public/index.html,187720150,116620281,71099869,
Indonesia,2021-10-29,"Johnson&Johnson, Moderna, Oxford/AstraZeneca, Pfizer/BioNTech, Sinopharm/Beijing, Sinovac",https://data.covid19.go.id/public/index.html,189750191,117689114,72061077,
Indonesia,2021-10-30,"Johnson&Johnson, Moderna, Oxford/AstraZeneca, Pfizer/BioNTech, Sinopharm/Beijing, Sinovac",https://data.covid19.go.id/public/index.html,192442506,119151818,73290688,
Indonesia,2021-10-31,"Johnson&Johnson, Moderna, Oxford/AstraZeneca, Pfizer/BioNTech, Sinopharm/Beijing, Sinovac",https://data.covid19.go.id/public/index.html,193361231,119662248,73698983,
Indonesia,2021-11-01,"Johnson&Johnson, Moderna, Oxford/AstraZeneca, Pfizer/BioNTech, Sinopharm/Beijing, Sinovac",https://data.covid19.go.id/public/index.html,194141514,120052587,74088927,
Indonesia,2021-11-02,"Johnson&Johnson, Moderna, Oxford/AstraZeneca, Pfizer/BioNTech, Sinopharm/Beijing, Sinovac",https://data.covid19.go.id/public/index.html,195693514,120887847,74805667,
Indonesia,2021-11-03,"Johnson&Johnson, Moderna, Oxford/AstraZeneca, Pfizer/BioNTech, Sinopharm/Beijing, Sinovac",https://data.covid19.go.id/public/index.html,197804943,121975753,75829190,
Indonesia,2021-11-04,"Johnson&Johnson, Moderna, Oxford/AstraZeneca, Pfizer/BioNTech, Sinopharm/Beijing, Sinovac",https://data.covid19.go.id/public/index.html,199539846,122852096,76687750,
Indonesia,2021-11-05,"Johnson&Johnson, Moderna, Oxford/AstraZeneca, Pfizer/BioNTech, Sinopharm/Beijing, Sinovac",https://data.covid19.go.id/public/index.html,201512037,123824199,77687838,
Indonesia,2021-11-06,"Johnson&Johnson, Moderna, Oxford/AstraZeneca, Pfizer/BioNTech, Sinopharm/Beijing, Sinovac",https://data.covid19.go.id/public/index.html,202270239,124156167,78114072,
Indonesia,2021-11-07,"Johnson&Johnson, Moderna, Oxford/AstraZeneca, Pfizer/BioNTech, Sinopharm/Beijing, Sinovac",https://data.covid19.go.id/public/index.html,204100126,125105963,78994163,
Indonesia,2021-11-08,"Johnson&Johnson, Moderna, Oxford/AstraZeneca, Pfizer/BioNTech, Sinopharm/Beijing, Sinovac",https://data.covid19.go.id/public/index.html,204606962,125394487,79212475,
Indonesia,2021-11-09,"Johnson&Johnson, Moderna, Oxford/AstraZeneca, Pfizer/BioNTech, Sinopharm/Beijing, Sinovac",https://data.covid19.go.id/public/index.html,206529810,126459285,80070525,
Indonesia,2021-11-10,"Johnson&Johnson, Moderna, Oxford/AstraZeneca, Pfizer/BioNTech, Sinopharm/Beijing, Sinovac",https://data.covid19.go.id/public/index.html,208289405,127335266,80954139,
Indonesia,2021-11-11,"Johnson&Johnson, Moderna, Oxford/AstraZeneca, Pfizer/BioNTech, Sinopharm/Beijing, Sinovac",https://data.covid19.go.id/public/index.html,209858444,128147345,81711099,
Indonesia,2021-11-12,"Johnson&Johnson, Moderna, Oxford/AstraZeneca, Pfizer/BioNTech, Sinopharm/Beijing, Sinovac",https://data.covid19.go.id/public/index.html,211907880,129089388,82818492,
Indonesia,2021-11-13,"Johnson&Johnson, Moderna, Oxford/AstraZeneca, Pfizer/BioNTech, Sinopharm/Beijing, Sinovac",https://data.covid19.go.id/public/index.html,213128276,129710190,83418086,
Indonesia,2021-11-14,"Johnson&Johnson, Moderna, Oxford/AstraZeneca, Pfizer/BioNTech, Sinopharm/Beijing, Sinovac",https://data.covid19.go.id/public/index.html,214445104,130283345,84161759,
Indonesia,2021-11-15,"Johnson&Johnson, Moderna, Oxford/AstraZeneca, Pfizer/BioNTech, Sinopharm/Beijing, Sinovac",https://data.covid19.go.id/public/index.html,215168960,130616514,84552446,
Indonesia,2021-11-16,"Johnson&Johnson, Moderna, Oxford/AstraZeneca, Pfizer/BioNTech, Sinopharm/Beijing, Sinovac",https://data.covid19.go.id/public/index.html,216663555,131292871,85370684,
Indonesia,2021-11-17,"Johnson&Johnson, Moderna, Oxford/AstraZeneca, Pfizer/BioNTech, Sinopharm/Beijing, Sinovac",https://data.covid19.go.id/public/index.html,218286093,132006377,86279716,
Indonesia,2021-11-18,"Johnson&Johnson, Moderna, Oxford/AstraZeneca, Pfizer/BioNTech, Sinopharm/Beijing, Sinovac",https://data.covid19.go.id/public/index.html,218409909,132073986,86335923,
Indonesia,2021-11-19,"Johnson&Johnson, Moderna, Oxford/AstraZeneca, Pfizer/BioNTech, Sinopharm/Beijing, Sinovac",https://data.covid19.go.id/public/index.html,221362168,133402051,87960117,
Indonesia,2021-11-20,"Johnson&Johnson, Moderna, Oxford/AstraZeneca, Pfizer/BioNTech, Sinopharm/Beijing, Sinovac",https://data.covid19.go.id/public/index.html,222785206,134025009,88760197,
Indonesia,2021-11-21,"Johnson&Johnson, Moderna, Oxford/AstraZeneca, Pfizer/BioNTech, Sinopharm/Beijing, Sinovac",https://data.covid19.go.id/public/index.html,223638627,134418286,89220341,
Indonesia,2021-11-22,"Johnson&Johnson, Moderna, Oxford/AstraZeneca, Pfizer/BioNTech, Sinopharm/Beijing, Sinovac",https://data.covid19.go.id/public/index.html,224041006,134614136,89426870,
Indonesia,2021-11-23,"Johnson&Johnson, Moderna, Oxford/AstraZeneca, Pfizer/BioNTech, Sinopharm/Beijing, Sinovac",https://data.covid19.go.id/public/index.html,225644845,135417063,90227782,
Indonesia,2021-11-24,"Johnson&Johnson, Moderna, Oxford/AstraZeneca, Pfizer/BioNTech, Sinopharm/Beijing, Sinovac",https://data.covid19.go.id/public/index.html,227295834,136080848,91214986,
Indonesia,2021-11-25,"Johnson&Johnson, Moderna, Oxford/AstraZeneca, Pfizer/BioNTech, Sinopharm/Beijing, Sinovac",https://data.covid19.go.id/public/index.html,228987709,136713147,92274562,
Indonesia,2021-11-26,"Johnson&Johnson, Moderna, Oxford/AstraZeneca, Pfizer/BioNTech, Sinopharm/Beijing, Sinovac",https://data.covid19.go.id/public/index.html,230610233,137505204,93105029,
Indonesia,2021-11-27,"Johnson&Johnson, Moderna, Novavax, Oxford/AstraZeneca, Pfizer/BioNTech, Sinopharm/Beijing, Sinovac",https://data.covid19.go.id/public/index.html,231786452,138119613,93666839,
Indonesia,2021-11-28,"Johnson&Johnson, Moderna, Novavax, Oxford/AstraZeneca, Pfizer/BioNTech, Sinopharm/Beijing, Sinovac",https://data.covid19.go.id/public/index.html,232869968,138530231,94339737,
Indonesia,2021-11-29,"Johnson&Johnson, Moderna, Novavax, Oxford/AstraZeneca, Pfizer/BioNTech, Sinopharm/Beijing, Sinovac",https://data.covid19.go.id/public/index.html,233664522,138908862,94755660,
Indonesia,2021-11-30,"Johnson&Johnson, Moderna, Novavax, Oxford/AstraZeneca, Pfizer/BioNTech, Sinopharm/Beijing, Sinovac",https://data.covid19.go.id/public/index.html,234839306,139365438,95473868,
Indonesia,2021-12-01,"Johnson&Johnson, Moderna, Novavax, Oxford/AstraZeneca, Pfizer/BioNTech, Sinopharm/Beijing, Sinovac",https://data.covid19.go.id/public/index.html,236724392,140205046,96519346,
Indonesia,2021-12-02,"Johnson&Johnson, Moderna, Novavax, Oxford/AstraZeneca, Pfizer/BioNTech, Sinopharm/Beijing, Sinovac",https://data.covid19.go.id/public/index.html,238203878,140885229,97318649,
Indonesia,2021-12-03,"Johnson&Johnson, Moderna, Novavax, Oxford/AstraZeneca, Pfizer/BioNTech, Sinopharm/Beijing, Sinovac",https://data.covid19.go.id/public/index.html,239549926,141503092,98046834,
Indonesia,2021-12-04,"Johnson&Johnson, Moderna, Novavax, Oxford/AstraZeneca, Pfizer/BioNTech, Sinopharm/Beijing, Sinovac",https://data.covid19.go.id/public/index.html,240654588,142030970,98623618,
Indonesia,2021-12-05,"Johnson&Johnson, Moderna, Novavax, Oxford/AstraZeneca, Pfizer/BioNTech, Sinopharm/Beijing, Sinovac",https://data.covid19.go.id/public/index.html,241441928,142432347,99009581,
Indonesia,2021-12-06,"Johnson&Johnson, Moderna, Novavax, Oxford/AstraZeneca, Pfizer/BioNTech, Sinopharm/Beijing, Sinovac",https://data.covid19.go.id/public/index.html,241926512,142700940,99225572,
Indonesia,2021-12-07,"Johnson&Johnson, Moderna, Novavax, Oxford/AstraZeneca, Pfizer/BioNTech, Sinopharm/Beijing, Sinovac",https://data.covid19.go.id/public/index.html,243116796,143291352,99825444,
Indonesia,2021-12-08,"Johnson&Johnson, Moderna, Novavax, Oxford/AstraZeneca, Pfizer/BioNTech, Sinopharm/Beijing, Sinovac",https://data.covid19.go.id/public/index.html,244253314,143794042,100459272,
Indonesia,2021-12-09,"Johnson&Johnson, Moderna, Novavax, Oxford/AstraZeneca, Pfizer/BioNTech, Sinopharm/Beijing, Sinovac",https://data.covid19.go.id/public/index.html,245595833,144446324,101149509,
Indonesia,2021-12-10,"Johnson&Johnson, Moderna, Novavax, Oxford/AstraZeneca, Pfizer/BioNTech, Sinopharm/Beijing, Sinovac",https://data.covid19.go.id/public/index.html,246880508,145085912,101794596,
Indonesia,2021-12-11,"Johnson&Johnson, Moderna, Novavax, Oxford/AstraZeneca, Pfizer/BioNTech, Sinopharm/Beijing, Sinovac",https://data.covid19.go.id/public/index.html,248355276,145910019,102445257,
Indonesia,2021-12-12,"Johnson&Johnson, Moderna, Novavax, Oxford/AstraZeneca, Pfizer/BioNTech, Sinopharm/Beijing, Sinovac",https://data.covid19.go.id/public/index.html,249399820,146489638,102910182,
Indonesia,2021-12-13,"Johnson&Johnson, Moderna, Novavax, Oxford/AstraZeneca, Pfizer/BioNTech, Sinopharm/Beijing, Sinovac",https://data.covid19.go.id/public/index.html,249974816,146875959,103098857,
Indonesia,2021-12-14,"Johnson&Johnson, Moderna, Novavax, Oxford/AstraZeneca, Pfizer/BioNTech, Sinopharm/Beijing, Sinovac",https://data.covid19.go.id/public/index.html,251106714,147468396,103638318,
Indonesia,2021-12-15,"Johnson&Johnson, Moderna, Novavax, Oxford/AstraZeneca, Pfizer/BioNTech, Sinopharm/Beijing, Sinovac",https://data.covid19.go.id/public/index.html,252866371,148344215,104522156,
Indonesia,2021-12-16,"Johnson&Johnson, Moderna, Novavax, Oxford/AstraZeneca, Pfizer/BioNTech, Sinopharm/Beijing, Sinovac",https://data.covid19.go.id/public/index.html,254443692,149205571,105238121,
Indonesia,2021-12-17,"Johnson&Johnson, Moderna, Novavax, Oxford/AstraZeneca, Pfizer/BioNTech, Sinopharm/Beijing, Sinovac",https://data.covid19.go.id/public/index.html,256270038,150249500,106020538,
Indonesia,2021-12-18,"Johnson&Johnson, Moderna, Novavax, Oxford/AstraZeneca, Pfizer/BioNTech, Sinopharm/Beijing, Sinovac",https://data.covid19.go.id/public/index.html,257882469,151246296,106636173,
Indonesia,2021-12-19,"Johnson&Johnson, Moderna, Novavax, Oxford/AstraZeneca, Pfizer/BioNTech, Sinopharm/Beijing, Sinovac",https://data.covid19.go.id/public/index.html,258469441,151417878,107051563,
Indonesia,2021-12-20,"Johnson&Johnson, Moderna, Novavax, Oxford/AstraZeneca, Pfizer/BioNTech, Sinopharm/Beijing, Sinovac",https://data.covid19.go.id/public/index.html,258955775,151775597,107180178,
Indonesia,2021-12-21,"Johnson&Johnson, Moderna, Novavax, Oxford/AstraZeneca, Pfizer/BioNTech, Sinopharm/Beijing, Sinovac",https://data.covid19.go.id/public/index.html,260302530,152596517,107706013,
Indonesia,2021-12-22,"Johnson&Johnson, Moderna, Novavax, Oxford/AstraZeneca, Pfizer/BioNTech, Sinopharm/Beijing, Sinovac",https://data.covid19.go.id/public/index.html,262043740,153503685,108540055,
Indonesia,2021-12-23,"Johnson&Johnson, Moderna, Novavax, Oxford/AstraZeneca, Pfizer/BioNTech, Sinopharm/Beijing, Sinovac",https://data.covid19.go.id/public/index.html,263751186,154494115,109257071,
Indonesia,2021-12-24,"Johnson&Johnson, Moderna, Novavax, Oxford/AstraZeneca, Pfizer/BioNTech, Sinopharm/Beijing, Sinovac",https://data.covid19.go.id/public/index.html,265370276,155414524,109955752,
Indonesia,2021-12-25,"Johnson&Johnson, Moderna, Novavax, Oxford/AstraZeneca, Pfizer/BioNTech, Sinopharm/Beijing, Sinovac",https://data.covid19.go.id/public/index.html,266589872,156182585,110407287,
Indonesia,2021-12-26,"Johnson&Johnson, Moderna, Novavax, Oxford/AstraZeneca, Pfizer/BioNTech, Sinopharm/Beijing, Sinovac",https://data.covid19.go.id/public/index.html,267262585,156641778,110620807,
Indonesia,2021-12-27,"Johnson&Johnson, Moderna, Novavax, Oxford/AstraZeneca, Pfizer/BioNTech, Sinopharm/Beijing, Sinovac",https://data.covid19.go.id/public/index.html,267807642,156994786,110812856,
Indonesia,2021-12-28,"Johnson&Johnson, Moderna, Novavax, Oxford/AstraZeneca, Pfizer/BioNTech, Sinopharm/Beijing, Sinovac",https://data.covid19.go.id/public/index.html,269370107,157804805,111565302,
Indonesia,2021-12-29,"Johnson&Johnson, Moderna, Novavax, Oxford/AstraZeneca, Pfizer/BioNTech, Sinopharm/Beijing, Sinovac",https://data.covid19.go.id/public/index.html,271240030,158962242,112277788,
Indonesia,2021-12-30,"Johnson&Johnson, Moderna, Novavax, Oxford/AstraZeneca, Pfizer/BioNTech, Sinopharm/Beijing, Sinovac",https://data.covid19.go.id/public/index.html,273016811,160012443,113004368,
Indonesia,2021-12-31,"Johnson&Johnson, Moderna, Novavax, Oxford/AstraZeneca, Pfizer/BioNTech, Sinopharm/Beijing, Sinovac",https://data.covid19.go.id/public/index.html,274749184,161082857,113666327,
Indonesia,2022-01-01,"Johnson&Johnson, Moderna, Novavax, Oxford/AstraZeneca, Pfizer/BioNTech, Sinopharm/Beijing, Sinovac",https://data.covid19.go.id/public/index.html,,161861222,114030438,
Indonesia,2022-01-02,"Johnson&Johnson, Moderna, Novavax, Oxford/AstraZeneca, Pfizer/BioNTech, Sinopharm/Beijing, Sinovac",https://data.covid19.go.id/public/index.html,,165900887,114103362,
Indonesia,2022-01-03,"Johnson&Johnson, Moderna, Novavax, Oxford/AstraZeneca, Pfizer/BioNTech, Sinopharm/Beijing, Sinovac",https://data.covid19.go.id/public/index.html,,166104331,114196339,
Indonesia,2022-01-04,"Johnson&Johnson, Moderna, Novavax, Oxford/AstraZeneca, Pfizer/BioNTech, Sinopharm/Beijing, Sinovac",https://data.covid19.go.id/public/index.html,,166653867,114565936,
Indonesia,2022-01-05,"Johnson&Johnson, Moderna, Novavax, Oxford/AstraZeneca, Pfizer/BioNTech, Sinopharm/Beijing, Sinovac",https://data.covid19.go.id/public/index.html,,167226243,114822604,
Indonesia,2022-01-06,"Johnson&Johnson, Moderna, Novavax, Oxford/AstraZeneca, Pfizer/BioNTech, Sinopharm/Beijing, Sinovac",https://data.covid19.go.id/public/index.html,,167999777,115554584,
Indonesia,2022-01-07,"Johnson&Johnson, Moderna, Novavax, Oxford/AstraZeneca, Pfizer/BioNTech, Sinopharm/Beijing, Sinovac",https://data.covid19.go.id/public/index.html,,168819593,116114884,
Indonesia,2022-01-08,"Johnson&Johnson, Moderna, Novavax, Oxford/AstraZeneca, Pfizer/BioNTech, Sinopharm/Beijing, Sinovac",https://data.covid19.go.id/public/index.html,,169580225,116569908,
Indonesia,2022-01-09,"Johnson&Johnson, Moderna, Novavax, Oxford/AstraZeneca, Pfizer/BioNTech, Sinopharm/Beijing, Sinovac",https://data.covid19.go.id/public/index.html,,170143626,116819952,
Indonesia,2022-01-10,"Johnson&Johnson, Moderna, Novavax, Oxford/AstraZeneca, Pfizer/BioNTech, Sinopharm/Beijing, Sinovac",https://data.covid19.go.id/public/index.html,,170536338,116999284,
Indonesia,2022-01-11,"Johnson&Johnson, Moderna, Novavax, Oxford/AstraZeneca, Pfizer/BioNTech, Sinopharm/Beijing, Sinovac",https://data.covid19.go.id/public/index.html,,171056204,117333660,
Indonesia,2022-01-12,"Johnson&Johnson, Moderna, Novavax, Oxford/AstraZeneca, Pfizer/BioNTech, Sinopharm/Beijing, Sinovac",https://data.covid19.go.id/public/index.html,,172155594,117947474,
Indonesia,2022-01-13,"Johnson&Johnson, Moderna, Novavax, Oxford/AstraZeneca, Pfizer/BioNTech, Sinopharm/Beijing, Sinovac",https://data.covid19.go.id/public/index.html,,173248256,118488929,
Indonesia,2022-01-14,"Johnson&Johnson, Moderna, Novavax, Oxford/AstraZeneca, Pfizer/BioNTech, Sinopharm/Beijing, Sinovac",https://data.covid19.go.id/public/index.html,,174291585,118952014,
Indonesia,2022-01-15,"Johnson&Johnson, Moderna, Novavax, Oxford/AstraZeneca, Pfizer/BioNTech, Sinopharm/Beijing, Sinovac",https://data.covid19.go.id/public/index.html,,175645471,119424581,
Indonesia,2022-01-16,"Johnson&Johnson, Moderna, Novavax, Oxford/AstraZeneca, Pfizer/BioNTech, Sinopharm/Beijing, Sinovac",https://data.covid19.go.id/public/index.html,,176301989,119746532,
Indonesia,2022-01-17,"Johnson&Johnson, Moderna, Novavax, Oxford/AstraZeneca, Pfizer/BioNTech, Sinopharm/Beijing, Sinovac",https://data.covid19.go.id/public/index.html,,176629941,119992852,
Indonesia,2022-01-18,"Johnson&Johnson, Moderna, Novavax, Oxford/AstraZeneca, Pfizer/BioNTech, Sinopharm/Beijing, Sinovac",https://data.covid19.go.id/public/index.html,,177259377,120621088,
Indonesia,2022-01-19,"Johnson&Johnson, Moderna, Novavax, Oxford/AstraZeneca, Pfizer/BioNTech, Sinopharm/Beijing, Sinovac",https://data.covid19.go.id/public/index.html,,178261136,121566591,
Indonesia,2022-01-20,"Johnson&Johnson, Moderna, Novavax, Oxford/AstraZeneca, Pfizer/BioNTech, Sinopharm/Beijing, Sinovac",https://data.covid19.go.id/public/index.html,,179153744,122378266,
Indonesia,2022-01-21,"Johnson&Johnson, Moderna, Novavax, Oxford/AstraZeneca, Pfizer/BioNTech, Sinopharm/Beijing, Sinovac",https://data.covid19.go.id/public/index.html,,180021654,123167273,
Indonesia,2022-01-22,"Johnson&Johnson, Moderna, Novavax, Oxford/AstraZeneca, Pfizer/BioNTech, Sinopharm/Beijing, Sinovac",https://data.covid19.go.id/public/index.html,,180714550,123782386,
Indonesia,2022-01-23,"Johnson&Johnson, Moderna, Novavax, Oxford/AstraZeneca, Pfizer/BioNTech, Sinopharm/Beijing, Sinovac",https://data.covid19.go.id/public/index.html,,181131333,124080794,
Indonesia,2022-01-24,"Johnson&Johnson, Moderna, Novavax, Oxford/AstraZeneca, Pfizer/BioNTech, Sinopharm/Beijing, Sinovac",https://data.covid19.go.id/public/index.html,,181377519,124334472,
Indonesia,2022-01-25,"Johnson&Johnson, Moderna, Novavax, Oxford/AstraZeneca, Pfizer/BioNTech, Sinopharm/Beijing, Sinovac",https://data.covid19.go.id/public/index.html,,182024020,125106842,
Indonesia,2022-01-26,"Johnson&Johnson, Moderna, Novavax, Oxford/AstraZeneca, Pfizer/BioNTech, Sinopharm/Beijing, Sinovac",https://data.covid19.go.id/public/index.html,,182500827,125673513,
Indonesia,2022-01-27,"Johnson&Johnson, Moderna, Novavax, Oxford/AstraZeneca, Pfizer/BioNTech, Sinopharm/Beijing, Sinovac",https://data.covid19.go.id/public/index.html,,183060035,126413464,
Indonesia,2022-01-28,"Johnson&Johnson, Moderna, Novavax, Oxford/AstraZeneca, Pfizer/BioNTech, Sinopharm/Beijing, Sinovac",https://data.covid19.go.id/public/index.html,,183677032,127164526,
Indonesia,2022-01-29,"Johnson&Johnson, Moderna, Novavax, Oxford/AstraZeneca, Pfizer/BioNTech, Sinopharm/Beijing, Sinovac",https://data.covid19.go.id/public/index.html,,184187038,127727473,
Indonesia,2022-01-30,"Johnson&Johnson, Moderna, Novavax, Oxford/AstraZeneca, Pfizer/BioNTech, Sinopharm/Beijing, Sinovac",https://data.covid19.go.id/public/index.html,,184557715,128005763,
Indonesia,2022-01-31,"Johnson&Johnson, Moderna, Novavax, Oxford/AstraZeneca, Pfizer/BioNTech, Sinopharm/Beijing, Sinovac",https://data.covid19.go.id/public/index.html,,184680997,128028074,
Indonesia,2022-02-01,"Johnson&Johnson, Moderna, Novavax, Oxford/AstraZeneca, Pfizer/BioNTech, Sinopharm/Beijing, Sinovac",https://data.covid19.go.id/public/index.html,,185121652,128655689,
Indonesia,2022-02-02,"Johnson&Johnson, Moderna, Novavax, Oxford/AstraZeneca, Pfizer/BioNTech, Sinopharm/Beijing, Sinovac",https://data.covid19.go.id/public/index.html,,185237546,128737666,
Indonesia,2022-02-03,"Johnson&Johnson, Moderna, Novavax, Oxford/AstraZeneca, Pfizer/BioNTech, Sinopharm/Beijing, Sinovac",https://data.covid19.go.id/public/index.html,,185622566,129405527,
Indonesia,2022-02-04,"Johnson&Johnson, Moderna, Novavax, Oxford/AstraZeneca, Pfizer/BioNTech, Sinopharm/Beijing, Sinovac",https://data.covid19.go.id/public/index.html,,186019239,130122520,
Indonesia,2022-02-05,"Johnson&Johnson, Moderna, Novavax, Oxford/AstraZeneca, Pfizer/BioNTech, Sinopharm/Beijing, Sinovac",https://data.covid19.go.id/public/index.html,,186388071,130784199,
Indonesia,2022-02-06,"Johnson&Johnson, Moderna, Novavax, Oxford/AstraZeneca, Pfizer/BioNTech, Sinopharm/Beijing, Sinovac",https://data.covid19.go.id/public/index.html,,186589750,131080731,
Indonesia,2022-02-07,"Johnson&Johnson, Moderna, Novavax, Oxford/AstraZeneca, Pfizer/BioNTech, Sinopharm/Beijing, Sinovac",https://data.covid19.go.id/public/index.html,,186703390,131119425,
Indonesia,2022-02-08,"Johnson&Johnson, Moderna, Novavax, Oxford/AstraZeneca, Pfizer/BioNTech, Sinopharm/Beijing, Sinovac",https://data.covid19.go.id/public/index.html,,187047562,132090119,
Indonesia,2022-02-09,"Johnson&Johnson, Moderna, Novavax, Oxford/AstraZeneca, Pfizer/BioNTech, Sinopharm/Beijing, Sinovac",https://data.covid19.go.id/public/index.html,,187290007,132667991,
Indonesia,2022-02-10,"Johnson&Johnson, Moderna, Novavax, Oxford/AstraZeneca, Pfizer/BioNTech, Sinopharm/Beijing, Sinovac",https://data.covid19.go.id/public/index.html,,187696710,133703748,
Indonesia,2022-02-11,"Johnson&Johnson, Moderna, Novavax, Oxford/AstraZeneca, Pfizer/BioNTech, Sinopharm/Beijing, Sinovac",https://data.covid19.go.id/public/index.html,,187918754,134403989,
Indonesia,2022-02-12,"Johnson&Johnson, Moderna, Novavax, Oxford/AstraZeneca, Pfizer/BioNTech, Sinopharm/Beijing, Sinovac",https://data.covid19.go.id/public/index.html,,188060706,135209233,
Indonesia,2022-02-13,"Johnson&Johnson, Moderna, Novavax, Oxford/AstraZeneca, Pfizer/BioNTech, Sinopharm/Beijing, Sinovac",https://data.covid19.go.id/public/index.html,,188282851,135766676,
Indonesia,2022-02-14,"Johnson&Johnson, Moderna, Novavax, Oxford/AstraZeneca, Pfizer/BioNTech, Sinopharm/Beijing, Sinovac",https://data.covid19.go.id/public/index.html,,188338544,135814029,
Indonesia,2022-02-15,"Johnson&Johnson, Moderna, Novavax, Oxford/AstraZeneca, Pfizer/BioNTech, Sinopharm/Beijing, Sinovac",https://data.covid19.go.id/public/index.html,,188590685,136647928,
Indonesia,2022-02-16,"Johnson&Johnson, Moderna, Novavax, Oxford/AstraZeneca, Pfizer/BioNTech, Sinopharm/Beijing, Sinovac",https://data.covid19.go.id/public/index.html,,188833480,137485375,
Indonesia,2022-02-17,"Johnson&Johnson, Moderna, Novavax, Oxford/AstraZeneca, Pfizer/BioNTech, Sinopharm/Beijing, Sinovac",https://data.covid19.go.id/public/index.html,,189067416,138280959,
Indonesia,2022-02-18,"Johnson&Johnson, Moderna, Novavax, Oxford/AstraZeneca, Pfizer/BioNTech, Sinopharm/Beijing, Sinovac",https://data.covid19.go.id/public/index.html,,189307384,139140467,
Indonesia,2022-02-19,"Johnson&Johnson, Moderna, Novavax, Oxford/AstraZeneca, Pfizer/BioNTech, Sinopharm/Beijing, Sinovac",https://data.covid19.go.id/public/index.html,,189533698,139946128,
Indonesia,2022-02-20,"Johnson&Johnson, Moderna, Novavax, Oxford/AstraZeneca, Pfizer/BioNTech, Sinopharm/Beijing, Sinovac",https://data.covid19.go.id/public/index.html,,189646917,140301087,
Indonesia,2022-02-21,"Johnson&Johnson, Moderna, Novavax, Oxford/AstraZeneca, Pfizer/BioNTech, Sinopharm/Beijing, Sinovac",https://data.covid19.go.id/public/index.html,,189694082,140420471,
Indonesia,2022-02-22,"Johnson&Johnson, Moderna, Novavax, Oxford/AstraZeneca, Pfizer/BioNTech, Sinopharm/Beijing, Sinovac",https://data.covid19.go.id/public/index.html,,189885858,141042401,
Indonesia,2022-02-23,"Johnson&Johnson, Moderna, Novavax, Oxford/AstraZeneca, Pfizer/BioNTech, Sinopharm/Beijing, Sinovac",https://data.covid19.go.id/public/index.html,,190092902,141806330,
Indonesia,2022-02-24,"Johnson&Johnson, Moderna, Novavax, Oxford/AstraZeneca, Pfizer/BioNTech, Sinopharm/Beijing, Sinovac",https://data.covid19.go.id/public/index.html,,190310509,142517246,
Indonesia,2022-02-25,"Johnson&Johnson, Moderna, Novavax, Oxford/AstraZeneca, Pfizer/BioNTech, Sinopharm/Beijing, Sinovac",https://data.covid19.go.id/public/index.html,,190531114,143280295,
Indonesia,2022-02-26,"Johnson&Johnson, Moderna, Novavax, Oxford/AstraZeneca, Pfizer/BioNTech, Sinopharm/Beijing, Sinovac",https://data.covid19.go.id/public/index.html,,190672288,143774691,
Indonesia,2022-02-27,"Johnson&Johnson, Moderna, Novavax, Oxford/AstraZeneca, Pfizer/BioNTech, Sinopharm/Beijing, Sinovac",https://data.covid19.go.id/public/index.html,,190672557,143778623,
Indonesia,2022-02-28,"Johnson&Johnson, Moderna, Novavax, Oxford/AstraZeneca, Pfizer/BioNTech, Sinopharm/Beijing, Sinovac",https://data.covid19.go.id/public/index.html,345697245,190672557,143778623,10214605
