location,date,vaccine,source_url,total_vaccinations,people_vaccinated,people_fully_vaccinated,total_boosters
Ireland,2020-12-28,Pfizer/BioNTech,https://covid19ireland-geohive.hub.arcgis.com/,199,177,26,0
Ireland,2020-12-29,Pfizer/BioNTech,https://covid19ireland-geohive.hub.arcgis.com/,272,249,27,0
Ireland,2020-12-30,Pfizer/BioNTech,https://covid19ireland-geohive.hub.arcgis.com/,1326,1302,28,0
Ireland,2020-12-31,Pfizer/BioNTech,https://covid19ireland-geohive.hub.arcgis.com/,2354,2329,29,0
Ireland,2021-01-01,Pfizer/BioNTech,https://covid19ireland-geohive.hub.arcgis.com/,3161,3136,29,0
Ireland,2021-01-02,Pfizer/BioNTech,https://covid19ireland-geohive.hub.arcgis.com/,4176,4151,29,0
Ireland,2021-01-03,Pfizer/BioNTech,https://covid19ireland-geohive.hub.arcgis.com/,4196,4169,31,0
Ireland,2021-01-04,Pfizer/BioNTech,https://covid19ireland-geohive.hub.arcgis.com/,5385,5355,34,0
Ireland,2021-01-05,Pfizer/BioNTech,https://covid19ireland-geohive.hub.arcgis.com/,8903,8867,40,0
Ireland,2021-01-06,Pfizer/BioNTech,https://covid19ireland-geohive.hub.arcgis.com/,15672,15629,47,0
Ireland,2021-01-07,Pfizer/BioNTech,https://covid19ireland-geohive.hub.arcgis.com/,27393,27343,54,0
Ireland,2021-01-08,Pfizer/BioNTech,https://covid19ireland-geohive.hub.arcgis.com/,40067,40012,59,0
Ireland,2021-01-09,Pfizer/BioNTech,https://covid19ireland-geohive.hub.arcgis.com/,48141,48082,63,0
Ireland,2021-01-10,Pfizer/BioNTech,https://covid19ireland-geohive.hub.arcgis.com/,52913,52851,67,0
Ireland,2021-01-11,Pfizer/BioNTech,https://covid19ireland-geohive.hub.arcgis.com/,61252,61183,74,0
Ireland,2021-01-12,Pfizer/BioNTech,https://covid19ireland-geohive.hub.arcgis.com/,70125,70048,82,0
Ireland,2021-01-13,Pfizer/BioNTech,https://covid19ireland-geohive.hub.arcgis.com/,79996,79914,87,0
Ireland,2021-01-14,Pfizer/BioNTech,https://covid19ireland-geohive.hub.arcgis.com/,88064,87978,91,0
Ireland,2021-01-15,Pfizer/BioNTech,https://covid19ireland-geohive.hub.arcgis.com/,95736,95648,93,0
Ireland,2021-01-16,Pfizer/BioNTech,https://covid19ireland-geohive.hub.arcgis.com/,100951,100861,95,0
Ireland,2021-01-17,Pfizer/BioNTech,https://covid19ireland-geohive.hub.arcgis.com/,102061,101967,99,0
Ireland,2021-01-18,Pfizer/BioNTech,https://covid19ireland-geohive.hub.arcgis.com/,110756,110656,105,0
Ireland,2021-01-19,Pfizer/BioNTech,https://covid19ireland-geohive.hub.arcgis.com/,119137,119019,123,0
Ireland,2021-01-20,Pfizer/BioNTech,https://covid19ireland-geohive.hub.arcgis.com/,128525,127450,1080,0
Ireland,2021-01-21,Pfizer/BioNTech,https://covid19ireland-geohive.hub.arcgis.com/,138458,136425,2038,0
Ireland,2021-01-22,Pfizer/BioNTech,https://covid19ireland-geohive.hub.arcgis.com/,146173,143175,3003,0
Ireland,2021-01-23,Pfizer/BioNTech,https://covid19ireland-geohive.hub.arcgis.com/,150805,147348,3462,0
Ireland,2021-01-24,Pfizer/BioNTech,https://covid19ireland-geohive.hub.arcgis.com/,152377,148523,3859,0
Ireland,2021-01-25,Pfizer/BioNTech,https://covid19ireland-geohive.hub.arcgis.com/,155005,149867,5143,0
Ireland,2021-01-26,Pfizer/BioNTech,https://covid19ireland-geohive.hub.arcgis.com/,159497,150864,8638,0
Ireland,2021-01-27,Pfizer/BioNTech,https://covid19ireland-geohive.hub.arcgis.com/,168345,153015,15335,0
Ireland,2021-01-28,Pfizer/BioNTech,https://covid19ireland-geohive.hub.arcgis.com/,180854,153989,26870,0
Ireland,2021-01-29,Pfizer/BioNTech,https://covid19ireland-geohive.hub.arcgis.com/,193932,155543,38394,0
Ireland,2021-01-30,Pfizer/BioNTech,https://covid19ireland-geohive.hub.arcgis.com/,202336,156155,46186,0
Ireland,2021-01-31,Pfizer/BioNTech,https://covid19ireland-geohive.hub.arcgis.com/,206630,156365,50270,0
Ireland,2021-02-01,Pfizer/BioNTech,https://covid19ireland-geohive.hub.arcgis.com/,215962,157362,58605,0
Ireland,2021-02-02,Pfizer/BioNTech,https://covid19ireland-geohive.hub.arcgis.com/,221880,158178,63707,0
Ireland,2021-02-03,Pfizer/BioNTech,https://covid19ireland-geohive.hub.arcgis.com/,230123,159560,70568,0
Ireland,2021-02-04,Pfizer/BioNTech,https://covid19ireland-geohive.hub.arcgis.com/,242067,160971,81102,0
Ireland,2021-02-05,"Moderna, Oxford/AstraZeneca, Pfizer/BioNTech",https://covid19ireland-geohive.hub.arcgis.com/,254041,164339,89708,0
Ireland,2021-02-06,"Moderna, Oxford/AstraZeneca, Pfizer/BioNTech",https://covid19ireland-geohive.hub.arcgis.com/,258790,165224,93572,0
Ireland,2021-02-07,"Moderna, Oxford/AstraZeneca, Pfizer/BioNTech",https://covid19ireland-geohive.hub.arcgis.com/,260405,165544,94868,0
Ireland,2021-02-08,"Moderna, Oxford/AstraZeneca, Pfizer/BioNTech",https://covid19ireland-geohive.hub.arcgis.com/,262428,166695,95740,0
Ireland,2021-02-09,"Moderna, Oxford/AstraZeneca, Pfizer/BioNTech",https://covid19ireland-geohive.hub.arcgis.com/,267191,170925,96275,0
Ireland,2021-02-10,"Moderna, Oxford/AstraZeneca, Pfizer/BioNTech",https://covid19ireland-geohive.hub.arcgis.com/,276571,179727,96853,0
Ireland,2021-02-11,"Moderna, Oxford/AstraZeneca, Pfizer/BioNTech",https://covid19ireland-geohive.hub.arcgis.com/,283172,185888,97293,0
Ireland,2021-02-12,"Moderna, Oxford/AstraZeneca, Pfizer/BioNTech",https://covid19ireland-geohive.hub.arcgis.com/,288063,190260,97812,0
Ireland,2021-02-13,"Moderna, Oxford/AstraZeneca, Pfizer/BioNTech",https://covid19ireland-geohive.hub.arcgis.com/,291171,191457,99723,0
Ireland,2021-02-14,"Moderna, Oxford/AstraZeneca, Pfizer/BioNTech",https://covid19ireland-geohive.hub.arcgis.com/,293881,194143,99747,0
Ireland,2021-02-15,"Moderna, Oxford/AstraZeneca, Pfizer/BioNTech",https://covid19ireland-geohive.hub.arcgis.com/,303703,196089,107623,0
Ireland,2021-02-16,"Moderna, Oxford/AstraZeneca, Pfizer/BioNTech",https://covid19ireland-geohive.hub.arcgis.com/,317481,201711,115779,0
Ireland,2021-02-17,"Moderna, Oxford/AstraZeneca, Pfizer/BioNTech",https://covid19ireland-geohive.hub.arcgis.com/,335656,211426,124239,0
Ireland,2021-02-18,"Moderna, Oxford/AstraZeneca, Pfizer/BioNTech",https://covid19ireland-geohive.hub.arcgis.com/,352445,219873,132581,0
Ireland,2021-02-19,"Moderna, Oxford/AstraZeneca, Pfizer/BioNTech",https://covid19ireland-geohive.hub.arcgis.com/,368394,229245,139158,0
Ireland,2021-02-20,"Moderna, Oxford/AstraZeneca, Pfizer/BioNTech",https://covid19ireland-geohive.hub.arcgis.com/,377835,235121,142725,0
Ireland,2021-02-21,"Moderna, Oxford/AstraZeneca, Pfizer/BioNTech",https://covid19ireland-geohive.hub.arcgis.com/,379958,236224,143749,0
Ireland,2021-02-22,"Moderna, Oxford/AstraZeneca, Pfizer/BioNTech",https://covid19ireland-geohive.hub.arcgis.com/,385003,240156,144863,0
Ireland,2021-02-23,"Moderna, Oxford/AstraZeneca, Pfizer/BioNTech",https://covid19ireland-geohive.hub.arcgis.com/,399402,253497,145921,0
Ireland,2021-02-24,"Moderna, Oxford/AstraZeneca, Pfizer/BioNTech",https://covid19ireland-geohive.hub.arcgis.com/,418414,270417,148015,0
Ireland,2021-02-25,"Moderna, Oxford/AstraZeneca, Pfizer/BioNTech",https://covid19ireland-geohive.hub.arcgis.com/,438227,288484,149763,0
Ireland,2021-02-26,"Moderna, Oxford/AstraZeneca, Pfizer/BioNTech",https://covid19ireland-geohive.hub.arcgis.com/,457046,304547,152519,0
Ireland,2021-02-27,"Moderna, Oxford/AstraZeneca, Pfizer/BioNTech",https://covid19ireland-geohive.hub.arcgis.com/,466722,313522,153221,0
Ireland,2021-02-28,"Moderna, Oxford/AstraZeneca, Pfizer/BioNTech",https://covid19ireland-geohive.hub.arcgis.com/,469200,315952,153270,0
Ireland,2021-03-01,"Moderna, Oxford/AstraZeneca, Pfizer/BioNTech",https://covid19ireland-geohive.hub.arcgis.com/,475548,321518,154052,0
Ireland,2021-03-02,"Moderna, Oxford/AstraZeneca, Pfizer/BioNTech",https://covid19ireland-geohive.hub.arcgis.com/,489309,333678,155653,0
Ireland,2021-03-03,"Moderna, Oxford/AstraZeneca, Pfizer/BioNTech",https://covid19ireland-geohive.hub.arcgis.com/,503671,346544,157150,0
Ireland,2021-03-04,"Moderna, Oxford/AstraZeneca, Pfizer/BioNTech",https://covid19ireland-geohive.hub.arcgis.com/,524062,365256,158832,0
Ireland,2021-03-05,"Moderna, Oxford/AstraZeneca, Pfizer/BioNTech",https://covid19ireland-geohive.hub.arcgis.com/,544870,383677,161225,0
Ireland,2021-03-06,"Moderna, Oxford/AstraZeneca, Pfizer/BioNTech",https://covid19ireland-geohive.hub.arcgis.com/,555429,394103,161362,0
Ireland,2021-03-07,"Moderna, Oxford/AstraZeneca, Pfizer/BioNTech",https://covid19ireland-geohive.hub.arcgis.com/,556943,395609,161372,0
Ireland,2021-03-08,"Moderna, Oxford/AstraZeneca, Pfizer/BioNTech",https://covid19ireland-geohive.hub.arcgis.com/,565074,402250,162865,0
Ireland,2021-03-09,"Moderna, Oxford/AstraZeneca, Pfizer/BioNTech",https://covid19ireland-geohive.hub.arcgis.com/,581961,416046,165959,0
Ireland,2021-03-10,"Moderna, Oxford/AstraZeneca, Pfizer/BioNTech",https://covid19ireland-geohive.hub.arcgis.com/,599627,429740,169934,0
Ireland,2021-03-11,"Moderna, Oxford/AstraZeneca, Pfizer/BioNTech",https://covid19ireland-geohive.hub.arcgis.com/,620162,448182,172029,0
Ireland,2021-03-12,"Moderna, Oxford/AstraZeneca, Pfizer/BioNTech",https://covid19ireland-geohive.hub.arcgis.com/,638787,465479,173360,0
Ireland,2021-03-13,"Moderna, Oxford/AstraZeneca, Pfizer/BioNTech",https://covid19ireland-geohive.hub.arcgis.com/,647216,473741,173527,0
Ireland,2021-03-14,"Moderna, Oxford/AstraZeneca, Pfizer/BioNTech",https://covid19ireland-geohive.hub.arcgis.com/,647598,474107,173544,0
Ireland,2021-03-15,"Moderna, Oxford/AstraZeneca, Pfizer/BioNTech",https://covid19ireland-geohive.hub.arcgis.com/,651195,476720,174528,0
Ireland,2021-03-16,"Moderna, Oxford/AstraZeneca, Pfizer/BioNTech",https://covid19ireland-geohive.hub.arcgis.com/,663920,485638,178337,0
Ireland,2021-03-17,"Moderna, Oxford/AstraZeneca, Pfizer/BioNTech",https://covid19ireland-geohive.hub.arcgis.com/,671190,490506,180745,0
Ireland,2021-03-18,"Moderna, Oxford/AstraZeneca, Pfizer/BioNTech",https://covid19ireland-geohive.hub.arcgis.com/,687551,502193,185421,0
Ireland,2021-03-19,"Moderna, Oxford/AstraZeneca, Pfizer/BioNTech",https://covid19ireland-geohive.hub.arcgis.com/,703980,512515,191530,0
Ireland,2021-03-20,"Moderna, Oxford/AstraZeneca, Pfizer/BioNTech",https://covid19ireland-geohive.hub.arcgis.com/,712301,517725,194643,0
Ireland,2021-03-21,"Moderna, Oxford/AstraZeneca, Pfizer/BioNTech",https://covid19ireland-geohive.hub.arcgis.com/,715966,521341,194695,0
Ireland,2021-03-22,"Moderna, Oxford/AstraZeneca, Pfizer/BioNTech",https://covid19ireland-geohive.hub.arcgis.com/,725726,528709,197088,0
Ireland,2021-03-23,"Moderna, Oxford/AstraZeneca, Pfizer/BioNTech",https://covid19ireland-geohive.hub.arcgis.com/,745642,541249,204467,0
Ireland,2021-03-24,"Moderna, Oxford/AstraZeneca, Pfizer/BioNTech",https://covid19ireland-geohive.hub.arcgis.com/,768986,554828,214233,0
Ireland,2021-03-25,"Moderna, Oxford/AstraZeneca, Pfizer/BioNTech",https://covid19ireland-geohive.hub.arcgis.com/,800019,575652,224445,0
Ireland,2021-03-26,"Moderna, Oxford/AstraZeneca, Pfizer/BioNTech",https://covid19ireland-geohive.hub.arcgis.com/,829168,595319,233928,0
Ireland,2021-03-27,"Moderna, Oxford/AstraZeneca, Pfizer/BioNTech",https://covid19ireland-geohive.hub.arcgis.com/,846207,607030,239256,0
Ireland,2021-03-29,"Moderna, Oxford/AstraZeneca, Pfizer/BioNTech",https://covid19ireland-geohive.hub.arcgis.com/,883418,632012,251492,0
Ireland,2021-03-30,"Moderna, Oxford/AstraZeneca, Pfizer/BioNTech",https://covid19ireland-geohive.hub.arcgis.com/,909684,647790,261983,0
Ireland,2021-03-31,"Moderna, Oxford/AstraZeneca, Pfizer/BioNTech",https://covid19ireland-geohive.hub.arcgis.com/,940944,667442,273597,0
Ireland,2021-04-01,"Moderna, Oxford/AstraZeneca, Pfizer/BioNTech",https://covid19ireland-geohive.hub.arcgis.com/,974754,687546,287310,0
Ireland,2021-04-02,"Moderna, Oxford/AstraZeneca, Pfizer/BioNTech",https://covid19ireland-geohive.hub.arcgis.com/,986903,695064,291946,0
Ireland,2021-04-03,"Moderna, Oxford/AstraZeneca, Pfizer/BioNTech",https://covid19ireland-geohive.hub.arcgis.com/,990069,698064,292113,0
Ireland,2021-04-04,"Moderna, Oxford/AstraZeneca, Pfizer/BioNTech",https://covid19ireland-geohive.hub.arcgis.com/,994056,701458,292709,0
Ireland,2021-04-05,"Moderna, Oxford/AstraZeneca, Pfizer/BioNTech",https://covid19ireland-geohive.hub.arcgis.com/,1014140,713397,300860,0
Ireland,2021-04-06,"Moderna, Oxford/AstraZeneca, Pfizer/BioNTech",https://covid19ireland-geohive.hub.arcgis.com/,1042895,731710,311306,0
Ireland,2021-04-07,"Moderna, Oxford/AstraZeneca, Pfizer/BioNTech",https://covid19ireland-geohive.hub.arcgis.com/,1073588,751856,321866,0
Ireland,2021-04-08,"Moderna, Oxford/AstraZeneca, Pfizer/BioNTech",https://covid19ireland-geohive.hub.arcgis.com/,1103406,772533,331022,0
Ireland,2021-04-09,"Moderna, Oxford/AstraZeneca, Pfizer/BioNTech",https://covid19ireland-geohive.hub.arcgis.com/,1118692,783674,335179,0
Ireland,2021-04-10,"Moderna, Oxford/AstraZeneca, Pfizer/BioNTech",https://covid19ireland-geohive.hub.arcgis.com/,1121866,786506,335524,0
Ireland,2021-04-11,"Moderna, Oxford/AstraZeneca, Pfizer/BioNTech",https://covid19ireland-geohive.hub.arcgis.com/,1132374,794242,338304,0
Ireland,2021-04-12,"Moderna, Oxford/AstraZeneca, Pfizer/BioNTech",https://covid19ireland-geohive.hub.arcgis.com/,1152409,805703,346879,0
Ireland,2021-04-13,"Moderna, Oxford/AstraZeneca, Pfizer/BioNTech",https://covid19ireland-geohive.hub.arcgis.com/,1179297,826019,353453,0
Ireland,2021-04-14,"Moderna, Oxford/AstraZeneca, Pfizer/BioNTech",https://covid19ireland-geohive.hub.arcgis.com/,1217157,853108,364225,0
Ireland,2021-04-15,"Moderna, Oxford/AstraZeneca, Pfizer/BioNTech",https://covid19ireland-geohive.hub.arcgis.com/,1254896,881038,374035,0
Ireland,2021-04-16,"Moderna, Oxford/AstraZeneca, Pfizer/BioNTech",https://covid19ireland-geohive.hub.arcgis.com/,1275252,896862,378568,0
Ireland,2021-04-17,"Moderna, Oxford/AstraZeneca, Pfizer/BioNTech",https://covid19ireland-geohive.hub.arcgis.com/,1276760,897905,379033,0
Ireland,2021-04-18,"Moderna, Oxford/AstraZeneca, Pfizer/BioNTech",https://covid19ireland-geohive.hub.arcgis.com/,1285698,904617,381259,0
Ireland,2021-04-19,"Moderna, Oxford/AstraZeneca, Pfizer/BioNTech",https://covid19ireland-geohive.hub.arcgis.com/,1308017,919656,388540,0
Ireland,2021-04-20,"Moderna, Oxford/AstraZeneca, Pfizer/BioNTech",https://covid19ireland-geohive.hub.arcgis.com/,1344514,946317,398378,0
Ireland,2021-04-21,"Moderna, Oxford/AstraZeneca, Pfizer/BioNTech",https://covid19ireland-geohive.hub.arcgis.com/,1388253,977900,410535,0
Ireland,2021-04-22,"Moderna, Oxford/AstraZeneca, Pfizer/BioNTech",https://covid19ireland-geohive.hub.arcgis.com/,1434146,1011446,422883,0
Ireland,2021-04-23,"Moderna, Oxford/AstraZeneca, Pfizer/BioNTech",https://covid19ireland-geohive.hub.arcgis.com/,1464774,1035098,429860,0
Ireland,2021-04-24,"Moderna, Oxford/AstraZeneca, Pfizer/BioNTech",https://covid19ireland-geohive.hub.arcgis.com/,1474773,1044817,430142,0
Ireland,2021-04-25,"Moderna, Oxford/AstraZeneca, Pfizer/BioNTech",https://covid19ireland-geohive.hub.arcgis.com/,1493329,1060346,433170,0
Ireland,2021-04-26,"Moderna, Oxford/AstraZeneca, Pfizer/BioNTech",https://covid19ireland-geohive.hub.arcgis.com/,1526983,1086221,440954,0
Ireland,2021-04-27,"Moderna, Oxford/AstraZeneca, Pfizer/BioNTech",https://covid19ireland-geohive.hub.arcgis.com/,1561540,1112209,449528,0
Ireland,2021-04-28,"Moderna, Oxford/AstraZeneca, Pfizer/BioNTech",https://covid19ireland-geohive.hub.arcgis.com/,1604503,1143858,460846,0
Ireland,2021-04-29,"Moderna, Oxford/AstraZeneca, Pfizer/BioNTech",https://covid19ireland-geohive.hub.arcgis.com/,1654077,1179933,474352,0
Ireland,2021-04-30,"Moderna, Oxford/AstraZeneca, Pfizer/BioNTech",https://covid19ireland-geohive.hub.arcgis.com/,1677263,1196458,481029,0
Ireland,2021-05-01,"Moderna, Oxford/AstraZeneca, Pfizer/BioNTech",https://covid19ireland-geohive.hub.arcgis.com/,1690566,1208870,481930,0
Ireland,2021-05-02,"Moderna, Oxford/AstraZeneca, Pfizer/BioNTech",https://covid19ireland-geohive.hub.arcgis.com/,1705688,1223093,482843,0
Ireland,2021-05-03,"Moderna, Oxford/AstraZeneca, Pfizer/BioNTech",https://covid19ireland-geohive.hub.arcgis.com/,1739026,1249679,489601,0
Ireland,2021-05-04,"Moderna, Oxford/AstraZeneca, Pfizer/BioNTech",https://covid19ireland-geohive.hub.arcgis.com/,1784530,1281767,503085,0
Ireland,2021-05-05,"Moderna, Oxford/AstraZeneca, Pfizer/BioNTech",https://covid19ireland-geohive.hub.arcgis.com/,1836222,1319106,517568,0
Ireland,2021-05-06,"Johnson&Johnson, Moderna, Oxford/AstraZeneca, Pfizer/BioNTech",https://covid19ireland-geohive.hub.arcgis.com/,1891876,1359724,532695,0
Ireland,2021-05-07,"Johnson&Johnson, Moderna, Oxford/AstraZeneca, Pfizer/BioNTech",https://covid19ireland-geohive.hub.arcgis.com/,1924441,1385281,539712,0
Ireland,2021-05-08,"Johnson&Johnson, Moderna, Oxford/AstraZeneca, Pfizer/BioNTech",https://covid19ireland-geohive.hub.arcgis.com/,1944966,1404905,540614,0
Ireland,2021-05-09,"Johnson&Johnson, Moderna, Oxford/AstraZeneca, Pfizer/BioNTech",https://covid19ireland-geohive.hub.arcgis.com/,1978496,1433831,545385,0
Ireland,2021-05-10,"Johnson&Johnson, Moderna, Oxford/AstraZeneca, Pfizer/BioNTech",https://covid19ireland-geohive.hub.arcgis.com/,2027289,1467837,560321,0
Ireland,2021-05-11,"Johnson&Johnson, Moderna, Oxford/AstraZeneca, Pfizer/BioNTech",https://covid19ireland-geohive.hub.arcgis.com/,2079576,1499215,581394,0
Ireland,2021-05-12,"Johnson&Johnson, Moderna, Oxford/AstraZeneca, Pfizer/BioNTech",https://covid19ireland-geohive.hub.arcgis.com/,2141094,1535279,606994,0
Ireland,2021-05-13,"Johnson&Johnson, Moderna, Oxford/AstraZeneca, Pfizer/BioNTech",https://covid19ireland-geohive.hub.arcgis.com/,2207383,1573634,635158,0
Ireland,2021-05-14,"Johnson&Johnson, Moderna, Oxford/AstraZeneca, Pfizer/BioNTech",https://covid19ireland-geohive.hub.arcgis.com/,2248599,1602435,647586,0
Ireland,2021-05-15,"Johnson&Johnson, Moderna, Oxford/AstraZeneca, Pfizer/BioNTech",https://covid19ireland-geohive.hub.arcgis.com/,2272863,1625552,648739,0
Ireland,2021-05-16,"Johnson&Johnson, Moderna, Oxford/AstraZeneca, Pfizer/BioNTech",https://covid19ireland-geohive.hub.arcgis.com/,2312213,1660984,652767,0
Ireland,2021-05-17,"Johnson&Johnson, Moderna, Oxford/AstraZeneca, Pfizer/BioNTech",https://covid19ireland-geohive.hub.arcgis.com/,2363764,1700076,665344,0
Ireland,2021-05-18,"Johnson&Johnson, Moderna, Oxford/AstraZeneca, Pfizer/BioNTech",https://covid19ireland-geohive.hub.arcgis.com/,2418473,1737221,683109,0
Ireland,2021-05-19,"Johnson&Johnson, Moderna, Oxford/AstraZeneca, Pfizer/BioNTech",https://covid19ireland-geohive.hub.arcgis.com/,2477241,1776350,702876,0
Ireland,2021-05-20,"Johnson&Johnson, Moderna, Oxford/AstraZeneca, Pfizer/BioNTech",https://covid19ireland-geohive.hub.arcgis.com/,2541131,1817029,741015,0
Ireland,2021-05-21,"Johnson&Johnson, Moderna, Oxford/AstraZeneca, Pfizer/BioNTech",https://covid19ireland-geohive.hub.arcgis.com/,2581390,1847061,764755,0
Ireland,2021-05-22,"Johnson&Johnson, Moderna, Oxford/AstraZeneca, Pfizer/BioNTech",https://covid19ireland-geohive.hub.arcgis.com/,2605266,1865426,780466,0
Ireland,2021-05-23,"Johnson&Johnson, Moderna, Oxford/AstraZeneca, Pfizer/BioNTech",https://covid19ireland-geohive.hub.arcgis.com/,2644349,1896334,797082,0
Ireland,2021-05-24,"Johnson&Johnson, Moderna, Oxford/AstraZeneca, Pfizer/BioNTech",https://covid19ireland-geohive.hub.arcgis.com/,2694262,1929773,816772,0
Ireland,2021-05-25,"Johnson&Johnson, Moderna, Oxford/AstraZeneca, Pfizer/BioNTech",https://covid19ireland-geohive.hub.arcgis.com/,2742554,1952673,845207,0
Ireland,2021-05-26,"Johnson&Johnson, Moderna, Oxford/AstraZeneca, Pfizer/BioNTech",https://covid19ireland-geohive.hub.arcgis.com/,2795984,1970143,881713,0
Ireland,2021-05-27,"Johnson&Johnson, Moderna, Oxford/AstraZeneca, Pfizer/BioNTech",https://covid19ireland-geohive.hub.arcgis.com/,2856224,1998604,915040,0
Ireland,2021-05-28,"Johnson&Johnson, Moderna, Oxford/AstraZeneca, Pfizer/BioNTech",https://covid19ireland-geohive.hub.arcgis.com/,2888499,2023518,922924,0
Ireland,2021-05-29,"Johnson&Johnson, Moderna, Oxford/AstraZeneca, Pfizer/BioNTech",https://covid19ireland-geohive.hub.arcgis.com/,2914533,2047897,924782,0
Ireland,2021-05-30,"Johnson&Johnson, Moderna, Oxford/AstraZeneca, Pfizer/BioNTech",https://covid19ireland-geohive.hub.arcgis.com/,2947723,2073794,935508,0
Ireland,2021-05-31,"Johnson&Johnson, Moderna, Oxford/AstraZeneca, Pfizer/BioNTech",https://covid19ireland-geohive.hub.arcgis.com/,2990223,2104834,950604,0
Ireland,2021-06-01,"Johnson&Johnson, Moderna, Oxford/AstraZeneca, Pfizer/BioNTech",https://covid19ireland-geohive.hub.arcgis.com/,3033639,2127406,975440,0
Ireland,2021-06-02,"Johnson&Johnson, Moderna, Oxford/AstraZeneca, Pfizer/BioNTech",https://covid19ireland-geohive.hub.arcgis.com/,3082835,2145953,1008057,0
Ireland,2021-06-03,"Johnson&Johnson, Moderna, Oxford/AstraZeneca, Pfizer/BioNTech",https://covid19ireland-geohive.hub.arcgis.com/,3135205,2175016,1031505,0
Ireland,2021-06-04,"Johnson&Johnson, Moderna, Oxford/AstraZeneca, Pfizer/BioNTech",https://covid19ireland-geohive.hub.arcgis.com/,3167529,2195897,1042973,0
Ireland,2021-06-05,"Johnson&Johnson, Moderna, Oxford/AstraZeneca, Pfizer/BioNTech",https://covid19ireland-geohive.hub.arcgis.com/,3191286,2215786,1046874,0
Ireland,2021-06-06,"Johnson&Johnson, Moderna, Oxford/AstraZeneca, Pfizer/BioNTech",https://covid19ireland-geohive.hub.arcgis.com/,3215541,2235523,1051428,0
Ireland,2021-06-07,"Johnson&Johnson, Moderna, Oxford/AstraZeneca, Pfizer/BioNTech",https://covid19ireland-geohive.hub.arcgis.com/,3260167,2261874,1069738,0
Ireland,2021-06-08,"Johnson&Johnson, Moderna, Oxford/AstraZeneca, Pfizer/BioNTech",https://covid19ireland-geohive.hub.arcgis.com/,3313058,2294716,1089950,0
Ireland,2021-06-09,"Johnson&Johnson, Moderna, Oxford/AstraZeneca, Pfizer/BioNTech",https://covid19ireland-geohive.hub.arcgis.com/,3368308,2322552,1117619,0
Ireland,2021-06-10,"Johnson&Johnson, Moderna, Oxford/AstraZeneca, Pfizer/BioNTech",https://covid19ireland-geohive.hub.arcgis.com/,3427497,2348912,1150471,0
Ireland,2021-06-11,"Johnson&Johnson, Moderna, Oxford/AstraZeneca, Pfizer/BioNTech",https://covid19ireland-geohive.hub.arcgis.com/,3459367,2361117,1170232,0
Ireland,2021-06-12,"Johnson&Johnson, Moderna, Oxford/AstraZeneca, Pfizer/BioNTech",https://covid19ireland-geohive.hub.arcgis.com/,3486819,2370437,1189190,0
Ireland,2021-06-13,"Johnson&Johnson, Moderna, Oxford/AstraZeneca, Pfizer/BioNTech",https://covid19ireland-geohive.hub.arcgis.com/,3534035,2386408,1220469,0
Ireland,2021-06-14,"Johnson&Johnson, Moderna, Oxford/AstraZeneca, Pfizer/BioNTech",https://covid19ireland-geohive.hub.arcgis.com/,3590296,2401202,1262130,0
Ireland,2021-06-15,"Johnson&Johnson, Moderna, Oxford/AstraZeneca, Pfizer/BioNTech",https://covid19ireland-geohive.hub.arcgis.com/,3652142,2414738,1310647,0
Ireland,2021-06-16,"Johnson&Johnson, Moderna, Oxford/AstraZeneca, Pfizer/BioNTech",https://covid19ireland-geohive.hub.arcgis.com/,3716730,2436742,1353752,0
Ireland,2021-06-17,"Johnson&Johnson, Moderna, Oxford/AstraZeneca, Pfizer/BioNTech",https://covid19ireland-geohive.hub.arcgis.com/,3779187,2449219,1404273,0
Ireland,2021-06-18,"Johnson&Johnson, Moderna, Oxford/AstraZeneca, Pfizer/BioNTech",https://covid19ireland-geohive.hub.arcgis.com/,3818571,2455874,1437424,0
Ireland,2021-06-19,"Johnson&Johnson, Moderna, Oxford/AstraZeneca, Pfizer/BioNTech",https://covid19ireland-geohive.hub.arcgis.com/,3853287,2464497,1463688,0
Ireland,2021-06-20,"Johnson&Johnson, Moderna, Oxford/AstraZeneca, Pfizer/BioNTech",https://covid19ireland-geohive.hub.arcgis.com/,3901486,2480449,1496492,0
Ireland,2021-06-21,"Johnson&Johnson, Moderna, Oxford/AstraZeneca, Pfizer/BioNTech",https://covid19ireland-geohive.hub.arcgis.com/,3960713,2496217,1540660,0
Ireland,2021-06-22,"Johnson&Johnson, Moderna, Oxford/AstraZeneca, Pfizer/BioNTech",https://covid19ireland-geohive.hub.arcgis.com/,4020869,2517070,1580833,0
Ireland,2021-06-23,"Johnson&Johnson, Moderna, Oxford/AstraZeneca, Pfizer/BioNTech",https://covid19ireland-geohive.hub.arcgis.com/,4084992,2537021,1626029,0
Ireland,2021-06-24,"Johnson&Johnson, Moderna, Oxford/AstraZeneca, Pfizer/BioNTech",https://covid19ireland-geohive.hub.arcgis.com/,4150973,2552944,1676899,0
Ireland,2021-06-25,"Johnson&Johnson, Moderna, Oxford/AstraZeneca, Pfizer/BioNTech",https://covid19ireland-geohive.hub.arcgis.com/,4190894,2562396,1707852,0
Ireland,2021-06-26,"Johnson&Johnson, Moderna, Oxford/AstraZeneca, Pfizer/BioNTech",https://covid19ireland-geohive.hub.arcgis.com/,4230018,2571109,1738310,0
Ireland,2021-06-27,"Johnson&Johnson, Moderna, Oxford/AstraZeneca, Pfizer/BioNTech",https://covid19ireland-geohive.hub.arcgis.com/,4279209,2595746,1763365,0
Ireland,2021-06-28,"Johnson&Johnson, Moderna, Oxford/AstraZeneca, Pfizer/BioNTech",https://covid19ireland-geohive.hub.arcgis.com/,4338964,2624598,1795060,0
Ireland,2021-06-29,"Johnson&Johnson, Moderna, Oxford/AstraZeneca, Pfizer/BioNTech",https://covid19ireland-geohive.hub.arcgis.com/,4398727,2647616,1832367,0
Ireland,2021-06-30,"Johnson&Johnson, Moderna, Oxford/AstraZeneca, Pfizer/BioNTech",https://covid19ireland-geohive.hub.arcgis.com/,4462393,2663068,1881200,0
Ireland,2021-07-01,"Johnson&Johnson, Moderna, Oxford/AstraZeneca, Pfizer/BioNTech",https://covid19ireland-geohive.hub.arcgis.com/,4523894,2677415,1929155,0
Ireland,2021-07-02,"Johnson&Johnson, Moderna, Oxford/AstraZeneca, Pfizer/BioNTech",https://covid19ireland-geohive.hub.arcgis.com/,4563999,2687136,1960028,0
Ireland,2021-07-03,"Johnson&Johnson, Moderna, Oxford/AstraZeneca, Pfizer/BioNTech",https://covid19ireland-geohive.hub.arcgis.com/,4598322,2693736,1987971,0
Ireland,2021-07-04,"Johnson&Johnson, Moderna, Oxford/AstraZeneca, Pfizer/BioNTech",https://covid19ireland-geohive.hub.arcgis.com/,4652425,2714520,2026611,0
Ireland,2021-07-05,"Johnson&Johnson, Moderna, Oxford/AstraZeneca, Pfizer/BioNTech",https://covid19ireland-geohive.hub.arcgis.com/,4718417,2732272,2080318,0
Ireland,2021-07-06,"Johnson&Johnson, Moderna, Oxford/AstraZeneca, Pfizer/BioNTech",https://covid19ireland-geohive.hub.arcgis.com/,4786683,2756902,2128993,0
Ireland,2021-07-07,"Johnson&Johnson, Moderna, Oxford/AstraZeneca, Pfizer/BioNTech",https://covid19ireland-geohive.hub.arcgis.com/,4855804,2780543,2180450,0
Ireland,2021-07-08,"Johnson&Johnson, Moderna, Oxford/AstraZeneca, Pfizer/BioNTech",https://covid19ireland-geohive.hub.arcgis.com/,4920750,2800488,2231967,0
Ireland,2021-07-09,"Johnson&Johnson, Moderna, Oxford/AstraZeneca, Pfizer/BioNTech",https://covid19ireland-geohive.hub.arcgis.com/,4957394,2813382,2260067,0
Ireland,2021-07-10,"Johnson&Johnson, Moderna, Oxford/AstraZeneca, Pfizer/BioNTech",https://covid19ireland-geohive.hub.arcgis.com/,4990758,2830699,2278260,0
Ireland,2021-07-11,"Johnson&Johnson, Moderna, Oxford/AstraZeneca, Pfizer/BioNTech",https://covid19ireland-geohive.hub.arcgis.com/,5045480,2853792,2315958,0
Ireland,2021-07-12,"Johnson&Johnson, Moderna, Oxford/AstraZeneca, Pfizer/BioNTech",https://covid19ireland-geohive.hub.arcgis.com/,5110387,2882273,2360856,0
Ireland,2021-07-13,"Johnson&Johnson, Moderna, Oxford/AstraZeneca, Pfizer/BioNTech",https://covid19ireland-geohive.hub.arcgis.com/,5175963,2912288,2405730,0
Ireland,2021-07-14,"Johnson&Johnson, Moderna, Oxford/AstraZeneca, Pfizer/BioNTech",https://covid19ireland-geohive.hub.arcgis.com/,5237750,2945368,2443988,0
Ireland,2021-07-15,"Johnson&Johnson, Moderna, Oxford/AstraZeneca, Pfizer/BioNTech",https://covid19ireland-geohive.hub.arcgis.com/,5297645,2977981,2480421,0
Ireland,2021-07-16,"Johnson&Johnson, Moderna, Oxford/AstraZeneca, Pfizer/BioNTech",https://covid19ireland-geohive.hub.arcgis.com/,5333071,2994075,2504417,0
Ireland,2021-07-17,"Johnson&Johnson, Moderna, Oxford/AstraZeneca, Pfizer/BioNTech",https://covid19ireland-geohive.hub.arcgis.com/,5367528,3012805,2522065,0
Ireland,2021-07-18,"Johnson&Johnson, Moderna, Oxford/AstraZeneca, Pfizer/BioNTech",https://covid19ireland-geohive.hub.arcgis.com/,5416826,3043819,2546573,0
Ireland,2021-07-19,"Johnson&Johnson, Moderna, Oxford/AstraZeneca, Pfizer/BioNTech",https://covid19ireland-geohive.hub.arcgis.com/,5473039,3081989,2572299,0
Ireland,2021-07-20,"Johnson&Johnson, Moderna, Oxford/AstraZeneca, Pfizer/BioNTech",https://covid19ireland-geohive.hub.arcgis.com/,5529850,3119099,2598868,0
Ireland,2021-07-21,"Johnson&Johnson, Moderna, Oxford/AstraZeneca, Pfizer/BioNTech",https://covid19ireland-geohive.hub.arcgis.com/,5585997,3159452,2621577,0
Ireland,2021-07-22,"Johnson&Johnson, Moderna, Oxford/AstraZeneca, Pfizer/BioNTech",https://covid19ireland-geohive.hub.arcgis.com/,5639276,3192043,2647853,0
Ireland,2021-07-23,"Johnson&Johnson, Moderna, Oxford/AstraZeneca, Pfizer/BioNTech",https://covid19ireland-geohive.hub.arcgis.com/,5671602,3209670,2664807,0
Ireland,2021-07-24,"Johnson&Johnson, Moderna, Oxford/AstraZeneca, Pfizer/BioNTech",https://covid19ireland-geohive.hub.arcgis.com/,5700875,3225369,2679410,0
Ireland,2021-07-25,"Johnson&Johnson, Moderna, Oxford/AstraZeneca, Pfizer/BioNTech",https://covid19ireland-geohive.hub.arcgis.com/,5746138,3252520,2700920,0
Ireland,2021-07-26,"Johnson&Johnson, Moderna, Oxford/AstraZeneca, Pfizer/BioNTech",https://covid19ireland-geohive.hub.arcgis.com/,5798908,3281561,2728297,0
Ireland,2021-07-27,"Johnson&Johnson, Moderna, Oxford/AstraZeneca, Pfizer/BioNTech",https://covid19ireland-geohive.hub.arcgis.com/,5850644,3308169,2756669,0
Ireland,2021-07-28,"Johnson&Johnson, Moderna, Oxford/AstraZeneca, Pfizer/BioNTech",https://covid19ireland-geohive.hub.arcgis.com/,5900505,3330296,2787345,0
Ireland,2021-07-29,"Johnson&Johnson, Moderna, Oxford/AstraZeneca, Pfizer/BioNTech",https://covid19ireland-geohive.hub.arcgis.com/,5947263,3354266,2812239,0
Ireland,2021-07-30,"Johnson&Johnson, Moderna, Oxford/AstraZeneca, Pfizer/BioNTech",https://covid19ireland-geohive.hub.arcgis.com/,5974203,3368844,2825499,0
Ireland,2021-07-31,"Johnson&Johnson, Moderna, Oxford/AstraZeneca, Pfizer/BioNTech",https://covid19ireland-geohive.hub.arcgis.com/,5994838,3380241,2835097,0
Ireland,2021-08-01,"Johnson&Johnson, Moderna, Oxford/AstraZeneca, Pfizer/BioNTech",https://covid19ireland-geohive.hub.arcgis.com/,6026082,3395613,2851386,0
Ireland,2021-08-02,"Johnson&Johnson, Moderna, Oxford/AstraZeneca, Pfizer/BioNTech",https://covid19ireland-geohive.hub.arcgis.com/,6069754,3413980,2877786,0
Ireland,2021-08-03,"Johnson&Johnson, Moderna, Oxford/AstraZeneca, Pfizer/BioNTech",https://covid19ireland-geohive.hub.arcgis.com/,6110504,3437585,2896499,0
Ireland,2021-08-04,"Johnson&Johnson, Moderna, Oxford/AstraZeneca, Pfizer/BioNTech",https://covid19ireland-geohive.hub.arcgis.com/,6155281,3452457,2927819,0
Ireland,2021-08-05,"Johnson&Johnson, Moderna, Oxford/AstraZeneca, Pfizer/BioNTech",https://covid19ireland-geohive.hub.arcgis.com/,6192961,3465515,2953378,0
Ireland,2021-08-06,"Johnson&Johnson, Moderna, Oxford/AstraZeneca, Pfizer/BioNTech",https://covid19ireland-geohive.hub.arcgis.com/,6208188,3472388,2962305,0
Ireland,2021-08-07,"Johnson&Johnson, Moderna, Oxford/AstraZeneca, Pfizer/BioNTech",https://covid19ireland-geohive.hub.arcgis.com/,6228811,3481120,2974346,0
Ireland,2021-08-08,"Johnson&Johnson, Moderna, Oxford/AstraZeneca, Pfizer/BioNTech",https://covid19ireland-geohive.hub.arcgis.com/,6257790,3487204,2997834,0
Ireland,2021-08-09,"Johnson&Johnson, Moderna, Oxford/AstraZeneca, Pfizer/BioNTech",https://covid19ireland-geohive.hub.arcgis.com/,6293629,3497177,3024400,0
Ireland,2021-08-10,"Johnson&Johnson, Moderna, Oxford/AstraZeneca, Pfizer/BioNTech",https://covid19ireland-geohive.hub.arcgis.com/,6332317,3504777,3056136,0
Ireland,2021-08-11,"Johnson&Johnson, Moderna, Oxford/AstraZeneca, Pfizer/BioNTech",https://covid19ireland-geohive.hub.arcgis.com/,6378047,3512335,3095163,0
Ireland,2021-08-12,"Johnson&Johnson, Moderna, Oxford/AstraZeneca, Pfizer/BioNTech",https://covid19ireland-geohive.hub.arcgis.com/,6417876,3524045,3124135,0
Ireland,2021-08-13,"Johnson&Johnson, Moderna, Oxford/AstraZeneca, Pfizer/BioNTech",https://covid19ireland-geohive.hub.arcgis.com/,6441995,3542399,3130173,0
Ireland,2021-08-14,"Johnson&Johnson, Moderna, Oxford/AstraZeneca, Pfizer/BioNTech",https://covid19ireland-geohive.hub.arcgis.com/,6462683,3559414,3133889,0
Ireland,2021-08-15,"Johnson&Johnson, Moderna, Oxford/AstraZeneca, Pfizer/BioNTech",https://covid19ireland-geohive.hub.arcgis.com/,6496237,3569933,3157300,0
Ireland,2021-08-16,"Johnson&Johnson, Moderna, Oxford/AstraZeneca, Pfizer/BioNTech",https://covid19ireland-geohive.hub.arcgis.com/,6536375,3583299,3184594,0
Ireland,2021-08-17,"Johnson&Johnson, Moderna, Oxford/AstraZeneca, Pfizer/BioNTech",https://covid19ireland-geohive.hub.arcgis.com/,6577878,3599133,3210914,0
Ireland,2021-08-18,"Johnson&Johnson, Moderna, Oxford/AstraZeneca, Pfizer/BioNTech",https://covid19ireland-geohive.hub.arcgis.com/,6615344,3611000,3237049,0
Ireland,2021-08-19,"Johnson&Johnson, Moderna, Oxford/AstraZeneca, Pfizer/BioNTech",https://covid19ireland-geohive.hub.arcgis.com/,6652965,3626478,3259871,0
Ireland,2021-08-20,"Johnson&Johnson, Moderna, Oxford/AstraZeneca, Pfizer/BioNTech",https://covid19ireland-geohive.hub.arcgis.com/,6672940,3638551,3268011,0
Ireland,2021-08-21,"Johnson&Johnson, Moderna, Oxford/AstraZeneca, Pfizer/BioNTech",https://covid19ireland-geohive.hub.arcgis.com/,6693299,3646701,3280379,0
Ireland,2021-08-22,"Johnson&Johnson, Moderna, Oxford/AstraZeneca, Pfizer/BioNTech",https://covid19ireland-geohive.hub.arcgis.com/,6719687,3657814,3295934,0
Ireland,2021-08-23,"Johnson&Johnson, Moderna, Oxford/AstraZeneca, Pfizer/BioNTech",https://covid19ireland-geohive.hub.arcgis.com/,6752621,3667915,3319149,0
Ireland,2021-08-24,"Johnson&Johnson, Moderna, Oxford/AstraZeneca, Pfizer/BioNTech",https://covid19ireland-geohive.hub.arcgis.com/,6781731,3677607,3338875,0
Ireland,2021-08-25,"Johnson&Johnson, Moderna, Oxford/AstraZeneca, Pfizer/BioNTech",https://covid19ireland-geohive.hub.arcgis.com/,6809979,3686513,3358580,0
Ireland,2021-08-26,"Johnson&Johnson, Moderna, Oxford/AstraZeneca, Pfizer/BioNTech",https://covid19ireland-geohive.hub.arcgis.com/,6839211,3696626,3378128,0
Ireland,2021-08-27,"Johnson&Johnson, Moderna, Oxford/AstraZeneca, Pfizer/BioNTech",https://covid19ireland-geohive.hub.arcgis.com/,6857112,3706679,3386127,0
Ireland,2021-08-28,"Johnson&Johnson, Moderna, Oxford/AstraZeneca, Pfizer/BioNTech",https://covid19ireland-geohive.hub.arcgis.com/,6875081,3715492,3395310,0
Ireland,2021-08-29,"Johnson&Johnson, Moderna, Oxford/AstraZeneca, Pfizer/BioNTech",https://covid19ireland-geohive.hub.arcgis.com/,6891243,3720609,3406435,0
Ireland,2021-08-30,"Johnson&Johnson, Moderna, Oxford/AstraZeneca, Pfizer/BioNTech",https://covid19ireland-geohive.hub.arcgis.com/,6908215,3724787,3419369,0
Ireland,2021-08-31,"Johnson&Johnson, Moderna, Oxford/AstraZeneca, Pfizer/BioNTech",https://covid19ireland-geohive.hub.arcgis.com/,6925784,3729892,3432012,0
Ireland,2021-09-01,"Johnson&Johnson, Moderna, Oxford/AstraZeneca, Pfizer/BioNTech",https://covid19ireland-geohive.hub.arcgis.com/,6943314,3735125,3444555,0
Ireland,2021-09-02,"Johnson&Johnson, Moderna, Oxford/AstraZeneca, Pfizer/BioNTech",https://covid19ireland-geohive.hub.arcgis.com/,6964210,3740033,3460706,0
Ireland,2021-09-03,"Johnson&Johnson, Moderna, Oxford/AstraZeneca, Pfizer/BioNTech",https://covid19ireland-geohive.hub.arcgis.com/,6979486,3744774,3471372,0
Ireland,2021-09-04,"Johnson&Johnson, Moderna, Oxford/AstraZeneca, Pfizer/BioNTech",https://covid19ireland-geohive.hub.arcgis.com/,6996658,3750076,3483243,0
Ireland,2021-09-05,"Johnson&Johnson, Moderna, Oxford/AstraZeneca, Pfizer/BioNTech",https://covid19ireland-geohive.hub.arcgis.com/,7008496,3752282,3492948,0
Ireland,2021-09-06,"Johnson&Johnson, Moderna, Oxford/AstraZeneca, Pfizer/BioNTech",https://covid19ireland-geohive.hub.arcgis.com/,7021611,3755455,3503043,0
Ireland,2021-09-07,"Johnson&Johnson, Moderna, Oxford/AstraZeneca, Pfizer/BioNTech",https://covid19ireland-geohive.hub.arcgis.com/,7039126,3758223,3517974,0
Ireland,2021-09-08,"Johnson&Johnson, Moderna, Oxford/AstraZeneca, Pfizer/BioNTech",https://covid19ireland-geohive.hub.arcgis.com/,7057106,3761454,3532859,0
Ireland,2021-09-09,"Johnson&Johnson, Moderna, Oxford/AstraZeneca, Pfizer/BioNTech",https://covid19ireland-geohive.hub.arcgis.com/,7074478,3764928,3546871,0
Ireland,2021-09-10,"Johnson&Johnson, Moderna, Oxford/AstraZeneca, Pfizer/BioNTech",https://covid19ireland-geohive.hub.arcgis.com/,7088365,3767532,3558214,0
Ireland,2021-09-11,"Johnson&Johnson, Moderna, Oxford/AstraZeneca, Pfizer/BioNTech",https://covid19ireland-geohive.hub.arcgis.com/,7103249,3769560,3571071,0
Ireland,2021-09-12,"Johnson&Johnson, Moderna, Oxford/AstraZeneca, Pfizer/BioNTech",https://covid19ireland-geohive.hub.arcgis.com/,7112590,3771205,3578817,0
Ireland,2021-09-13,"Johnson&Johnson, Moderna, Oxford/AstraZeneca, Pfizer/BioNTech",https://covid19ireland-geohive.hub.arcgis.com/,7124936,3772817,3589632,0
Ireland,2021-09-14,"Johnson&Johnson, Moderna, Oxford/AstraZeneca, Pfizer/BioNTech",https://covid19ireland-geohive.hub.arcgis.com/,7140697,3776213,3602131,0
Ireland,2021-09-15,"Johnson&Johnson, Moderna, Oxford/AstraZeneca, Pfizer/BioNTech",https://covid19ireland-geohive.hub.arcgis.com/,7153266,3778218,3612807,0
Ireland,2021-09-16,"Johnson&Johnson, Moderna, Oxford/AstraZeneca, Pfizer/BioNTech",https://covid19ireland-geohive.hub.arcgis.com/,7170482,3780858,3627473,0
Ireland,2021-09-17,"Johnson&Johnson, Moderna, Oxford/AstraZeneca, Pfizer/BioNTech",https://covid19ireland-geohive.hub.arcgis.com/,7184006,3783178,3638720,0
Ireland,2021-09-18,"Johnson&Johnson, Moderna, Oxford/AstraZeneca, Pfizer/BioNTech",https://covid19ireland-geohive.hub.arcgis.com/,7194349,3785046,3647207,0
Ireland,2021-09-19,"Johnson&Johnson, Moderna, Oxford/AstraZeneca, Pfizer/BioNTech",https://covid19ireland-geohive.hub.arcgis.com/,7200911,3786021,3652826,0
Ireland,2021-09-20,"Johnson&Johnson, Moderna, Oxford/AstraZeneca, Pfizer/BioNTech",https://covid19ireland-geohive.hub.arcgis.com/,7209085,3787563,3659548,0
Ireland,2021-09-21,"Johnson&Johnson, Moderna, Oxford/AstraZeneca, Pfizer/BioNTech",https://covid19ireland-geohive.hub.arcgis.com/,7219178,3789546,3667754,0
Ireland,2021-09-22,"Johnson&Johnson, Moderna, Oxford/AstraZeneca, Pfizer/BioNTech",https://covid19ireland-geohive.hub.arcgis.com/,7229682,3791319,3676572,0
Ireland,2021-09-23,"Johnson&Johnson, Moderna, Oxford/AstraZeneca, Pfizer/BioNTech",https://covid19ireland-geohive.hub.arcgis.com/,7239025,3793301,3684012,0
Ireland,2021-09-24,"Johnson&Johnson, Moderna, Oxford/AstraZeneca, Pfizer/BioNTech",https://covid19ireland-geohive.hub.arcgis.com/,7248047,3795759,3690627,0
Ireland,2021-09-25,"Johnson&Johnson, Moderna, Oxford/AstraZeneca, Pfizer/BioNTech",https://covid19ireland-geohive.hub.arcgis.com/,7256670,3797296,3697713,0
Ireland,2021-09-26,"Johnson&Johnson, Moderna, Oxford/AstraZeneca, Pfizer/BioNTech",https://covid19ireland-geohive.hub.arcgis.com/,7261954,3798507,3701527,304
Ireland,2021-09-27,"Johnson&Johnson, Moderna, Oxford/AstraZeneca, Pfizer/BioNTech",https://covid19ireland-geohive.hub.arcgis.com/,7269101,3800035,3706712,829
Ireland,2021-09-28,"Johnson&Johnson, Moderna, Oxford/AstraZeneca, Pfizer/BioNTech",https://covid19ireland-geohive.hub.arcgis.com/,7275077,3801753,3710370,1506
Ireland,2021-09-29,"Johnson&Johnson, Moderna, Oxford/AstraZeneca, Pfizer/BioNTech",https://covid19ireland-geohive.hub.arcgis.com/,7282097,3803109,3714375,3242
Ireland,2021-09-30,"Johnson&Johnson, Moderna, Oxford/AstraZeneca, Pfizer/BioNTech",https://covid19ireland-geohive.hub.arcgis.com/,7291868,3804986,3719559,5993
Ireland,2021-10-01,"Johnson&Johnson, Moderna, Oxford/AstraZeneca, Pfizer/BioNTech",https://covid19ireland-geohive.hub.arcgis.com/,7298928,3806729,3723661,7247
Ireland,2021-10-02,"Johnson&Johnson, Moderna, Oxford/AstraZeneca, Pfizer/BioNTech",https://covid19ireland-geohive.hub.arcgis.com/,7304332,3807932,3726672,8446
Ireland,2021-10-03,"Johnson&Johnson, Moderna, Oxford/AstraZeneca, Pfizer/BioNTech",https://covid19ireland-geohive.hub.arcgis.com/,7310727,3808282,3727892,13288
Ireland,2021-10-04,"Johnson&Johnson, Moderna, Oxford/AstraZeneca, Pfizer/BioNTech",https://covid19ireland-geohive.hub.arcgis.com/,7323313,3809309,3730751,22057
Ireland,2021-10-05,"Johnson&Johnson, Moderna, Oxford/AstraZeneca, Pfizer/BioNTech",https://covid19ireland-geohive.hub.arcgis.com/,7339244,3810315,3733312,34456
Ireland,2021-10-06,"Johnson&Johnson, Moderna, Oxford/AstraZeneca, Pfizer/BioNTech",https://covid19ireland-geohive.hub.arcgis.com/,7355145,3811557,3736021,46450
Ireland,2021-10-07,"Johnson&Johnson, Moderna, Oxford/AstraZeneca, Pfizer/BioNTech",https://covid19ireland-geohive.hub.arcgis.com/,7371298,3812576,3738813,58837
Ireland,2021-10-08,"Johnson&Johnson, Moderna, Oxford/AstraZeneca, Pfizer/BioNTech",https://covid19ireland-geohive.hub.arcgis.com/,7380941,3813325,3741180,65384
Ireland,2021-10-09,"Johnson&Johnson, Moderna, Oxford/AstraZeneca, Pfizer/BioNTech",https://covid19ireland-geohive.hub.arcgis.com/,7387651,3814825,3745082,66692
Ireland,2021-10-10,"Johnson&Johnson, Moderna, Oxford/AstraZeneca, Pfizer/BioNTech",https://covid19ireland-geohive.hub.arcgis.com/,7395766,3815170,3746186,73373
Ireland,2021-10-11,"Johnson&Johnson, Moderna, Oxford/AstraZeneca, Pfizer/BioNTech",https://covid19ireland-geohive.hub.arcgis.com/,7408566,3815751,3747786,84012
Ireland,2021-10-12,"Johnson&Johnson, Moderna, Oxford/AstraZeneca, Pfizer/BioNTech",https://covid19ireland-geohive.hub.arcgis.com/,7423612,3816789,3749809,96006
Ireland,2021-10-13,"Johnson&Johnson, Moderna, Oxford/AstraZeneca, Pfizer/BioNTech",https://covid19ireland-geohive.hub.arcgis.com/,7440102,3817482,3751366,110253
Ireland,2021-10-14,"Johnson&Johnson, Moderna, Oxford/AstraZeneca, Pfizer/BioNTech",https://covid19ireland-geohive.hub.arcgis.com/,7454155,3818441,3753407,121313
Ireland,2021-10-15,"Johnson&Johnson, Moderna, Oxford/AstraZeneca, Pfizer/BioNTech",https://covid19ireland-geohive.hub.arcgis.com/,7466039,3819825,3756027,129205
Ireland,2021-10-16,"Johnson&Johnson, Moderna, Oxford/AstraZeneca, Pfizer/BioNTech",https://covid19ireland-geohive.hub.arcgis.com/,7472313,3821525,3758911,130897
Ireland,2021-10-17,"Johnson&Johnson, Moderna, Oxford/AstraZeneca, Pfizer/BioNTech",https://covid19ireland-geohive.hub.arcgis.com/,7479208,3822195,3760116,135921
Ireland,2021-10-18,"Johnson&Johnson, Moderna, Oxford/AstraZeneca, Pfizer/BioNTech",https://covid19ireland-geohive.hub.arcgis.com/,7492334,3823537,3761879,145954
Ireland,2021-10-19,"Johnson&Johnson, Moderna, Oxford/AstraZeneca, Pfizer/BioNTech",https://covid19ireland-geohive.hub.arcgis.com/,7506845,3825780,3764159,155942
Ireland,2021-10-20,"Johnson&Johnson, Moderna, Oxford/AstraZeneca, Pfizer/BioNTech",https://covid19ireland-geohive.hub.arcgis.com/,7521722,3827534,3765958,167276
Ireland,2021-10-21,"Johnson&Johnson, Moderna, Oxford/AstraZeneca, Pfizer/BioNTech",https://covid19ireland-geohive.hub.arcgis.com/,7533222,3829026,3767850,175393
Ireland,2021-10-22,"Johnson&Johnson, Moderna, Oxford/AstraZeneca, Pfizer/BioNTech",https://covid19ireland-geohive.hub.arcgis.com/,7538343,3831033,3769522,176835
Ireland,2021-10-23,"Johnson&Johnson, Moderna, Oxford/AstraZeneca, Pfizer/BioNTech",https://covid19ireland-geohive.hub.arcgis.com/,7543835,3832978,3771700,178206
Ireland,2021-10-24,"Johnson&Johnson, Moderna, Oxford/AstraZeneca, Pfizer/BioNTech",https://covid19ireland-geohive.hub.arcgis.com/,7546399,3834195,3772520,178734
Ireland,2021-10-25,"Johnson&Johnson, Moderna, Oxford/AstraZeneca, Pfizer/BioNTech",https://covid19ireland-geohive.hub.arcgis.com/,7553359,3835437,3773713,183265
Ireland,2021-10-26,"Johnson&Johnson, Moderna, Oxford/AstraZeneca, Pfizer/BioNTech",https://covid19ireland-geohive.hub.arcgis.com/,7563677,3836991,3775110,190637
Ireland,2021-10-27,"Johnson&Johnson, Moderna, Oxford/AstraZeneca, Pfizer/BioNTech",https://covid19ireland-geohive.hub.arcgis.com/,7574937,3839134,3776772,198094
Ireland,2021-10-28,"Johnson&Johnson, Moderna, Oxford/AstraZeneca, Pfizer/BioNTech",https://covid19ireland-geohive.hub.arcgis.com/,7585091,3841265,3778104,204785
Ireland,2021-10-29,"Johnson&Johnson, Moderna, Oxford/AstraZeneca, Pfizer/BioNTech",https://covid19ireland-geohive.hub.arcgis.com/,7590703,3843270,3779534,206962
Ireland,2021-10-30,"Johnson&Johnson, Moderna, Oxford/AstraZeneca, Pfizer/BioNTech",https://covid19ireland-geohive.hub.arcgis.com/,7594621,3844894,3780846,207944
Ireland,2021-11-01,"Johnson&Johnson, Moderna, Oxford/AstraZeneca, Pfizer/BioNTech",https://covid19ireland-geohive.hub.arcgis.com/,7598017,3845153,3781105,210824
Ireland,2021-11-02,"Johnson&Johnson, Moderna, Oxford/AstraZeneca, Pfizer/BioNTech",https://covid19ireland-geohive.hub.arcgis.com/,7608577,3846249,3782185,219217
Ireland,2021-11-03,"Johnson&Johnson, Moderna, Oxford/AstraZeneca, Pfizer/BioNTech",https://covid19ireland-geohive.hub.arcgis.com/,7621569,3848787,3784016,227845
Ireland,2021-11-04,"Johnson&Johnson, Moderna, Oxford/AstraZeneca, Pfizer/BioNTech",https://covid19ireland-geohive.hub.arcgis.com/,7636609,3850329,3785266,240094
Ireland,2021-11-05,"Johnson&Johnson, Moderna, Oxford/AstraZeneca, Pfizer/BioNTech",https://covid19ireland-geohive.hub.arcgis.com/,7653620,3851957,3786323,254422
Ireland,2021-11-06,"Johnson&Johnson, Moderna, Oxford/AstraZeneca, Pfizer/BioNTech",https://covid19ireland-geohive.hub.arcgis.com/,7668147,3853781,3787664,265789
Ireland,2021-11-07,"Johnson&Johnson, Moderna, Oxford/AstraZeneca, Pfizer/BioNTech",https://covid19ireland-geohive.hub.arcgis.com/,7680891,3854506,3788429,277043
Ireland,2021-11-08,"Johnson&Johnson, Moderna, Oxford/AstraZeneca, Pfizer/BioNTech",https://covid19ireland-geohive.hub.arcgis.com/,7696675,3855016,3788940,291807
Ireland,2021-11-09,"Johnson&Johnson, Moderna, Oxford/AstraZeneca, Pfizer/BioNTech",https://covid19ireland-geohive.hub.arcgis.com/,7722377,3856393,3789965,315108
Ireland,2021-11-10,"Johnson&Johnson, Moderna, Oxford/AstraZeneca, Pfizer/BioNTech",https://covid19ireland-geohive.hub.arcgis.com/,7752279,3858018,3791279,342071
Ireland,2021-11-11,"Johnson&Johnson, Moderna, Oxford/AstraZeneca, Pfizer/BioNTech",https://covid19ireland-geohive.hub.arcgis.com/,7784845,3859418,3792362,372155
Ireland,2021-11-12,"Johnson&Johnson, Moderna, Oxford/AstraZeneca, Pfizer/BioNTech",https://covid19ireland-geohive.hub.arcgis.com/,7813267,3860577,3793464,398321
Ireland,2021-11-13,"Johnson&Johnson, Moderna, Oxford/AstraZeneca, Pfizer/BioNTech",https://covid19ireland-geohive.hub.arcgis.com/,7836018,3861989,3794816,418308
Ireland,2021-11-14,"Johnson&Johnson, Moderna, Oxford/AstraZeneca, Pfizer/BioNTech",https://covid19ireland-geohive.hub.arcgis.com/,7848650,3863638,3796614,427493
Ireland,2021-11-15,"Johnson&Johnson, Moderna, Oxford/AstraZeneca, Pfizer/BioNTech",https://covid19ireland-geohive.hub.arcgis.com/,7865405,3864883,3797176,442441
Ireland,2021-11-16,"Johnson&Johnson, Moderna, Oxford/AstraZeneca, Pfizer/BioNTech",https://covid19ireland-geohive.hub.arcgis.com/,7896033,3866208,3798226,470699
Ireland,2021-11-17,"Johnson&Johnson, Moderna, Oxford/AstraZeneca, Pfizer/BioNTech",https://covid19ireland-geohive.hub.arcgis.com/,7932027,3867726,3799305,504096
Ireland,2021-11-18,"Johnson&Johnson, Moderna, Oxford/AstraZeneca, Pfizer/BioNTech",https://covid19ireland-geohive.hub.arcgis.com/,7974386,3869396,3801769,542326
Ireland,2021-11-19,"Johnson&Johnson, Moderna, Oxford/AstraZeneca, Pfizer/BioNTech",https://covid19ireland-geohive.hub.arcgis.com/,8008592,3870581,3803281,573835
Ireland,2021-11-20,"Johnson&Johnson, Moderna, Oxford/AstraZeneca, Pfizer/BioNTech",https://covid19ireland-geohive.hub.arcgis.com/,8034301,3872131,3806211,595074
Ireland,2021-11-21,"Johnson&Johnson, Moderna, Oxford/AstraZeneca, Pfizer/BioNTech",https://covid19ireland-geohive.hub.arcgis.com/,8052075,3873917,3808963,608310
Ireland,2021-11-22,"Johnson&Johnson, Moderna, Oxford/AstraZeneca, Pfizer/BioNTech",https://covid19ireland-geohive.hub.arcgis.com/,8069817,3874632,3809451,624851
Ireland,2021-11-23,"Johnson&Johnson, Moderna, Oxford/AstraZeneca, Pfizer/BioNTech",https://covid19ireland-geohive.hub.arcgis.com/,8106706,3876797,3811009,658021
Ireland,2021-11-24,"Johnson&Johnson, Moderna, Oxford/AstraZeneca, Pfizer/BioNTech",https://covid19ireland-geohive.hub.arcgis.com/,8146967,3878420,3814122,693547
Ireland,2021-11-25,"Johnson&Johnson, Moderna, Oxford/AstraZeneca, Pfizer/BioNTech",https://covid19ireland-geohive.hub.arcgis.com/,8189886,3879426,3815277,734306
Ireland,2021-11-26,"Johnson&Johnson, Moderna, Oxford/AstraZeneca, Pfizer/BioNTech",https://covid19ireland-geohive.hub.arcgis.com/,8228195,3880729,3816363,770238
Ireland,2021-11-27,"Johnson&Johnson, Moderna, Oxford/AstraZeneca, Pfizer/BioNTech",https://covid19ireland-geohive.hub.arcgis.com/,8255470,3881958,3817914,794738
Ireland,2021-11-28,"Johnson&Johnson, Moderna, Oxford/AstraZeneca, Pfizer/BioNTech",https://covid19ireland-geohive.hub.arcgis.com/,8275761,3883927,3820164,810810
Ireland,2021-11-29,"Johnson&Johnson, Moderna, Oxford/AstraZeneca, Pfizer/BioNTech",https://covid19ireland-geohive.hub.arcgis.com/,8298830,3884479,3821135,832357
Ireland,2021-11-30,"Johnson&Johnson, Moderna, Oxford/AstraZeneca, Pfizer/BioNTech",https://covid19ireland-geohive.hub.arcgis.com/,8341103,3886411,3822755,871083
Ireland,2021-12-01,"Johnson&Johnson, Moderna, Oxford/AstraZeneca, Pfizer/BioNTech",https://covid19ireland-geohive.hub.arcgis.com/,8382669,3887500,3824106,910210
Ireland,2021-12-02,"Johnson&Johnson, Moderna, Oxford/AstraZeneca, Pfizer/BioNTech",https://covid19ireland-geohive.hub.arcgis.com/,8425731,3889276,3825499,950103
Ireland,2021-12-03,"Johnson&Johnson, Moderna, Oxford/AstraZeneca, Pfizer/BioNTech",https://covid19ireland-geohive.hub.arcgis.com/,8464067,3890321,3826663,986233
Ireland,2021-12-04,"Johnson&Johnson, Moderna, Oxford/AstraZeneca, Pfizer/BioNTech",https://covid19ireland-geohive.hub.arcgis.com/,8490290,3891524,3828353,1009563
Ireland,2021-12-05,"Johnson&Johnson, Moderna, Oxford/AstraZeneca, Pfizer/BioNTech",https://covid19ireland-geohive.hub.arcgis.com/,8508589,3892873,3830123,1024743
Ireland,2021-12-06,"Johnson&Johnson, Moderna, Oxford/AstraZeneca, Pfizer/BioNTech",https://covid19ireland-geohive.hub.arcgis.com/,8532909,3893808,3831392,1046859
Ireland,2021-12-07,"Johnson&Johnson, Moderna, Oxford/AstraZeneca, Pfizer/BioNTech",https://covid19ireland-geohive.hub.arcgis.com/,8563264,3894292,3832119,1076004
Ireland,2021-12-08,"Johnson&Johnson, Moderna, Oxford/AstraZeneca, Pfizer/BioNTech",https://covid19ireland-geohive.hub.arcgis.com/,8602688,3895105,3833604,1113130
Ireland,2021-12-09,"Johnson&Johnson, Moderna, Oxford/AstraZeneca, Pfizer/BioNTech",https://covid19ireland-geohive.hub.arcgis.com/,8650857,3895897,3834780,1159331
Ireland,2021-12-10,"Johnson&Johnson, Moderna, Oxford/AstraZeneca, Pfizer/BioNTech",https://covid19ireland-geohive.hub.arcgis.com/,8694409,3896786,3836373,1200402
Ireland,2021-12-11,"Johnson&Johnson, Moderna, Oxford/AstraZeneca, Pfizer/BioNTech",https://covid19ireland-geohive.hub.arcgis.com/,8725003,3897426,3837206,1229523
Ireland,2021-12-12,"Johnson&Johnson, Moderna, Oxford/AstraZeneca, Pfizer/BioNTech",https://covid19ireland-geohive.hub.arcgis.com/,8753359,3898117,3838394,1256000
Ireland,2021-12-13,"Johnson&Johnson, Moderna, Oxford/AstraZeneca, Pfizer/BioNTech",https://covid19ireland-geohive.hub.arcgis.com/,8786763,3898836,3839437,1287642
Ireland,2021-12-14,"Johnson&Johnson, Moderna, Oxford/AstraZeneca, Pfizer/BioNTech",https://covid19ireland-geohive.hub.arcgis.com/,8842070,3899464,3840613,1341146
Ireland,2021-12-15,"Johnson&Johnson, Moderna, Oxford/AstraZeneca, Pfizer/BioNTech",https://covid19ireland-geohive.hub.arcgis.com/,8901584,3900257,3841829,1398652
Ireland,2021-12-16,"Johnson&Johnson, Moderna, Oxford/AstraZeneca, Pfizer/BioNTech",https://covid19ireland-geohive.hub.arcgis.com/,8970384,3901321,3843338,1464886
Ireland,2021-12-17,"Johnson&Johnson, Moderna, Oxford/AstraZeneca, Pfizer/BioNTech",https://covid19ireland-geohive.hub.arcgis.com/,9039883,3902525,3845758,1530762
Ireland,2021-12-18,"Johnson&Johnson, Moderna, Oxford/AstraZeneca, Pfizer/BioNTech",https://covid19ireland-geohive.hub.arcgis.com/,9088350,3903791,3846922,1576799
Ireland,2021-12-19,"Johnson&Johnson, Moderna, Oxford/AstraZeneca, Pfizer/BioNTech",https://covid19ireland-geohive.hub.arcgis.com/,9144611,3904349,3847799,1631625
Ireland,2021-12-20,"Johnson&Johnson, Moderna, Oxford/AstraZeneca, Pfizer/BioNTech",https://covid19ireland-geohive.hub.arcgis.com/,9238946,3904885,3848374,1724849
Ireland,2021-12-21,"Johnson&Johnson, Moderna, Oxford/AstraZeneca, Pfizer/BioNTech",https://covid19ireland-geohive.hub.arcgis.com/,9371470,3906348,3850142,1854145
Ireland,2021-12-22,"Johnson&Johnson, Moderna, Oxford/AstraZeneca, Pfizer/BioNTech",https://covid19ireland-geohive.hub.arcgis.com/,9506770,3907589,3851680,1986668
Ireland,2021-12-23,"Johnson&Johnson, Moderna, Oxford/AstraZeneca, Pfizer/BioNTech",https://covid19ireland-geohive.hub.arcgis.com/,9610965,3908549,3853001,2088582
Ireland,2021-12-24,"Johnson&Johnson, Moderna, Oxford/AstraZeneca, Pfizer/BioNTech",https://covid19ireland-geohive.hub.arcgis.com/,9622244,3908649,3853135,2099627
Ireland,2021-12-25,"Johnson&Johnson, Moderna, Oxford/AstraZeneca, Pfizer/BioNTech",https://covid19ireland-geohive.hub.arcgis.com/,9622267,3908650,3853135,2099649
Ireland,2021-12-26,"Johnson&Johnson, Moderna, Oxford/AstraZeneca, Pfizer/BioNTech",https://covid19ireland-geohive.hub.arcgis.com/,9622523,3908660,3853141,2099889
Ireland,2021-12-27,"Johnson&Johnson, Moderna, Oxford/AstraZeneca, Pfizer/BioNTech",https://covid19ireland-geohive.hub.arcgis.com/,9636330,3909047,3853722,2112728
Ireland,2021-12-28,"Johnson&Johnson, Moderna, Oxford/AstraZeneca, Pfizer/BioNTech",https://covid19ireland-geohive.hub.arcgis.com/,9660800,3909505,3854455,2136007
Ireland,2021-12-29,"Johnson&Johnson, Moderna, Oxford/AstraZeneca, Pfizer/BioNTech",https://covid19ireland-geohive.hub.arcgis.com/,9716199,3910583,3855724,2189059
Ireland,2021-12-30,"Johnson&Johnson, Moderna, Oxford/AstraZeneca, Pfizer/BioNTech",https://covid19ireland-geohive.hub.arcgis.com/,9779634,3911645,3856885,2250272
Ireland,2021-12-31,"Johnson&Johnson, Moderna, Oxford/AstraZeneca, Pfizer/BioNTech",https://covid19ireland-geohive.hub.arcgis.com/,9801040,3912366,3858547,2269295
Ireland,2022-01-01,"Johnson&Johnson, Moderna, Oxford/AstraZeneca, Pfizer/BioNTech",https://covid19ireland-geohive.hub.arcgis.com/,9810133,3912432,3858642,2278227
Ireland,2022-01-02,"Johnson&Johnson, Moderna, Oxford/AstraZeneca, Pfizer/BioNTech",https://covid19ireland-geohive.hub.arcgis.com/,9824896,3912703,3859262,2292099
Ireland,2022-01-03,"Johnson&Johnson, Moderna, Oxford/AstraZeneca, Pfizer/BioNTech",https://covid19ireland-geohive.hub.arcgis.com/,9846032,3916333,3859978,2308889
Ireland,2022-01-04,"Johnson&Johnson, Moderna, Oxford/AstraZeneca, Pfizer/BioNTech",https://covid19ireland-geohive.hub.arcgis.com/,9879884,3917525,3860729,2340798
Ireland,2022-01-05,"Johnson&Johnson, Moderna, Oxford/AstraZeneca, Pfizer/BioNTech",https://covid19ireland-geohive.hub.arcgis.com/,9923805,3919668,3861588,2381717
Ireland,2022-01-06,"Johnson&Johnson, Moderna, Oxford/AstraZeneca, Pfizer/BioNTech",https://covid19ireland-geohive.hub.arcgis.com/,9969455,3922128,3863228,2423267
Ireland,2022-01-07,"Johnson&Johnson, Moderna, Oxford/AstraZeneca, Pfizer/BioNTech",https://covid19ireland-geohive.hub.arcgis.com/,10006396,3926968,3863970,2454626
Ireland,2022-01-08,"Johnson&Johnson, Moderna, Oxford/AstraZeneca, Pfizer/BioNTech",https://covid19ireland-geohive.hub.arcgis.com/,10031767,3936760,3864698,2469478
Ireland,2022-01-09,"Johnson&Johnson, Moderna, Oxford/AstraZeneca, Pfizer/BioNTech",https://covid19ireland-geohive.hub.arcgis.com/,10049787,3943877,3865360,2479719
Ireland,2022-01-10,"Johnson&Johnson, Moderna, Oxford/AstraZeneca, Pfizer/BioNTech",https://covid19ireland-geohive.hub.arcgis.com/,10071683,3950529,3865832,2494491
Ireland,2022-01-11,"Johnson&Johnson, Moderna, Oxford/AstraZeneca, Pfizer/BioNTech",https://covid19ireland-geohive.hub.arcgis.com/,10101711,3955295,3867149,2518437
Ireland,2022-01-12,"Johnson&Johnson, Moderna, Oxford/AstraZeneca, Pfizer/BioNTech",https://covid19ireland-geohive.hub.arcgis.com/,10135616,3962847,3868009,2543931
Ireland,2022-01-13,"Johnson&Johnson, Moderna, Oxford/AstraZeneca, Pfizer/BioNTech",https://covid19ireland-geohive.hub.arcgis.com/,10169250,3970164,3868773,2569484
Ireland,2022-01-14,"Johnson&Johnson, Moderna, Oxford/AstraZeneca, Pfizer/BioNTech",https://covid19ireland-geohive.hub.arcgis.com/,10203276,3980885,3869566,2591996
Ireland,2022-01-15,"Johnson&Johnson, Moderna, Oxford/AstraZeneca, Pfizer/BioNTech",https://covid19ireland-geohive.hub.arcgis.com/,10224562,3989233,3870200,2604300
Ireland,2022-01-16,"Johnson&Johnson, Moderna, Oxford/AstraZeneca, Pfizer/BioNTech",https://covid19ireland-geohive.hub.arcgis.com/,10239271,3996201,3871409,2610833
Ireland,2022-01-17,"Johnson&Johnson, Moderna, Oxford/AstraZeneca, Pfizer/BioNTech",https://covid19ireland-geohive.hub.arcgis.com/,10254088,3998757,3871948,2622555
Ireland,2022-01-18,"Johnson&Johnson, Moderna, Oxford/AstraZeneca, Pfizer/BioNTech",https://covid19ireland-geohive.hub.arcgis.com/,10271330,4002818,3872363,2635324
Ireland,2022-01-19,"Johnson&Johnson, Moderna, Oxford/AstraZeneca, Pfizer/BioNTech",https://covid19ireland-geohive.hub.arcgis.com/,10287257,4006298,3872955,2647179
Ireland,2022-01-20,"Johnson&Johnson, Moderna, Oxford/AstraZeneca, Pfizer/BioNTech",https://covid19ireland-geohive.hub.arcgis.com/,10302646,4009985,3873860,2657976
Ireland,2022-01-21,"Johnson&Johnson, Moderna, Oxford/AstraZeneca, Pfizer/BioNTech",https://covid19ireland-geohive.hub.arcgis.com/,10315998,4013231,3874810,2667132
Ireland,2022-01-22,"Johnson&Johnson, Moderna, Oxford/AstraZeneca, Pfizer/BioNTech",https://covid19ireland-geohive.hub.arcgis.com/,10326985,4017503,3875439,2673218
Ireland,2022-01-23,"Johnson&Johnson, Moderna, Oxford/AstraZeneca, Pfizer/BioNTech",https://covid19ireland-geohive.hub.arcgis.com/,10334300,4020595,3876115,2676765
Ireland,2022-01-24,"Johnson&Johnson, Moderna, Oxford/AstraZeneca, Pfizer/BioNTech",https://covid19ireland-geohive.hub.arcgis.com/,10340335,4021237,3876569,2681704
Ireland,2022-01-25,"Johnson&Johnson, Moderna, Oxford/AstraZeneca, Pfizer/BioNTech",https://covid19ireland-geohive.hub.arcgis.com/,10349320,4021933,3878389,2688173
Ireland,2022-01-26,"Johnson&Johnson, Moderna, Oxford/AstraZeneca, Pfizer/BioNTech",https://covid19ireland-geohive.hub.arcgis.com/,10357980,4022631,3879264,2695260
Ireland,2022-01-27,"Johnson&Johnson, Moderna, Oxford/AstraZeneca, Pfizer/BioNTech",https://covid19ireland-geohive.hub.arcgis.com/,10366361,4023904,3880414,2701218
Ireland,2022-01-28,"Johnson&Johnson, Moderna, Oxford/AstraZeneca, Pfizer/BioNTech",https://covid19ireland-geohive.hub.arcgis.com/,10377203,4024928,3883485,2707965
Ireland,2022-01-29,"Johnson&Johnson, Moderna, Oxford/AstraZeneca, Pfizer/BioNTech",https://covid19ireland-geohive.hub.arcgis.com/,10386860,4027252,3886925,2711858
Ireland,2022-01-30,"Johnson&Johnson, Moderna, Oxford/AstraZeneca, Pfizer/BioNTech",https://covid19ireland-geohive.hub.arcgis.com/,10398011,4028887,3894458,2713841
Ireland,2022-01-31,"Johnson&Johnson, Moderna, Oxford/AstraZeneca, Pfizer/BioNTech",https://covid19ireland-geohive.hub.arcgis.com/,10402714,4029364,3895831,2716695
Ireland,2022-02-01,"Johnson&Johnson, Moderna, Oxford/AstraZeneca, Pfizer/BioNTech",https://covid19ireland-geohive.hub.arcgis.com/,10411034,4030113,3899231,2720867
Ireland,2022-02-02,"Johnson&Johnson, Moderna, Oxford/AstraZeneca, Pfizer/BioNTech",https://covid19ireland-geohive.hub.arcgis.com/,10420383,4030754,3902208,2726598
Ireland,2022-02-03,"Johnson&Johnson, Moderna, Oxford/AstraZeneca, Pfizer/BioNTech",https://covid19ireland-geohive.hub.arcgis.com/,10429500,4031662,3904621,2732395
Ireland,2022-02-04,"Johnson&Johnson, Moderna, Oxford/AstraZeneca, Pfizer/BioNTech",https://covid19ireland-geohive.hub.arcgis.com/,10442549,4032830,3911110,2737787
Ireland,2022-02-05,"Johnson&Johnson, Moderna, Oxford/AstraZeneca, Pfizer/BioNTech",https://covid19ireland-geohive.hub.arcgis.com/,10453857,4034607,3916853,2741575
Ireland,2022-02-06,"Johnson&Johnson, Moderna, Oxford/AstraZeneca, Pfizer/BioNTech",https://covid19ireland-geohive.hub.arcgis.com/,10465308,4036014,3924408,2744064
Ireland,2022-02-07,"Johnson&Johnson, Moderna, Oxford/AstraZeneca, Pfizer/BioNTech",https://covid19ireland-geohive.hub.arcgis.com/,10469146,4036449,3925744,2746131
Ireland,2022-02-08,"Johnson&Johnson, Moderna, Oxford/AstraZeneca, Pfizer/BioNTech",https://covid19ireland-geohive.hub.arcgis.com/,10474711,4037343,3926958,2749588
Ireland,2022-02-09,"Johnson&Johnson, Moderna, Oxford/AstraZeneca, Pfizer/BioNTech",https://covid19ireland-geohive.hub.arcgis.com/,10482647,4038678,3928702,2754445
Ireland,2022-02-10,"Johnson&Johnson, Moderna, Oxford/AstraZeneca, Pfizer/BioNTech",https://covid19ireland-geohive.hub.arcgis.com/,10490889,4039366,3931226,2759475
Ireland,2022-02-11,"Johnson&Johnson, Moderna, Oxford/AstraZeneca, Pfizer/BioNTech",https://covid19ireland-geohive.hub.arcgis.com/,10500960,4039916,3936121,2764101
Ireland,2022-02-12,"Johnson&Johnson, Moderna, Oxford/AstraZeneca, Pfizer/BioNTech",https://covid19ireland-geohive.hub.arcgis.com/,10513384,4041311,3941576,2769675
Ireland,2022-02-13,"Johnson&Johnson, Moderna, Oxford/AstraZeneca, Pfizer/BioNTech",https://covid19ireland-geohive.hub.arcgis.com/,10523499,4042878,3946281,2773518
Ireland,2022-02-14,"Johnson&Johnson, Moderna, Oxford/AstraZeneca, Pfizer/BioNTech",https://covid19ireland-geohive.hub.arcgis.com/,10526720,4043049,3947218,2775632
Ireland,2022-02-15,"Johnson&Johnson, Moderna, Oxford/AstraZeneca, Pfizer/BioNTech",https://covid19ireland-geohive.hub.arcgis.com/,10531715,4043694,3948009,2779192
Ireland,2022-02-16,"Johnson&Johnson, Moderna, Oxford/AstraZeneca, Pfizer/BioNTech",https://covid19ireland-geohive.hub.arcgis.com/,10538251,4044482,3949776,2783173
Ireland,2022-02-17,"Johnson&Johnson, Moderna, Oxford/AstraZeneca, Pfizer/BioNTech",https://covid19ireland-geohive.hub.arcgis.com/,10544302,4045261,3950924,2787299
Ireland,2022-02-18,"Johnson&Johnson, Moderna, Oxford/AstraZeneca, Pfizer/BioNTech",https://covid19ireland-geohive.hub.arcgis.com/,10551191,4046051,3954168,2790154
Ireland,2022-02-19,"Johnson&Johnson, Moderna, Oxford/AstraZeneca, Pfizer/BioNTech",https://covid19ireland-geohive.hub.arcgis.com/,10560065,4047026,3957695,2794526
Ireland,2022-02-20,"Johnson&Johnson, Moderna, Oxford/AstraZeneca, Pfizer/BioNTech",https://covid19ireland-geohive.hub.arcgis.com/,10567403,4048389,3961281,2796915
Ireland,2022-02-21,"Johnson&Johnson, Moderna, Oxford/AstraZeneca, Pfizer/BioNTech",https://covid19ireland-geohive.hub.arcgis.com/,10570106,4048639,3962260,2798390
Ireland,2022-02-22,"Johnson&Johnson, Moderna, Oxford/AstraZeneca, Pfizer/BioNTech",https://covid19ireland-geohive.hub.arcgis.com/,10574459,4049109,3963204,2801329
Ireland,2022-02-23,"Johnson&Johnson, Moderna, Oxford/AstraZeneca, Pfizer/BioNTech",https://covid19ireland-geohive.hub.arcgis.com/,10579382,4049931,3964435,2804200
Ireland,2022-02-24,"Johnson&Johnson, Moderna, Oxford/AstraZeneca, Pfizer/BioNTech",https://covid19ireland-geohive.hub.arcgis.com/,10584363,4050583,3965612,2807352
Ireland,2022-02-25,"Johnson&Johnson, Moderna, Oxford/AstraZeneca, Pfizer/BioNTech",https://covid19ireland-geohive.hub.arcgis.com/,10590064,4051263,3966785,2811200
Ireland,2022-02-26,"Johnson&Johnson, Moderna, Oxford/AstraZeneca, Pfizer/BioNTech",https://covid19ireland-geohive.hub.arcgis.com/,10596461,4052217,3968848,2814580
Ireland,2022-02-27,"Johnson&Johnson, Moderna, Oxford/AstraZeneca, Pfizer/BioNTech",https://covid19ireland-geohive.hub.arcgis.com/,10602162,4052884,3970627,2817835
