location,date,vaccine,source_url,total_vaccinations,people_vaccinated,people_fully_vaccinated,total_boosters
Israel,2020-12-19,Pfizer/BioNTech,https://datadashboard.health.gov.il/COVID-19/general,70,66,4,0
Israel,2020-12-20,Pfizer/BioNTech,https://datadashboard.health.gov.il/COVID-19/general,7458,7454,4,0
Israel,2020-12-21,Pfizer/BioNTech,https://datadashboard.health.gov.il/COVID-19/general,32373,32369,4,0
Israel,2020-12-22,Pfizer/BioNTech,https://datadashboard.health.gov.il/COVID-19/general,77020,77016,4,0
Israel,2020-12-23,Pfizer/BioNTech,https://datadashboard.health.gov.il/COVID-19/general,139917,139913,4,0
Israel,2020-12-24,Pfizer/BioNTech,https://datadashboard.health.gov.il/COVID-19/general,213325,213321,4,0
Israel,2020-12-25,Pfizer/BioNTech,https://datadashboard.health.gov.il/COVID-19/general,251828,251824,4,0
Israel,2020-12-26,Pfizer/BioNTech,https://datadashboard.health.gov.il/COVID-19/general,284432,284428,4,0
Israel,2020-12-27,Pfizer/BioNTech,https://datadashboard.health.gov.il/COVID-19/general,388968,388964,4,0
Israel,2020-12-28,Pfizer/BioNTech,https://datadashboard.health.gov.il/COVID-19/general,523949,523945,4,0
Israel,2020-12-29,Pfizer/BioNTech,https://datadashboard.health.gov.il/COVID-19/general,680194,680188,6,0
Israel,2020-12-30,Pfizer/BioNTech,https://datadashboard.health.gov.il/COVID-19/general,833285,833279,6,0
Israel,2020-12-31,Pfizer/BioNTech,https://datadashboard.health.gov.il/COVID-19/general,991786,991780,6,0
Israel,2021-01-01,Pfizer/BioNTech,https://datadashboard.health.gov.il/COVID-19/general,1063183,1063177,6,0
Israel,2021-01-02,Pfizer/BioNTech,https://datadashboard.health.gov.il/COVID-19/general,1134887,1134881,6,0
Israel,2021-01-03,Pfizer/BioNTech,https://datadashboard.health.gov.il/COVID-19/general,1284576,1284570,6,0
Israel,2021-01-04,Pfizer/BioNTech,https://datadashboard.health.gov.il/COVID-19/general,1436706,1436699,7,0
Israel,2021-01-05,Pfizer/BioNTech,https://datadashboard.health.gov.il/COVID-19/general,1561837,1561827,10,0
Israel,2021-01-06,Pfizer/BioNTech,https://datadashboard.health.gov.il/COVID-19/general,1665120,1665108,12,0
Israel,2021-01-07,"Moderna, Pfizer/BioNTech",https://datadashboard.health.gov.il/COVID-19/general,1781101,1781082,19,0
Israel,2021-01-08,"Moderna, Pfizer/BioNTech",https://datadashboard.health.gov.il/COVID-19/general,1847518,1847495,23,0
Israel,2021-01-09,"Moderna, Pfizer/BioNTech",https://datadashboard.health.gov.il/COVID-19/general,1892056,1892009,47,0
Israel,2021-01-10,"Moderna, Pfizer/BioNTech",https://datadashboard.health.gov.il/COVID-19/general,1935671,1929628,6043,0
Israel,2021-01-11,"Moderna, Pfizer/BioNTech",https://datadashboard.health.gov.il/COVID-19/general,1976063,1950763,25300,0
Israel,2021-01-12,"Moderna, Pfizer/BioNTech",https://datadashboard.health.gov.il/COVID-19/general,2035758,1974794,60964,0
Israel,2021-01-13,"Moderna, Pfizer/BioNTech",https://datadashboard.health.gov.il/COVID-19/general,2144643,2026818,117825,0
Israel,2021-01-14,"Moderna, Pfizer/BioNTech",https://datadashboard.health.gov.il/COVID-19/general,2269887,2083237,186650,0
Israel,2021-01-15,"Moderna, Pfizer/BioNTech",https://datadashboard.health.gov.il/COVID-19/general,2336546,2113972,222574,0
Israel,2021-01-16,"Moderna, Pfizer/BioNTech",https://datadashboard.health.gov.il/COVID-19/general,2391993,2143417,248576,0
Israel,2021-01-17,"Moderna, Pfizer/BioNTech",https://datadashboard.health.gov.il/COVID-19/general,2544968,2211817,333151,0
Israel,2021-01-18,"Moderna, Pfizer/BioNTech",https://datadashboard.health.gov.il/COVID-19/general,2735113,2281564,453549,0
Israel,2021-01-19,"Moderna, Pfizer/BioNTech",https://datadashboard.health.gov.il/COVID-19/general,2945754,2354406,591348,0
Israel,2021-01-20,"Moderna, Pfizer/BioNTech",https://datadashboard.health.gov.il/COVID-19/general,3166305,2431247,735058,0
Israel,2021-01-21,"Moderna, Pfizer/BioNTech",https://datadashboard.health.gov.il/COVID-19/general,3400629,2501186,899443,0
Israel,2021-01-22,"Moderna, Pfizer/BioNTech",https://datadashboard.health.gov.il/COVID-19/general,3509611,2539068,970543,0
Israel,2021-01-23,"Moderna, Pfizer/BioNTech",https://datadashboard.health.gov.il/COVID-19/general,3603121,2579011,1024110,0
Israel,2021-01-24,"Moderna, Pfizer/BioNTech",https://datadashboard.health.gov.il/COVID-19/general,3812873,2648104,1164769,0
Israel,2021-01-25,"Moderna, Pfizer/BioNTech",https://datadashboard.health.gov.il/COVID-19/general,4033223,2728986,1304237,0
Israel,2021-01-26,"Moderna, Pfizer/BioNTech",https://datadashboard.health.gov.il/COVID-19/general,4238280,2807662,1430618,0
Israel,2021-01-27,"Moderna, Pfizer/BioNTech",https://datadashboard.health.gov.il/COVID-19/general,4441214,2885584,1555630,0
Israel,2021-01-28,"Moderna, Pfizer/BioNTech",https://datadashboard.health.gov.il/COVID-19/general,4651299,2965101,1686198,0
Israel,2021-01-29,"Moderna, Pfizer/BioNTech",https://datadashboard.health.gov.il/COVID-19/general,4752719,3001760,1750959,0
Israel,2021-01-30,"Moderna, Pfizer/BioNTech",https://datadashboard.health.gov.il/COVID-19/general,4829839,3036135,1793704,0
Israel,2021-01-31,"Moderna, Pfizer/BioNTech",https://datadashboard.health.gov.il/COVID-19/general,4962623,3109442,1853181,0
Israel,2021-02-01,"Moderna, Pfizer/BioNTech",https://datadashboard.health.gov.il/COVID-19/general,5080403,3191901,1888502,0
Israel,2021-02-02,"Moderna, Pfizer/BioNTech",https://datadashboard.health.gov.il/COVID-19/general,5181501,3261953,1919548,0
Israel,2021-02-03,"Moderna, Pfizer/BioNTech",https://datadashboard.health.gov.il/COVID-19/general,5293173,3322218,1970955,0
Israel,2021-02-04,"Moderna, Pfizer/BioNTech",https://datadashboard.health.gov.il/COVID-19/general,5423821,3394805,2029016,0
Israel,2021-02-05,"Moderna, Pfizer/BioNTech",https://datadashboard.health.gov.il/COVID-19/general,5486501,3428706,2057795,0
Israel,2021-02-06,"Moderna, Pfizer/BioNTech",https://datadashboard.health.gov.il/COVID-19/general,5530315,3450303,2080012,0
Israel,2021-02-07,"Moderna, Pfizer/BioNTech",https://datadashboard.health.gov.il/COVID-19/general,5653077,3504365,2148712,0
Israel,2021-02-08,"Moderna, Pfizer/BioNTech",https://datadashboard.health.gov.il/COVID-19/general,5777111,3562966,2214145,0
Israel,2021-02-09,"Moderna, Pfizer/BioNTech",https://datadashboard.health.gov.il/COVID-19/general,5910942,3629271,2281671,0
Israel,2021-02-10,"Moderna, Pfizer/BioNTech",https://datadashboard.health.gov.il/COVID-19/general,6053726,3699792,2353934,0
Israel,2021-02-11,"Moderna, Pfizer/BioNTech",https://datadashboard.health.gov.il/COVID-19/general,6206908,3780922,2425986,0
Israel,2021-02-12,"Moderna, Pfizer/BioNTech",https://datadashboard.health.gov.il/COVID-19/general,6283540,3819997,2463543,0
Israel,2021-02-13,"Moderna, Pfizer/BioNTech",https://datadashboard.health.gov.il/COVID-19/general,6341399,3847441,2493958,0
Israel,2021-02-14,"Moderna, Pfizer/BioNTech",https://datadashboard.health.gov.il/COVID-19/general,6485328,3922321,2563007,0
Israel,2021-02-15,"Moderna, Pfizer/BioNTech",https://datadashboard.health.gov.il/COVID-19/general,6642498,4003825,2638673,0
Israel,2021-02-16,"Moderna, Pfizer/BioNTech",https://datadashboard.health.gov.il/COVID-19/general,6804134,4087214,2716920,0
Israel,2021-02-17,"Moderna, Pfizer/BioNTech",https://datadashboard.health.gov.il/COVID-19/general,6941670,4149158,2792512,0
Israel,2021-02-18,"Moderna, Pfizer/BioNTech",https://datadashboard.health.gov.il/COVID-19/general,7090491,4218277,2872214,0
Israel,2021-02-19,"Moderna, Pfizer/BioNTech",https://datadashboard.health.gov.il/COVID-19/general,7168257,4257918,2910339,0
Israel,2021-02-20,"Moderna, Pfizer/BioNTech",https://datadashboard.health.gov.il/COVID-19/general,7228606,4289555,2939051,0
Israel,2021-02-21,"Moderna, Pfizer/BioNTech",https://datadashboard.health.gov.il/COVID-19/general,7386428,4368965,3017463,0
Israel,2021-02-22,"Moderna, Pfizer/BioNTech",https://datadashboard.health.gov.il/COVID-19/general,7552022,4453994,3098028,0
Israel,2021-02-23,"Moderna, Pfizer/BioNTech",https://datadashboard.health.gov.il/COVID-19/general,7699766,4531293,3168473,0
Israel,2021-02-24,"Moderna, Pfizer/BioNTech",https://datadashboard.health.gov.il/COVID-19/general,7823895,4592327,3231568,0
Israel,2021-02-25,"Moderna, Pfizer/BioNTech",https://datadashboard.health.gov.il/COVID-19/general,7940355,4644020,3296335,0
Israel,2021-02-26,"Moderna, Pfizer/BioNTech",https://datadashboard.health.gov.il/COVID-19/general,7998247,4669902,3328345,0
Israel,2021-02-27,"Moderna, Pfizer/BioNTech",https://datadashboard.health.gov.il/COVID-19/general,8037757,4688230,3349527,0
Israel,2021-02-28,"Moderna, Pfizer/BioNTech",https://datadashboard.health.gov.il/COVID-19/general,8133939,4728560,3405379,0
Israel,2021-03-01,"Moderna, Pfizer/BioNTech",https://datadashboard.health.gov.il/COVID-19/general,8241051,4774264,3466787,0
Israel,2021-03-02,"Moderna, Pfizer/BioNTech",https://datadashboard.health.gov.il/COVID-19/general,8346958,4815413,3531545,0
Israel,2021-03-03,"Moderna, Pfizer/BioNTech",https://datadashboard.health.gov.il/COVID-19/general,8455682,4857396,3598286,0
Israel,2021-03-04,"Moderna, Pfizer/BioNTech",https://datadashboard.health.gov.il/COVID-19/general,8574440,4897067,3677373,0
Israel,2021-03-05,"Moderna, Pfizer/BioNTech",https://datadashboard.health.gov.il/COVID-19/general,8632206,4914390,3717816,0
Israel,2021-03-06,"Moderna, Pfizer/BioNTech",https://datadashboard.health.gov.il/COVID-19/general,8668231,4925081,3743150,0
Israel,2021-03-07,"Moderna, Pfizer/BioNTech",https://datadashboard.health.gov.il/COVID-19/general,8772169,4956199,3815970,0
Israel,2021-03-08,"Moderna, Pfizer/BioNTech",https://datadashboard.health.gov.il/COVID-19/general,8872772,4983545,3889227,0
Israel,2021-03-09,"Moderna, Pfizer/BioNTech",https://datadashboard.health.gov.il/COVID-19/general,8976053,5010252,3965801,0
Israel,2021-03-10,"Moderna, Pfizer/BioNTech",https://datadashboard.health.gov.il/COVID-19/general,9058015,5033566,4024449,0
Israel,2021-03-11,"Moderna, Pfizer/BioNTech",https://datadashboard.health.gov.il/COVID-19/general,9150335,5056831,4093504,0
Israel,2021-03-12,"Moderna, Pfizer/BioNTech",https://datadashboard.health.gov.il/COVID-19/general,9202972,5068075,4134897,0
Israel,2021-03-13,"Moderna, Pfizer/BioNTech",https://datadashboard.health.gov.il/COVID-19/general,9236126,5075998,4160128,0
Israel,2021-03-14,"Moderna, Pfizer/BioNTech",https://datadashboard.health.gov.il/COVID-19/general,9330988,5096943,4234045,0
Israel,2021-03-15,"Moderna, Pfizer/BioNTech",https://datadashboard.health.gov.il/COVID-19/general,9429337,5117049,4312288,0
Israel,2021-03-16,"Moderna, Pfizer/BioNTech",https://datadashboard.health.gov.il/COVID-19/general,9519504,5135764,4383740,0
Israel,2021-03-17,"Moderna, Pfizer/BioNTech",https://datadashboard.health.gov.il/COVID-19/general,9596145,5153422,4442723,0
Israel,2021-03-18,"Moderna, Pfizer/BioNTech",https://datadashboard.health.gov.il/COVID-19/general,9670255,5169428,4500827,0
Israel,2021-03-19,"Moderna, Pfizer/BioNTech",https://datadashboard.health.gov.il/COVID-19/general,9705127,5176341,4528786,0
Israel,2021-03-20,"Moderna, Pfizer/BioNTech",https://datadashboard.health.gov.il/COVID-19/general,9725612,5181541,4544071,0
Israel,2021-03-21,"Moderna, Pfizer/BioNTech",https://datadashboard.health.gov.il/COVID-19/general,9779226,5194679,4584547,0
Israel,2021-03-22,"Moderna, Pfizer/BioNTech",https://datadashboard.health.gov.il/COVID-19/general,9833273,5208215,4625058,0
Israel,2021-03-23,"Moderna, Pfizer/BioNTech",https://datadashboard.health.gov.il/COVID-19/general,9843345,5211015,4632330,0
Israel,2021-03-24,"Moderna, Pfizer/BioNTech",https://datadashboard.health.gov.il/COVID-19/general,9900836,5221986,4678850,0
Israel,2021-03-25,"Moderna, Pfizer/BioNTech",https://datadashboard.health.gov.il/COVID-19/general,9946460,5232205,4714255,0
Israel,2021-03-26,"Moderna, Pfizer/BioNTech",https://datadashboard.health.gov.il/COVID-19/general,9963916,5236358,4727558,0
Israel,2021-03-27,"Moderna, Pfizer/BioNTech",https://datadashboard.health.gov.il/COVID-19/general,9969936,5238127,4731809,0
Israel,2021-03-28,"Moderna, Pfizer/BioNTech",https://datadashboard.health.gov.il/COVID-19/general,9976628,5240221,4736407,0
Israel,2021-03-29,"Moderna, Pfizer/BioNTech",https://datadashboard.health.gov.il/COVID-19/general,10013491,5247092,4766399,0
Israel,2021-03-30,"Moderna, Pfizer/BioNTech",https://datadashboard.health.gov.il/COVID-19/general,10043746,5254934,4788812,0
Israel,2021-03-31,"Moderna, Pfizer/BioNTech",https://datadashboard.health.gov.il/COVID-19/general,10071309,5263049,4808260,0
Israel,2021-04-01,"Moderna, Pfizer/BioNTech",https://datadashboard.health.gov.il/COVID-19/general,10098127,5271203,4826924,0
Israel,2021-04-02,"Moderna, Pfizer/BioNTech",https://datadashboard.health.gov.il/COVID-19/general,10109135,5274108,4835027,0
Israel,2021-04-03,"Moderna, Pfizer/BioNTech",https://datadashboard.health.gov.il/COVID-19/general,10113496,5275520,4837976,0
Israel,2021-04-04,"Moderna, Pfizer/BioNTech",https://datadashboard.health.gov.il/COVID-19/general,10145913,5285126,4860787,0
Israel,2021-04-05,"Moderna, Pfizer/BioNTech",https://datadashboard.health.gov.il/COVID-19/general,10177461,5295446,4882015,0
Israel,2021-04-06,"Moderna, Pfizer/BioNTech",https://datadashboard.health.gov.il/COVID-19/general,10203196,5304434,4898762,0
Israel,2021-04-07,"Moderna, Pfizer/BioNTech",https://datadashboard.health.gov.il/COVID-19/general,10227339,5313319,4914020,0
Israel,2021-04-08,"Moderna, Pfizer/BioNTech",https://datadashboard.health.gov.il/COVID-19/general,10253681,5322694,4930987,0
Israel,2021-04-09,"Moderna, Pfizer/BioNTech",https://datadashboard.health.gov.il/COVID-19/general,10263458,5326262,4937196,0
Israel,2021-04-10,"Moderna, Pfizer/BioNTech",https://datadashboard.health.gov.il/COVID-19/general,10268570,5327876,4940694,0
Israel,2021-04-11,"Moderna, Pfizer/BioNTech",https://datadashboard.health.gov.il/COVID-19/general,10291802,5336890,4954912,0
Israel,2021-04-12,"Moderna, Pfizer/BioNTech",https://datadashboard.health.gov.il/COVID-19/general,10313897,5345788,4968109,0
Israel,2021-04-13,"Moderna, Pfizer/BioNTech",https://datadashboard.health.gov.il/COVID-19/general,10324616,5351584,4973032,0
Israel,2021-04-14,"Moderna, Pfizer/BioNTech",https://datadashboard.health.gov.il/COVID-19/general,10333495,5355188,4978307,0
Israel,2021-04-15,"Moderna, Pfizer/BioNTech",https://datadashboard.health.gov.il/COVID-19/general,10334712,5355850,4978862,0
Israel,2021-04-16,"Moderna, Pfizer/BioNTech",https://datadashboard.health.gov.il/COVID-19/general,10344707,5359225,4985482,0
Israel,2021-04-17,"Moderna, Pfizer/BioNTech",https://datadashboard.health.gov.il/COVID-19/general,10347468,5360029,4987439,0
Israel,2021-04-18,"Moderna, Pfizer/BioNTech",https://datadashboard.health.gov.il/COVID-19/general,10361960,5367105,4994855,0
Israel,2021-04-19,"Moderna, Pfizer/BioNTech",https://datadashboard.health.gov.il/COVID-19/general,10375423,5373477,5001946,0
Israel,2021-04-20,"Moderna, Pfizer/BioNTech",https://datadashboard.health.gov.il/COVID-19/general,10388507,5379716,5008791,0
Israel,2021-04-21,"Moderna, Pfizer/BioNTech",https://datadashboard.health.gov.il/COVID-19/general,10401910,5386055,5015855,0
Israel,2021-04-22,"Moderna, Pfizer/BioNTech",https://datadashboard.health.gov.il/COVID-19/general,10415477,5391965,5023512,0
Israel,2021-04-23,"Moderna, Pfizer/BioNTech",https://datadashboard.health.gov.il/COVID-19/general,10421570,5394698,5026872,0
Israel,2021-04-24,"Moderna, Pfizer/BioNTech",https://datadashboard.health.gov.il/COVID-19/general,10423594,5395449,5028145,0
Israel,2021-04-25,"Moderna, Pfizer/BioNTech",https://datadashboard.health.gov.il/COVID-19/general,10435309,5400259,5035050,0
Israel,2021-04-26,"Moderna, Pfizer/BioNTech",https://datadashboard.health.gov.il/COVID-19/general,10448619,5405712,5042907,0
Israel,2021-04-27,"Moderna, Pfizer/BioNTech",https://datadashboard.health.gov.il/COVID-19/general,10459696,5410193,5049503,0
Israel,2021-04-28,"Moderna, Pfizer/BioNTech",https://datadashboard.health.gov.il/COVID-19/general,10471438,5414652,5056786,0
Israel,2021-04-29,"Moderna, Pfizer/BioNTech",https://datadashboard.health.gov.il/COVID-19/general,10483021,5418989,5064032,0
Israel,2021-04-30,"Moderna, Pfizer/BioNTech",https://datadashboard.health.gov.il/COVID-19/general,10488072,5420880,5067192,0
Israel,2021-05-01,"Moderna, Pfizer/BioNTech",https://datadashboard.health.gov.il/COVID-19/general,10489398,5421323,5068075,0
Israel,2021-05-02,"Moderna, Pfizer/BioNTech",https://datadashboard.health.gov.il/COVID-19/general,10498676,5424536,5074140,0
Israel,2021-05-03,"Moderna, Pfizer/BioNTech",https://datadashboard.health.gov.il/COVID-19/general,10507985,5428060,5079925,0
Israel,2021-05-04,"Moderna, Pfizer/BioNTech",https://datadashboard.health.gov.il/COVID-19/general,10516242,5431619,5084623,0
Israel,2021-05-05,"Moderna, Pfizer/BioNTech",https://datadashboard.health.gov.il/COVID-19/general,10523563,5434887,5088676,0
Israel,2021-05-06,"Moderna, Pfizer/BioNTech",https://datadashboard.health.gov.il/COVID-19/general,10530268,5438497,5091771,0
Israel,2021-05-07,"Moderna, Pfizer/BioNTech",https://datadashboard.health.gov.il/COVID-19/general,10534532,5440294,5094238,0
Israel,2021-05-08,"Moderna, Pfizer/BioNTech",https://datadashboard.health.gov.il/COVID-19/general,10535250,5440522,5094728,0
Israel,2021-05-09,"Moderna, Pfizer/BioNTech",https://datadashboard.health.gov.il/COVID-19/general,10542813,5443355,5099458,0
Israel,2021-05-10,"Moderna, Pfizer/BioNTech",https://datadashboard.health.gov.il/COVID-19/general,10550368,5446233,5104135,0
Israel,2021-05-11,"Moderna, Pfizer/BioNTech",https://datadashboard.health.gov.il/COVID-19/general,10556808,5448828,5107980,0
Israel,2021-05-12,"Moderna, Pfizer/BioNTech",https://datadashboard.health.gov.il/COVID-19/general,10562101,5450824,5111277,0
Israel,2021-05-13,"Moderna, Pfizer/BioNTech",https://datadashboard.health.gov.il/COVID-19/general,10567763,5452847,5114916,0
Israel,2021-05-14,"Moderna, Pfizer/BioNTech",https://datadashboard.health.gov.il/COVID-19/general,10570171,5453792,5116379,0
Israel,2021-05-15,"Moderna, Pfizer/BioNTech",https://datadashboard.health.gov.il/COVID-19/general,10570640,5454026,5116614,0
Israel,2021-05-16,"Moderna, Pfizer/BioNTech",https://datadashboard.health.gov.il/COVID-19/general,10572355,5454547,5117808,0
Israel,2021-05-17,"Moderna, Pfizer/BioNTech",https://datadashboard.health.gov.il/COVID-19/general,10573458,5454826,5118632,0
Israel,2021-05-18,"Moderna, Pfizer/BioNTech",https://datadashboard.health.gov.il/COVID-19/general,10580310,5456763,5123547,0
Israel,2021-05-19,"Moderna, Pfizer/BioNTech",https://datadashboard.health.gov.il/COVID-19/general,10587526,5458963,5128563,0
Israel,2021-05-20,"Moderna, Pfizer/BioNTech",https://datadashboard.health.gov.il/COVID-19/general,10593668,5461255,5132413,0
Israel,2021-05-21,"Moderna, Pfizer/BioNTech",https://datadashboard.health.gov.il/COVID-19/general,10596206,5462418,5133788,0
Israel,2021-05-22,"Moderna, Pfizer/BioNTech",https://datadashboard.health.gov.il/COVID-19/general,10596787,5462621,5134166,0
Israel,2021-05-23,"Moderna, Pfizer/BioNTech",https://datadashboard.health.gov.il/COVID-19/general,10602257,5464887,5137370,0
Israel,2021-05-24,"Moderna, Pfizer/BioNTech",https://datadashboard.health.gov.il/COVID-19/general,10607935,5466995,5140940,0
Israel,2021-05-25,"Moderna, Pfizer/BioNTech",https://datadashboard.health.gov.il/COVID-19/general,10612299,5468796,5143503,0
Israel,2021-05-26,"Moderna, Pfizer/BioNTech",https://datadashboard.health.gov.il/COVID-19/general,10616155,5470181,5145974,0
Israel,2021-05-27,"Moderna, Pfizer/BioNTech",https://datadashboard.health.gov.il/COVID-19/general,10621133,5472003,5149130,0
Israel,2021-05-28,"Moderna, Pfizer/BioNTech",https://datadashboard.health.gov.il/COVID-19/general,10623261,5472755,5150506,0
Israel,2021-05-29,"Moderna, Pfizer/BioNTech",https://datadashboard.health.gov.il/COVID-19/general,10623645,5472924,5150721,0
Israel,2021-05-30,"Moderna, Pfizer/BioNTech",https://datadashboard.health.gov.il/COVID-19/general,10627190,5474553,5152637,0
Israel,2021-05-31,"Moderna, Pfizer/BioNTech",https://datadashboard.health.gov.il/COVID-19/general,10630963,5476255,5154708,0
Israel,2021-06-01,"Moderna, Pfizer/BioNTech",https://datadashboard.health.gov.il/COVID-19/general,10634109,5477596,5156513,0
Israel,2021-06-02,"Moderna, Pfizer/BioNTech",https://datadashboard.health.gov.il/COVID-19/general,10637173,5479073,5158100,0
Israel,2021-06-03,"Moderna, Pfizer/BioNTech",https://datadashboard.health.gov.il/COVID-19/general,10640291,5480728,5159563,0
Israel,2021-06-04,"Moderna, Pfizer/BioNTech",https://datadashboard.health.gov.il/COVID-19/general,10642112,5481794,5160318,0
Israel,2021-06-05,"Moderna, Pfizer/BioNTech",https://datadashboard.health.gov.il/COVID-19/general,10642426,5481962,5160464,0
Israel,2021-06-06,"Moderna, Pfizer/BioNTech",https://datadashboard.health.gov.il/COVID-19/general,10647683,5486234,5161449,0
Israel,2021-06-07,"Moderna, Pfizer/BioNTech",https://datadashboard.health.gov.il/COVID-19/general,10652872,5490638,5162234,0
Israel,2021-06-08,"Moderna, Pfizer/BioNTech",https://datadashboard.health.gov.il/COVID-19/general,10657726,5494348,5163378,0
Israel,2021-06-09,"Moderna, Pfizer/BioNTech",https://datadashboard.health.gov.il/COVID-19/general,10662589,5497917,5164672,0
Israel,2021-06-10,"Moderna, Pfizer/BioNTech",https://datadashboard.health.gov.il/COVID-19/general,10667175,5501232,5165943,0
Israel,2021-06-11,"Moderna, Pfizer/BioNTech",https://datadashboard.health.gov.il/COVID-19/general,10669099,5502597,5166502,0
Israel,2021-06-12,"Moderna, Pfizer/BioNTech",https://datadashboard.health.gov.il/COVID-19/general,10669453,5502796,5166657,0
Israel,2021-06-13,"Moderna, Pfizer/BioNTech",https://datadashboard.health.gov.il/COVID-19/general,10673786,5505888,5167898,0
Israel,2021-06-14,"Moderna, Pfizer/BioNTech",https://datadashboard.health.gov.il/COVID-19/general,10678318,5508912,5169406,0
Israel,2021-06-15,"Moderna, Pfizer/BioNTech",https://datadashboard.health.gov.il/COVID-19/general,10682782,5512027,5170755,0
Israel,2021-06-16,"Moderna, Pfizer/BioNTech",https://datadashboard.health.gov.il/COVID-19/general,10686449,5514725,5171724,0
Israel,2021-06-17,"Moderna, Pfizer/BioNTech",https://datadashboard.health.gov.il/COVID-19/general,10690319,5517423,5172896,0
Israel,2021-06-18,"Moderna, Pfizer/BioNTech",https://datadashboard.health.gov.il/COVID-19/general,10692025,5518656,5173369,0
Israel,2021-06-19,"Moderna, Pfizer/BioNTech",https://datadashboard.health.gov.il/COVID-19/general,10692367,5518868,5173499,0
Israel,2021-06-20,"Moderna, Pfizer/BioNTech",https://datadashboard.health.gov.il/COVID-19/general,10696979,5522168,5174811,0
Israel,2021-06-21,"Moderna, Pfizer/BioNTech",https://datadashboard.health.gov.il/COVID-19/general,10703391,5527389,5176002,0
Israel,2021-06-22,"Moderna, Pfizer/BioNTech",https://datadashboard.health.gov.il/COVID-19/general,10711359,5534284,5177075,0
Israel,2021-06-23,"Moderna, Pfizer/BioNTech",https://datadashboard.health.gov.il/COVID-19/general,10723338,5544991,5178347,0
Israel,2021-06-24,"Moderna, Pfizer/BioNTech",https://datadashboard.health.gov.il/COVID-19/general,10736776,5556991,5179785,0
Israel,2021-06-25,"Moderna, Pfizer/BioNTech",https://datadashboard.health.gov.il/COVID-19/general,10744758,5564065,5180693,0
Israel,2021-06-26,"Moderna, Pfizer/BioNTech",https://datadashboard.health.gov.il/COVID-19/general,10747197,5566319,5180878,0
Israel,2021-06-27,"Moderna, Pfizer/BioNTech",https://datadashboard.health.gov.il/COVID-19/general,10764224,5579921,5184303,0
Israel,2021-06-28,"Moderna, Pfizer/BioNTech",https://datadashboard.health.gov.il/COVID-19/general,10782363,5594409,5187954,0
Israel,2021-06-29,"Moderna, Pfizer/BioNTech",https://datadashboard.health.gov.il/COVID-19/general,10802756,5611091,5191665,0
Israel,2021-06-30,"Moderna, Pfizer/BioNTech",https://datadashboard.health.gov.il/COVID-19/general,10822570,5627539,5195031,0
Israel,2021-07-01,"Moderna, Pfizer/BioNTech",https://datadashboard.health.gov.il/COVID-19/general,10842745,5644318,5198373,54
Israel,2021-07-02,"Moderna, Pfizer/BioNTech",https://datadashboard.health.gov.il/COVID-19/general,10854118,5654123,5199937,58
Israel,2021-07-03,"Moderna, Pfizer/BioNTech",https://datadashboard.health.gov.il/COVID-19/general,10857055,5656774,5200223,58
Israel,2021-07-04,"Moderna, Pfizer/BioNTech",https://datadashboard.health.gov.il/COVID-19/general,10877911,5674489,5203364,58
Israel,2021-07-05,"Moderna, Pfizer/BioNTech",https://datadashboard.health.gov.il/COVID-19/general,10898751,5692314,5206376,61
Israel,2021-07-06,"Moderna, Pfizer/BioNTech",https://datadashboard.health.gov.il/COVID-19/general,10919958,5710127,5209761,70
Israel,2021-07-07,"Moderna, Pfizer/BioNTech",https://datadashboard.health.gov.il/COVID-19/general,10938127,5725625,5212421,81
Israel,2021-07-08,"Moderna, Pfizer/BioNTech",https://datadashboard.health.gov.il/COVID-19/general,10957521,5742177,5215248,96
Israel,2021-07-09,"Moderna, Pfizer/BioNTech",https://datadashboard.health.gov.il/COVID-19/general,10970124,5753281,5216745,98
Israel,2021-07-10,"Moderna, Pfizer/BioNTech",https://datadashboard.health.gov.il/COVID-19/general,10975450,5758232,5217116,102
Israel,2021-07-11,"Moderna, Pfizer/BioNTech",https://datadashboard.health.gov.il/COVID-19/general,10979730,5759675,5219948,107
Israel,2021-07-12,"Moderna, Pfizer/BioNTech",https://datadashboard.health.gov.il/COVID-19/general,10985833,5762067,5223609,157
Israel,2021-07-13,"Moderna, Pfizer/BioNTech",https://datadashboard.health.gov.il/COVID-19/general,10994322,5765004,5229039,279
Israel,2021-07-14,"Moderna, Pfizer/BioNTech",https://datadashboard.health.gov.il/COVID-19/general,11004955,5767711,5236525,719
Israel,2021-07-15,"Moderna, Pfizer/BioNTech",https://datadashboard.health.gov.il/COVID-19/general,11017540,5770664,5245785,1091
Israel,2021-07-16,"Moderna, Pfizer/BioNTech",https://datadashboard.health.gov.il/COVID-19/general,11024718,5771918,5251645,1155
Israel,2021-07-17,"Moderna, Pfizer/BioNTech",https://datadashboard.health.gov.il/COVID-19/general,11026442,5772264,5253017,1161
Israel,2021-07-18,"Moderna, Pfizer/BioNTech",https://datadashboard.health.gov.il/COVID-19/general,11038474,5774309,5262769,1396
Israel,2021-07-19,"Moderna, Pfizer/BioNTech",https://datadashboard.health.gov.il/COVID-19/general,11053416,5777482,5274082,1852
Israel,2021-07-20,"Moderna, Pfizer/BioNTech",https://datadashboard.health.gov.il/COVID-19/general,11068314,5780131,5285961,2222
Israel,2021-07-21,"Moderna, Pfizer/BioNTech",https://datadashboard.health.gov.il/COVID-19/general,11082830,5782483,5297804,2543
Israel,2021-07-22,"Moderna, Pfizer/BioNTech",https://datadashboard.health.gov.il/COVID-19/general,11099289,5785334,5311025,2930
Israel,2021-07-23,"Moderna, Pfizer/BioNTech",https://datadashboard.health.gov.il/COVID-19/general,11109589,5787339,5319218,3032
Israel,2021-07-24,"Moderna, Pfizer/BioNTech",https://datadashboard.health.gov.il/COVID-19/general,11111668,5787953,5320677,3038
Israel,2021-07-25,"Moderna, Pfizer/BioNTech",https://datadashboard.health.gov.il/COVID-19/general,11131767,5792358,5336149,3260
Israel,2021-07-26,"Moderna, Pfizer/BioNTech",https://datadashboard.health.gov.il/COVID-19/general,11150718,5797496,5349641,3581
Israel,2021-07-27,"Moderna, Pfizer/BioNTech",https://datadashboard.health.gov.il/COVID-19/general,11170105,5802948,5363168,3989
Israel,2021-07-28,"Moderna, Pfizer/BioNTech",https://datadashboard.health.gov.il/COVID-19/general,11186841,5806907,5375475,4459
Israel,2021-07-29,"Moderna, Pfizer/BioNTech",https://datadashboard.health.gov.il/COVID-19/general,11206143,5811542,5389617,4984
Israel,2021-07-30,"Moderna, Pfizer/BioNTech",https://datadashboard.health.gov.il/COVID-19/general,11223703,5814171,5400434,9098
Israel,2021-07-31,"Moderna, Pfizer/BioNTech",https://datadashboard.health.gov.il/COVID-19/general,11234772,5815558,5403962,15252
Israel,2021-08-01,"Moderna, Pfizer/BioNTech",https://datadashboard.health.gov.il/COVID-19/general,11272213,5818615,5407306,46292
Israel,2021-08-02,"Moderna, Pfizer/BioNTech",https://datadashboard.health.gov.il/COVID-19/general,11336958,5821719,5410449,104790
Israel,2021-08-03,"Moderna, Pfizer/BioNTech",https://datadashboard.health.gov.il/COVID-19/general,11422554,5825074,5413739,183741
Israel,2021-08-04,"Moderna, Pfizer/BioNTech",https://datadashboard.health.gov.il/COVID-19/general,11510021,5828581,5416956,264484
Israel,2021-08-05,"Moderna, Pfizer/BioNTech",https://datadashboard.health.gov.il/COVID-19/general,11606472,5833061,5420495,352916
Israel,2021-08-06,"Moderna, Pfizer/BioNTech",https://datadashboard.health.gov.il/COVID-19/general,11655423,5835456,5422315,397652
Israel,2021-08-07,"Moderna, Pfizer/BioNTech",https://datadashboard.health.gov.il/COVID-19/general,11684438,5836468,5422971,424999
Israel,2021-08-08,"Moderna, Pfizer/BioNTech",https://datadashboard.health.gov.il/COVID-19/general,11772537,5841459,5426017,505061
Israel,2021-08-09,"Moderna, Pfizer/BioNTech",https://datadashboard.health.gov.il/COVID-19/general,11857353,5846783,5429037,581533
Israel,2021-08-10,"Moderna, Pfizer/BioNTech",https://datadashboard.health.gov.il/COVID-19/general,11941447,5852317,5432192,656938
Israel,2021-08-11,"Moderna, Pfizer/BioNTech",https://datadashboard.health.gov.il/COVID-19/general,12012646,5857987,5435105,719554
Israel,2021-08-12,"Moderna, Pfizer/BioNTech",https://datadashboard.health.gov.il/COVID-19/general,12082361,5864997,5438370,778994
Israel,2021-08-13,"Moderna, Pfizer/BioNTech",https://datadashboard.health.gov.il/COVID-19/general,12132036,5868786,5440408,822842
Israel,2021-08-14,"Moderna, Pfizer/BioNTech",https://datadashboard.health.gov.il/COVID-19/general,12179569,5871026,5441237,867306
Israel,2021-08-15,"Moderna, Pfizer/BioNTech",https://datadashboard.health.gov.il/COVID-19/general,12289180,5878185,5445751,965244
Israel,2021-08-16,"Moderna, Pfizer/BioNTech",https://datadashboard.health.gov.il/COVID-19/general,12390346,5885156,5450463,1054727
Israel,2021-08-17,"Moderna, Pfizer/BioNTech",https://datadashboard.health.gov.il/COVID-19/general,12486303,5892729,5455578,1137996
Israel,2021-08-18,"Moderna, Pfizer/BioNTech",https://datadashboard.health.gov.il/COVID-19/general,12568734,5901363,5460159,1207212
Israel,2021-08-19,"Moderna, Pfizer/BioNTech",https://datadashboard.health.gov.il/COVID-19/general,12649928,5911433,5465347,1273148
Israel,2021-08-20,"Moderna, Pfizer/BioNTech",https://datadashboard.health.gov.il/COVID-19/general,12717860,5916162,5468130,1333568
Israel,2021-08-21,"Moderna, Pfizer/BioNTech",https://datadashboard.health.gov.il/COVID-19/general,12773599,5919647,5469680,1384272
Israel,2021-08-22,"Moderna, Pfizer/BioNTech",https://datadashboard.health.gov.il/COVID-19/general,12893271,5929479,5474463,1489329
Israel,2021-08-23,"Moderna, Pfizer/BioNTech",https://datadashboard.health.gov.il/COVID-19/general,13002573,5940408,5478879,1583286
Israel,2021-08-24,"Moderna, Pfizer/BioNTech",https://datadashboard.health.gov.il/COVID-19/general,13117448,5952139,5483563,1681746
Israel,2021-08-25,"Moderna, Pfizer/BioNTech",https://datadashboard.health.gov.il/COVID-19/general,13230962,5961768,5488010,1781184
Israel,2021-08-26,"Moderna, Pfizer/BioNTech",https://datadashboard.health.gov.il/COVID-19/general,13347210,5971871,5493034,1882305
Israel,2021-08-27,"Moderna, Pfizer/BioNTech",https://datadashboard.health.gov.il/COVID-19/general,13410926,5976185,5495789,1938952
Israel,2021-08-28,"Moderna, Pfizer/BioNTech",https://datadashboard.health.gov.il/COVID-19/general,13449597,5979877,5497261,1972459
Israel,2021-08-29,"Moderna, Pfizer/BioNTech",https://datadashboard.health.gov.il/COVID-19/general,13545315,5990218,5503184,2051913
Israel,2021-08-30,"Moderna, Pfizer/BioNTech",https://datadashboard.health.gov.il/COVID-19/general,13680562,6002562,5510167,2167833
Israel,2021-08-31,"Moderna, Pfizer/BioNTech",https://datadashboard.health.gov.il/COVID-19/general,13813913,6014651,5516654,2282608
Israel,2021-09-01,"Moderna, Pfizer/BioNTech",https://datadashboard.health.gov.il/COVID-19/general,13941350,6023706,5522636,2395008
Israel,2021-09-02,"Moderna, Pfizer/BioNTech",https://datadashboard.health.gov.il/COVID-19/general,14068736,6032513,5529781,2506442
Israel,2021-09-03,"Moderna, Pfizer/BioNTech",https://datadashboard.health.gov.il/COVID-19/general,14135399,6036249,5533864,2565286
Israel,2021-09-04,"Moderna, Pfizer/BioNTech",https://datadashboard.health.gov.il/COVID-19/general,14170016,6038936,5535866,2595214
Israel,2021-09-05,"Moderna, Pfizer/BioNTech",https://datadashboard.health.gov.il/COVID-19/general,14256743,6045955,5542306,2668482
Israel,2021-09-06,"Moderna, Pfizer/BioNTech",https://datadashboard.health.gov.il/COVID-19/general,14285000,6048776,5544975,2691249
Israel,2021-09-07,"Moderna, Pfizer/BioNTech",https://datadashboard.health.gov.il/COVID-19/general,14292416,6049962,5545826,2696628
Israel,2021-09-08,"Moderna, Pfizer/BioNTech",https://datadashboard.health.gov.il/COVID-19/general,14301552,6051332,5546986,2703234
Israel,2021-09-09,"Moderna, Pfizer/BioNTech",https://datadashboard.health.gov.il/COVID-19/general,14394968,6058438,5559518,2777012
Israel,2021-09-10,"Moderna, Pfizer/BioNTech",https://datadashboard.health.gov.il/COVID-19/general,14441076,6061678,5564490,2814908
Israel,2021-09-11,"Moderna, Pfizer/BioNTech",https://datadashboard.health.gov.il/COVID-19/general,14460463,6063786,5566972,2829705
Israel,2021-09-12,"Moderna, Pfizer/BioNTech",https://datadashboard.health.gov.il/COVID-19/general,14529242,6069908,5575548,2883786
Israel,2021-09-13,"Moderna, Pfizer/BioNTech",https://datadashboard.health.gov.il/COVID-19/general,14591001,6075546,5583768,2931687
Israel,2021-09-14,"Moderna, Pfizer/BioNTech",https://datadashboard.health.gov.il/COVID-19/general,14652151,6080498,5591162,2980491
Israel,2021-09-15,"Moderna, Pfizer/BioNTech",https://datadashboard.health.gov.il/COVID-19/general,14673236,6082232,5593847,2997157
Israel,2021-09-16,"Moderna, Pfizer/BioNTech",https://datadashboard.health.gov.il/COVID-19/general,14675833,6082564,5594378,2998891
Israel,2021-09-17,"Moderna, Pfizer/BioNTech",https://datadashboard.health.gov.il/COVID-19/general,14729355,6086236,5601368,3041751
Israel,2021-09-18,"Moderna, Pfizer/BioNTech",https://datadashboard.health.gov.il/COVID-19/general,14747302,6088483,5604295,3054524
Israel,2021-09-19,"Moderna, Pfizer/BioNTech",https://datadashboard.health.gov.il/COVID-19/general,14808248,6094454,5614991,3098803
Israel,2021-09-20,"Moderna, Pfizer/BioNTech",https://datadashboard.health.gov.il/COVID-19/general,14832775,6097690,5619605,3115480
Israel,2021-09-21,"Moderna, Pfizer/BioNTech",https://datadashboard.health.gov.il/COVID-19/general,14839583,6099012,5621635,3118936
Israel,2021-09-22,"Moderna, Pfizer/BioNTech",https://datadashboard.health.gov.il/COVID-19/general,14876086,6103269,5628856,3143961
Israel,2021-09-23,"Moderna, Pfizer/BioNTech",https://datadashboard.health.gov.il/COVID-19/general,14914150,6107660,5634737,3171753
Israel,2021-09-24,"Moderna, Pfizer/BioNTech",https://datadashboard.health.gov.il/COVID-19/general,14949196,6110859,5638894,3199443
Israel,2021-09-25,"Moderna, Pfizer/BioNTech",https://datadashboard.health.gov.il/COVID-19/general,14963931,6112937,5641134,3209860
Israel,2021-09-26,"Moderna, Pfizer/BioNTech",https://datadashboard.health.gov.il/COVID-19/general,15011738,6118563,5647092,3246083
Israel,2021-09-27,"Moderna, Pfizer/BioNTech",https://datadashboard.health.gov.il/COVID-19/general,15051286,6123258,5651531,3276497
Israel,2021-09-28,"Moderna, Pfizer/BioNTech",https://datadashboard.health.gov.il/COVID-19/general,15060122,6124716,5652688,3282718
Israel,2021-09-29,"Moderna, Pfizer/BioNTech",https://datadashboard.health.gov.il/COVID-19/general,15138347,6134361,5661009,3342977
Israel,2021-09-30,"Moderna, Pfizer/BioNTech",https://datadashboard.health.gov.il/COVID-19/general,15237503,6145345,5669549,3422609
Israel,2021-10-01,"Moderna, Pfizer/BioNTech",https://datadashboard.health.gov.il/COVID-19/general,15292941,6150460,5673393,3469088
Israel,2021-10-02,"Moderna, Pfizer/BioNTech",https://datadashboard.health.gov.il/COVID-19/general,15320316,6153322,5675498,3491496
Israel,2021-10-03,"Moderna, Pfizer/BioNTech",https://datadashboard.health.gov.il/COVID-19/general,15409923,6165008,5682750,3562165
Israel,2021-10-04,"Moderna, Pfizer/BioNTech",https://datadashboard.health.gov.il/COVID-19/general,15478821,6175336,5689482,3614003
Israel,2021-10-05,"Moderna, Pfizer/BioNTech",https://datadashboard.health.gov.il/COVID-19/general,15532982,6183788,5694765,3654429
Israel,2021-10-06,"Moderna, Pfizer/BioNTech",https://datadashboard.health.gov.il/COVID-19/general,15578766,6191362,5698918,3688486
Israel,2021-10-07,"Moderna, Pfizer/BioNTech",https://datadashboard.health.gov.il/COVID-19/general,15623649,6198273,5702901,3722475
Israel,2021-10-08,"Moderna, Pfizer/BioNTech",https://datadashboard.health.gov.il/COVID-19/general,15648547,6201360,5705515,3741672
Israel,2021-10-09,"Moderna, Pfizer/BioNTech",https://datadashboard.health.gov.il/COVID-19/general,15658717,6202692,5706938,3749087
Israel,2021-10-10,"Moderna, Pfizer/BioNTech",https://datadashboard.health.gov.il/COVID-19/general,15688607,6207378,5710669,3770560
Israel,2021-10-11,"Moderna, Pfizer/BioNTech",https://datadashboard.health.gov.il/COVID-19/general,15713049,6211675,5713590,3787784
Israel,2021-10-12,"Moderna, Pfizer/BioNTech",https://datadashboard.health.gov.il/COVID-19/general,15735317,6215648,5716569,3803100
Israel,2021-10-13,"Moderna, Pfizer/BioNTech",https://datadashboard.health.gov.il/COVID-19/general,15754757,6219144,5718994,3816619
Israel,2021-10-14,"Moderna, Pfizer/BioNTech",https://datadashboard.health.gov.il/COVID-19/general,15777802,6223013,5721658,3833131
Israel,2021-10-15,"Moderna, Pfizer/BioNTech",https://datadashboard.health.gov.il/COVID-19/general,15790122,6224711,5723310,3842101
Israel,2021-10-16,"Moderna, Pfizer/BioNTech",https://datadashboard.health.gov.il/COVID-19/general,15795796,6225443,5724240,3846113
Israel,2021-10-17,"Moderna, Pfizer/BioNTech",https://datadashboard.health.gov.il/COVID-19/general,15814176,6228551,5726751,3858874
Israel,2021-10-18,"Moderna, Pfizer/BioNTech",https://datadashboard.health.gov.il/COVID-19/general,15828301,6231010,5728398,3868893
Israel,2021-10-19,"Moderna, Pfizer/BioNTech",https://datadashboard.health.gov.il/COVID-19/general,15841208,6233391,5729656,3878161
Israel,2021-10-20,"Moderna, Pfizer/BioNTech",https://datadashboard.health.gov.il/COVID-19/general,15855963,6235831,5731931,3888201
Israel,2021-10-21,"Moderna, Pfizer/BioNTech",https://datadashboard.health.gov.il/COVID-19/general,15874162,6238859,5735000,3900303
Israel,2021-10-22,"Moderna, Pfizer/BioNTech",https://datadashboard.health.gov.il/COVID-19/general,15882626,6240131,5736403,3906092
Israel,2021-10-23,"Moderna, Pfizer/BioNTech",https://datadashboard.health.gov.il/COVID-19/general,15886979,6240687,5737651,3908641
Israel,2021-10-24,"Moderna, Pfizer/BioNTech",https://datadashboard.health.gov.il/COVID-19/general,15901966,6243198,5740303,3918465
Israel,2021-10-25,"Moderna, Pfizer/BioNTech",https://datadashboard.health.gov.il/COVID-19/general,15915766,6245829,5743012,3926925
Israel,2021-10-26,"Moderna, Pfizer/BioNTech",https://datadashboard.health.gov.il/COVID-19/general,15928644,6248202,5745036,3935406
Israel,2021-10-27,"Moderna, Pfizer/BioNTech",https://datadashboard.health.gov.il/COVID-19/general,15941385,6250498,5747577,3943310
Israel,2021-10-28,"Moderna, Pfizer/BioNTech",https://datadashboard.health.gov.il/COVID-19/general,15955237,6252994,5750318,3951925
Israel,2021-10-29,"Moderna, Pfizer/BioNTech",https://datadashboard.health.gov.il/COVID-19/general,15961335,6253879,5751439,3956017
Israel,2021-10-30,"Moderna, Pfizer/BioNTech",https://datadashboard.health.gov.il/COVID-19/general,15963895,6254231,5751952,3957712
Israel,2021-10-31,"Moderna, Pfizer/BioNTech",https://datadashboard.health.gov.il/COVID-19/general,15976860,6256499,5754430,3965931
Israel,2021-11-01,"Moderna, Pfizer/BioNTech",https://datadashboard.health.gov.il/COVID-19/general,15987097,6258231,5756507,3972359
Israel,2021-11-02,"Moderna, Pfizer/BioNTech",https://datadashboard.health.gov.il/COVID-19/general,15997373,6260254,5758521,3978598
Israel,2021-11-03,"Moderna, Pfizer/BioNTech",https://datadashboard.health.gov.il/COVID-19/general,16006503,6262020,5760390,3984093
Israel,2021-11-04,"Moderna, Pfizer/BioNTech",https://datadashboard.health.gov.il/COVID-19/general,16018466,6264129,5763171,3991166
Israel,2021-11-05,"Moderna, Pfizer/BioNTech",https://datadashboard.health.gov.il/COVID-19/general,16023536,6264899,5764051,3994586
Israel,2021-11-06,"Moderna, Pfizer/BioNTech",https://datadashboard.health.gov.il/COVID-19/general,16025610,6265239,5764430,3995941
Israel,2021-11-07,"Moderna, Pfizer/BioNTech",https://datadashboard.health.gov.il/COVID-19/general,16035065,6266828,5766192,4002045
Israel,2021-11-08,"Moderna, Pfizer/BioNTech",https://datadashboard.health.gov.il/COVID-19/general,16043512,6268340,5767764,4007408
Israel,2021-11-09,"Moderna, Pfizer/BioNTech",https://datadashboard.health.gov.il/COVID-19/general,16051802,6269766,5769344,4012692
Israel,2021-11-10,"Moderna, Pfizer/BioNTech",https://datadashboard.health.gov.il/COVID-19/general,16059576,6271199,5770975,4017402
Israel,2021-11-11,"Moderna, Pfizer/BioNTech",https://datadashboard.health.gov.il/COVID-19/general,16068769,6272825,5772893,4023051
Israel,2021-11-12,"Moderna, Pfizer/BioNTech",https://datadashboard.health.gov.il/COVID-19/general,16073066,6273447,5773695,4025924
Israel,2021-11-13,"Moderna, Pfizer/BioNTech",https://datadashboard.health.gov.il/COVID-19/general,16074688,6273695,5773972,4027021
Israel,2021-11-14,"Moderna, Pfizer/BioNTech",https://datadashboard.health.gov.il/COVID-19/general,16082936,6275241,5775590,4032105
Israel,2021-11-15,"Moderna, Pfizer/BioNTech",https://datadashboard.health.gov.il/COVID-19/general,16090532,6276503,5777194,4036835
Israel,2021-11-16,"Moderna, Pfizer/BioNTech",https://datadashboard.health.gov.il/COVID-19/general,16097483,6277781,5778582,4041120
Israel,2021-11-17,"Moderna, Pfizer/BioNTech",https://datadashboard.health.gov.il/COVID-19/general,16104064,6278990,5780119,4044955
Israel,2021-11-18,"Moderna, Pfizer/BioNTech",https://datadashboard.health.gov.il/COVID-19/general,16112037,6280348,5781781,4049908
Israel,2021-11-19,"Moderna, Pfizer/BioNTech",https://datadashboard.health.gov.il/COVID-19/general,16115768,6280933,5782520,4052315
Israel,2021-11-20,"Moderna, Pfizer/BioNTech",https://datadashboard.health.gov.il/COVID-19/general,16117127,6281164,5782751,4053212
Israel,2021-11-21,"Moderna, Pfizer/BioNTech",https://datadashboard.health.gov.il/COVID-19/general,16124912,6282592,5784267,4058053
Israel,2021-11-22,"Moderna, Pfizer/BioNTech",https://datadashboard.health.gov.il/COVID-19/general,16132267,6284268,5785769,4062230
Israel,2021-11-23,"Moderna, Pfizer/BioNTech",https://datadashboard.health.gov.il/COVID-19/general,16146486,6292882,5787430,4066174
Israel,2021-11-24,"Moderna, Pfizer/BioNTech",https://datadashboard.health.gov.il/COVID-19/general,16160995,6302237,5788724,4070034
Israel,2021-11-25,"Moderna, Pfizer/BioNTech",https://datadashboard.health.gov.il/COVID-19/general,16177169,6312058,5790298,4074813
Israel,2021-11-26,"Moderna, Pfizer/BioNTech",https://datadashboard.health.gov.il/COVID-19/general,16186224,6317667,5791022,4077535
Israel,2021-11-27,"Moderna, Pfizer/BioNTech",https://datadashboard.health.gov.il/COVID-19/general,16192440,6322444,5791333,4078663
Israel,2021-11-28,"Moderna, Pfizer/BioNTech",https://datadashboard.health.gov.il/COVID-19/general,16208922,6332598,5792806,4083518
Israel,2021-11-29,"Moderna, Pfizer/BioNTech",https://datadashboard.health.gov.il/COVID-19/general,16223384,6341635,5793924,4087825
Israel,2021-11-30,"Moderna, Pfizer/BioNTech",https://datadashboard.health.gov.il/COVID-19/general,16238452,6351681,5794924,4091847
Israel,2021-12-01,"Moderna, Pfizer/BioNTech",https://datadashboard.health.gov.il/COVID-19/general,16252521,6360306,5796001,4096214
Israel,2021-12-02,"Moderna, Pfizer/BioNTech",https://datadashboard.health.gov.il/COVID-19/general,16268151,6369479,5797423,4101249
Israel,2021-12-03,"Moderna, Pfizer/BioNTech",https://datadashboard.health.gov.il/COVID-19/general,16277937,6375819,5798072,4104046
Israel,2021-12-04,"Moderna, Pfizer/BioNTech",https://datadashboard.health.gov.il/COVID-19/general,16281553,6378324,5798299,4104930
Israel,2021-12-05,"Moderna, Pfizer/BioNTech",https://datadashboard.health.gov.il/COVID-19/general,16295788,6386662,5799545,4109581
Israel,2021-12-06,"Moderna, Pfizer/BioNTech",https://datadashboard.health.gov.il/COVID-19/general,16307980,6393388,5800727,4113865
Israel,2021-12-07,"Moderna, Pfizer/BioNTech",https://datadashboard.health.gov.il/COVID-19/general,16318923,6398939,5802213,4117771
Israel,2021-12-08,"Moderna, Pfizer/BioNTech",https://datadashboard.health.gov.il/COVID-19/general,16328838,6403867,5803393,4121578
Israel,2021-12-09,"Moderna, Pfizer/BioNTech",https://datadashboard.health.gov.il/COVID-19/general,16340747,6410109,5804612,4126026
Israel,2021-12-10,"Moderna, Pfizer/BioNTech",https://datadashboard.health.gov.il/COVID-19/general,16347041,6413114,5805281,4128646
Israel,2021-12-11,"Moderna, Pfizer/BioNTech",https://datadashboard.health.gov.il/COVID-19/general,16349752,6414604,5805529,4129619
Israel,2021-12-12,"Moderna, Pfizer/BioNTech",https://datadashboard.health.gov.il/COVID-19/general,16363666,6421882,5806958,4134826
Israel,2021-12-13,"Moderna, Pfizer/BioNTech",https://datadashboard.health.gov.il/COVID-19/general,16375488,6428063,5808311,4139114
Israel,2021-12-14,"Moderna, Pfizer/BioNTech",https://datadashboard.health.gov.il/COVID-19/general,16393768,6435392,5814393,4143983
Israel,2021-12-15,"Moderna, Pfizer/BioNTech",https://datadashboard.health.gov.il/COVID-19/general,16413742,6442599,5821781,4149362
Israel,2021-12-16,"Moderna, Pfizer/BioNTech",https://datadashboard.health.gov.il/COVID-19/general,16436904,6450676,5830380,4155848
Israel,2021-12-17,"Moderna, Pfizer/BioNTech",https://datadashboard.health.gov.il/COVID-19/general,16450265,6455058,5835495,4159712
Israel,2021-12-18,"Moderna, Pfizer/BioNTech",https://datadashboard.health.gov.il/COVID-19/general,16458408,6458993,5838394,4161021
Israel,2021-12-19,"Moderna, Pfizer/BioNTech",https://datadashboard.health.gov.il/COVID-19/general,16480948,6465978,5847720,4167250
Israel,2021-12-20,"Moderna, Pfizer/BioNTech",https://datadashboard.health.gov.il/COVID-19/general,16501783,6473960,5855224,4172599
Israel,2021-12-21,"Moderna, Pfizer/BioNTech",https://datadashboard.health.gov.il/COVID-19/general,16526370,6483519,5863854,4178997
Israel,2021-12-22,"Moderna, Pfizer/BioNTech",https://datadashboard.health.gov.il/COVID-19/general,16550342,6493187,5871984,4185171
Israel,2021-12-23,"Moderna, Pfizer/BioNTech",https://datadashboard.health.gov.il/COVID-19/general,16580218,6504737,5882239,4193242
Israel,2021-12-24,"Moderna, Pfizer/BioNTech",https://datadashboard.health.gov.il/COVID-19/general,16597543,6510626,5888471,4198446
Israel,2021-12-25,"Moderna, Pfizer/BioNTech",https://datadashboard.health.gov.il/COVID-19/general,16605461,6513964,5891035,4200462
Israel,2021-12-26,"Moderna, Pfizer/BioNTech",https://datadashboard.health.gov.il/COVID-19/general,16633211,6524625,5899945,4208641
Israel,2021-12-27,"Moderna, Pfizer/BioNTech",https://datadashboard.health.gov.il/COVID-19/general,16658916,6534997,5907079,4216840
Israel,2021-12-28,"Moderna, Pfizer/BioNTech",https://datadashboard.health.gov.il/COVID-19/general,16687387,6546379,5914510,4226498
Israel,2021-12-29,"Moderna, Pfizer/BioNTech",https://datadashboard.health.gov.il/COVID-19/general,16711598,6556346,5920464,4234788
Israel,2021-12-30,"Moderna, Pfizer/BioNTech",https://datadashboard.health.gov.il/COVID-19/general,16742531,6567371,5928189,4246971
Israel,2021-12-31,"Moderna, Pfizer/BioNTech",https://datadashboard.health.gov.il/COVID-19/general,16758367,6572211,5931855,4254301
Israel,2022-01-01,"Moderna, Pfizer/BioNTech",https://datadashboard.health.gov.il/COVID-19/general,16764713,6574202,5933443,4257068
Israel,2022-01-02,"Moderna, Pfizer/BioNTech",https://datadashboard.health.gov.il/COVID-19/general,16794708,6584428,5939932,4270348
Israel,2022-01-03,"Moderna, Pfizer/BioNTech",https://datadashboard.health.gov.il/COVID-19/general,16831592,6593820,5945173,4292599
Israel,2022-01-04,"Moderna, Pfizer/BioNTech",https://datadashboard.health.gov.il/COVID-19/general,16907277,6602792,5951112,4353373
Israel,2022-01-05,"Moderna, Pfizer/BioNTech",https://datadashboard.health.gov.il/COVID-19/general,16991512,6611354,5956833,4423325
Israel,2022-01-06,"Moderna, Pfizer/BioNTech",https://datadashboard.health.gov.il/COVID-19/general,17087250,6621706,5964787,4500757
Israel,2022-01-07,"Moderna, Pfizer/BioNTech",https://datadashboard.health.gov.il/COVID-19/general,17135763,6626465,5969323,4539975
Israel,2022-01-08,"Moderna, Pfizer/BioNTech",https://datadashboard.health.gov.il/COVID-19/general,17174041,6629216,5971767,4573058
Israel,2022-01-09,"Moderna, Pfizer/BioNTech",https://datadashboard.health.gov.il/COVID-19/general,17269729,6638529,5979496,4651704
Israel,2022-01-10,"Moderna, Pfizer/BioNTech",https://datadashboard.health.gov.il/COVID-19/general,17362379,6646900,5987133,4728346
Israel,2022-01-11,"Moderna, Pfizer/BioNTech",https://datadashboard.health.gov.il/COVID-19/general,17447685,6655013,5995744,4796928
Israel,2022-01-12,"Moderna, Pfizer/BioNTech",https://datadashboard.health.gov.il/COVID-19/general,17518887,6662267,6004050,4852570
Israel,2022-01-13,"Moderna, Pfizer/BioNTech",https://datadashboard.health.gov.il/COVID-19/general,17582248,6669785,6013657,4898806
Israel,2022-01-14,"Moderna, Pfizer/BioNTech",https://datadashboard.health.gov.il/COVID-19/general,17606961,6672339,6018578,4916044
Israel,2022-01-15,"Moderna, Pfizer/BioNTech",https://datadashboard.health.gov.il/COVID-19/general,17621136,6673800,6021737,4925599
Israel,2022-01-16,"Moderna, Pfizer/BioNTech",https://datadashboard.health.gov.il/COVID-19/general,17661116,6677620,6030254,4953242
Israel,2022-01-17,"Moderna, Pfizer/BioNTech",https://datadashboard.health.gov.il/COVID-19/general,17694908,6680430,6037294,4977184
Israel,2022-01-18,"Moderna, Pfizer/BioNTech",https://datadashboard.health.gov.il/COVID-19/general,17725057,6682908,6044658,4997491
Israel,2022-01-19,"Moderna, Pfizer/BioNTech",https://datadashboard.health.gov.il/COVID-19/general,17746208,6684795,6051014,5010399
Israel,2022-01-20,"Moderna, Pfizer/BioNTech",https://datadashboard.health.gov.il/COVID-19/general,17767714,6686574,6057966,5023174
Israel,2022-01-21,"Moderna, Pfizer/BioNTech",https://datadashboard.health.gov.il/COVID-19/general,17778273,6687476,6061685,5029112
Israel,2022-01-22,"Moderna, Pfizer/BioNTech",https://datadashboard.health.gov.il/COVID-19/general,17782204,6687805,6063140,5031259
Israel,2022-01-23,"Moderna, Pfizer/BioNTech",https://datadashboard.health.gov.il/COVID-19/general,17797823,6688870,6068760,5040193
Israel,2022-01-24,"Moderna, Pfizer/BioNTech",https://datadashboard.health.gov.il/COVID-19/general,17810339,6689624,6073241,5047474
Israel,2022-01-25,"Moderna, Pfizer/BioNTech",https://datadashboard.health.gov.il/COVID-19/general,17824711,6690366,6077633,5056712
Israel,2022-01-26,"Moderna, Pfizer/BioNTech",https://datadashboard.health.gov.il/COVID-19/general,17834436,6690981,6080912,5062543
Israel,2022-01-27,"Moderna, Pfizer/BioNTech",https://datadashboard.health.gov.il/COVID-19/general,17847021,6691775,6085312,5069934
Israel,2022-01-28,"Moderna, Pfizer/BioNTech",https://datadashboard.health.gov.il/COVID-19/general,17854345,6692170,6087680,5074495
Israel,2022-01-29,"Moderna, Pfizer/BioNTech",https://datadashboard.health.gov.il/COVID-19/general,17857068,6692294,6088717,5076057
Israel,2022-01-30,"Moderna, Pfizer/BioNTech",https://datadashboard.health.gov.il/COVID-19/general,17872635,6693064,6093427,5086144
Israel,2022-01-31,"Moderna, Pfizer/BioNTech",https://datadashboard.health.gov.il/COVID-19/general,17884379,6693593,6096607,5094179
Israel,2022-02-01,"Moderna, Pfizer/BioNTech",https://datadashboard.health.gov.il/COVID-19/general,17894809,6694068,6099375,5101366
Israel,2022-02-02,"Moderna, Pfizer/BioNTech",https://datadashboard.health.gov.il/COVID-19/general,17903949,6694442,6101753,5107754
Israel,2022-02-03,"Moderna, Pfizer/BioNTech",https://datadashboard.health.gov.il/COVID-19/general,17914172,6694883,6104526,5114763
Israel,2022-02-04,"Moderna, Pfizer/BioNTech",https://datadashboard.health.gov.il/COVID-19/general,17918481,6695057,6105507,5117917
Israel,2022-02-05,"Moderna, Pfizer/BioNTech",https://datadashboard.health.gov.il/COVID-19/general,17919494,6695117,6105841,5118536
Israel,2022-02-06,"Moderna, Pfizer/BioNTech",https://datadashboard.health.gov.il/COVID-19/general,17929209,6695545,6108136,5125528
Israel,2022-02-07,"Moderna, Pfizer/BioNTech",https://datadashboard.health.gov.il/COVID-19/general,17937667,6695827,6109433,5132407
Israel,2022-02-08,"Moderna, Pfizer/BioNTech",https://datadashboard.health.gov.il/COVID-19/general,17946623,6696143,6110924,5139556
Israel,2022-02-09,"Moderna, Pfizer/BioNTech",https://datadashboard.health.gov.il/COVID-19/general,17953436,6696388,6112013,5145035
Israel,2022-02-10,"Moderna, Pfizer/BioNTech",https://datadashboard.health.gov.il/COVID-19/general,17960704,6696657,6113297,5150750
Israel,2022-02-11,"Moderna, Pfizer/BioNTech",https://datadashboard.health.gov.il/COVID-19/general,17964422,6696836,6113818,5153768
Israel,2022-02-12,"Moderna, Pfizer/BioNTech",https://datadashboard.health.gov.il/COVID-19/general,17964904,6696862,6113906,5154136
Israel,2022-02-13,"Moderna, Pfizer/BioNTech",https://datadashboard.health.gov.il/COVID-19/general,17972074,6697150,6114849,5160075
Israel,2022-02-14,"Moderna, Pfizer/BioNTech",https://datadashboard.health.gov.il/COVID-19/general,17976729,6697328,6115470,5163931
Israel,2022-02-15,"Moderna, Pfizer/BioNTech",https://datadashboard.health.gov.il/COVID-19/general,17982459,6697593,6116229,5168637
Israel,2022-02-16,"Moderna, Pfizer/BioNTech",https://datadashboard.health.gov.il/COVID-19/general,17986458,6697773,6116800,5171885
Israel,2022-02-17,"Moderna, Pfizer/BioNTech",https://datadashboard.health.gov.il/COVID-19/general,17991214,6698018,6117526,5175670
Israel,2022-02-18,"Moderna, Pfizer/BioNTech",https://datadashboard.health.gov.il/COVID-19/general,17993179,6698149,6117830,5177200
Israel,2022-02-19,"Moderna, Pfizer/BioNTech",https://datadashboard.health.gov.il/COVID-19/general,17993412,6698166,6117909,5177337
Israel,2022-02-20,"Moderna, Pfizer/BioNTech",https://datadashboard.health.gov.il/COVID-19/general,17997491,6698373,6118514,5180604
Israel,2022-02-21,"Moderna, Pfizer/BioNTech",https://datadashboard.health.gov.il/COVID-19/general,18000045,6698540,6118917,5182588
Israel,2022-02-22,"Moderna, Pfizer/BioNTech",https://datadashboard.health.gov.il/COVID-19/general,18003052,6698694,6119367,5184991
Israel,2022-02-23,"Moderna, Pfizer/BioNTech",https://datadashboard.health.gov.il/COVID-19/general,18005084,6698801,6119714,5186569
Israel,2022-02-24,"Moderna, Pfizer/BioNTech",https://datadashboard.health.gov.il/COVID-19/general,18007686,6698937,6120160,5188589
Israel,2022-02-25,"Moderna, Pfizer/BioNTech",https://datadashboard.health.gov.il/COVID-19/general,18008507,6698993,6120296,5189218
Israel,2022-02-26,"Moderna, Pfizer/BioNTech",https://datadashboard.health.gov.il/COVID-19/general,18008725,6699006,6120322,5189397
Israel,2022-02-27,"Moderna, Pfizer/BioNTech",https://datadashboard.health.gov.il/COVID-19/general,18010726,6699114,6120656,5190956
Israel,2022-02-28,"Moderna, Pfizer/BioNTech",https://datadashboard.health.gov.il/COVID-19/general,18012383,6699223,6120912,5192248
