location,date,vaccine,source_url,total_vaccinations,people_vaccinated,people_fully_vaccinated,total_boosters
Jamaica,2021-03-09,Oxford/AstraZeneca,https://www.voanews.com/covid-19-pandemic/jamaica-launches-covid-19-vaccinations,0,0,,
Jamaica,2021-03-14,Oxford/AstraZeneca,https://jis.gov.jm/jamaica-receives-14400-doses-of-vaccines-under-covax/,12099,12099,,
Jamaica,2021-03-16,Oxford/AstraZeneca,https://www.facebook.com/themohgovjm/photos/a.756474764406959/3772446396143099/,16096,16096,,
Jamaica,2021-03-25,Oxford/AstraZeneca,https://jamaica-gleaner.com/article/news/20210327/more-33000-jamaicans-have-received-first-vaccine-shot,33000,33000,,
Jamaica,2021-04-01,Oxford/AstraZeneca,http://radiojamaicanewsonline.com/local/more-than-41000-people-in-jamaica-vaccinated-against-covid-19-so-far,41901,41901,,
Jamaica,2021-04-06,Oxford/AstraZeneca,https://jamaica-gleaner.com/article/news/20210407/nearly-44000-people-jamaica-vaccinated-against-covid-19,43944,43944,,
Jamaica,2021-04-07,Oxford/AstraZeneca,http://jamaica-gleaner.com/article/news/20210409/no-reports-blood-clots-astrazeneca-jamaica-bisasor-mckenzie,47728,47728,,
Jamaica,2021-04-13,Oxford/AstraZeneca,http://jamaica-gleaner.com/article/lead-stories/20210415/vaxxed-max,135473,135473,,
Jamaica,2021-05-14,Oxford/AstraZeneca,https://covid19.who.int/region/amro/country/jm,153146,146147,6999,
Jamaica,2021-05-21,Oxford/AstraZeneca,https://covid19.who.int/,164703,150273,14430,
Jamaica,2021-05-28,Oxford/AstraZeneca,https://covid19.who.int/,177883,155683,22200,
Jamaica,2021-06-04,Oxford/AstraZeneca,https://covid19.who.int/,177889,155683,22206,
Jamaica,2021-06-11,Oxford/AstraZeneca,https://covid19.who.int/,194315,163209,31106,
Jamaica,2021-06-25,Oxford/AstraZeneca,https://ais.paho.org/imm/IM_DosisAdmin-Vacunacion.asp,249983,172958,77025,
Jamaica,2021-07-09,Oxford/AstraZeneca,https://ais.paho.org/imm/IM_DosisAdmin-Vacunacion.asp,288320,176879,111441,
Jamaica,2021-07-13,Oxford/AstraZeneca,https://ais.paho.org/imm/IM_DosisAdmin-Vacunacion.asp,290382,177062,113320,
Jamaica,2021-07-16,Oxford/AstraZeneca,https://ais.paho.org/imm/IM_DosisAdmin-Vacunacion.asp,296243,177939,118304,
Jamaica,2021-07-23,Oxford/AstraZeneca,https://ais.paho.org/imm/IM_DosisAdmin-Vacunacion.asp,300902,178728,122174,
Jamaica,2021-08-06,Oxford/AstraZeneca,https://ais.paho.org/imm/IM_DosisAdmin-Vacunacion.asp,369960,238475,132465,
Jamaica,2021-08-13,"Johnson&Johnson, Oxford/AstraZeneca",https://ais.paho.org/imm/IM_DosisAdmin-Vacunacion.asp,391076,256890,135115,
Jamaica,2021-08-20,"Johnson&Johnson, Oxford/AstraZeneca",https://ais.paho.org/imm/IM_DosisAdmin-Vacunacion.asp,420627,283552,138044,0
Jamaica,2021-08-24,"Johnson&Johnson, Moderna, Pfizer/BioNTech, Oxford/AstraZeneca",https://vaccination.moh.gov.jm/,467658,329381,139375,
Jamaica,2021-08-25,"Johnson&Johnson, Moderna, Pfizer/BioNTech, Oxford/AstraZeneca",https://vaccination.moh.gov.jm/,496976,357938,140372,
Jamaica,2021-08-27,"Johnson&Johnson, Moderna, Pfizer/BioNTech, Oxford/AstraZeneca",https://vaccination.moh.gov.jm/,501676,362366,141139,
Jamaica,2021-08-28,"Johnson&Johnson, Moderna, Pfizer/BioNTech, Oxford/AstraZeneca",https://vaccination.moh.gov.jm/,507469,367943,142001,
Jamaica,2021-08-29,"Johnson&Johnson, Moderna, Pfizer/BioNTech, Oxford/AstraZeneca",https://vaccination.moh.gov.jm/,512469,372876,142260,
Jamaica,2021-08-31,"Johnson&Johnson, Moderna, Pfizer/BioNTech, Oxford/AstraZeneca",https://vaccination.moh.gov.jm/,542888,402601,144372,
Jamaica,2021-09-01,"Johnson&Johnson, Moderna, Pfizer/BioNTech, Oxford/AstraZeneca",https://vaccination.moh.gov.jm/,550010,409492,145171,
Jamaica,2021-09-03,"Johnson&Johnson, Moderna, Pfizer/BioNTech, Oxford/AstraZeneca",https://vaccination.moh.gov.jm/,560898,420150,146642,
Jamaica,2021-09-06,"Johnson&Johnson, Moderna, Pfizer/BioNTech, Oxford/AstraZeneca",https://vaccination.moh.gov.jm/,576590,435611,148138,
Jamaica,2021-09-08,"Johnson&Johnson, Moderna, Pfizer/BioNTech, Oxford/AstraZeneca",https://vaccination.moh.gov.jm/,600021,458696,151755,
Jamaica,2021-09-09,"Johnson&Johnson, Moderna, Pfizer/BioNTech, Oxford/AstraZeneca",https://vaccination.moh.gov.jm/,606286,464848,152743,
Jamaica,2021-09-10,"Johnson&Johnson, Moderna, Pfizer/BioNTech, Oxford/AstraZeneca",https://vaccination.moh.gov.jm/,613962,472444,153879,
Jamaica,2021-09-13,"Johnson&Johnson, Moderna, Pfizer/BioNTech, Oxford/AstraZeneca",https://vaccination.moh.gov.jm/,647687,485856,176615,
Jamaica,2021-09-15,"Johnson&Johnson, Moderna, Pfizer/BioNTech, Oxford/AstraZeneca",https://vaccination.moh.gov.jm/,693827,498580,213000,
Jamaica,2021-09-16,"Johnson&Johnson, Moderna, Pfizer/BioNTech, Oxford/AstraZeneca",https://vaccination.moh.gov.jm/,702693,506797,216103,
Jamaica,2021-09-21,"Johnson&Johnson, Moderna, Pfizer/BioNTech, Oxford/AstraZeneca",https://vaccination.moh.gov.jm/,711694,515281,219244,
Jamaica,2021-09-24,"Johnson&Johnson, Moderna, Pfizer/BioNTech, Oxford/AstraZeneca",https://vaccination.moh.gov.jm/,715860,518836,220722,
Jamaica,2021-09-27,"Johnson&Johnson, Moderna, Pfizer/BioNTech, Oxford/AstraZeneca",https://vaccination.moh.gov.jm/,743184,525788,243223,
Jamaica,2021-09-28,"Johnson&Johnson, Moderna, Pfizer/BioNTech, Oxford/AstraZeneca",https://vaccination.moh.gov.jm/,755782,528907,253566,
Jamaica,2021-10-02,"Johnson&Johnson, Moderna, Pfizer/BioNTech, Oxford/AstraZeneca",https://vaccination.moh.gov.jm/,788984,537510,280843,
Jamaica,2021-10-06,"Johnson&Johnson, Moderna, Pfizer/BioNTech, Oxford/AstraZeneca",https://vaccination.moh.gov.jm/,801649,541844,290807,
Jamaica,2021-10-07,"Johnson&Johnson, Moderna, Pfizer/BioNTech, Oxford/AstraZeneca",https://vaccination.moh.gov.jm/,809234,543977,296928,
Jamaica,2021-10-08,"Johnson&Johnson, Moderna, Pfizer/BioNTech, Oxford/AstraZeneca",https://vaccination.moh.gov.jm/,816569,546125,302839,
Jamaica,2021-10-10,"Johnson&Johnson, Moderna, Pfizer/BioNTech, Oxford/AstraZeneca",https://vaccination.moh.gov.jm/,836309,551804,319092,
Jamaica,2021-10-12,"Johnson&Johnson, Moderna, Pfizer/BioNTech, Oxford/AstraZeneca",https://vaccination.moh.gov.jm/,841024,553397,322796,
Jamaica,2021-10-13,"Johnson&Johnson, Moderna, Pfizer/BioNTech, Oxford/AstraZeneca",https://vaccination.moh.gov.jm/,846389,555399,326915,
Jamaica,2021-10-14,"Johnson&Johnson, Moderna, Pfizer/BioNTech, Oxford/AstraZeneca",https://vaccination.moh.gov.jm/,852062,557884,331097,
Jamaica,2021-10-15,"Johnson&Johnson, Moderna, Pfizer/BioNTech, Oxford/AstraZeneca",https://vaccination.moh.gov.jm/,860482,561160,337419,
Jamaica,2021-10-19,"Johnson&Johnson, Moderna, Pfizer/BioNTech, Oxford/AstraZeneca",https://vaccination.moh.gov.jm/,879843,571498,350483,
Jamaica,2021-10-21,"Johnson&Johnson, Moderna, Pfizer/BioNTech, Oxford/AstraZeneca",https://vaccination.moh.gov.jm/,883738,573247,353151,
Jamaica,2021-10-22,"Johnson&Johnson, Moderna, Pfizer/BioNTech, Oxford/AstraZeneca",https://vaccination.moh.gov.jm/,887675,575243,355843,
Jamaica,2021-10-23,"Johnson&Johnson, Moderna, Pfizer/BioNTech, Oxford/AstraZeneca",https://vaccination.moh.gov.jm/,891142,577283,358007,
Jamaica,2021-10-24,"Johnson&Johnson, Moderna, Pfizer/BioNTech, Oxford/AstraZeneca",https://vaccination.moh.gov.jm/,893629,578617,359717,
Jamaica,2021-10-25,"Johnson&Johnson, Moderna, Pfizer/BioNTech, Oxford/AstraZeneca",https://vaccination.moh.gov.jm/,896658,580421,361567,
Jamaica,2021-10-26,"Johnson&Johnson, Moderna, Pfizer/BioNTech, Oxford/AstraZeneca",https://vaccination.moh.gov.jm/,899344,581672,363483,
Jamaica,2021-10-27,"Johnson&Johnson, Moderna, Pfizer/BioNTech, Oxford/AstraZeneca",https://vaccination.moh.gov.jm/,903310,583415,366349,
Jamaica,2021-10-28,"Johnson&Johnson, Moderna, Pfizer/BioNTech, Oxford/AstraZeneca",https://vaccination.moh.gov.jm/,907371,585501,369218,
Jamaica,2021-10-29,"Johnson&Johnson, Moderna, Pfizer/BioNTech, Oxford/AstraZeneca",https://vaccination.moh.gov.jm/,911601,587405,372329,
Jamaica,2021-10-30,"Johnson&Johnson, Moderna, Pfizer/BioNTech, Oxford/AstraZeneca",https://vaccination.moh.gov.jm/,916541,589641,375902,
Jamaica,2021-10-31,"Johnson&Johnson, Moderna, Pfizer/BioNTech, Oxford/AstraZeneca",https://vaccination.moh.gov.jm/,919992,591859,378054,
Jamaica,2021-11-01,"Johnson&Johnson, Moderna, Pfizer/BioNTech, Oxford/AstraZeneca",https://vaccination.moh.gov.jm/,924129,593995,380980,
Jamaica,2021-11-02,"Johnson&Johnson, Moderna, Pfizer/BioNTech, Oxford/AstraZeneca",https://vaccination.moh.gov.jm/,934529,595637,390154,
Jamaica,2021-11-03,"Johnson&Johnson, Moderna, Pfizer/BioNTech, Oxford/AstraZeneca",https://vaccination.moh.gov.jm/,960723,600374,413089,
Jamaica,2021-11-05,"Johnson&Johnson, Moderna, Pfizer/BioNTech, Oxford/AstraZeneca",https://vaccination.moh.gov.jm/,972401,602788,423131,
Jamaica,2021-11-06,"Johnson&Johnson, Moderna, Pfizer/BioNTech, Oxford/AstraZeneca",https://vaccination.moh.gov.jm/,982121,605048,431311,
Jamaica,2021-11-07,"Johnson&Johnson, Moderna, Pfizer/BioNTech, Oxford/AstraZeneca",https://vaccination.moh.gov.jm/,994691,607364,442257,
Jamaica,2021-11-08,"Johnson&Johnson, Moderna, Pfizer/BioNTech, Oxford/AstraZeneca",https://vaccination.moh.gov.jm/,1004716,609778,450621,
Jamaica,2021-11-09,"Johnson&Johnson, Moderna, Pfizer/BioNTech, Oxford/AstraZeneca",https://vaccination.moh.gov.jm/,1010477,611758,454877,
Jamaica,2021-11-10,"Johnson&Johnson, Moderna, Pfizer/BioNTech, Oxford/AstraZeneca",https://vaccination.moh.gov.jm/,1018669,615312,460319,
Jamaica,2021-11-11,"Johnson&Johnson, Moderna, Pfizer/BioNTech, Oxford/AstraZeneca",https://vaccination.moh.gov.jm/,1024440,617798,464166,
Jamaica,2021-11-12,"Johnson&Johnson, Moderna, Pfizer/BioNTech, Oxford/AstraZeneca",https://vaccination.moh.gov.jm/,1031652,621048,468894,
Jamaica,2021-11-13,"Johnson&Johnson, Moderna, Pfizer/BioNTech, Oxford/AstraZeneca",https://vaccination.moh.gov.jm/,1038132,624530,472622,
Jamaica,2021-11-15,"Johnson&Johnson, Moderna, Pfizer/BioNTech, Oxford/AstraZeneca",https://vaccination.moh.gov.jm/,1050714,631368,479837,
Jamaica,2021-11-16,"Johnson&Johnson, Moderna, Pfizer/BioNTech, Oxford/AstraZeneca",https://vaccination.moh.gov.jm/,1053739,633340,481365,
Jamaica,2021-11-17,"Johnson&Johnson, Moderna, Pfizer/BioNTech, Oxford/AstraZeneca",https://vaccination.moh.gov.jm/,1058580,636197,484001,
Jamaica,2021-11-18,"Johnson&Johnson, Moderna, Pfizer/BioNTech, Oxford/AstraZeneca",https://vaccination.moh.gov.jm/,1063640,639343,486511,
Jamaica,2021-11-19,"Johnson&Johnson, Moderna, Pfizer/BioNTech, Oxford/AstraZeneca",https://vaccination.moh.gov.jm/,1067575,641549,488824,
Jamaica,2021-11-20,"Johnson&Johnson, Moderna, Pfizer/BioNTech, Oxford/AstraZeneca",https://vaccination.moh.gov.jm/,1071648,644420,490610,
Jamaica,2021-11-21,"Johnson&Johnson, Moderna, Pfizer/BioNTech, Oxford/AstraZeneca",https://vaccination.moh.gov.jm/,1078932,649050,494390,
Jamaica,2021-11-23,"Johnson&Johnson, Moderna, Pfizer/BioNTech, Oxford/AstraZeneca",https://vaccination.moh.gov.jm/,1082214,650982,496231,
Jamaica,2021-11-24,"Johnson&Johnson, Moderna, Pfizer/BioNTech, Oxford/AstraZeneca",https://vaccination.moh.gov.jm/,1086928,653892,498762,
Jamaica,2021-11-25,"Johnson&Johnson, Moderna, Pfizer/BioNTech, Oxford/AstraZeneca",https://vaccination.moh.gov.jm/,1091252,656469,501046,
Jamaica,2021-11-26,"Johnson&Johnson, Moderna, Pfizer/BioNTech, Oxford/AstraZeneca",https://vaccination.moh.gov.jm/,1095662,658753,503676,
Jamaica,2021-11-27,"Johnson&Johnson, Moderna, Pfizer/BioNTech, Oxford/AstraZeneca",https://vaccination.moh.gov.jm/,1100168,661725,505892,
Jamaica,2021-11-29,"Johnson&Johnson, Moderna, Pfizer/BioNTech, Oxford/AstraZeneca",https://vaccination.moh.gov.jm/,1105495,665688,508031,
Jamaica,2021-11-30,"Johnson&Johnson, Moderna, Pfizer/BioNTech, Oxford/AstraZeneca",https://vaccination.moh.gov.jm/,1108662,667252,509116,
Jamaica,2021-12-01,"Johnson&Johnson, Moderna, Pfizer/BioNTech, Oxford/AstraZeneca",https://vaccination.moh.gov.jm/,1114343,671160,512634,
Jamaica,2021-12-02,"Johnson&Johnson, Moderna, Pfizer/BioNTech, Oxford/AstraZeneca",https://vaccination.moh.gov.jm/,1118396,673763,514418,
Jamaica,2021-12-03,"Johnson&Johnson, Moderna, Pfizer/BioNTech, Oxford/AstraZeneca",https://vaccination.moh.gov.jm/,1123483,676710,516958,
Jamaica,2021-12-04,"Johnson&Johnson, Moderna, Pfizer/BioNTech, Oxford/AstraZeneca",https://vaccination.moh.gov.jm/,1129743,680289,520011,
Jamaica,2021-12-05,"Johnson&Johnson, Moderna, Pfizer/BioNTech, Oxford/AstraZeneca",https://vaccination.moh.gov.jm/,1135059,682950,523049,
Jamaica,2021-12-06,"Johnson&Johnson, Moderna, Pfizer/BioNTech, Oxford/AstraZeneca",https://vaccination.moh.gov.jm/,1137614,684379,524454,
Jamaica,2021-12-07,"Johnson&Johnson, Moderna, Pfizer/BioNTech, Oxford/AstraZeneca",https://vaccination.moh.gov.jm/,1141057,686096,526371,
Jamaica,2021-12-08,"Johnson&Johnson, Moderna, Pfizer/BioNTech, Oxford/AstraZeneca",https://vaccination.moh.gov.jm/,1145290,688311,528705,
Jamaica,2021-12-09,"Johnson&Johnson, Moderna, Pfizer/BioNTech, Oxford/AstraZeneca",https://vaccination.moh.gov.jm/,1150000,690649,531405,
Jamaica,2021-12-10,"Johnson&Johnson, Moderna, Pfizer/BioNTech, Oxford/AstraZeneca",https://vaccination.moh.gov.jm/,1158552,694626,536572,
Jamaica,2021-12-12,"Johnson&Johnson, Moderna, Pfizer/BioNTech, Oxford/AstraZeneca",https://vaccination.moh.gov.jm/,1161250,695900,538182,
Jamaica,2021-12-13,"Johnson&Johnson, Moderna, Pfizer/BioNTech, Oxford/AstraZeneca",https://vaccination.moh.gov.jm/,1166958,698433,541880,
Jamaica,2021-12-15,"Johnson&Johnson, Moderna, Pfizer/BioNTech, Oxford/AstraZeneca",https://vaccination.moh.gov.jm/,1171054,700128,544552,
Jamaica,2021-12-16,"Johnson&Johnson, Moderna, Pfizer/BioNTech, Oxford/AstraZeneca",https://vaccination.moh.gov.jm/,1174215,701488,546563,
Jamaica,2021-12-17,"Johnson&Johnson, Moderna, Pfizer/BioNTech, Oxford/AstraZeneca",https://vaccination.moh.gov.jm/,1178462,703395,549156,
Jamaica,2021-12-18,"Johnson&Johnson, Moderna, Pfizer/BioNTech, Oxford/AstraZeneca",https://vaccination.moh.gov.jm/,1180792,704389,550657,
Jamaica,2021-12-19,"Johnson&Johnson, Moderna, Pfizer/BioNTech, Oxford/AstraZeneca",https://vaccination.moh.gov.jm/,1183388,705402,552370,
Jamaica,2021-12-20,"Johnson&Johnson, Moderna, Pfizer/BioNTech, Oxford/AstraZeneca",https://vaccination.moh.gov.jm/,1187237,707023,554863,
Jamaica,2021-12-22,"Johnson&Johnson, Moderna, Pfizer/BioNTech, Oxford/AstraZeneca",https://vaccination.moh.gov.jm/,1194304,708521,557360,
Jamaica,2021-12-23,"Johnson&Johnson, Moderna, Pfizer/BioNTech, Oxford/AstraZeneca",https://vaccination.moh.gov.jm/,1195126,708713,557863,
Jamaica,2021-12-24,"Johnson&Johnson, Moderna, Pfizer/BioNTech, Oxford/AstraZeneca",https://vaccination.moh.gov.jm/,1198014,709419,559797,
Jamaica,2021-12-25,"Johnson&Johnson, Moderna, Pfizer/BioNTech, Oxford/AstraZeneca",https://vaccination.moh.gov.jm/,1198937,709616,560475,3830
Jamaica,2021-12-26,"Johnson&Johnson, Moderna, Pfizer/BioNTech, Oxford/AstraZeneca",https://vaccination.moh.gov.jm/,1198938,709617,560475,3830
Jamaica,2021-12-28,"Johnson&Johnson, Moderna, Pfizer/BioNTech, Oxford/AstraZeneca",https://vaccination.moh.gov.jm/,1199076,709671,560561,3834
Jamaica,2021-12-30,"Johnson&Johnson, Moderna, Pfizer/BioNTech, Oxford/AstraZeneca",https://vaccination.moh.gov.jm/,1208785,712466,566887,4834
Jamaica,2022-01-01,"Johnson&Johnson, Moderna, Pfizer/BioNTech, Oxford/AstraZeneca",https://vaccination.moh.gov.jm/,1208789,712468,566889,4834
Jamaica,2022-01-04,"Johnson&Johnson, Moderna, Pfizer/BioNTech, Oxford/AstraZeneca",https://vaccination.moh.gov.jm/,1215081,714433,570801,5591
Jamaica,2022-01-05,"Johnson&Johnson, Moderna, Pfizer/BioNTech, Oxford/AstraZeneca",https://vaccination.moh.gov.jm/,1218281,715617,572287,6366
Jamaica,2022-01-07,"Johnson&Johnson, Moderna, Pfizer/BioNTech, Oxford/AstraZeneca",https://vaccination.moh.gov.jm/,1230936,720243,578403,9119
Jamaica,2022-01-08,"Johnson&Johnson, Moderna, Pfizer/BioNTech, Oxford/AstraZeneca",https://vaccination.moh.gov.jm/,1236487,722127,581375,10138
Jamaica,2022-01-10,"Johnson&Johnson, Moderna, Pfizer/BioNTech, Oxford/AstraZeneca",https://vaccination.moh.gov.jm/,1238642,722712,582583,10413
Jamaica,2022-01-11,"Johnson&Johnson, Moderna, Pfizer/BioNTech, Oxford/AstraZeneca",https://vaccination.moh.gov.jm/,1242001,724005,584455,10963
Jamaica,2022-01-12,"Johnson&Johnson, Moderna, Pfizer/BioNTech, Oxford/AstraZeneca",https://vaccination.moh.gov.jm/,1251085,727082,589580,12374
Jamaica,2022-01-14,"Johnson&Johnson, Moderna, Pfizer/BioNTech, Oxford/AstraZeneca",https://vaccination.moh.gov.jm/,1256326,728841,592407,13362
Jamaica,2022-01-15,"Johnson&Johnson, Moderna, Pfizer/BioNTech, Oxford/AstraZeneca",https://vaccination.moh.gov.jm/,1259808,729967,594224,14130
Jamaica,2022-01-16,"Johnson&Johnson, Moderna, Pfizer/BioNTech, Oxford/AstraZeneca",https://vaccination.moh.gov.jm/,1262064,730708,595627,14435
Jamaica,2022-01-17,"Johnson&Johnson, Moderna, Pfizer/BioNTech, Oxford/AstraZeneca",https://vaccination.moh.gov.jm/,1263191,731042,596286,14652
Jamaica,2022-01-18,"Johnson&Johnson, Moderna, Pfizer/BioNTech, Oxford/AstraZeneca",https://vaccination.moh.gov.jm/,1268947,733050,599531,15619
Jamaica,2022-01-19,"Johnson&Johnson, Moderna, Pfizer/BioNTech, Oxford/AstraZeneca",https://vaccination.moh.gov.jm/,1271148,733919,600808,15838
Jamaica,2022-01-20,"Johnson&Johnson, Moderna, Pfizer/BioNTech, Oxford/AstraZeneca",https://vaccination.moh.gov.jm/,1276028,735441,603731,16582
Jamaica,2022-01-21,"Johnson&Johnson, Moderna, Pfizer/BioNTech, Oxford/AstraZeneca",https://vaccination.moh.gov.jm/,1282313,737850,607138,17513
Jamaica,2022-01-23,"Johnson&Johnson, Moderna, Pfizer/BioNTech, Oxford/AstraZeneca",https://vaccination.moh.gov.jm/,1283812,738263,610503,17736
Jamaica,2022-01-25,"Johnson&Johnson, Moderna, Pfizer/BioNTech, Oxford/AstraZeneca",https://vaccination.moh.gov.jm/,1291923,740904,613112,18784
Jamaica,2022-01-27,"Johnson&Johnson, Moderna, Pfizer/BioNTech, Oxford/AstraZeneca",https://vaccination.moh.gov.jm/,1295447,742040,615083,19428
Jamaica,2022-01-28,"Johnson&Johnson, Moderna, Pfizer/BioNTech, Oxford/AstraZeneca",https://vaccination.moh.gov.jm/,1299316,743267,617302,20072
Jamaica,2022-01-30,"Johnson&Johnson, Moderna, Pfizer/BioNTech, Oxford/AstraZeneca",https://vaccination.moh.gov.jm/,1303471,744926,619800,20473
Jamaica,2022-01-31,"Johnson&Johnson, Moderna, Pfizer/BioNTech, Oxford/AstraZeneca",https://vaccination.moh.gov.jm/,1303898,745109,620024,20540
Jamaica,2022-02-01,"Johnson&Johnson, Moderna, Pfizer/BioNTech, Oxford/AstraZeneca",https://vaccination.moh.gov.jm/,1307228,746226,621870,21186
Jamaica,2022-02-02,"Johnson&Johnson, Moderna, Pfizer/BioNTech, Oxford/AstraZeneca",https://vaccination.moh.gov.jm/,1309184,746969,622972,21470
Jamaica,2022-02-03,"Johnson&Johnson, Moderna, Pfizer/BioNTech, Oxford/AstraZeneca",https://vaccination.moh.gov.jm/,1313305,748333,625287,22209
Jamaica,2022-02-04,"Johnson&Johnson, Moderna, Pfizer/BioNTech, Oxford/AstraZeneca",https://vaccination.moh.gov.jm/,1316236,749410,627023,22512
Jamaica,2022-02-05,"Johnson&Johnson, Moderna, Pfizer/BioNTech, Oxford/AstraZeneca",https://vaccination.moh.gov.jm/,1318426,750227,628252,22846
Jamaica,2022-02-06,"Johnson&Johnson, Moderna, Pfizer/BioNTech, Oxford/AstraZeneca",https://vaccination.moh.gov.jm/,1319443,750652,628813,22969
Jamaica,2022-02-08,"Johnson&Johnson, Moderna, Pfizer/BioNTech, Oxford/AstraZeneca",https://vaccination.moh.gov.jm/,1322141,751742,630412,23248
Jamaica,2022-02-09,"Johnson&Johnson, Moderna, Pfizer/BioNTech, Oxford/AstraZeneca",https://vaccination.moh.gov.jm/,1324934,752839,632097,23528
Jamaica,2022-02-10,"Johnson&Johnson, Moderna, Pfizer/BioNTech, Oxford/AstraZeneca",https://vaccination.moh.gov.jm/,1327491,753820,633573,23831
Jamaica,2022-02-11,"Johnson&Johnson, Moderna, Pfizer/BioNTech, Oxford/AstraZeneca",https://vaccination.moh.gov.jm/,1330479,755104,635321,24072
Jamaica,2022-02-12,"Johnson&Johnson, Moderna, Pfizer/BioNTech, Oxford/AstraZeneca",https://vaccination.moh.gov.jm/,1332934,756055,636803,24305
Jamaica,2022-02-13,"Johnson&Johnson, Moderna, Pfizer/BioNTech, Oxford/AstraZeneca",https://vaccination.moh.gov.jm/,1334176,756556,637492,24492
Jamaica,2022-02-14,"Johnson&Johnson, Moderna, Pfizer/BioNTech, Oxford/AstraZeneca",https://vaccination.moh.gov.jm/,1334731,756789,637767,24593
Jamaica,2022-02-15,"Johnson&Johnson, Moderna, Pfizer/BioNTech, Oxford/AstraZeneca",https://vaccination.moh.gov.jm/,1336634,757599,638911,24760
Jamaica,2022-02-16,"Johnson&Johnson, Moderna, Pfizer/BioNTech, Oxford/AstraZeneca",https://vaccination.moh.gov.jm/,1338726,758522,640109,24946
Jamaica,2022-02-17,"Johnson&Johnson, Moderna, Pfizer/BioNTech, Oxford/AstraZeneca",https://vaccination.moh.gov.jm/,1341368,759651,641591,25266
Jamaica,2022-02-18,"Johnson&Johnson, Moderna, Pfizer/BioNTech, Oxford/AstraZeneca",https://vaccination.moh.gov.jm/,1344079,760643,643040,25813
Jamaica,2022-02-20,"Johnson&Johnson, Moderna, Pfizer/BioNTech, Oxford/AstraZeneca",https://vaccination.moh.gov.jm/,1346390,761653,644286,26146
Jamaica,2022-02-21,"Johnson&Johnson, Moderna, Pfizer/BioNTech, Oxford/AstraZeneca",https://vaccination.moh.gov.jm/,1347061,761935,644621,26272
Jamaica,2022-02-22,"Johnson&Johnson, Moderna, Pfizer/BioNTech, Oxford/AstraZeneca",https://vaccination.moh.gov.jm/,1349548,762948,645998,26679
Jamaica,2022-02-23,"Johnson&Johnson, Moderna, Pfizer/BioNTech, Oxford/AstraZeneca",https://vaccination.moh.gov.jm/,1351493,763797,647106,26934
Jamaica,2022-02-24,"Johnson&Johnson, Moderna, Pfizer/BioNTech, Oxford/AstraZeneca",https://vaccination.moh.gov.jm/,1353947,764769,648481,27280
Jamaica,2022-02-25,"Johnson&Johnson, Moderna, Pfizer/BioNTech, Oxford/AstraZeneca",https://vaccination.moh.gov.jm/,1355915,765568,649570,27586
Jamaica,2022-02-26,"Johnson&Johnson, Moderna, Pfizer/BioNTech, Oxford/AstraZeneca",https://vaccination.moh.gov.jm/,1357931,766413,650753,27825
Jamaica,2022-02-27,"Johnson&Johnson, Moderna, Pfizer/BioNTech, Oxford/AstraZeneca",https://vaccination.moh.gov.jm/,1359009,766840,651319,28036
Jamaica,2022-02-28,"Johnson&Johnson, Moderna, Pfizer/BioNTech, Oxford/AstraZeneca",https://vaccination.moh.gov.jm/,1359844,767077,651707,28301
