location,date,vaccine,source_url,total_vaccinations,people_vaccinated,people_fully_vaccinated,total_boosters
Jersey,2021-03-14,"Oxford/AstraZeneca, Pfizer/BioNTech",https://www.gov.je/Datasets/ListOpenData?ListName=COVID19Weekly&clean=true,45758,40137,5621,
Jersey,2021-03-21,"Oxford/AstraZeneca, Pfizer/BioNTech",https://www.gov.je/Datasets/ListOpenData?ListName=COVID19Weekly&clean=true,52265,43136,9129,
Jersey,2021-03-28,"Oxford/AstraZeneca, Pfizer/BioNTech",https://www.gov.je/Datasets/ListOpenData?ListName=COVID19Weekly&clean=true,59132,44318,14814,
Jersey,2021-04-04,"Oxford/AstraZeneca, Pfizer/BioNTech",https://www.gov.je/Datasets/ListOpenData?ListName=COVID19Weekly&clean=true,67760,44981,22779,
Jersey,2021-04-11,"Moderna, Oxford/AstraZeneca, Pfizer/BioNTech",https://www.gov.je/Datasets/ListOpenData?ListName=COVID19Weekly&clean=true,70859,45585,25274,
Jersey,2021-04-18,"Moderna, Oxford/AstraZeneca, Pfizer/BioNTech",https://www.gov.je/Datasets/ListOpenData?ListName=COVID19Weekly&clean=true,77185,49413,27772,
Jersey,2021-04-25,"Moderna, Oxford/AstraZeneca, Pfizer/BioNTech",https://www.gov.je/Datasets/ListOpenData?ListName=COVID19Weekly&clean=true,82738,52405,30333,
Jersey,2021-05-02,"Moderna, Oxford/AstraZeneca, Pfizer/BioNTech",https://www.gov.je/Datasets/ListOpenData?ListName=COVID19Weekly&clean=true,88404,52891,35513,
Jersey,2021-05-12,"Moderna, Oxford/AstraZeneca, Pfizer/BioNTech",https://www.gov.je/Datasets/ListOpenData?ListName=COVID19Weekly&clean=true,94574,55684,38890,
Jersey,2021-05-16,"Moderna, Oxford/AstraZeneca, Pfizer/BioNTech",https://www.gov.je/Datasets/ListOpenData?ListName=COVID19Weekly&clean=true,97366,57124,40242,
Jersey,2021-05-19,"Moderna, Oxford/AstraZeneca, Pfizer/BioNTech",https://www.gov.je/Datasets/ListOpenData?ListName=COVID19Weekly&clean=true,99736,59281,40455,
Jersey,2021-05-23,"Moderna, Oxford/AstraZeneca, Pfizer/BioNTech",https://www.gov.je/Datasets/ListOpenData?ListName=COVID19Weekly&clean=true,103044,59388,43656,
Jersey,2021-05-26,"Moderna, Oxford/AstraZeneca, Pfizer/BioNTech",https://www.gov.je/Datasets/ListOpenData?ListName=COVID19Weekly&clean=true,105714,60116,45598,
Jersey,2021-05-30,"Moderna, Oxford/AstraZeneca, Pfizer/BioNTech",https://www.gov.je/Datasets/ListOpenData?ListName=COVID19Weekly&clean=true,108577,60961,47616,
Jersey,2021-06-02,"Moderna, Oxford/AstraZeneca, Pfizer/BioNTech",https://www.gov.je/Datasets/ListOpenData?ListName=COVID19Weekly&clean=true,110975,61284,49691,
Jersey,2021-06-06,"Moderna, Oxford/AstraZeneca, Pfizer/BioNTech",https://www.gov.je/Datasets/ListOpenData?ListName=COVID19Weekly&clean=true,113192,63340,49852,
Jersey,2021-06-09,"Moderna, Oxford/AstraZeneca, Pfizer/BioNTech",https://www.gov.je/Datasets/ListOpenData?ListName=COVID19Weekly&clean=true,114615,64541,50074,
Jersey,2021-06-13,"Moderna, Oxford/AstraZeneca, Pfizer/BioNTech",https://www.gov.je/Datasets/ListOpenData?ListName=COVID19Weekly&clean=true,116607,65146,51461,
Jersey,2021-06-16,"Moderna, Oxford/AstraZeneca, Pfizer/BioNTech",https://www.gov.je/Datasets/ListOpenData?ListName=COVID19Weekly&clean=true,118216,66606,51610,
Jersey,2021-06-20,"Moderna, Oxford/AstraZeneca, Pfizer/BioNTech",https://www.gov.je/Datasets/ListOpenData?ListName=COVID19Weekly&clean=true,119975,68210,51765,
Jersey,2021-06-23,"Moderna, Oxford/AstraZeneca, Pfizer/BioNTech",https://www.gov.je/Datasets/ListOpenData?ListName=COVID19Weekly&clean=true,121209,69246,51963,
Jersey,2021-06-27,"Moderna, Oxford/AstraZeneca, Pfizer/BioNTech",https://www.gov.je/Datasets/ListOpenData?ListName=COVID19Weekly&clean=true,122930,70335,52595,
Jersey,2021-07-04,"Moderna, Oxford/AstraZeneca, Pfizer/BioNTech",https://www.gov.je/Datasets/ListOpenData?ListName=COVID19Weekly&clean=true,126554,71444,55110,
Jersey,2021-07-07,"Moderna, Oxford/AstraZeneca, Pfizer/BioNTech",https://www.gov.je/Datasets/ListOpenData?ListName=COVID19Weekly&clean=true,128652,71671,56981,
Jersey,2021-07-11,"Moderna, Oxford/AstraZeneca, Pfizer/BioNTech",https://www.gov.je/Datasets/ListOpenData?ListName=COVID19Weekly&clean=true,130793,72369,58424,
Jersey,2021-07-14,"Moderna, Oxford/AstraZeneca, Pfizer/BioNTech",https://www.gov.je/Datasets/ListOpenData?ListName=COVID19Weekly&clean=true,132739,72703,60036,
Jersey,2021-07-18,"Moderna, Oxford/AstraZeneca, Pfizer/BioNTech",https://www.gov.je/Datasets/ListOpenData?ListName=COVID19Weekly&clean=true,135379,73170,62209,
Jersey,2021-07-21,"Moderna, Oxford/AstraZeneca, Pfizer/BioNTech",https://www.gov.je/Datasets/ListOpenData?ListName=COVID19Weekly&clean=true,137530,73568,63962,
Jersey,2021-07-25,"Moderna, Oxford/AstraZeneca, Pfizer/BioNTech",https://www.gov.je/Datasets/ListOpenData?ListName=COVID19Weekly&clean=true,140245,73964,66281,
Jersey,2021-07-28,"Moderna, Oxford/AstraZeneca, Pfizer/BioNTech",https://www.gov.je/Datasets/ListOpenData?ListName=COVID19Weekly&clean=true,142066,74267,67799,
Jersey,2021-08-01,"Moderna, Oxford/AstraZeneca, Pfizer/BioNTech",https://www.gov.je/Datasets/ListOpenData?ListName=COVID19Weekly&clean=true,143244,74511,68733,
Jersey,2021-08-04,"Moderna, Oxford/AstraZeneca, Pfizer/BioNTech",https://www.gov.je/Datasets/ListOpenData?ListName=COVID19Weekly&clean=true,144126,74710,69416,
Jersey,2021-08-08,"Moderna, Oxford/AstraZeneca, Pfizer/BioNTech",https://www.gov.je/Datasets/ListOpenData?ListName=COVID19Weekly&clean=true,144896,74899,69997,
Jersey,2021-08-11,"Moderna, Oxford/AstraZeneca, Pfizer/BioNTech",https://www.gov.je/Datasets/ListOpenData?ListName=COVID19Weekly&clean=true,145657,75249,70408,
Jersey,2021-08-15,"Moderna, Oxford/AstraZeneca, Pfizer/BioNTech",https://www.gov.je/Datasets/ListOpenData?ListName=COVID19Weekly&clean=true,146439,75506,70933,
Jersey,2021-08-18,"Moderna, Oxford/AstraZeneca, Pfizer/BioNTech",https://www.gov.je/Datasets/ListOpenData?ListName=COVID19Weekly&clean=true,146855,75674,71181,
Jersey,2021-08-22,"Moderna, Oxford/AstraZeneca, Pfizer/BioNTech",https://www.gov.je/Datasets/ListOpenData?ListName=COVID19Weekly&clean=true,147643,75860,71783,
Jersey,2021-08-29,"Moderna, Oxford/AstraZeneca, Pfizer/BioNTech",https://www.gov.je/Datasets/ListOpenData?ListName=COVID19Weekly&clean=true,148729,76256,72473,
Jersey,2021-09-01,"Moderna, Oxford/AstraZeneca, Pfizer/BioNTech",https://www.gov.je/Datasets/ListOpenData?ListName=COVID19Weekly&clean=true,149353,76478,72875,
Jersey,2021-09-05,"Moderna, Oxford/AstraZeneca, Pfizer/BioNTech",https://www.gov.je/Datasets/ListOpenData?ListName=COVID19Weekly&clean=true,149748,76630,73118,
Jersey,2021-09-08,"Moderna, Oxford/AstraZeneca, Pfizer/BioNTech",https://www.gov.je/Datasets/ListOpenData?ListName=COVID19Weekly&clean=true,150070,76723,73347,
Jersey,2021-09-12,"Moderna, Oxford/AstraZeneca, Pfizer/BioNTech",https://www.gov.je/Datasets/ListOpenData?ListName=COVID19Weekly&clean=true,150379,76818,73561,
Jersey,2021-09-15,"Moderna, Oxford/AstraZeneca, Pfizer/BioNTech",https://www.gov.je/Datasets/ListOpenData?ListName=COVID19Weekly&clean=true,150652,76918,73734,
Jersey,2021-09-19,"Moderna, Oxford/AstraZeneca, Pfizer/BioNTech",https://www.gov.je/Datasets/ListOpenData?ListName=COVID19Weekly&clean=true,150891,76998,73893,
Jersey,2021-09-22,"Moderna, Oxford/AstraZeneca, Pfizer/BioNTech",https://www.gov.je/Datasets/ListOpenData?ListName=COVID19Weekly&clean=true,151059,77089,73970,
Jersey,2021-09-26,"Moderna, Oxford/AstraZeneca, Pfizer/BioNTech",https://www.gov.je/Datasets/ListOpenData?ListName=COVID19Weekly&clean=true,153196,77168,74026,2002
Jersey,2021-09-29,"Moderna, Oxford/AstraZeneca, Pfizer/BioNTech",https://www.gov.je/Datasets/ListOpenData?ListName=COVID19Weekly&clean=true,154921,77423,74080,3418
Jersey,2021-10-03,"Moderna, Oxford/AstraZeneca, Pfizer/BioNTech",https://www.gov.je/Datasets/ListOpenData?ListName=COVID19Weekly&clean=true,157280,77796,74147,5337
Jersey,2021-10-06,"Moderna, Oxford/AstraZeneca, Pfizer/BioNTech",https://www.gov.je/Datasets/ListOpenData?ListName=COVID19Weekly&clean=true,159090,77925,74198,6967
Jersey,2021-10-13,"Moderna, Oxford/AstraZeneca, Pfizer/BioNTech",https://www.gov.je/Datasets/ListOpenData?ListName=COVID19Weekly&clean=true,162928,78261,74327,10340
Jersey,2021-10-17,"Moderna, Oxford/AstraZeneca, Pfizer/BioNTech",https://www.gov.je/Datasets/ListOpenData?ListName=COVID19Weekly&clean=true,165076,78415,74390,12271
Jersey,2021-10-20,"Moderna, Oxford/AstraZeneca, Pfizer/BioNTech",https://www.gov.je/Datasets/ListOpenData?ListName=COVID19Weekly&clean=true,166909,78537,74457,13915
Jersey,2021-10-24,"Moderna, Oxford/AstraZeneca, Pfizer/BioNTech",https://www.gov.je/Datasets/ListOpenData?ListName=COVID19Weekly&clean=true,169124,78701,74525,15898
Jersey,2021-10-27,"Moderna, Oxford/AstraZeneca, Pfizer/BioNTech",https://www.gov.je/Datasets/ListOpenData?ListName=COVID19Weekly&clean=true,170775,78809,74589,17377
Jersey,2021-10-31,"Moderna, Oxford/AstraZeneca, Pfizer/BioNTech",https://www.gov.je/Datasets/ListOpenData?ListName=COVID19Weekly&clean=true,172720,78947,74651,19122
Jersey,2021-11-03,"Moderna, Oxford/AstraZeneca, Pfizer/BioNTech",https://www.gov.je/Datasets/ListOpenData?ListName=COVID19Weekly&clean=true,174137,78978,74681,20478
Jersey,2021-11-07,"Moderna, Oxford/AstraZeneca, Pfizer/BioNTech",https://www.gov.je/Datasets/ListOpenData?ListName=COVID19Weekly&clean=true,176025,79076,74737,22212
Jersey,2021-11-10,"Moderna, Oxford/AstraZeneca, Pfizer/BioNTech",https://www.gov.je/Datasets/ListOpenData?ListName=COVID19Weekly&clean=true,177513,79166,74817,23530
Jersey,2021-11-14,"Moderna, Oxford/AstraZeneca, Pfizer/BioNTech",https://www.gov.je/Datasets/ListOpenData?ListName=COVID19Weekly&clean=true,179485,79346,74906,25233
Jersey,2021-11-17,"Moderna, Oxford/AstraZeneca, Pfizer/BioNTech",https://www.gov.je/Datasets/ListOpenData?ListName=COVID19Weekly&clean=true,181102,79414,74973,26715
Jersey,2021-11-21,"Moderna, Oxford/AstraZeneca, Pfizer/BioNTech",https://www.gov.je/Datasets/ListOpenData?ListName=COVID19Weekly&clean=true,183066,79571,75089,28406
Jersey,2021-11-24,"Moderna, Oxford/AstraZeneca, Pfizer/BioNTech",https://www.gov.je/Datasets/ListOpenData?ListName=COVID19Weekly&clean=true,184891,79684,75166,30041
Jersey,2021-11-28,"Moderna, Oxford/AstraZeneca, Pfizer/BioNTech",https://www.gov.je/Datasets/ListOpenData?ListName=COVID19Weekly&clean=true,187228,79851,75335,32042
Jersey,2021-12-01,"Moderna, Oxford/AstraZeneca, Pfizer/BioNTech",https://www.gov.je/Datasets/ListOpenData?ListName=COVID19Weekly&clean=true,189531,80111,75561,33859
Jersey,2021-12-05,"Moderna, Oxford/AstraZeneca, Pfizer/BioNTech",https://www.gov.je/Datasets/ListOpenData?ListName=COVID19Weekly&clean=true,192065,80282,75778,36005
Jersey,2021-12-08,"Moderna, Oxford/AstraZeneca, Pfizer/BioNTech",https://www.gov.je/Datasets/ListOpenData?ListName=COVID19Weekly&clean=true,194274,80449,75960,37865
Jersey,2021-12-12,"Moderna, Oxford/AstraZeneca, Pfizer/BioNTech",https://www.gov.je/Datasets/ListOpenData?ListName=COVID19Weekly&clean=true,196865,80602,76133,40130
Jersey,2021-12-15,"Moderna, Oxford/AstraZeneca, Pfizer/BioNTech",https://www.gov.je/Datasets/ListOpenData?ListName=COVID19Weekly&clean=true,199488,80760,76307,42421
Jersey,2021-12-19,"Moderna, Oxford/AstraZeneca, Pfizer/BioNTech",https://www.gov.je/Datasets/ListOpenData?ListName=COVID19Weekly&clean=true,202739,80892,76464,45383
Jersey,2021-12-26,"Moderna, Oxford/AstraZeneca, Pfizer/BioNTech",https://www.gov.je/Datasets/ListOpenData?ListName=COVID19Weekly&clean=true,206976,81104,76747,49125
Jersey,2021-12-29,"Moderna, Oxford/AstraZeneca, Pfizer/BioNTech",https://www.gov.je/Datasets/ListOpenData?ListName=COVID19Weekly&clean=true,209935,81467,76997,51471
Jersey,2022-01-02,"Moderna, Oxford/AstraZeneca, Pfizer/BioNTech",https://www.gov.je/Datasets/ListOpenData?ListName=COVID19Weekly&clean=true,211427,81550,77133,52744
Jersey,2022-01-05,"Moderna, Oxford/AstraZeneca, Pfizer/BioNTech",https://www.gov.je/Datasets/ListOpenData?ListName=COVID19Weekly&clean=true,213492,81670,77327,54495
Jersey,2022-01-09,"Moderna, Oxford/AstraZeneca, Pfizer/BioNTech",https://www.gov.je/Datasets/ListOpenData?ListName=COVID19Weekly&clean=true,215231,81762,77494,55975
Jersey,2022-01-12,"Moderna, Oxford/AstraZeneca, Pfizer/BioNTech",https://www.gov.je/Datasets/ListOpenData?ListName=COVID19Weekly&clean=true,216476,81869,77637,56970
Jersey,2022-01-16,"Moderna, Oxford/AstraZeneca, Pfizer/BioNTech",https://www.gov.je/Datasets/ListOpenData?ListName=COVID19Weekly&clean=true,217598,81954,77797,57847
Jersey,2022-01-19,"Moderna, Oxford/AstraZeneca, Pfizer/BioNTech",https://www.gov.je/Datasets/ListOpenData?ListName=COVID19Weekly&clean=true,218226,82027,77911,58288
Jersey,2022-01-23,"Moderna, Oxford/AstraZeneca, Pfizer/BioNTech",https://www.gov.je/Datasets/ListOpenData?ListName=COVID19Weekly&clean=true,218898,82107,78042,58749
Jersey,2022-01-26,"Moderna, Oxford/AstraZeneca, Pfizer/BioNTech",https://www.gov.je/Datasets/ListOpenData?ListName=COVID19Weekly&clean=true,219359,82183,78122,59054
Jersey,2022-01-30,"Moderna, Oxford/AstraZeneca, Pfizer/BioNTech",https://www.gov.je/Datasets/ListOpenData?ListName=COVID19Weekly&clean=true,219845,82242,78223,59380
Jersey,2022-02-06,"Moderna, Oxford/AstraZeneca, Pfizer/BioNTech",https://www.gov.je/Datasets/ListOpenData?ListName=COVID19Weekly&clean=true,220629,82377,78403,59849
Jersey,2022-02-13,"Moderna, Oxford/AstraZeneca, Pfizer/BioNTech",https://www.gov.je/Datasets/ListOpenData?ListName=COVID19Weekly&clean=true,221231,82474,78544,60213
Jersey,2022-02-24,"Moderna, Oxford/AstraZeneca, Pfizer/BioNTech",https://www.gov.je/Datasets/ListOpenData?ListName=COVID19Weekly&clean=true,221940,82582,78825,60533
