location,date,vaccine,source_url,total_vaccinations,people_vaccinated,people_fully_vaccinated,total_boosters
Liechtenstein,2020-12-21,Pfizer/BioNTech,https://opendata.swiss/en/dataset/covid-19-schweiz?detGeo=FL,0,0,0,0
Liechtenstein,2020-12-22,Pfizer/BioNTech,https://opendata.swiss/en/dataset/covid-19-schweiz?detGeo=FL,0,0,0,0
Liechtenstein,2020-12-23,Pfizer/BioNTech,https://opendata.swiss/en/dataset/covid-19-schweiz?detGeo=FL,0,0,0,0
Liechtenstein,2020-12-24,Pfizer/BioNTech,https://opendata.swiss/en/dataset/covid-19-schweiz?detGeo=FL,0,0,0,0
Liechtenstein,2020-12-25,Pfizer/BioNTech,https://opendata.swiss/en/dataset/covid-19-schweiz?detGeo=FL,0,0,0,0
Liechtenstein,2020-12-26,Pfizer/BioNTech,https://opendata.swiss/en/dataset/covid-19-schweiz?detGeo=FL,0,0,0,0
Liechtenstein,2020-12-27,Pfizer/BioNTech,https://opendata.swiss/en/dataset/covid-19-schweiz?detGeo=FL,0,0,0,0
Liechtenstein,2020-12-28,Pfizer/BioNTech,https://opendata.swiss/en/dataset/covid-19-schweiz?detGeo=FL,0,0,0,0
Liechtenstein,2020-12-29,Pfizer/BioNTech,https://opendata.swiss/en/dataset/covid-19-schweiz?detGeo=FL,0,0,0,0
Liechtenstein,2020-12-30,Pfizer/BioNTech,https://opendata.swiss/en/dataset/covid-19-schweiz?detGeo=FL,0,0,0,0
Liechtenstein,2020-12-31,Pfizer/BioNTech,https://opendata.swiss/en/dataset/covid-19-schweiz?detGeo=FL,0,0,0,0
Liechtenstein,2021-01-01,Pfizer/BioNTech,https://opendata.swiss/en/dataset/covid-19-schweiz?detGeo=FL,0,0,0,0
Liechtenstein,2021-01-02,Pfizer/BioNTech,https://opendata.swiss/en/dataset/covid-19-schweiz?detGeo=FL,0,0,0,0
Liechtenstein,2021-01-03,Pfizer/BioNTech,https://opendata.swiss/en/dataset/covid-19-schweiz?detGeo=FL,0,0,0,0
Liechtenstein,2021-01-04,Pfizer/BioNTech,https://opendata.swiss/en/dataset/covid-19-schweiz?detGeo=FL,2,2,0,0
Liechtenstein,2021-01-05,Pfizer/BioNTech,https://opendata.swiss/en/dataset/covid-19-schweiz?detGeo=FL,2,2,0,0
Liechtenstein,2021-01-06,Pfizer/BioNTech,https://opendata.swiss/en/dataset/covid-19-schweiz?detGeo=FL,5,5,0,0
Liechtenstein,2021-01-07,Pfizer/BioNTech,https://opendata.swiss/en/dataset/covid-19-schweiz?detGeo=FL,6,6,0,0
Liechtenstein,2021-01-08,Pfizer/BioNTech,https://opendata.swiss/en/dataset/covid-19-schweiz?detGeo=FL,6,6,0,0
Liechtenstein,2021-01-09,Pfizer/BioNTech,https://opendata.swiss/en/dataset/covid-19-schweiz?detGeo=FL,6,6,0,0
Liechtenstein,2021-01-10,Pfizer/BioNTech,https://opendata.swiss/en/dataset/covid-19-schweiz?detGeo=FL,6,6,0,0
Liechtenstein,2021-01-11,Pfizer/BioNTech,https://opendata.swiss/en/dataset/covid-19-schweiz?detGeo=FL,7,7,0,0
Liechtenstein,2021-01-12,Pfizer/BioNTech,https://opendata.swiss/en/dataset/covid-19-schweiz?detGeo=FL,17,17,0,0
Liechtenstein,2021-01-13,Pfizer/BioNTech,https://opendata.swiss/en/dataset/covid-19-schweiz?detGeo=FL,17,17,0,0
Liechtenstein,2021-01-14,Pfizer/BioNTech,https://opendata.swiss/en/dataset/covid-19-schweiz?detGeo=FL,24,24,0,0
Liechtenstein,2021-01-15,Pfizer/BioNTech,https://opendata.swiss/en/dataset/covid-19-schweiz?detGeo=FL,44,44,0,0
Liechtenstein,2021-01-16,Pfizer/BioNTech,https://opendata.swiss/en/dataset/covid-19-schweiz?detGeo=FL,46,46,0,0
Liechtenstein,2021-01-17,Pfizer/BioNTech,https://opendata.swiss/en/dataset/covid-19-schweiz?detGeo=FL,46,46,0,0
Liechtenstein,2021-01-18,Pfizer/BioNTech,https://opendata.swiss/en/dataset/covid-19-schweiz?detGeo=FL,126,126,0,0
Liechtenstein,2021-01-19,Pfizer/BioNTech,https://opendata.swiss/en/dataset/covid-19-schweiz?detGeo=FL,211,211,0,0
Liechtenstein,2021-01-20,Pfizer/BioNTech,https://opendata.swiss/en/dataset/covid-19-schweiz?detGeo=FL,264,264,0,0
Liechtenstein,2021-01-21,Pfizer/BioNTech,https://opendata.swiss/en/dataset/covid-19-schweiz?detGeo=FL,322,322,0,0
Liechtenstein,2021-01-22,Pfizer/BioNTech,https://opendata.swiss/en/dataset/covid-19-schweiz?detGeo=FL,375,375,0,0
Liechtenstein,2021-01-23,Pfizer/BioNTech,https://opendata.swiss/en/dataset/covid-19-schweiz?detGeo=FL,380,380,0,0
Liechtenstein,2021-01-24,Pfizer/BioNTech,https://opendata.swiss/en/dataset/covid-19-schweiz?detGeo=FL,380,380,0,0
Liechtenstein,2021-01-25,Pfizer/BioNTech,https://opendata.swiss/en/dataset/covid-19-schweiz?detGeo=FL,452,452,0,0
Liechtenstein,2021-01-26,Pfizer/BioNTech,https://opendata.swiss/en/dataset/covid-19-schweiz?detGeo=FL,527,527,0,0
Liechtenstein,2021-01-27,Pfizer/BioNTech,https://opendata.swiss/en/dataset/covid-19-schweiz?detGeo=FL,535,535,0,0
Liechtenstein,2021-01-28,Pfizer/BioNTech,https://opendata.swiss/en/dataset/covid-19-schweiz?detGeo=FL,662,662,0,0
Liechtenstein,2021-01-29,"Moderna, Pfizer/BioNTech",https://opendata.swiss/en/dataset/covid-19-schweiz?detGeo=FL,841,813,0,0
Liechtenstein,2021-01-30,"Moderna, Pfizer/BioNTech",https://opendata.swiss/en/dataset/covid-19-schweiz?detGeo=FL,841,817,0,0
Liechtenstein,2021-01-31,"Moderna, Pfizer/BioNTech",https://opendata.swiss/en/dataset/covid-19-schweiz?detGeo=FL,841,818,0,0
Liechtenstein,2021-02-01,"Moderna, Pfizer/BioNTech",https://opendata.swiss/en/dataset/covid-19-schweiz?detGeo=FL,841,820,1,0
Liechtenstein,2021-02-02,"Moderna, Pfizer/BioNTech",https://opendata.swiss/en/dataset/covid-19-schweiz?detGeo=FL,841,837,5,0
Liechtenstein,2021-02-03,"Moderna, Pfizer/BioNTech",https://opendata.swiss/en/dataset/covid-19-schweiz?detGeo=FL,846,841,9,0
Liechtenstein,2021-02-04,"Moderna, Pfizer/BioNTech",https://opendata.swiss/en/dataset/covid-19-schweiz?detGeo=FL,882,882,10,0
Liechtenstein,2021-02-05,"Moderna, Pfizer/BioNTech",https://opendata.swiss/en/dataset/covid-19-schweiz?detGeo=FL,893,893,32,0
Liechtenstein,2021-02-06,"Moderna, Pfizer/BioNTech",https://opendata.swiss/en/dataset/covid-19-schweiz?detGeo=FL,893,893,32,0
Liechtenstein,2021-02-07,"Moderna, Pfizer/BioNTech",https://opendata.swiss/en/dataset/covid-19-schweiz?detGeo=FL,893,893,32,0
Liechtenstein,2021-02-08,"Moderna, Pfizer/BioNTech",https://opendata.swiss/en/dataset/covid-19-schweiz?detGeo=FL,952,895,115,0
Liechtenstein,2021-02-09,"Moderna, Pfizer/BioNTech",https://opendata.swiss/en/dataset/covid-19-schweiz?detGeo=FL,1027,897,194,0
Liechtenstein,2021-02-10,"Moderna, Pfizer/BioNTech",https://opendata.swiss/en/dataset/covid-19-schweiz?detGeo=FL,1080,904,243,0
Liechtenstein,2021-02-11,"Moderna, Pfizer/BioNTech",https://opendata.swiss/en/dataset/covid-19-schweiz?detGeo=FL,1145,910,300,0
Liechtenstein,2021-02-12,"Moderna, Pfizer/BioNTech",https://opendata.swiss/en/dataset/covid-19-schweiz?detGeo=FL,1175,913,348,0
Liechtenstein,2021-02-13,"Moderna, Pfizer/BioNTech",https://opendata.swiss/en/dataset/covid-19-schweiz?detGeo=FL,1175,913,348,0
Liechtenstein,2021-02-14,"Moderna, Pfizer/BioNTech",https://opendata.swiss/en/dataset/covid-19-schweiz?detGeo=FL,1175,913,348,0
Liechtenstein,2021-02-15,"Moderna, Pfizer/BioNTech",https://opendata.swiss/en/dataset/covid-19-schweiz?detGeo=FL,1250,915,414,0
Liechtenstein,2021-02-16,"Moderna, Pfizer/BioNTech",https://opendata.swiss/en/dataset/covid-19-schweiz?detGeo=FL,1495,1117,469,0
Liechtenstein,2021-02-17,"Moderna, Pfizer/BioNTech",https://opendata.swiss/en/dataset/covid-19-schweiz?detGeo=FL,1696,1317,470,0
Liechtenstein,2021-02-18,"Moderna, Pfizer/BioNTech",https://opendata.swiss/en/dataset/covid-19-schweiz?detGeo=FL,1816,1444,472,0
Liechtenstein,2021-02-19,"Moderna, Pfizer/BioNTech",https://opendata.swiss/en/dataset/covid-19-schweiz?detGeo=FL,1816,1447,508,0
Liechtenstein,2021-02-20,"Moderna, Pfizer/BioNTech",https://opendata.swiss/en/dataset/covid-19-schweiz?detGeo=FL,1816,1447,508,0
Liechtenstein,2021-02-21,"Moderna, Pfizer/BioNTech",https://opendata.swiss/en/dataset/covid-19-schweiz?detGeo=FL,1816,1447,508,0
Liechtenstein,2021-02-22,"Moderna, Pfizer/BioNTech",https://opendata.swiss/en/dataset/covid-19-schweiz?detGeo=FL,2019,1650,508,0
Liechtenstein,2021-02-23,"Moderna, Pfizer/BioNTech",https://opendata.swiss/en/dataset/covid-19-schweiz?detGeo=FL,2223,1854,527,0
Liechtenstein,2021-02-24,"Moderna, Pfizer/BioNTech",https://opendata.swiss/en/dataset/covid-19-schweiz?detGeo=FL,2223,1854,532,0
Liechtenstein,2021-02-25,"Moderna, Pfizer/BioNTech",https://opendata.swiss/en/dataset/covid-19-schweiz?detGeo=FL,2412,1863,648,0
Liechtenstein,2021-02-26,"Moderna, Pfizer/BioNTech",https://opendata.swiss/en/dataset/covid-19-schweiz?detGeo=FL,2602,1863,817,0
Liechtenstein,2021-02-27,"Moderna, Pfizer/BioNTech",https://opendata.swiss/en/dataset/covid-19-schweiz?detGeo=FL,2602,1863,817,0
Liechtenstein,2021-02-28,"Moderna, Pfizer/BioNTech",https://opendata.swiss/en/dataset/covid-19-schweiz?detGeo=FL,2602,1863,817,0
Liechtenstein,2021-03-01,"Moderna, Pfizer/BioNTech",https://opendata.swiss/en/dataset/covid-19-schweiz?detGeo=FL,2602,1866,818,0
Liechtenstein,2021-03-02,"Moderna, Pfizer/BioNTech",https://opendata.swiss/en/dataset/covid-19-schweiz?detGeo=FL,2602,1870,834,0
Liechtenstein,2021-03-03,"Moderna, Pfizer/BioNTech",https://opendata.swiss/en/dataset/covid-19-schweiz?detGeo=FL,2724,1994,845,0
Liechtenstein,2021-03-04,"Moderna, Pfizer/BioNTech",https://opendata.swiss/en/dataset/covid-19-schweiz?detGeo=FL,2920,2195,855,0
Liechtenstein,2021-03-05,"Moderna, Pfizer/BioNTech",https://opendata.swiss/en/dataset/covid-19-schweiz?detGeo=FL,3129,2404,858,0
Liechtenstein,2021-03-06,"Moderna, Pfizer/BioNTech",https://opendata.swiss/en/dataset/covid-19-schweiz?detGeo=FL,3129,2405,861,0
Liechtenstein,2021-03-07,"Moderna, Pfizer/BioNTech",https://opendata.swiss/en/dataset/covid-19-schweiz?detGeo=FL,3129,2405,861,0
Liechtenstein,2021-03-08,"Moderna, Pfizer/BioNTech",https://opendata.swiss/en/dataset/covid-19-schweiz?detGeo=FL,3129,2405,866,0
Liechtenstein,2021-03-09,"Moderna, Pfizer/BioNTech",https://opendata.swiss/en/dataset/covid-19-schweiz?detGeo=FL,3340,2616,869,0
Liechtenstein,2021-03-10,"Moderna, Pfizer/BioNTech",https://opendata.swiss/en/dataset/covid-19-schweiz?detGeo=FL,3541,2821,871,0
Liechtenstein,2021-03-11,"Moderna, Pfizer/BioNTech",https://opendata.swiss/en/dataset/covid-19-schweiz?detGeo=FL,3780,3063,880,0
Liechtenstein,2021-03-12,"Moderna, Pfizer/BioNTech",https://opendata.swiss/en/dataset/covid-19-schweiz?detGeo=FL,3780,3063,882,0
Liechtenstein,2021-03-13,"Moderna, Pfizer/BioNTech",https://opendata.swiss/en/dataset/covid-19-schweiz?detGeo=FL,3780,3063,882,0
Liechtenstein,2021-03-14,"Moderna, Pfizer/BioNTech",https://opendata.swiss/en/dataset/covid-19-schweiz?detGeo=FL,3780,3063,882,0
Liechtenstein,2021-03-15,"Moderna, Pfizer/BioNTech",https://opendata.swiss/en/dataset/covid-19-schweiz?detGeo=FL,3790,3074,885,0
Liechtenstein,2021-03-16,"Moderna, Pfizer/BioNTech",https://opendata.swiss/en/dataset/covid-19-schweiz?detGeo=FL,4005,3097,1084,0
Liechtenstein,2021-03-17,"Moderna, Pfizer/BioNTech",https://opendata.swiss/en/dataset/covid-19-schweiz?detGeo=FL,4237,3131,1300,0
Liechtenstein,2021-03-18,"Moderna, Pfizer/BioNTech",https://opendata.swiss/en/dataset/covid-19-schweiz?detGeo=FL,4367,3148,1428,0
Liechtenstein,2021-03-19,"Moderna, Pfizer/BioNTech",https://opendata.swiss/en/dataset/covid-19-schweiz?detGeo=FL,4367,3149,1431,0
Liechtenstein,2021-03-20,"Moderna, Pfizer/BioNTech",https://opendata.swiss/en/dataset/covid-19-schweiz?detGeo=FL,4367,3149,1431,0
Liechtenstein,2021-03-21,"Moderna, Pfizer/BioNTech",https://opendata.swiss/en/dataset/covid-19-schweiz?detGeo=FL,4367,3149,1431,0
Liechtenstein,2021-03-22,"Moderna, Pfizer/BioNTech",https://opendata.swiss/en/dataset/covid-19-schweiz?detGeo=FL,4570,3152,1633,0
Liechtenstein,2021-03-23,"Moderna, Pfizer/BioNTech",https://opendata.swiss/en/dataset/covid-19-schweiz?detGeo=FL,4773,3165,1832,0
Liechtenstein,2021-03-24,"Moderna, Pfizer/BioNTech",https://opendata.swiss/en/dataset/covid-19-schweiz?detGeo=FL,5012,3410,1833,0
Liechtenstein,2021-03-25,"Moderna, Pfizer/BioNTech",https://opendata.swiss/en/dataset/covid-19-schweiz?detGeo=FL,5252,3652,1835,0
Liechtenstein,2021-03-26,"Moderna, Pfizer/BioNTech",https://opendata.swiss/en/dataset/covid-19-schweiz?detGeo=FL,5491,3894,1837,0
Liechtenstein,2021-03-27,"Moderna, Pfizer/BioNTech",https://opendata.swiss/en/dataset/covid-19-schweiz?detGeo=FL,5491,3894,1837,0
Liechtenstein,2021-03-28,"Moderna, Pfizer/BioNTech",https://opendata.swiss/en/dataset/covid-19-schweiz?detGeo=FL,5491,3894,1837,0
Liechtenstein,2021-03-29,"Moderna, Pfizer/BioNTech",https://opendata.swiss/en/dataset/covid-19-schweiz?detGeo=FL,5730,4137,1842,0
Liechtenstein,2021-03-30,"Moderna, Pfizer/BioNTech",https://opendata.swiss/en/dataset/covid-19-schweiz?detGeo=FL,5980,4381,1853,0
Liechtenstein,2021-03-31,"Moderna, Pfizer/BioNTech",https://opendata.swiss/en/dataset/covid-19-schweiz?detGeo=FL,6103,4385,1974,0
Liechtenstein,2021-04-01,"Moderna, Pfizer/BioNTech",https://opendata.swiss/en/dataset/covid-19-schweiz?detGeo=FL,6300,4387,2173,0
Liechtenstein,2021-04-02,"Moderna, Pfizer/BioNTech",https://opendata.swiss/en/dataset/covid-19-schweiz?detGeo=FL,6506,4389,2374,0
Liechtenstein,2021-04-03,"Moderna, Pfizer/BioNTech",https://opendata.swiss/en/dataset/covid-19-schweiz?detGeo=FL,6506,4389,2374,0
Liechtenstein,2021-04-04,"Moderna, Pfizer/BioNTech",https://opendata.swiss/en/dataset/covid-19-schweiz?detGeo=FL,6506,4389,2374,0
Liechtenstein,2021-04-05,"Moderna, Pfizer/BioNTech",https://opendata.swiss/en/dataset/covid-19-schweiz?detGeo=FL,6506,4389,2374,0
Liechtenstein,2021-04-06,"Moderna, Pfizer/BioNTech",https://opendata.swiss/en/dataset/covid-19-schweiz?detGeo=FL,6716,4392,2585,0
Liechtenstein,2021-04-07,"Moderna, Pfizer/BioNTech",https://opendata.swiss/en/dataset/covid-19-schweiz?detGeo=FL,6916,4392,2785,0
Liechtenstein,2021-04-08,"Moderna, Pfizer/BioNTech",https://opendata.swiss/en/dataset/covid-19-schweiz?detGeo=FL,7156,4397,3030,0
Liechtenstein,2021-04-09,"Moderna, Pfizer/BioNTech",https://opendata.swiss/en/dataset/covid-19-schweiz?detGeo=FL,7416,4635,3030,0
Liechtenstein,2021-04-10,"Moderna, Pfizer/BioNTech",https://opendata.swiss/en/dataset/covid-19-schweiz?detGeo=FL,7416,4640,3032,0
Liechtenstein,2021-04-11,"Moderna, Pfizer/BioNTech",https://opendata.swiss/en/dataset/covid-19-schweiz?detGeo=FL,7416,4640,3032,0
Liechtenstein,2021-04-12,"Moderna, Pfizer/BioNTech",https://opendata.swiss/en/dataset/covid-19-schweiz?detGeo=FL,7695,4907,3043,0
Liechtenstein,2021-04-13,"Moderna, Pfizer/BioNTech",https://opendata.swiss/en/dataset/covid-19-schweiz?detGeo=FL,7970,5167,3059,0
Liechtenstein,2021-04-14,"Moderna, Pfizer/BioNTech",https://opendata.swiss/en/dataset/covid-19-schweiz?detGeo=FL,8277,5456,3093,0
Liechtenstein,2021-04-15,"Moderna, Pfizer/BioNTech",https://opendata.swiss/en/dataset/covid-19-schweiz?detGeo=FL,8574,5746,3111,0
Liechtenstein,2021-04-16,"Moderna, Pfizer/BioNTech",https://opendata.swiss/en/dataset/covid-19-schweiz?detGeo=FL,8862,6035,3115,0
Liechtenstein,2021-04-17,"Moderna, Pfizer/BioNTech",https://opendata.swiss/en/dataset/covid-19-schweiz?detGeo=FL,8862,6035,3118,0
Liechtenstein,2021-04-18,"Moderna, Pfizer/BioNTech",https://opendata.swiss/en/dataset/covid-19-schweiz?detGeo=FL,8862,6035,3118,0
Liechtenstein,2021-04-19,"Moderna, Pfizer/BioNTech",https://opendata.swiss/en/dataset/covid-19-schweiz?detGeo=FL,9420,6588,3128,0
Liechtenstein,2021-04-20,"Moderna, Pfizer/BioNTech",https://opendata.swiss/en/dataset/covid-19-schweiz?detGeo=FL,9962,7132,3130,0
Liechtenstein,2021-04-21,"Moderna, Pfizer/BioNTech",https://opendata.swiss/en/dataset/covid-19-schweiz?detGeo=FL,10460,7393,3369,0
Liechtenstein,2021-04-22,"Moderna, Pfizer/BioNTech",https://opendata.swiss/en/dataset/covid-19-schweiz?detGeo=FL,10963,7665,3620,0
Liechtenstein,2021-04-23,"Moderna, Pfizer/BioNTech",https://opendata.swiss/en/dataset/covid-19-schweiz?detGeo=FL,11461,7932,3856,0
Liechtenstein,2021-04-24,"Moderna, Pfizer/BioNTech",https://opendata.swiss/en/dataset/covid-19-schweiz?detGeo=FL,11461,7934,3857,0
Liechtenstein,2021-04-25,"Moderna, Pfizer/BioNTech",https://opendata.swiss/en/dataset/covid-19-schweiz?detGeo=FL,11461,7934,3857,0
Liechtenstein,2021-04-26,"Moderna, Pfizer/BioNTech",https://opendata.swiss/en/dataset/covid-19-schweiz?detGeo=FL,11701,7938,4097,0
Liechtenstein,2021-04-27,"Moderna, Pfizer/BioNTech",https://opendata.swiss/en/dataset/covid-19-schweiz?detGeo=FL,11950,7957,4328,0
Liechtenstein,2021-04-28,"Moderna, Pfizer/BioNTech",https://opendata.swiss/en/dataset/covid-19-schweiz?detGeo=FL,12223,8232,4331,0
Liechtenstein,2021-04-29,"Moderna, Pfizer/BioNTech",https://opendata.swiss/en/dataset/covid-19-schweiz?detGeo=FL,12492,8503,4340,0
Liechtenstein,2021-04-30,"Moderna, Pfizer/BioNTech",https://opendata.swiss/en/dataset/covid-19-schweiz?detGeo=FL,13002,9007,4350,0
Liechtenstein,2021-05-01,"Moderna, Pfizer/BioNTech",https://opendata.swiss/en/dataset/covid-19-schweiz?detGeo=FL,13002,9008,4350,0
Liechtenstein,2021-05-02,"Moderna, Pfizer/BioNTech",https://opendata.swiss/en/dataset/covid-19-schweiz?detGeo=FL,13002,9008,4350,0
Liechtenstein,2021-05-03,"Moderna, Pfizer/BioNTech",https://opendata.swiss/en/dataset/covid-19-schweiz?detGeo=FL,13281,9286,4350,0
Liechtenstein,2021-05-04,"Moderna, Pfizer/BioNTech",https://opendata.swiss/en/dataset/covid-19-schweiz?detGeo=FL,13553,9558,4350,0
Liechtenstein,2021-05-05,"Moderna, Pfizer/BioNTech",https://opendata.swiss/en/dataset/covid-19-schweiz?detGeo=FL,13834,9837,4353,0
Liechtenstein,2021-05-06,"Moderna, Pfizer/BioNTech",https://opendata.swiss/en/dataset/covid-19-schweiz?detGeo=FL,14114,10116,4361,0
Liechtenstein,2021-05-07,"Moderna, Pfizer/BioNTech",https://opendata.swiss/en/dataset/covid-19-schweiz?detGeo=FL,14374,10122,4593,0
Liechtenstein,2021-05-08,"Moderna, Pfizer/BioNTech",https://opendata.swiss/en/dataset/covid-19-schweiz?detGeo=FL,14374,10125,4598,0
Liechtenstein,2021-05-09,"Moderna, Pfizer/BioNTech",https://opendata.swiss/en/dataset/covid-19-schweiz?detGeo=FL,14374,10125,4598,0
Liechtenstein,2021-05-10,"Moderna, Pfizer/BioNTech",https://opendata.swiss/en/dataset/covid-19-schweiz?detGeo=FL,14935,10424,4861,0
Liechtenstein,2021-05-11,"Moderna, Pfizer/BioNTech",https://opendata.swiss/en/dataset/covid-19-schweiz?detGeo=FL,15475,10710,5120,0
Liechtenstein,2021-05-12,"Moderna, Pfizer/BioNTech",https://opendata.swiss/en/dataset/covid-19-schweiz?detGeo=FL,15771,10720,5410,0
Liechtenstein,2021-05-13,"Moderna, Pfizer/BioNTech",https://opendata.swiss/en/dataset/covid-19-schweiz?detGeo=FL,16057,10724,5688,0
Liechtenstein,2021-05-14,"Moderna, Pfizer/BioNTech",https://opendata.swiss/en/dataset/covid-19-schweiz?detGeo=FL,16339,10732,5966,0
Liechtenstein,2021-05-15,"Moderna, Pfizer/BioNTech",https://opendata.swiss/en/dataset/covid-19-schweiz?detGeo=FL,16339,10736,5967,0
Liechtenstein,2021-05-16,"Moderna, Pfizer/BioNTech",https://opendata.swiss/en/dataset/covid-19-schweiz?detGeo=FL,16339,10736,5969,0
Liechtenstein,2021-05-17,"Moderna, Pfizer/BioNTech",https://opendata.swiss/en/dataset/covid-19-schweiz?detGeo=FL,16898,10751,6516,0
Liechtenstein,2021-05-18,"Moderna, Pfizer/BioNTech",https://opendata.swiss/en/dataset/covid-19-schweiz?detGeo=FL,17444,10760,7057,0
Liechtenstein,2021-05-19,"Moderna, Pfizer/BioNTech",https://opendata.swiss/en/dataset/covid-19-schweiz?detGeo=FL,17985,11040,7317,0
Liechtenstein,2021-05-20,"Moderna, Pfizer/BioNTech",https://opendata.swiss/en/dataset/covid-19-schweiz?detGeo=FL,18527,11327,7579,0
Liechtenstein,2021-05-21,"Moderna, Pfizer/BioNTech",https://opendata.swiss/en/dataset/covid-19-schweiz?detGeo=FL,19086,11624,7843,0
Liechtenstein,2021-05-22,"Moderna, Pfizer/BioNTech",https://opendata.swiss/en/dataset/covid-19-schweiz?detGeo=FL,19086,11624,7844,0
Liechtenstein,2021-05-23,"Moderna, Pfizer/BioNTech",https://opendata.swiss/en/dataset/covid-19-schweiz?detGeo=FL,19086,11624,7844,0
Liechtenstein,2021-05-24,"Moderna, Pfizer/BioNTech",https://opendata.swiss/en/dataset/covid-19-schweiz?detGeo=FL,19086,11624,7844,0
Liechtenstein,2021-05-25,"Moderna, Pfizer/BioNTech",https://opendata.swiss/en/dataset/covid-19-schweiz?detGeo=FL,19645,12185,7849,0
Liechtenstein,2021-05-26,"Moderna, Pfizer/BioNTech",https://opendata.swiss/en/dataset/covid-19-schweiz?detGeo=FL,20192,12470,8121,0
Liechtenstein,2021-05-27,"Moderna, Pfizer/BioNTech",https://opendata.swiss/en/dataset/covid-19-schweiz?detGeo=FL,20760,12768,8405,0
Liechtenstein,2021-05-28,"Moderna, Pfizer/BioNTech",https://opendata.swiss/en/dataset/covid-19-schweiz?detGeo=FL,21289,12779,8919,0
Liechtenstein,2021-05-29,"Moderna, Pfizer/BioNTech",https://opendata.swiss/en/dataset/covid-19-schweiz?detGeo=FL,21289,12779,8920,0
Liechtenstein,2021-05-30,"Moderna, Pfizer/BioNTech",https://opendata.swiss/en/dataset/covid-19-schweiz?detGeo=FL,21289,12779,8920,0
Liechtenstein,2021-05-31,"Moderna, Pfizer/BioNTech",https://opendata.swiss/en/dataset/covid-19-schweiz?detGeo=FL,21844,13054,9201,0
Liechtenstein,2021-06-01,"Moderna, Pfizer/BioNTech",https://opendata.swiss/en/dataset/covid-19-schweiz?detGeo=FL,22394,13343,9464,0
Liechtenstein,2021-06-02,"Moderna, Pfizer/BioNTech",https://opendata.swiss/en/dataset/covid-19-schweiz?detGeo=FL,22954,13635,9736,0
Liechtenstein,2021-06-03,"Moderna, Pfizer/BioNTech",https://opendata.swiss/en/dataset/covid-19-schweiz?detGeo=FL,23504,13921,10004,0
Liechtenstein,2021-06-04,"Moderna, Pfizer/BioNTech",https://opendata.swiss/en/dataset/covid-19-schweiz?detGeo=FL,24064,14478,10013,0
Liechtenstein,2021-06-05,"Moderna, Pfizer/BioNTech",https://opendata.swiss/en/dataset/covid-19-schweiz?detGeo=FL,24064,14479,10014,0
Liechtenstein,2021-06-06,"Moderna, Pfizer/BioNTech",https://opendata.swiss/en/dataset/covid-19-schweiz?detGeo=FL,24064,14479,10014,0
Liechtenstein,2021-06-07,"Moderna, Pfizer/BioNTech",https://opendata.swiss/en/dataset/covid-19-schweiz?detGeo=FL,24645,14763,10315,0
Liechtenstein,2021-06-08,"Moderna, Pfizer/BioNTech",https://opendata.swiss/en/dataset/covid-19-schweiz?detGeo=FL,25223,15053,10605,0
Liechtenstein,2021-06-09,"Moderna, Pfizer/BioNTech",https://opendata.swiss/en/dataset/covid-19-schweiz?detGeo=FL,25791,15622,10608,0
Liechtenstein,2021-06-10,"Moderna, Pfizer/BioNTech",https://opendata.swiss/en/dataset/covid-19-schweiz?detGeo=FL,26361,16185,10619,0
Liechtenstein,2021-06-11,"Moderna, Pfizer/BioNTech",https://opendata.swiss/en/dataset/covid-19-schweiz?detGeo=FL,26939,16728,10654,0
Liechtenstein,2021-06-12,"Moderna, Pfizer/BioNTech",https://opendata.swiss/en/dataset/covid-19-schweiz?detGeo=FL,26939,16728,10657,0
Liechtenstein,2021-06-13,"Moderna, Pfizer/BioNTech",https://opendata.swiss/en/dataset/covid-19-schweiz?detGeo=FL,26939,16728,10657,0
Liechtenstein,2021-06-14,"Moderna, Pfizer/BioNTech",https://opendata.swiss/en/dataset/covid-19-schweiz?detGeo=FL,27502,17285,10669,0
Liechtenstein,2021-06-15,"Moderna, Pfizer/BioNTech",https://opendata.swiss/en/dataset/covid-19-schweiz?detGeo=FL,28059,17843,10674,0
Liechtenstein,2021-06-16,"Moderna, Pfizer/BioNTech",https://opendata.swiss/en/dataset/covid-19-schweiz?detGeo=FL,28619,18129,10949,0
Liechtenstein,2021-06-17,"Moderna, Pfizer/BioNTech",https://opendata.swiss/en/dataset/covid-19-schweiz?detGeo=FL,29170,18417,11214,0
Liechtenstein,2021-06-18,"Moderna, Pfizer/BioNTech",https://opendata.swiss/en/dataset/covid-19-schweiz?detGeo=FL,29750,18703,11510,0
Liechtenstein,2021-06-19,"Moderna, Pfizer/BioNTech",https://opendata.swiss/en/dataset/covid-19-schweiz?detGeo=FL,29750,18703,11510,0
Liechtenstein,2021-06-20,"Moderna, Pfizer/BioNTech",https://opendata.swiss/en/dataset/covid-19-schweiz?detGeo=FL,29750,18703,11510,0
Liechtenstein,2021-06-21,"Moderna, Pfizer/BioNTech",https://opendata.swiss/en/dataset/covid-19-schweiz?detGeo=FL,29750,18704,11511,0
Liechtenstein,2021-06-22,"Moderna, Pfizer/BioNTech",https://opendata.swiss/en/dataset/covid-19-schweiz?detGeo=FL,30275,18707,12036,0
Liechtenstein,2021-06-23,"Moderna, Pfizer/BioNTech",https://opendata.swiss/en/dataset/covid-19-schweiz?detGeo=FL,30571,18723,12323,0
Liechtenstein,2021-06-24,"Moderna, Pfizer/BioNTech",https://opendata.swiss/en/dataset/covid-19-schweiz?detGeo=FL,31089,18934,12632,0
Liechtenstein,2021-06-25,"Moderna, Pfizer/BioNTech",https://opendata.swiss/en/dataset/covid-19-schweiz?detGeo=FL,31367,19194,12650,0
Liechtenstein,2021-06-26,"Moderna, Pfizer/BioNTech",https://opendata.swiss/en/dataset/covid-19-schweiz?detGeo=FL,31367,19194,12651,0
Liechtenstein,2021-06-27,"Moderna, Pfizer/BioNTech",https://opendata.swiss/en/dataset/covid-19-schweiz?detGeo=FL,31367,19194,12651,0
Liechtenstein,2021-06-28,"Moderna, Pfizer/BioNTech",https://opendata.swiss/en/dataset/covid-19-schweiz?detGeo=FL,31656,19225,12910,0
Liechtenstein,2021-06-29,"Moderna, Pfizer/BioNTech",https://opendata.swiss/en/dataset/covid-19-schweiz?detGeo=FL,31955,19245,13194,0
Liechtenstein,2021-06-30,"Moderna, Pfizer/BioNTech",https://opendata.swiss/en/dataset/covid-19-schweiz?detGeo=FL,32497,19512,13473,0
Liechtenstein,2021-07-01,"Moderna, Pfizer/BioNTech",https://opendata.swiss/en/dataset/covid-19-schweiz?detGeo=FL,33043,19790,13742,0
Liechtenstein,2021-07-02,"Moderna, Pfizer/BioNTech",https://opendata.swiss/en/dataset/covid-19-schweiz?detGeo=FL,33642,19845,14285,0
Liechtenstein,2021-07-03,"Moderna, Pfizer/BioNTech",https://opendata.swiss/en/dataset/covid-19-schweiz?detGeo=FL,33642,19845,14286,0
Liechtenstein,2021-07-04,"Moderna, Pfizer/BioNTech",https://opendata.swiss/en/dataset/covid-19-schweiz?detGeo=FL,33642,19845,14286,0
Liechtenstein,2021-07-05,"Moderna, Pfizer/BioNTech",https://opendata.swiss/en/dataset/covid-19-schweiz?detGeo=FL,33938,19862,14568,0
Liechtenstein,2021-07-06,"Moderna, Pfizer/BioNTech",https://opendata.swiss/en/dataset/covid-19-schweiz?detGeo=FL,34476,20111,14857,0
Liechtenstein,2021-07-07,"Moderna, Pfizer/BioNTech",https://opendata.swiss/en/dataset/covid-19-schweiz?detGeo=FL,35065,20168,15390,0
Liechtenstein,2021-07-08,"Moderna, Pfizer/BioNTech",https://opendata.swiss/en/dataset/covid-19-schweiz?detGeo=FL,35654,20224,15927,0
Liechtenstein,2021-07-09,"Moderna, Pfizer/BioNTech",https://opendata.swiss/en/dataset/covid-19-schweiz?detGeo=FL,36259,20309,16445,0
Liechtenstein,2021-07-10,"Moderna, Pfizer/BioNTech",https://opendata.swiss/en/dataset/covid-19-schweiz?detGeo=FL,36259,20309,16445,0
Liechtenstein,2021-07-11,"Moderna, Pfizer/BioNTech",https://opendata.swiss/en/dataset/covid-19-schweiz?detGeo=FL,36259,20309,16445,0
Liechtenstein,2021-07-12,"Moderna, Pfizer/BioNTech",https://opendata.swiss/en/dataset/covid-19-schweiz?detGeo=FL,36843,20364,16976,0
Liechtenstein,2021-07-13,"Moderna, Pfizer/BioNTech",https://opendata.swiss/en/dataset/covid-19-schweiz?detGeo=FL,37430,20412,17517,0
Liechtenstein,2021-07-14,"Moderna, Pfizer/BioNTech",https://opendata.swiss/en/dataset/covid-19-schweiz?detGeo=FL,37724,20439,17785,0
Liechtenstein,2021-07-15,"Moderna, Pfizer/BioNTech",https://opendata.swiss/en/dataset/covid-19-schweiz?detGeo=FL,38273,20711,18061,0
Liechtenstein,2021-07-16,"Moderna, Pfizer/BioNTech",https://opendata.swiss/en/dataset/covid-19-schweiz?detGeo=FL,38589,20722,18365,0
Liechtenstein,2021-07-17,"Moderna, Pfizer/BioNTech",https://opendata.swiss/en/dataset/covid-19-schweiz?detGeo=FL,38589,20722,18365,0
Liechtenstein,2021-07-18,"Moderna, Pfizer/BioNTech",https://opendata.swiss/en/dataset/covid-19-schweiz?detGeo=FL,38589,20722,18365,0
Liechtenstein,2021-07-19,"Moderna, Pfizer/BioNTech",https://opendata.swiss/en/dataset/covid-19-schweiz?detGeo=FL,38589,20722,18366,0
Liechtenstein,2021-07-20,"Moderna, Pfizer/BioNTech",https://opendata.swiss/en/dataset/covid-19-schweiz?detGeo=FL,38589,20727,18368,0
Liechtenstein,2021-07-21,"Moderna, Pfizer/BioNTech",https://opendata.swiss/en/dataset/covid-19-schweiz?detGeo=FL,38589,20729,18369,0
Liechtenstein,2021-07-22,"Moderna, Pfizer/BioNTech",https://opendata.swiss/en/dataset/covid-19-schweiz?detGeo=FL,38834,20751,18591,0
Liechtenstein,2021-07-23,"Moderna, Pfizer/BioNTech",https://opendata.swiss/en/dataset/covid-19-schweiz?detGeo=FL,39224,20758,18975,0
Liechtenstein,2021-07-24,"Moderna, Pfizer/BioNTech",https://opendata.swiss/en/dataset/covid-19-schweiz?detGeo=FL,39224,20759,18975,0
Liechtenstein,2021-07-25,"Moderna, Pfizer/BioNTech",https://opendata.swiss/en/dataset/covid-19-schweiz?detGeo=FL,39224,20759,18975,0
Liechtenstein,2021-07-26,"Moderna, Pfizer/BioNTech",https://opendata.swiss/en/dataset/covid-19-schweiz?detGeo=FL,39224,20759,18976,0
Liechtenstein,2021-07-27,"Moderna, Pfizer/BioNTech",https://opendata.swiss/en/dataset/covid-19-schweiz?detGeo=FL,39224,20761,18977,0
Liechtenstein,2021-07-28,"Moderna, Pfizer/BioNTech",https://opendata.swiss/en/dataset/covid-19-schweiz?detGeo=FL,39224,20761,18979,0
Liechtenstein,2021-07-29,"Moderna, Pfizer/BioNTech",https://opendata.swiss/en/dataset/covid-19-schweiz?detGeo=FL,39224,20762,18980,0
Liechtenstein,2021-07-30,"Moderna, Pfizer/BioNTech",https://opendata.swiss/en/dataset/covid-19-schweiz?detGeo=FL,39224,20769,18981,0
Liechtenstein,2021-07-31,"Moderna, Pfizer/BioNTech",https://opendata.swiss/en/dataset/covid-19-schweiz?detGeo=FL,39224,20770,18981,0
Liechtenstein,2021-08-01,"Moderna, Pfizer/BioNTech",https://opendata.swiss/en/dataset/covid-19-schweiz?detGeo=FL,39224,20770,18981,0
Liechtenstein,2021-08-02,"Moderna, Pfizer/BioNTech",https://opendata.swiss/en/dataset/covid-19-schweiz?detGeo=FL,39224,20770,18981,0
Liechtenstein,2021-08-03,"Moderna, Pfizer/BioNTech",https://opendata.swiss/en/dataset/covid-19-schweiz?detGeo=FL,39224,20770,18981,0
Liechtenstein,2021-08-04,"Moderna, Pfizer/BioNTech",https://opendata.swiss/en/dataset/covid-19-schweiz?detGeo=FL,39224,20770,18981,0
Liechtenstein,2021-08-05,"Moderna, Pfizer/BioNTech",https://opendata.swiss/en/dataset/covid-19-schweiz?detGeo=FL,39224,20770,18981,0
Liechtenstein,2021-08-06,"Moderna, Pfizer/BioNTech",https://opendata.swiss/en/dataset/covid-19-schweiz?detGeo=FL,39224,20772,18981,0
Liechtenstein,2021-08-07,"Moderna, Pfizer/BioNTech",https://opendata.swiss/en/dataset/covid-19-schweiz?detGeo=FL,39224,20772,18981,0
Liechtenstein,2021-08-08,"Moderna, Pfizer/BioNTech",https://opendata.swiss/en/dataset/covid-19-schweiz?detGeo=FL,39224,20772,18981,0
Liechtenstein,2021-08-09,"Moderna, Pfizer/BioNTech",https://opendata.swiss/en/dataset/covid-19-schweiz?detGeo=FL,39814,20791,19551,0
Liechtenstein,2021-08-10,"Moderna, Pfizer/BioNTech",https://opendata.swiss/en/dataset/covid-19-schweiz?detGeo=FL,40096,20967,19657,0
Liechtenstein,2021-08-11,"Moderna, Pfizer/BioNTech",https://opendata.swiss/en/dataset/covid-19-schweiz?detGeo=FL,40410,20988,19951,0
Liechtenstein,2021-08-12,"Moderna, Pfizer/BioNTech",https://opendata.swiss/en/dataset/covid-19-schweiz?detGeo=FL,40632,20992,20167,0
Liechtenstein,2021-08-13,"Moderna, Pfizer/BioNTech",https://opendata.swiss/en/dataset/covid-19-schweiz?detGeo=FL,40942,21303,20170,0
Liechtenstein,2021-08-14,"Moderna, Pfizer/BioNTech",https://opendata.swiss/en/dataset/covid-19-schweiz?detGeo=FL,40942,21303,20170,0
Liechtenstein,2021-08-15,"Moderna, Pfizer/BioNTech",https://opendata.swiss/en/dataset/covid-19-schweiz?detGeo=FL,40942,21303,20170,0
Liechtenstein,2021-08-16,"Moderna, Pfizer/BioNTech",https://opendata.swiss/en/dataset/covid-19-schweiz?detGeo=FL,41231,21324,20439,0
Liechtenstein,2021-08-17,"Moderna, Pfizer/BioNTech",https://opendata.swiss/en/dataset/covid-19-schweiz?detGeo=FL,41517,21545,20505,0
Liechtenstein,2021-08-18,"Moderna, Pfizer/BioNTech",https://opendata.swiss/en/dataset/covid-19-schweiz?detGeo=FL,41761,21752,20545,0
Liechtenstein,2021-08-19,"Moderna, Pfizer/BioNTech",https://opendata.swiss/en/dataset/covid-19-schweiz?detGeo=FL,41761,21752,20545,0
Liechtenstein,2021-08-20,"Moderna, Pfizer/BioNTech",https://opendata.swiss/en/dataset/covid-19-schweiz?detGeo=FL,41761,21756,20548,0
Liechtenstein,2021-08-21,"Moderna, Pfizer/BioNTech",https://opendata.swiss/en/dataset/covid-19-schweiz?detGeo=FL,42166,22128,20574,0
Liechtenstein,2021-08-22,"Moderna, Pfizer/BioNTech",https://opendata.swiss/en/dataset/covid-19-schweiz?detGeo=FL,42166,22128,20574,0
Liechtenstein,2021-08-23,"Moderna, Pfizer/BioNTech",https://opendata.swiss/en/dataset/covid-19-schweiz?detGeo=FL,42312,22243,20605,0
Liechtenstein,2021-08-24,"Moderna, Pfizer/BioNTech",https://opendata.swiss/en/dataset/covid-19-schweiz?detGeo=FL,42593,22519,20608,0
Liechtenstein,2021-08-25,"Moderna, Pfizer/BioNTech",https://opendata.swiss/en/dataset/covid-19-schweiz?detGeo=FL,42726,22645,20616,0
Liechtenstein,2021-08-26,"Moderna, Pfizer/BioNTech",https://opendata.swiss/en/dataset/covid-19-schweiz?detGeo=FL,42863,22766,20632,0
Liechtenstein,2021-08-27,"Moderna, Pfizer/BioNTech",https://opendata.swiss/en/dataset/covid-19-schweiz?detGeo=FL,43159,23057,20641,0
Liechtenstein,2021-08-28,"Moderna, Pfizer/BioNTech",https://opendata.swiss/en/dataset/covid-19-schweiz?detGeo=FL,43159,23057,20642,0
Liechtenstein,2021-08-29,"Moderna, Pfizer/BioNTech",https://opendata.swiss/en/dataset/covid-19-schweiz?detGeo=FL,43159,23057,20642,0
Liechtenstein,2021-08-30,"Moderna, Pfizer/BioNTech",https://opendata.swiss/en/dataset/covid-19-schweiz?detGeo=FL,43159,23057,20643,0
Liechtenstein,2021-08-31,"Moderna, Pfizer/BioNTech",https://opendata.swiss/en/dataset/covid-19-schweiz?detGeo=FL,43159,23057,20643,0
Liechtenstein,2021-09-01,"Moderna, Pfizer/BioNTech",https://opendata.swiss/en/dataset/covid-19-schweiz?detGeo=FL,43159,23057,20643,0
Liechtenstein,2021-09-02,"Moderna, Pfizer/BioNTech",https://opendata.swiss/en/dataset/covid-19-schweiz?detGeo=FL,43159,23058,20643,0
Liechtenstein,2021-09-03,"Moderna, Pfizer/BioNTech",https://opendata.swiss/en/dataset/covid-19-schweiz?detGeo=FL,43159,23065,20643,0
Liechtenstein,2021-09-04,"Moderna, Pfizer/BioNTech",https://opendata.swiss/en/dataset/covid-19-schweiz?detGeo=FL,43159,23067,20643,0
Liechtenstein,2021-09-05,"Moderna, Pfizer/BioNTech",https://opendata.swiss/en/dataset/covid-19-schweiz?detGeo=FL,43159,23067,20643,0
Liechtenstein,2021-09-06,"Moderna, Pfizer/BioNTech",https://opendata.swiss/en/dataset/covid-19-schweiz?detGeo=FL,43159,23068,20645,0
Liechtenstein,2021-09-07,"Moderna, Pfizer/BioNTech",https://opendata.swiss/en/dataset/covid-19-schweiz?detGeo=FL,43315,23077,20796,0
Liechtenstein,2021-09-08,"Moderna, Pfizer/BioNTech",https://opendata.swiss/en/dataset/covid-19-schweiz?detGeo=FL,43315,23079,20797,0
Liechtenstein,2021-09-09,"Moderna, Pfizer/BioNTech",https://opendata.swiss/en/dataset/covid-19-schweiz?detGeo=FL,43316,23081,20798,0
Liechtenstein,2021-09-10,"Moderna, Pfizer/BioNTech",https://opendata.swiss/en/dataset/covid-19-schweiz?detGeo=FL,43626,23099,21101,0
Liechtenstein,2021-09-11,"Moderna, Pfizer/BioNTech",https://opendata.swiss/en/dataset/covid-19-schweiz?detGeo=FL,43626,23100,21102,0
Liechtenstein,2021-09-12,"Moderna, Pfizer/BioNTech",https://opendata.swiss/en/dataset/covid-19-schweiz?detGeo=FL,43626,23100,21102,0
Liechtenstein,2021-09-13,"Moderna, Pfizer/BioNTech",https://opendata.swiss/en/dataset/covid-19-schweiz?detGeo=FL,44272,23732,21109,0
Liechtenstein,2021-09-14,"Moderna, Pfizer/BioNTech",https://opendata.swiss/en/dataset/covid-19-schweiz?detGeo=FL,44584,23802,21360,0
Liechtenstein,2021-09-15,"Moderna, Pfizer/BioNTech",https://opendata.swiss/en/dataset/covid-19-schweiz?detGeo=FL,44800,23824,21561,0
Liechtenstein,2021-09-16,"Moderna, Pfizer/BioNTech",https://opendata.swiss/en/dataset/covid-19-schweiz?detGeo=FL,44810,23836,21561,0
Liechtenstein,2021-09-17,"Moderna, Pfizer/BioNTech",https://opendata.swiss/en/dataset/covid-19-schweiz?detGeo=FL,44997,24025,21578,0
Liechtenstein,2021-09-18,"Moderna, Pfizer/BioNTech",https://opendata.swiss/en/dataset/covid-19-schweiz?detGeo=FL,45381,24028,21959,0
Liechtenstein,2021-09-19,"Moderna, Pfizer/BioNTech",https://opendata.swiss/en/dataset/covid-19-schweiz?detGeo=FL,45381,24028,21959,0
Liechtenstein,2021-09-20,"Moderna, Pfizer/BioNTech",https://opendata.swiss/en/dataset/covid-19-schweiz?detGeo=FL,45745,24255,22095,0
Liechtenstein,2021-09-21,"Moderna, Pfizer/BioNTech",https://opendata.swiss/en/dataset/covid-19-schweiz?detGeo=FL,46115,24324,22395,0
Liechtenstein,2021-09-22,"Moderna, Pfizer/BioNTech",https://opendata.swiss/en/dataset/covid-19-schweiz?detGeo=FL,46254,24347,22514,0
Liechtenstein,2021-09-23,"Moderna, Pfizer/BioNTech",https://opendata.swiss/en/dataset/covid-19-schweiz?detGeo=FL,46400,24362,22655,0
Liechtenstein,2021-09-24,"Moderna, Pfizer/BioNTech",https://opendata.swiss/en/dataset/covid-19-schweiz?detGeo=FL,46734,24404,22955,0
Liechtenstein,2021-09-25,"Moderna, Pfizer/BioNTech",https://opendata.swiss/en/dataset/covid-19-schweiz?detGeo=FL,46734,24405,22955,0
Liechtenstein,2021-09-26,"Moderna, Pfizer/BioNTech",https://opendata.swiss/en/dataset/covid-19-schweiz?detGeo=FL,46734,24405,22955,0
Liechtenstein,2021-09-27,"Moderna, Pfizer/BioNTech",https://opendata.swiss/en/dataset/covid-19-schweiz?detGeo=FL,46761,24426,22965,0
Liechtenstein,2021-09-28,"Moderna, Pfizer/BioNTech",https://opendata.swiss/en/dataset/covid-19-schweiz?detGeo=FL,46853,24516,22974,0
Liechtenstein,2021-09-29,"Moderna, Pfizer/BioNTech",https://opendata.swiss/en/dataset/covid-19-schweiz?detGeo=FL,46873,24541,22975,0
Liechtenstein,2021-09-30,"Moderna, Pfizer/BioNTech",https://opendata.swiss/en/dataset/covid-19-schweiz?detGeo=FL,46881,24555,22985,0
Liechtenstein,2021-10-01,"Moderna, Pfizer/BioNTech",https://opendata.swiss/en/dataset/covid-19-schweiz?detGeo=FL,46909,24583,22995,0
Liechtenstein,2021-10-02,"Moderna, Pfizer/BioNTech",https://opendata.swiss/en/dataset/covid-19-schweiz?detGeo=FL,46909,24586,23001,0
Liechtenstein,2021-10-03,"Moderna, Pfizer/BioNTech",https://opendata.swiss/en/dataset/covid-19-schweiz?detGeo=FL,46909,24586,23001,0
Liechtenstein,2021-10-04,"Moderna, Pfizer/BioNTech",https://opendata.swiss/en/dataset/covid-19-schweiz?detGeo=FL,46928,24604,23005,0
Liechtenstein,2021-10-05,"Moderna, Pfizer/BioNTech",https://opendata.swiss/en/dataset/covid-19-schweiz?detGeo=FL,46928,24604,23009,0
Liechtenstein,2021-10-06,"Moderna, Pfizer/BioNTech",https://opendata.swiss/en/dataset/covid-19-schweiz?detGeo=FL,46948,24624,23011,0
Liechtenstein,2021-10-07,"Moderna, Pfizer/BioNTech",https://opendata.swiss/en/dataset/covid-19-schweiz?detGeo=FL,47071,24743,23017,0
Liechtenstein,2021-10-08,"Moderna, Pfizer/BioNTech",https://opendata.swiss/en/dataset/covid-19-schweiz?detGeo=FL,47098,24763,23031,0
Liechtenstein,2021-10-09,"Moderna, Pfizer/BioNTech",https://opendata.swiss/en/dataset/covid-19-schweiz?detGeo=FL,47098,24763,23031,0
Liechtenstein,2021-10-10,"Moderna, Pfizer/BioNTech",https://opendata.swiss/en/dataset/covid-19-schweiz?detGeo=FL,47098,24763,23031,0
Liechtenstein,2021-10-11,"Moderna, Pfizer/BioNTech",https://opendata.swiss/en/dataset/covid-19-schweiz?detGeo=FL,47098,24764,23037,0
Liechtenstein,2021-10-12,"Moderna, Pfizer/BioNTech",https://opendata.swiss/en/dataset/covid-19-schweiz?detGeo=FL,47172,24786,23088,0
Liechtenstein,2021-10-13,"Moderna, Pfizer/BioNTech",https://opendata.swiss/en/dataset/covid-19-schweiz?detGeo=FL,47193,24789,23111,0
Liechtenstein,2021-10-14,"Moderna, Pfizer/BioNTech",https://opendata.swiss/en/dataset/covid-19-schweiz?detGeo=FL,47222,24799,23132,0
Liechtenstein,2021-10-15,"Moderna, Pfizer/BioNTech",https://opendata.swiss/en/dataset/covid-19-schweiz?detGeo=FL,47262,24801,23178,0
Liechtenstein,2021-10-16,"Moderna, Pfizer/BioNTech",https://opendata.swiss/en/dataset/covid-19-schweiz?detGeo=FL,47262,24804,23182,0
Liechtenstein,2021-10-17,"Moderna, Pfizer/BioNTech",https://opendata.swiss/en/dataset/covid-19-schweiz?detGeo=FL,47262,24805,23182,0
Liechtenstein,2021-10-18,"Moderna, Pfizer/BioNTech",https://opendata.swiss/en/dataset/covid-19-schweiz?detGeo=FL,47546,24808,23462,0
Liechtenstein,2021-10-19,"Moderna, Pfizer/BioNTech",https://opendata.swiss/en/dataset/covid-19-schweiz?detGeo=FL,47976,24819,23872,0
Liechtenstein,2021-10-20,"Moderna, Pfizer/BioNTech",https://opendata.swiss/en/dataset/covid-19-schweiz?detGeo=FL,48239,24831,24120,0
Liechtenstein,2021-10-21,"Moderna, Pfizer/BioNTech",https://opendata.swiss/en/dataset/covid-19-schweiz?detGeo=FL,48264,24847,24139,0
Liechtenstein,2021-10-22,"Moderna, Pfizer/BioNTech",https://opendata.swiss/en/dataset/covid-19-schweiz?detGeo=FL,48310,24859,24165,0
Liechtenstein,2021-10-23,"Moderna, Pfizer/BioNTech",https://opendata.swiss/en/dataset/covid-19-schweiz?detGeo=FL,48310,24860,24166,0
Liechtenstein,2021-10-24,"Moderna, Pfizer/BioNTech",https://opendata.swiss/en/dataset/covid-19-schweiz?detGeo=FL,48310,24860,24166,0
Liechtenstein,2021-10-25,"Moderna, Pfizer/BioNTech",https://opendata.swiss/en/dataset/covid-19-schweiz?detGeo=FL,48432,24952,24236,0
Liechtenstein,2021-10-26,"Moderna, Pfizer/BioNTech",https://opendata.swiss/en/dataset/covid-19-schweiz?detGeo=FL,48544,24965,24329,0
Liechtenstein,2021-10-27,"Moderna, Pfizer/BioNTech",https://opendata.swiss/en/dataset/covid-19-schweiz?detGeo=FL,48628,25023,24357,0
Liechtenstein,2021-10-28,"Moderna, Pfizer/BioNTech",https://opendata.swiss/en/dataset/covid-19-schweiz?detGeo=FL,48710,25082,24424,0
Liechtenstein,2021-10-29,"Moderna, Pfizer/BioNTech",https://opendata.swiss/en/dataset/covid-19-schweiz?detGeo=FL,48746,25086,24454,0
Liechtenstein,2021-10-30,"Moderna, Pfizer/BioNTech",https://opendata.swiss/en/dataset/covid-19-schweiz?detGeo=FL,48746,25086,24454,0
Liechtenstein,2021-10-31,"Moderna, Pfizer/BioNTech",https://opendata.swiss/en/dataset/covid-19-schweiz?detGeo=FL,48746,25086,24454,0
Liechtenstein,2021-11-01,"Moderna, Pfizer/BioNTech",https://opendata.swiss/en/dataset/covid-19-schweiz?detGeo=FL,48746,25087,24455,0
Liechtenstein,2021-11-02,"Moderna, Pfizer/BioNTech",https://opendata.swiss/en/dataset/covid-19-schweiz?detGeo=FL,48890,25202,24513,0
Liechtenstein,2021-11-03,"Moderna, Pfizer/BioNTech",https://opendata.swiss/en/dataset/covid-19-schweiz?detGeo=FL,48979,25257,24548,0
Liechtenstein,2021-11-04,"Moderna, Pfizer/BioNTech",https://opendata.swiss/en/dataset/covid-19-schweiz?detGeo=FL,49094,25260,24660,0
Liechtenstein,2021-11-05,"Moderna, Pfizer/BioNTech",https://opendata.swiss/en/dataset/covid-19-schweiz?detGeo=FL,49151,25284,24708,0
Liechtenstein,2021-11-06,"Moderna, Pfizer/BioNTech",https://opendata.swiss/en/dataset/covid-19-schweiz?detGeo=FL,49151,25284,24708,0
Liechtenstein,2021-11-07,"Moderna, Pfizer/BioNTech",https://opendata.swiss/en/dataset/covid-19-schweiz?detGeo=FL,49151,25284,24708,0
Liechtenstein,2021-11-08,"Moderna, Pfizer/BioNTech",https://opendata.swiss/en/dataset/covid-19-schweiz?detGeo=FL,49246,25367,24732,0
Liechtenstein,2021-11-09,"Moderna, Pfizer/BioNTech",https://opendata.swiss/en/dataset/covid-19-schweiz?detGeo=FL,49295,25379,24758,1
Liechtenstein,2021-11-10,"Moderna, Pfizer/BioNTech",https://opendata.swiss/en/dataset/covid-19-schweiz?detGeo=FL,49319,25388,24773,1
Liechtenstein,2021-11-11,"Moderna, Pfizer/BioNTech",https://opendata.swiss/en/dataset/covid-19-schweiz?detGeo=FL,49407,25464,24784,1
Liechtenstein,2021-11-12,"Moderna, Pfizer/BioNTech",https://opendata.swiss/en/dataset/covid-19-schweiz?detGeo=FL,49485,25530,24798,2
Liechtenstein,2021-11-13,"Moderna, Pfizer/BioNTech",https://opendata.swiss/en/dataset/covid-19-schweiz?detGeo=FL,49485,25532,24799,2
Liechtenstein,2021-11-14,"Moderna, Pfizer/BioNTech",https://opendata.swiss/en/dataset/covid-19-schweiz?detGeo=FL,49485,25532,24799,2
Liechtenstein,2021-11-15,"Moderna, Pfizer/BioNTech",https://opendata.swiss/en/dataset/covid-19-schweiz?detGeo=FL,49506,25544,24803,4
Liechtenstein,2021-11-16,"Moderna, Pfizer/BioNTech",https://opendata.swiss/en/dataset/covid-19-schweiz?detGeo=FL,49572,25567,24823,17
Liechtenstein,2021-11-17,"Moderna, Pfizer/BioNTech",https://opendata.swiss/en/dataset/covid-19-schweiz?detGeo=FL,49594,25583,24837,20
Liechtenstein,2021-11-18,"Moderna, Pfizer/BioNTech",https://opendata.swiss/en/dataset/covid-19-schweiz?detGeo=FL,49692,25593,24839,107
Liechtenstein,2021-11-19,"Moderna, Pfizer/BioNTech",https://opendata.swiss/en/dataset/covid-19-schweiz?detGeo=FL,49856,25601,24850,245
Liechtenstein,2021-11-20,"Moderna, Pfizer/BioNTech",https://opendata.swiss/en/dataset/covid-19-schweiz?detGeo=FL,49856,25603,24852,247
Liechtenstein,2021-11-21,"Moderna, Pfizer/BioNTech",https://opendata.swiss/en/dataset/covid-19-schweiz?detGeo=FL,49856,25603,24852,247
Liechtenstein,2021-11-22,"Moderna, Pfizer/BioNTech",https://opendata.swiss/en/dataset/covid-19-schweiz?detGeo=FL,50058,25626,24915,354
Liechtenstein,2021-11-23,"Moderna, Pfizer/BioNTech",https://opendata.swiss/en/dataset/covid-19-schweiz?detGeo=FL,50209,25656,24926,459
Liechtenstein,2021-11-24,"Moderna, Pfizer/BioNTech",https://opendata.swiss/en/dataset/covid-19-schweiz?detGeo=FL,50507,25674,24991,664
Liechtenstein,2021-11-25,"Moderna, Pfizer/BioNTech",https://opendata.swiss/en/dataset/covid-19-schweiz?detGeo=FL,50569,25688,24996,707
Liechtenstein,2021-11-26,"Moderna, Pfizer/BioNTech",https://opendata.swiss/en/dataset/covid-19-schweiz?detGeo=FL,50588,25698,25003,722
Liechtenstein,2021-11-27,"Moderna, Pfizer/BioNTech",https://opendata.swiss/en/dataset/covid-19-schweiz?detGeo=FL,50609,25700,25004,748
Liechtenstein,2021-11-28,"Moderna, Pfizer/BioNTech",https://opendata.swiss/en/dataset/covid-19-schweiz?detGeo=FL,50609,25700,25004,749
Liechtenstein,2021-11-29,"Moderna, Pfizer/BioNTech",https://opendata.swiss/en/dataset/covid-19-schweiz?detGeo=FL,51044,25727,25032,1111
Liechtenstein,2021-11-30,"Moderna, Pfizer/BioNTech",https://opendata.swiss/en/dataset/covid-19-schweiz?detGeo=FL,51147,25740,25052,1185
Liechtenstein,2021-12-01,"Moderna, Pfizer/BioNTech",https://opendata.swiss/en/dataset/covid-19-schweiz?detGeo=FL,51597,25764,25120,1534
Liechtenstein,2021-12-02,"Moderna, Pfizer/BioNTech",https://opendata.swiss/en/dataset/covid-19-schweiz?detGeo=FL,51818,25775,25177,1685
Liechtenstein,2021-12-03,"Moderna, Pfizer/BioNTech",https://opendata.swiss/en/dataset/covid-19-schweiz?detGeo=FL,51846,25782,25180,1740
Liechtenstein,2021-12-04,"Moderna, Pfizer/BioNTech",https://opendata.swiss/en/dataset/covid-19-schweiz?detGeo=FL,51846,25782,25180,1743
Liechtenstein,2021-12-05,"Moderna, Pfizer/BioNTech",https://opendata.swiss/en/dataset/covid-19-schweiz?detGeo=FL,51846,25782,25180,1743
Liechtenstein,2021-12-06,"Moderna, Pfizer/BioNTech",https://opendata.swiss/en/dataset/covid-19-schweiz?detGeo=FL,52239,25811,25255,2018
Liechtenstein,2021-12-07,"Moderna, Pfizer/BioNTech",https://opendata.swiss/en/dataset/covid-19-schweiz?detGeo=FL,53036,25852,25271,2767
Liechtenstein,2021-12-08,"Moderna, Pfizer/BioNTech",https://opendata.swiss/en/dataset/covid-19-schweiz?detGeo=FL,53851,25866,25274,3569
Liechtenstein,2021-12-09,"Moderna, Pfizer/BioNTech",https://opendata.swiss/en/dataset/covid-19-schweiz?detGeo=FL,54672,25880,25285,4375
Liechtenstein,2021-12-10,"Moderna, Pfizer/BioNTech",https://opendata.swiss/en/dataset/covid-19-schweiz?detGeo=FL,55322,25896,25351,4958
Liechtenstein,2021-12-11,"Moderna, Pfizer/BioNTech",https://opendata.swiss/en/dataset/covid-19-schweiz?detGeo=FL,55922,25911,25351,5548
Liechtenstein,2021-12-12,"Moderna, Pfizer/BioNTech",https://opendata.swiss/en/dataset/covid-19-schweiz?detGeo=FL,56167,25911,25351,5792
Liechtenstein,2021-12-13,"Moderna, Pfizer/BioNTech",https://opendata.swiss/en/dataset/covid-19-schweiz?detGeo=FL,56836,25940,25429,6331
Liechtenstein,2021-12-14,"Moderna, Pfizer/BioNTech",https://opendata.swiss/en/dataset/covid-19-schweiz?detGeo=FL,57809,25967,25453,7257
Liechtenstein,2021-12-15,"Moderna, Pfizer/BioNTech",https://opendata.swiss/en/dataset/covid-19-schweiz?detGeo=FL,58644,25983,25471,8060
Liechtenstein,2021-12-16,"Moderna, Pfizer/BioNTech",https://opendata.swiss/en/dataset/covid-19-schweiz?detGeo=FL,59461,26010,25486,8845
Liechtenstein,2021-12-17,"Moderna, Pfizer/BioNTech",https://opendata.swiss/en/dataset/covid-19-schweiz?detGeo=FL,60370,26036,25491,9736
Liechtenstein,2021-12-18,"Moderna, Pfizer/BioNTech",https://opendata.swiss/en/dataset/covid-19-schweiz?detGeo=FL,60962,26052,25493,10312
Liechtenstein,2021-12-19,"Moderna, Pfizer/BioNTech",https://opendata.swiss/en/dataset/covid-19-schweiz?detGeo=FL,61208,26052,25493,10558
Liechtenstein,2021-12-20,"Moderna, Pfizer/BioNTech",https://opendata.swiss/en/dataset/covid-19-schweiz?detGeo=FL,61917,26085,25519,11198
Liechtenstein,2021-12-21,"Moderna, Pfizer/BioNTech",https://opendata.swiss/en/dataset/covid-19-schweiz?detGeo=FL,62423,26112,25546,11652
Liechtenstein,2021-12-22,"Moderna, Pfizer/BioNTech",https://opendata.swiss/en/dataset/covid-19-schweiz?detGeo=FL,62918,26145,25568,12103
Liechtenstein,2021-12-23,"Moderna, Pfizer/BioNTech",https://opendata.swiss/en/dataset/covid-19-schweiz?detGeo=FL,62943,26147,25579,12119
Liechtenstein,2021-12-24,"Moderna, Pfizer/BioNTech",https://opendata.swiss/en/dataset/covid-19-schweiz?detGeo=FL,62949,26147,25579,12121
Liechtenstein,2021-12-25,"Moderna, Pfizer/BioNTech",https://opendata.swiss/en/dataset/covid-19-schweiz?detGeo=FL,62949,26147,25579,12121
Liechtenstein,2021-12-26,"Moderna, Pfizer/BioNTech",https://opendata.swiss/en/dataset/covid-19-schweiz?detGeo=FL,62949,26147,25579,12121
Liechtenstein,2021-12-27,"Moderna, Pfizer/BioNTech",https://opendata.swiss/en/dataset/covid-19-schweiz?detGeo=FL,62949,26149,25581,12124
Liechtenstein,2021-12-28,"Moderna, Pfizer/BioNTech",https://opendata.swiss/en/dataset/covid-19-schweiz?detGeo=FL,63010,26154,25600,12164
Liechtenstein,2021-12-29,"Moderna, Pfizer/BioNTech",https://opendata.swiss/en/dataset/covid-19-schweiz?detGeo=FL,63010,26155,25600,12167
Liechtenstein,2021-12-30,"Moderna, Pfizer/BioNTech",https://opendata.swiss/en/dataset/covid-19-schweiz?detGeo=FL,63010,26155,25601,12169
Liechtenstein,2021-12-31,"Moderna, Pfizer/BioNTech",https://opendata.swiss/en/dataset/covid-19-schweiz?detGeo=FL,63010,26155,25601,12169
Liechtenstein,2022-01-01,"Moderna, Pfizer/BioNTech",https://opendata.swiss/en/dataset/covid-19-schweiz?detGeo=FL,63010,26155,25601,12169
Liechtenstein,2022-01-02,"Moderna, Pfizer/BioNTech",https://opendata.swiss/en/dataset/covid-19-schweiz?detGeo=FL,63010,26155,25601,12169
Liechtenstein,2022-01-03,"Moderna, Pfizer/BioNTech",https://opendata.swiss/en/dataset/covid-19-schweiz?detGeo=FL,63566,26200,25639,12643
Liechtenstein,2022-01-04,"Moderna, Pfizer/BioNTech",https://opendata.swiss/en/dataset/covid-19-schweiz?detGeo=FL,64100,26222,25671,13126
Liechtenstein,2022-01-05,"Moderna, Pfizer/BioNTech",https://opendata.swiss/en/dataset/covid-19-schweiz?detGeo=FL,64618,26228,25689,13624
Liechtenstein,2022-01-06,"Moderna, Pfizer/BioNTech",https://opendata.swiss/en/dataset/covid-19-schweiz?detGeo=FL,64618,26230,25691,13627
Liechtenstein,2022-01-07,"Moderna, Pfizer/BioNTech",https://opendata.swiss/en/dataset/covid-19-schweiz?detGeo=FL,64656,26234,25703,13647
Liechtenstein,2022-01-08,"Moderna, Pfizer/BioNTech",https://opendata.swiss/en/dataset/covid-19-schweiz?detGeo=FL,64804,26382,25704,13647
Liechtenstein,2022-01-09,"Moderna, Pfizer/BioNTech",https://opendata.swiss/en/dataset/covid-19-schweiz?detGeo=FL,64804,26382,25704,13647
Liechtenstein,2022-01-10,"Moderna, Pfizer/BioNTech",https://opendata.swiss/en/dataset/covid-19-schweiz?detGeo=FL,65318,26390,25740,14115
Liechtenstein,2022-01-11,"Moderna, Pfizer/BioNTech",https://opendata.swiss/en/dataset/covid-19-schweiz?detGeo=FL,65849,26408,25776,14590
Liechtenstein,2022-01-12,"Moderna, Pfizer/BioNTech",https://opendata.swiss/en/dataset/covid-19-schweiz?detGeo=FL,66205,26422,25804,14907
Liechtenstein,2022-01-13,"Moderna, Pfizer/BioNTech",https://opendata.swiss/en/dataset/covid-19-schweiz?detGeo=FL,66534,26433,25823,15210
Liechtenstein,2022-01-14,"Moderna, Pfizer/BioNTech",https://opendata.swiss/en/dataset/covid-19-schweiz?detGeo=FL,67035,26445,25863,15661
Liechtenstein,2022-01-15,"Moderna, Pfizer/BioNTech",https://opendata.swiss/en/dataset/covid-19-schweiz?detGeo=FL,67035,26445,25864,15663
Liechtenstein,2022-01-16,"Moderna, Pfizer/BioNTech",https://opendata.swiss/en/dataset/covid-19-schweiz?detGeo=FL,67035,26445,25864,15663
Liechtenstein,2022-01-17,"Moderna, Pfizer/BioNTech",https://opendata.swiss/en/dataset/covid-19-schweiz?detGeo=FL,67446,26498,25915,15997
Liechtenstein,2022-01-18,"Moderna, Pfizer/BioNTech",https://opendata.swiss/en/dataset/covid-19-schweiz?detGeo=FL,67687,26512,25936,16207
Liechtenstein,2022-01-19,"Moderna, Pfizer/BioNTech",https://opendata.swiss/en/dataset/covid-19-schweiz?detGeo=FL,67924,26523,25963,16403
Liechtenstein,2022-01-20,"Moderna, Pfizer/BioNTech",https://opendata.swiss/en/dataset/covid-19-schweiz?detGeo=FL,68167,26582,25974,16581
Liechtenstein,2022-01-21,"Moderna, Pfizer/BioNTech",https://opendata.swiss/en/dataset/covid-19-schweiz?detGeo=FL,68523,26589,25993,16922
Liechtenstein,2022-01-22,"Moderna, Pfizer/BioNTech",https://opendata.swiss/en/dataset/covid-19-schweiz?detGeo=FL,68523,26590,25994,16922
Liechtenstein,2022-01-23,"Moderna, Pfizer/BioNTech",https://opendata.swiss/en/dataset/covid-19-schweiz?detGeo=FL,68523,26590,25994,16922
Liechtenstein,2022-01-24,"Moderna, Pfizer/BioNTech",https://opendata.swiss/en/dataset/covid-19-schweiz?detGeo=FL,68540,26592,25997,16933
Liechtenstein,2022-01-25,"Moderna, Pfizer/BioNTech",https://opendata.swiss/en/dataset/covid-19-schweiz?detGeo=FL,68574,26594,26000,16965
Liechtenstein,2022-01-26,"Moderna, Pfizer/BioNTech",https://opendata.swiss/en/dataset/covid-19-schweiz?detGeo=FL,68760,26620,26003,17122
Liechtenstein,2022-01-27,"Moderna, Pfizer/BioNTech",https://opendata.swiss/en/dataset/covid-19-schweiz?detGeo=FL,68760,26622,26004,17128
Liechtenstein,2022-01-28,"Moderna, Pfizer/BioNTech",https://opendata.swiss/en/dataset/covid-19-schweiz?detGeo=FL,68772,26624,26006,17144
Liechtenstein,2022-01-29,"Moderna, Pfizer/BioNTech",https://opendata.swiss/en/dataset/covid-19-schweiz?detGeo=FL,68772,26624,26006,17144
Liechtenstein,2022-01-30,"Moderna, Pfizer/BioNTech",https://opendata.swiss/en/dataset/covid-19-schweiz?detGeo=FL,68772,26624,26006,17144
Liechtenstein,2022-01-31,"Moderna, Pfizer/BioNTech",https://opendata.swiss/en/dataset/covid-19-schweiz?detGeo=FL,69083,26643,26041,17398
Liechtenstein,2022-02-01,"Moderna, Pfizer/BioNTech",https://opendata.swiss/en/dataset/covid-19-schweiz?detGeo=FL,69351,26674,26069,17607
Liechtenstein,2022-02-02,"Moderna, Pfizer/BioNTech",https://opendata.swiss/en/dataset/covid-19-schweiz?detGeo=FL,69351,26674,26070,17608
Liechtenstein,2022-02-03,"Moderna, Pfizer/BioNTech",https://opendata.swiss/en/dataset/covid-19-schweiz?detGeo=FL,69351,26674,26070,17608
Liechtenstein,2022-02-04,"Moderna, Pfizer/BioNTech",https://opendata.swiss/en/dataset/covid-19-schweiz?detGeo=FL,69362,26674,26073,17617
Liechtenstein,2022-02-05,"Moderna, Pfizer/BioNTech",https://opendata.swiss/en/dataset/covid-19-schweiz?detGeo=FL,69472,26674,26182,17617
Liechtenstein,2022-02-06,"Moderna, Pfizer/BioNTech",https://opendata.swiss/en/dataset/covid-19-schweiz?detGeo=FL,69472,26674,26182,17617
Liechtenstein,2022-02-07,"Moderna, Pfizer/BioNTech",https://opendata.swiss/en/dataset/covid-19-schweiz?detGeo=FL,69574,26674,26191,17710
Liechtenstein,2022-02-08,"Moderna, Pfizer/BioNTech",https://opendata.swiss/en/dataset/covid-19-schweiz?detGeo=FL,69724,26685,26224,17809
Liechtenstein,2022-02-09,"Moderna, Pfizer/BioNTech",https://opendata.swiss/en/dataset/covid-19-schweiz?detGeo=FL,69737,26685,26228,17818
Liechtenstein,2022-02-10,"Moderna, Pfizer/BioNTech",https://opendata.swiss/en/dataset/covid-19-schweiz?detGeo=FL,69737,26685,26228,17819
Liechtenstein,2022-02-11,"Moderna, Pfizer/BioNTech",https://opendata.swiss/en/dataset/covid-19-schweiz?detGeo=FL,69737,26685,26228,17820
Liechtenstein,2022-02-12,"Moderna, Pfizer/BioNTech",https://opendata.swiss/en/dataset/covid-19-schweiz?detGeo=FL,69941,26697,26239,18000
Liechtenstein,2022-02-13,"Moderna, Pfizer/BioNTech",https://opendata.swiss/en/dataset/covid-19-schweiz?detGeo=FL,69941,26697,26239,18000
Liechtenstein,2022-02-14,"Moderna, Pfizer/BioNTech",https://opendata.swiss/en/dataset/covid-19-schweiz?detGeo=FL,69952,26697,26241,18009
Liechtenstein,2022-02-15,"Moderna, Pfizer/BioNTech",https://opendata.swiss/en/dataset/covid-19-schweiz?detGeo=FL,69957,26697,26241,18015
Liechtenstein,2022-02-16,"Moderna, Pfizer/BioNTech",https://opendata.swiss/en/dataset/covid-19-schweiz?detGeo=FL,69968,26697,26243,18026
Liechtenstein,2022-02-17,"Moderna, Pfizer/BioNTech",https://opendata.swiss/en/dataset/covid-19-schweiz?detGeo=FL,70106,26702,26295,18101
Liechtenstein,2022-02-18,"Moderna, Pfizer/BioNTech",https://opendata.swiss/en/dataset/covid-19-schweiz?detGeo=FL,70106,26702,26295,18101
Liechtenstein,2022-02-19,"Moderna, Pfizer/BioNTech",https://opendata.swiss/en/dataset/covid-19-schweiz?detGeo=FL,70106,26702,26295,18102
Liechtenstein,2022-02-20,"Moderna, Pfizer/BioNTech",https://opendata.swiss/en/dataset/covid-19-schweiz?detGeo=FL,70106,26702,26295,18102
Liechtenstein,2022-02-21,"Moderna, Pfizer/BioNTech",https://opendata.swiss/en/dataset/covid-19-schweiz?detGeo=FL,70106,26702,26295,18102
Liechtenstein,2022-02-22,"Moderna, Pfizer/BioNTech",https://opendata.swiss/en/dataset/covid-19-schweiz?detGeo=FL,70228,26706,26353,18163
Liechtenstein,2022-02-23,"Moderna, Pfizer/BioNTech",https://opendata.swiss/en/dataset/covid-19-schweiz?detGeo=FL,70228,26706,26353,18163
Liechtenstein,2022-02-24,"Moderna, Pfizer/BioNTech",https://opendata.swiss/en/dataset/covid-19-schweiz?detGeo=FL,70228,26706,26353,18163
Liechtenstein,2022-02-25,"Moderna, Pfizer/BioNTech",https://opendata.swiss/en/dataset/covid-19-schweiz?detGeo=FL,70228,26706,26353,18164
Liechtenstein,2022-02-26,"Moderna, Pfizer/BioNTech",https://opendata.swiss/en/dataset/covid-19-schweiz?detGeo=FL,70228,26706,26353,18164
Liechtenstein,2022-02-27,"Moderna, Pfizer/BioNTech",https://opendata.swiss/en/dataset/covid-19-schweiz?detGeo=FL,70228,26706,26353,18166
