location,date,vaccine,source_url,total_vaccinations,people_vaccinated,people_fully_vaccinated,total_boosters
Malaysia,2021-02-24,Pfizer/BioNTech,https://github.com/MoH-Malaysia/covid19-public,66,63,3,0
Malaysia,2021-02-25,Pfizer/BioNTech,https://github.com/MoH-Malaysia/covid19-public,1217,1212,5,0
Malaysia,2021-02-26,Pfizer/BioNTech,https://github.com/MoH-Malaysia/covid19-public,5288,5280,8,0
Malaysia,2021-02-27,Pfizer/BioNTech,https://github.com/MoH-Malaysia/covid19-public,12004,11990,14,0
Malaysia,2021-02-28,Pfizer/BioNTech,https://github.com/MoH-Malaysia/covid19-public,18724,18705,19,0
Malaysia,2021-03-01,Pfizer/BioNTech,https://github.com/MoH-Malaysia/covid19-public,34116,34091,25,0
Malaysia,2021-03-02,Pfizer/BioNTech,https://github.com/MoH-Malaysia/covid19-public,55803,55773,30,0
Malaysia,2021-03-03,"Pfizer/BioNTech, Sinovac",https://github.com/MoH-Malaysia/covid19-public,78501,78465,36,0
Malaysia,2021-03-04,"Pfizer/BioNTech, Sinovac",https://github.com/MoH-Malaysia/covid19-public,98057,98006,51,0
Malaysia,2021-03-05,"Pfizer/BioNTech, Sinovac",https://github.com/MoH-Malaysia/covid19-public,112428,112371,57,0
Malaysia,2021-03-06,"Pfizer/BioNTech, Sinovac",https://github.com/MoH-Malaysia/covid19-public,128266,128206,60,0
Malaysia,2021-03-07,"Pfizer/BioNTech, Sinovac",https://github.com/MoH-Malaysia/covid19-public,140854,140788,66,0
Malaysia,2021-03-08,"Pfizer/BioNTech, Sinovac",https://github.com/MoH-Malaysia/covid19-public,168072,167992,80,0
Malaysia,2021-03-09,"Pfizer/BioNTech, Sinovac",https://github.com/MoH-Malaysia/covid19-public,198199,198057,142,0
Malaysia,2021-03-10,"Pfizer/BioNTech, Sinovac",https://github.com/MoH-Malaysia/covid19-public,226983,226830,153,0
Malaysia,2021-03-11,"Pfizer/BioNTech, Sinovac",https://github.com/MoH-Malaysia/covid19-public,253502,253345,161,0
Malaysia,2021-03-12,"Pfizer/BioNTech, Sinovac",https://github.com/MoH-Malaysia/covid19-public,279628,279462,170,0
Malaysia,2021-03-13,"Pfizer/BioNTech, Sinovac",https://github.com/MoH-Malaysia/covid19-public,296689,296521,172,0
Malaysia,2021-03-14,"Pfizer/BioNTech, Sinovac",https://github.com/MoH-Malaysia/covid19-public,307000,306828,176,0
Malaysia,2021-03-15,"Pfizer/BioNTech, Sinovac",https://github.com/MoH-Malaysia/covid19-public,327396,327221,179,0
Malaysia,2021-03-16,"Pfizer/BioNTech, Sinovac",https://github.com/MoH-Malaysia/covid19-public,352877,352696,185,0
Malaysia,2021-03-17,"Pfizer/BioNTech, Sinovac",https://github.com/MoH-Malaysia/covid19-public,373733,373489,248,0
Malaysia,2021-03-18,"Pfizer/BioNTech, Sinovac",https://github.com/MoH-Malaysia/covid19-public,391845,390803,1046,0
Malaysia,2021-03-19,"Pfizer/BioNTech, Sinovac",https://github.com/MoH-Malaysia/covid19-public,406421,401545,4880,0
Malaysia,2021-03-20,"Pfizer/BioNTech, Sinovac",https://github.com/MoH-Malaysia/covid19-public,420229,409249,10984,0
Malaysia,2021-03-21,"Pfizer/BioNTech, Sinovac",https://github.com/MoH-Malaysia/covid19-public,435790,418961,16833,0
Malaysia,2021-03-22,"Pfizer/BioNTech, Sinovac",https://github.com/MoH-Malaysia/covid19-public,460089,428681,31412,0
Malaysia,2021-03-23,"Pfizer/BioNTech, Sinovac",https://github.com/MoH-Malaysia/covid19-public,489270,436987,52287,0
Malaysia,2021-03-24,"Pfizer/BioNTech, Sinovac",https://github.com/MoH-Malaysia/covid19-public,518385,443277,75112,0
Malaysia,2021-03-25,"Pfizer/BioNTech, Sinovac",https://github.com/MoH-Malaysia/covid19-public,544189,449711,94482,0
Malaysia,2021-03-26,"Pfizer/BioNTech, Sinovac",https://github.com/MoH-Malaysia/covid19-public,560939,453649,107294,0
Malaysia,2021-03-27,"Pfizer/BioNTech, Sinovac",https://github.com/MoH-Malaysia/covid19-public,577086,455356,121734,0
Malaysia,2021-03-28,"Pfizer/BioNTech, Sinovac",https://github.com/MoH-Malaysia/covid19-public,593700,459040,134664,0
Malaysia,2021-03-29,"Pfizer/BioNTech, Sinovac",https://github.com/MoH-Malaysia/covid19-public,628945,466906,162043,0
Malaysia,2021-03-30,"Pfizer/BioNTech, Sinovac",https://github.com/MoH-Malaysia/covid19-public,669880,478433,191451,0
Malaysia,2021-03-31,"Pfizer/BioNTech, Sinovac",https://github.com/MoH-Malaysia/covid19-public,707356,488385,218975,0
Malaysia,2021-04-01,"Pfizer/BioNTech, Sinovac",https://github.com/MoH-Malaysia/covid19-public,749826,504293,245537,0
Malaysia,2021-04-02,"Pfizer/BioNTech, Sinovac",https://github.com/MoH-Malaysia/covid19-public,780313,511876,268441,0
Malaysia,2021-04-03,"Pfizer/BioNTech, Sinovac",https://github.com/MoH-Malaysia/covid19-public,797739,514556,283187,0
Malaysia,2021-04-04,"Pfizer/BioNTech, Sinovac",https://github.com/MoH-Malaysia/covid19-public,812929,520585,292348,0
Malaysia,2021-04-05,"Pfizer/BioNTech, Sinovac",https://github.com/MoH-Malaysia/covid19-public,841640,529785,311859,0
Malaysia,2021-04-06,"Pfizer/BioNTech, Sinovac",https://github.com/MoH-Malaysia/covid19-public,874358,540797,333565,0
Malaysia,2021-04-07,"Pfizer/BioNTech, Sinovac",https://github.com/MoH-Malaysia/covid19-public,905380,553497,351887,0
Malaysia,2021-04-08,"Pfizer/BioNTech, Sinovac",https://github.com/MoH-Malaysia/covid19-public,932284,565590,366698,0
Malaysia,2021-04-09,"Pfizer/BioNTech, Sinovac",https://github.com/MoH-Malaysia/covid19-public,953905,572818,381091,0
Malaysia,2021-04-10,"Pfizer/BioNTech, Sinovac",https://github.com/MoH-Malaysia/covid19-public,969645,578489,391160,0
Malaysia,2021-04-11,"Pfizer/BioNTech, Sinovac",https://github.com/MoH-Malaysia/covid19-public,992841,590967,401878,0
Malaysia,2021-04-12,"Pfizer/BioNTech, Sinovac",https://github.com/MoH-Malaysia/covid19-public,1032164,616330,415838,0
Malaysia,2021-04-13,"Pfizer/BioNTech, Sinovac",https://github.com/MoH-Malaysia/covid19-public,1056681,633147,423538,0
Malaysia,2021-04-14,"Pfizer/BioNTech, Sinovac",https://github.com/MoH-Malaysia/covid19-public,1085373,654090,431287,0
Malaysia,2021-04-15,"Pfizer/BioNTech, Sinovac",https://github.com/MoH-Malaysia/covid19-public,1112642,672191,440455,0
Malaysia,2021-04-16,"Pfizer/BioNTech, Sinovac",https://github.com/MoH-Malaysia/covid19-public,1132194,687821,444377,0
Malaysia,2021-04-17,"Pfizer/BioNTech, Sinovac",https://github.com/MoH-Malaysia/covid19-public,1141879,696393,445490,0
Malaysia,2021-04-18,"Pfizer/BioNTech, Sinovac",https://github.com/MoH-Malaysia/covid19-public,1151738,702486,449256,0
Malaysia,2021-04-19,"Pfizer/BioNTech, Sinovac",https://github.com/MoH-Malaysia/covid19-public,1184896,727154,457746,0
Malaysia,2021-04-20,"Pfizer/BioNTech, Sinovac",https://github.com/MoH-Malaysia/covid19-public,1218275,749241,469038,0
Malaysia,2021-04-21,"Pfizer/BioNTech, Sinovac",https://github.com/MoH-Malaysia/covid19-public,1245975,765066,480913,0
Malaysia,2021-04-22,"Pfizer/BioNTech, Sinovac",https://github.com/MoH-Malaysia/covid19-public,1275559,779461,496102,0
Malaysia,2021-04-23,"Pfizer/BioNTech, Sinovac",https://github.com/MoH-Malaysia/covid19-public,1294471,791680,502795,0
Malaysia,2021-04-24,"Pfizer/BioNTech, Sinovac",https://github.com/MoH-Malaysia/covid19-public,1305954,799672,506286,0
Malaysia,2021-04-25,"Pfizer/BioNTech, Sinovac",https://github.com/MoH-Malaysia/covid19-public,1320800,808784,512020,0
Malaysia,2021-04-26,"Pfizer/BioNTech, Sinovac",https://github.com/MoH-Malaysia/covid19-public,1351112,830153,520963,0
Malaysia,2021-04-27,"Pfizer/BioNTech, Sinovac",https://github.com/MoH-Malaysia/covid19-public,1385819,852980,532843,0
Malaysia,2021-04-28,"Pfizer/BioNTech, Sinovac",https://github.com/MoH-Malaysia/covid19-public,1425520,879444,546080,0
Malaysia,2021-04-29,"Pfizer/BioNTech, Sinovac",https://github.com/MoH-Malaysia/covid19-public,1438055,885913,552146,0
Malaysia,2021-04-30,"Pfizer/BioNTech, Sinovac",https://github.com/MoH-Malaysia/covid19-public,1464766,903705,561065,0
Malaysia,2021-05-01,"Pfizer/BioNTech, Sinovac",https://github.com/MoH-Malaysia/covid19-public,1470266,906635,563635,0
Malaysia,2021-05-02,"Pfizer/BioNTech, Sinovac",https://github.com/MoH-Malaysia/covid19-public,1486048,914293,571759,0
Malaysia,2021-05-03,"Oxford/AstraZeneca, Pfizer/BioNTech, Sinovac",https://github.com/MoH-Malaysia/covid19-public,1537330,938828,598506,0
Malaysia,2021-05-04,"Oxford/AstraZeneca, Pfizer/BioNTech, Sinovac",https://github.com/MoH-Malaysia/covid19-public,1587174,968969,618209,0
Malaysia,2021-05-05,"Oxford/AstraZeneca, Pfizer/BioNTech, Sinovac",https://github.com/MoH-Malaysia/covid19-public,1642194,1001080,641118,0
Malaysia,2021-05-06,"Oxford/AstraZeneca, Pfizer/BioNTech, Sinovac",https://github.com/MoH-Malaysia/covid19-public,1698060,1038157,659907,0
Malaysia,2021-05-07,"Oxford/AstraZeneca, Pfizer/BioNTech, Sinovac",https://github.com/MoH-Malaysia/covid19-public,1745908,1070514,675398,0
Malaysia,2021-05-08,"Oxford/AstraZeneca, Pfizer/BioNTech, Sinovac",https://github.com/MoH-Malaysia/covid19-public,1773054,1089215,683843,0
Malaysia,2021-05-09,"CanSino, Oxford/AstraZeneca, Pfizer/BioNTech, Sinovac",https://github.com/MoH-Malaysia/covid19-public,1805568,1115124,690450,0
Malaysia,2021-05-10,"CanSino, Oxford/AstraZeneca, Pfizer/BioNTech, Sinovac",https://github.com/MoH-Malaysia/covid19-public,1867171,1151854,715323,0
Malaysia,2021-05-11,"CanSino, Oxford/AstraZeneca, Pfizer/BioNTech, Sinovac",https://github.com/MoH-Malaysia/covid19-public,1916161,1182382,733785,0
Malaysia,2021-05-12,"CanSino, Oxford/AstraZeneca, Pfizer/BioNTech, Sinovac",https://github.com/MoH-Malaysia/covid19-public,1934329,1192720,741615,0
Malaysia,2021-05-13,"CanSino, Oxford/AstraZeneca, Pfizer/BioNTech, Sinovac",https://github.com/MoH-Malaysia/covid19-public,1934451,1192832,741625,0
Malaysia,2021-05-14,"CanSino, Oxford/AstraZeneca, Pfizer/BioNTech, Sinovac",https://github.com/MoH-Malaysia/covid19-public,1934520,1192892,741634,0
Malaysia,2021-05-15,"CanSino, Oxford/AstraZeneca, Pfizer/BioNTech, Sinovac",https://github.com/MoH-Malaysia/covid19-public,1945456,1203224,742238,0
Malaysia,2021-05-16,"CanSino, Oxford/AstraZeneca, Pfizer/BioNTech, Sinovac",https://github.com/MoH-Malaysia/covid19-public,1955784,1213218,742572,0
Malaysia,2021-05-17,"CanSino, Oxford/AstraZeneca, Pfizer/BioNTech, Sinovac",https://github.com/MoH-Malaysia/covid19-public,2016485,1245705,770786,0
Malaysia,2021-05-18,"CanSino, Oxford/AstraZeneca, Pfizer/BioNTech, Sinovac",https://github.com/MoH-Malaysia/covid19-public,2094722,1291540,803188,0
Malaysia,2021-05-19,"CanSino, Oxford/AstraZeneca, Pfizer/BioNTech, Sinovac",https://github.com/MoH-Malaysia/covid19-public,2179102,1341768,837340,0
Malaysia,2021-05-20,"CanSino, Oxford/AstraZeneca, Pfizer/BioNTech, Sinovac",https://github.com/MoH-Malaysia/covid19-public,2260401,1401061,859346,0
Malaysia,2021-05-21,"CanSino, Oxford/AstraZeneca, Pfizer/BioNTech, Sinovac",https://github.com/MoH-Malaysia/covid19-public,2321550,1443303,878253,0
Malaysia,2021-05-22,"CanSino, Oxford/AstraZeneca, Pfizer/BioNTech, Sinovac",https://github.com/MoH-Malaysia/covid19-public,2368265,1486650,881621,0
Malaysia,2021-05-23,"CanSino, Oxford/AstraZeneca, Pfizer/BioNTech, Sinovac",https://github.com/MoH-Malaysia/covid19-public,2414730,1524690,890046,0
Malaysia,2021-05-24,"CanSino, Oxford/AstraZeneca, Pfizer/BioNTech, Sinovac",https://github.com/MoH-Malaysia/covid19-public,2510633,1594443,916196,0
Malaysia,2021-05-25,"CanSino, Oxford/AstraZeneca, Pfizer/BioNTech, Sinovac",https://github.com/MoH-Malaysia/covid19-public,2611325,1664338,946993,0
Malaysia,2021-05-26,"CanSino, Oxford/AstraZeneca, Pfizer/BioNTech, Sinovac",https://github.com/MoH-Malaysia/covid19-public,2633751,1684854,948903,0
Malaysia,2021-05-27,"CanSino, Oxford/AstraZeneca, Pfizer/BioNTech, Sinovac",https://github.com/MoH-Malaysia/covid19-public,2742336,1743768,998574,0
Malaysia,2021-05-28,"CanSino, Oxford/AstraZeneca, Pfizer/BioNTech, Sinovac",https://github.com/MoH-Malaysia/covid19-public,2816892,1790728,1026170,0
Malaysia,2021-05-29,"CanSino, Oxford/AstraZeneca, Pfizer/BioNTech, Sinovac",https://github.com/MoH-Malaysia/covid19-public,2883111,1841867,1041250,0
Malaysia,2021-05-30,"CanSino, Oxford/AstraZeneca, Pfizer/BioNTech, Sinovac",https://github.com/MoH-Malaysia/covid19-public,2945969,1880284,1065691,0
Malaysia,2021-05-31,"CanSino, Oxford/AstraZeneca, Pfizer/BioNTech, Sinovac",https://github.com/MoH-Malaysia/covid19-public,3042369,1947960,1094415,0
Malaysia,2021-06-01,"CanSino, Oxford/AstraZeneca, Pfizer/BioNTech, Sinovac",https://github.com/MoH-Malaysia/covid19-public,3142338,2023460,1118884,0
Malaysia,2021-06-02,"CanSino, Oxford/AstraZeneca, Pfizer/BioNTech, Sinovac",https://github.com/MoH-Malaysia/covid19-public,3249324,2120543,1128787,0
Malaysia,2021-06-03,"CanSino, Oxford/AstraZeneca, Pfizer/BioNTech, Sinovac",https://github.com/MoH-Malaysia/covid19-public,3368678,2232015,1136669,0
Malaysia,2021-06-04,"CanSino, Oxford/AstraZeneca, Pfizer/BioNTech, Sinovac",https://github.com/MoH-Malaysia/covid19-public,3460161,2318511,1141656,0
Malaysia,2021-06-05,"CanSino, Oxford/AstraZeneca, Pfizer/BioNTech, Sinovac",https://github.com/MoH-Malaysia/covid19-public,3533808,2390756,1143058,0
Malaysia,2021-06-06,"CanSino, Oxford/AstraZeneca, Pfizer/BioNTech, Sinovac",https://github.com/MoH-Malaysia/covid19-public,3616636,2471965,1144677,0
Malaysia,2021-06-07,"CanSino, Oxford/AstraZeneca, Pfizer/BioNTech, Sinovac",https://github.com/MoH-Malaysia/covid19-public,3682591,2532814,1149783,0
Malaysia,2021-06-08,"CanSino, Oxford/AstraZeneca, Pfizer/BioNTech, Sinovac",https://github.com/MoH-Malaysia/covid19-public,3837590,2641379,1196217,0
Malaysia,2021-06-09,"CanSino, Oxford/AstraZeneca, Pfizer/BioNTech, Sinovac",https://github.com/MoH-Malaysia/covid19-public,3994766,2757744,1237028,0
Malaysia,2021-06-10,"CanSino, Oxford/AstraZeneca, Pfizer/BioNTech, Sinovac",https://github.com/MoH-Malaysia/covid19-public,4156094,2871567,1284534,0
Malaysia,2021-06-11,"CanSino, Oxford/AstraZeneca, Pfizer/BioNTech, Sinovac",https://github.com/MoH-Malaysia/covid19-public,4282785,2967961,1314831,0
Malaysia,2021-06-12,"CanSino, Oxford/AstraZeneca, Pfizer/BioNTech, Sinovac",https://github.com/MoH-Malaysia/covid19-public,4420450,3071424,1349033,0
Malaysia,2021-06-13,"CanSino, Oxford/AstraZeneca, Pfizer/BioNTech, Sinovac",https://github.com/MoH-Malaysia/covid19-public,4552491,3176444,1376054,0
Malaysia,2021-06-14,"CanSino, Oxford/AstraZeneca, Pfizer/BioNTech, Sinovac",https://github.com/MoH-Malaysia/covid19-public,4756490,3324482,1432015,0
Malaysia,2021-06-15,"CanSino, Oxford/AstraZeneca, Pfizer/BioNTech, Sinovac",https://github.com/MoH-Malaysia/covid19-public,4979892,3491620,1488279,0
Malaysia,2021-06-16,"CanSino, Oxford/AstraZeneca, Pfizer/BioNTech, Sinovac",https://github.com/MoH-Malaysia/covid19-public,5194528,3697958,1496577,0
Malaysia,2021-06-17,"CanSino, Oxford/AstraZeneca, Pfizer/BioNTech, Sinovac",https://github.com/MoH-Malaysia/covid19-public,5424128,3883107,1541028,0
Malaysia,2021-06-18,"CanSino, Oxford/AstraZeneca, Pfizer/BioNTech, Sinovac",https://github.com/MoH-Malaysia/covid19-public,5609996,4036197,1573806,0
Malaysia,2021-06-19,"CanSino, Oxford/AstraZeneca, Pfizer/BioNTech, Sinovac",https://github.com/MoH-Malaysia/covid19-public,5782241,4172095,1610153,0
Malaysia,2021-06-20,"CanSino, Oxford/AstraZeneca, Pfizer/BioNTech, Sinovac",https://github.com/MoH-Malaysia/covid19-public,5928988,4294592,1634403,0
Malaysia,2021-06-21,"CanSino, Oxford/AstraZeneca, Pfizer/BioNTech, Sinovac",https://github.com/MoH-Malaysia/covid19-public,6174394,4485209,1689192,0
Malaysia,2021-06-22,"CanSino, Oxford/AstraZeneca, Pfizer/BioNTech, Sinovac",https://github.com/MoH-Malaysia/covid19-public,6434668,4684411,1750264,0
Malaysia,2021-06-23,"CanSino, Oxford/AstraZeneca, Pfizer/BioNTech, Sinovac",https://github.com/MoH-Malaysia/covid19-public,6700212,4869771,1830448,0
Malaysia,2021-06-24,"CanSino, Oxford/AstraZeneca, Pfizer/BioNTech, Sinovac",https://github.com/MoH-Malaysia/covid19-public,6978053,5052764,1925296,0
Malaysia,2021-06-25,"CanSino, Oxford/AstraZeneca, Pfizer/BioNTech, Sinovac",https://github.com/MoH-Malaysia/covid19-public,7201197,5207593,1993611,0
Malaysia,2021-06-26,"CanSino, Oxford/AstraZeneca, Pfizer/BioNTech, Sinovac",https://github.com/MoH-Malaysia/covid19-public,7399742,5349736,2050014,0
Malaysia,2021-06-27,"CanSino, Oxford/AstraZeneca, Pfizer/BioNTech, Sinovac",https://github.com/MoH-Malaysia/covid19-public,7577739,5461492,2116255,0
Malaysia,2021-06-28,"CanSino, Oxford/AstraZeneca, Pfizer/BioNTech, Sinovac",https://github.com/MoH-Malaysia/covid19-public,7787936,5628021,2159923,0
Malaysia,2021-06-29,"CanSino, Oxford/AstraZeneca, Pfizer/BioNTech, Sinovac",https://github.com/MoH-Malaysia/covid19-public,8032350,5786899,2245459,0
Malaysia,2021-06-30,"CanSino, Oxford/AstraZeneca, Pfizer/BioNTech, Sinovac",https://github.com/MoH-Malaysia/covid19-public,8303155,5960861,2342302,0
Malaysia,2021-07-01,"CanSino, Oxford/AstraZeneca, Pfizer/BioNTech, Sinovac",https://github.com/MoH-Malaysia/covid19-public,8573461,6144558,2428912,0
Malaysia,2021-07-02,"CanSino, Oxford/AstraZeneca, Pfizer/BioNTech, Sinovac",https://github.com/MoH-Malaysia/covid19-public,8814370,6314738,2499641,0
Malaysia,2021-07-03,"CanSino, Oxford/AstraZeneca, Pfizer/BioNTech, Sinovac",https://github.com/MoH-Malaysia/covid19-public,9038563,6459507,2579065,0
Malaysia,2021-07-04,"CanSino, Oxford/AstraZeneca, Pfizer/BioNTech, Sinovac",https://github.com/MoH-Malaysia/covid19-public,9254463,6594548,2659924,0
Malaysia,2021-07-05,"CanSino, Oxford/AstraZeneca, Pfizer/BioNTech, Sinovac",https://github.com/MoH-Malaysia/covid19-public,9582518,6801118,2781409,0
Malaysia,2021-07-06,"CanSino, Oxford/AstraZeneca, Pfizer/BioNTech, Sinovac",https://github.com/MoH-Malaysia/covid19-public,9938892,7018175,2920726,0
Malaysia,2021-07-07,"CanSino, Oxford/AstraZeneca, Pfizer/BioNTech, Sinovac",https://github.com/MoH-Malaysia/covid19-public,10334292,7236973,3097328,0
Malaysia,2021-07-08,"CanSino, Oxford/AstraZeneca, Pfizer/BioNTech, Sinovac",https://github.com/MoH-Malaysia/covid19-public,10724933,7466972,3257970,0
Malaysia,2021-07-09,"CanSino, Oxford/AstraZeneca, Pfizer/BioNTech, Sinovac",https://github.com/MoH-Malaysia/covid19-public,11075418,7687617,3387810,0
Malaysia,2021-07-10,"CanSino, Oxford/AstraZeneca, Pfizer/BioNTech, Sinovac",https://github.com/MoH-Malaysia/covid19-public,11411904,7907340,3504573,0
Malaysia,2021-07-11,"CanSino, Oxford/AstraZeneca, Pfizer/BioNTech, Sinovac",https://github.com/MoH-Malaysia/covid19-public,11710047,8102055,3608001,0
Malaysia,2021-07-12,"CanSino, Oxford/AstraZeneca, Pfizer/BioNTech, Sinovac",https://github.com/MoH-Malaysia/covid19-public,12144419,8373905,3770523,0
Malaysia,2021-07-13,"CanSino, Oxford/AstraZeneca, Pfizer/BioNTech, Sinovac",https://github.com/MoH-Malaysia/covid19-public,12584316,8642370,3941955,0
Malaysia,2021-07-14,"CanSino, Oxford/AstraZeneca, Pfizer/BioNTech, Sinovac",https://github.com/MoH-Malaysia/covid19-public,13043600,8937591,4106018,0
Malaysia,2021-07-15,"CanSino, Oxford/AstraZeneca, Pfizer/BioNTech, Sinovac",https://github.com/MoH-Malaysia/covid19-public,13522642,9255303,4267348,0
Malaysia,2021-07-16,"CanSino, Oxford/AstraZeneca, Pfizer/BioNTech, Sinovac",https://github.com/MoH-Malaysia/covid19-public,13940649,9539076,4401582,0
Malaysia,2021-07-17,"CanSino, Oxford/AstraZeneca, Pfizer/BioNTech, Sinovac",https://github.com/MoH-Malaysia/covid19-public,14337561,9803756,4533814,0
Malaysia,2021-07-18,"CanSino, Oxford/AstraZeneca, Pfizer/BioNTech, Sinovac",https://github.com/MoH-Malaysia/covid19-public,14694203,10056258,4637954,0
Malaysia,2021-07-19,"CanSino, Oxford/AstraZeneca, Pfizer/BioNTech, Sinovac",https://github.com/MoH-Malaysia/covid19-public,15137463,10344935,4792537,0
Malaysia,2021-07-20,"CanSino, Oxford/AstraZeneca, Pfizer/BioNTech, Sinovac",https://github.com/MoH-Malaysia/covid19-public,15449361,10553355,4896016,0
Malaysia,2021-07-21,"CanSino, Oxford/AstraZeneca, Pfizer/BioNTech, Sinovac",https://github.com/MoH-Malaysia/covid19-public,15908824,10842298,5066536,0
Malaysia,2021-07-22,"CanSino, Oxford/AstraZeneca, Pfizer/BioNTech, Sinovac",https://github.com/MoH-Malaysia/covid19-public,16428950,11185563,5243397,0
Malaysia,2021-07-23,"CanSino, Oxford/AstraZeneca, Pfizer/BioNTech, Sinovac",https://github.com/MoH-Malaysia/covid19-public,16908094,11500109,5407995,0
Malaysia,2021-07-24,"CanSino, Oxford/AstraZeneca, Pfizer/BioNTech, Sinovac",https://github.com/MoH-Malaysia/covid19-public,17341600,11795980,5545630,0
Malaysia,2021-07-25,"CanSino, Oxford/AstraZeneca, Pfizer/BioNTech, Sinovac",https://github.com/MoH-Malaysia/covid19-public,17759056,12088370,5670696,0
Malaysia,2021-07-26,"CanSino, Oxford/AstraZeneca, Pfizer/BioNTech, Sinovac",https://github.com/MoH-Malaysia/covid19-public,18297372,12431011,5866371,0
Malaysia,2021-07-27,"CanSino, Oxford/AstraZeneca, Pfizer/BioNTech, Sinovac",https://github.com/MoH-Malaysia/covid19-public,18869715,12797428,6072297,0
Malaysia,2021-07-28,"CanSino, Oxford/AstraZeneca, Pfizer/BioNTech, Sinovac",https://github.com/MoH-Malaysia/covid19-public,19452261,13172733,6279540,0
Malaysia,2021-07-29,"CanSino, Oxford/AstraZeneca, Pfizer/BioNTech, Sinovac",https://github.com/MoH-Malaysia/covid19-public,20033876,13535715,6498177,0
Malaysia,2021-07-30,"CanSino, Oxford/AstraZeneca, Pfizer/BioNTech, Sinovac",https://github.com/MoH-Malaysia/covid19-public,20569829,13868613,6701232,0
Malaysia,2021-07-31,"CanSino, Oxford/AstraZeneca, Pfizer/BioNTech, Sinovac",https://github.com/MoH-Malaysia/covid19-public,21113928,14205090,6908856,0
Malaysia,2021-08-01,"CanSino, Oxford/AstraZeneca, Pfizer/BioNTech, Sinovac",https://github.com/MoH-Malaysia/covid19-public,21609962,14515524,7094458,0
Malaysia,2021-08-02,"CanSino, Oxford/AstraZeneca, Pfizer/BioNTech, Sinovac",https://github.com/MoH-Malaysia/covid19-public,22099089,14752446,7346663,0
Malaysia,2021-08-03,"CanSino, Oxford/AstraZeneca, Pfizer/BioNTech, Sinovac",https://github.com/MoH-Malaysia/covid19-public,22604105,15006454,7597672,0
Malaysia,2021-08-04,"CanSino, Oxford/AstraZeneca, Pfizer/BioNTech, Sinovac",https://github.com/MoH-Malaysia/covid19-public,23120455,15249326,7871151,0
Malaysia,2021-08-05,"CanSino, Oxford/AstraZeneca, Pfizer/BioNTech, Sinovac",https://github.com/MoH-Malaysia/covid19-public,23659429,15485330,8174124,0
Malaysia,2021-08-06,"CanSino, Oxford/AstraZeneca, Pfizer/BioNTech, Sinovac",https://github.com/MoH-Malaysia/covid19-public,24130769,15690722,8440073,0
Malaysia,2021-08-07,"CanSino, Oxford/AstraZeneca, Pfizer/BioNTech, Sinovac",https://github.com/MoH-Malaysia/covid19-public,24583060,15895736,8687351,0
Malaysia,2021-08-08,"CanSino, Oxford/AstraZeneca, Pfizer/BioNTech, Sinovac",https://github.com/MoH-Malaysia/covid19-public,24995044,16068023,8927049,0
Malaysia,2021-08-09,"CanSino, Oxford/AstraZeneca, Pfizer/BioNTech, Sinovac",https://github.com/MoH-Malaysia/covid19-public,25483227,16271477,9211782,0
Malaysia,2021-08-10,"CanSino, Oxford/AstraZeneca, Pfizer/BioNTech, Sinovac",https://github.com/MoH-Malaysia/covid19-public,25862046,16448540,9413540,0
Malaysia,2021-08-11,"CanSino, Oxford/AstraZeneca, Pfizer/BioNTech, Sinovac",https://github.com/MoH-Malaysia/covid19-public,26381850,16693623,9688266,0
Malaysia,2021-08-12,"CanSino, Oxford/AstraZeneca, Pfizer/BioNTech, Sinovac",https://github.com/MoH-Malaysia/covid19-public,26934415,16912188,10022269,0
Malaysia,2021-08-13,"CanSino, Oxford/AstraZeneca, Pfizer/BioNTech, Sinovac",https://github.com/MoH-Malaysia/covid19-public,27431692,17098153,10333583,0
Malaysia,2021-08-14,"CanSino, Oxford/AstraZeneca, Pfizer/BioNTech, Sinovac",https://github.com/MoH-Malaysia/covid19-public,27902958,17279696,10623306,0
Malaysia,2021-08-15,"CanSino, Oxford/AstraZeneca, Pfizer/BioNTech, Sinovac",https://github.com/MoH-Malaysia/covid19-public,28343387,17438329,10905103,0
Malaysia,2021-08-16,"CanSino, Oxford/AstraZeneca, Pfizer/BioNTech, Sinovac",https://github.com/MoH-Malaysia/covid19-public,28869935,17629570,11240410,0
Malaysia,2021-08-17,"CanSino, Oxford/AstraZeneca, Pfizer/BioNTech, Sinovac",https://github.com/MoH-Malaysia/covid19-public,29419516,17828921,11590644,0
Malaysia,2021-08-18,"CanSino, Oxford/AstraZeneca, Pfizer/BioNTech, Sinovac",https://github.com/MoH-Malaysia/covid19-public,29991858,18036427,11955486,0
Malaysia,2021-08-19,"CanSino, Oxford/AstraZeneca, Pfizer/BioNTech, Sinovac",https://github.com/MoH-Malaysia/covid19-public,30541163,18233680,12307543,0
Malaysia,2021-08-20,"CanSino, Oxford/AstraZeneca, Pfizer/BioNTech, Sinovac",https://github.com/MoH-Malaysia/covid19-public,31056121,18407049,12649133,0
Malaysia,2021-08-21,"CanSino, Oxford/AstraZeneca, Pfizer/BioNTech, Sinovac",https://github.com/MoH-Malaysia/covid19-public,31557599,18582614,12975056,0
Malaysia,2021-08-22,"CanSino, Oxford/AstraZeneca, Pfizer/BioNTech, Sinovac",https://github.com/MoH-Malaysia/covid19-public,32023306,18733770,13289609,0
Malaysia,2021-08-23,"CanSino, Oxford/AstraZeneca, Pfizer/BioNTech, Sinovac",https://github.com/MoH-Malaysia/covid19-public,32442521,18896437,13546158,0
Malaysia,2021-08-24,"CanSino, Oxford/AstraZeneca, Pfizer/BioNTech, Sinovac",https://github.com/MoH-Malaysia/covid19-public,32889457,19066689,13822843,0
Malaysia,2021-08-25,"CanSino, Oxford/AstraZeneca, Pfizer/BioNTech, Sinovac",https://github.com/MoH-Malaysia/covid19-public,33341518,19243382,14098211,0
Malaysia,2021-08-26,"CanSino, Oxford/AstraZeneca, Pfizer/BioNTech, Sinovac",https://github.com/MoH-Malaysia/covid19-public,33781445,19418155,14365332,0
Malaysia,2021-08-27,"CanSino, Oxford/AstraZeneca, Pfizer/BioNTech, Sinovac",https://github.com/MoH-Malaysia/covid19-public,34159285,19579146,14583566,0
Malaysia,2021-08-28,"CanSino, Oxford/AstraZeneca, Pfizer/BioNTech, Sinovac",https://github.com/MoH-Malaysia/covid19-public,34533351,19749636,14794121,0
Malaysia,2021-08-29,"CanSino, Oxford/AstraZeneca, Pfizer/BioNTech, Sinovac",https://github.com/MoH-Malaysia/covid19-public,34866356,19912334,14972159,0
Malaysia,2021-08-30,"CanSino, Oxford/AstraZeneca, Pfizer/BioNTech, Sinovac",https://github.com/MoH-Malaysia/covid19-public,35258675,20112969,15168108,0
Malaysia,2021-08-31,"CanSino, Oxford/AstraZeneca, Pfizer/BioNTech, Sinovac",https://github.com/MoH-Malaysia/covid19-public,35546301,20244870,15326398,0
Malaysia,2021-09-01,"CanSino, Oxford/AstraZeneca, Pfizer/BioNTech, Sinovac",https://github.com/MoH-Malaysia/covid19-public,35977541,20449554,15555698,3
Malaysia,2021-09-02,"CanSino, Oxford/AstraZeneca, Pfizer/BioNTech, Sinovac",https://github.com/MoH-Malaysia/covid19-public,36382363,20650355,15763352,12
Malaysia,2021-09-03,"CanSino, Oxford/AstraZeneca, Pfizer/BioNTech, Sinovac",https://github.com/MoH-Malaysia/covid19-public,36741816,20813403,15965635,12
Malaysia,2021-09-04,"CanSino, Oxford/AstraZeneca, Pfizer/BioNTech, Sinovac",https://github.com/MoH-Malaysia/covid19-public,37078157,20969091,16153801,18
Malaysia,2021-09-05,"CanSino, Oxford/AstraZeneca, Pfizer/BioNTech, Sinovac",https://github.com/MoH-Malaysia/covid19-public,37395056,21122005,16324877,20
Malaysia,2021-09-06,"CanSino, Oxford/AstraZeneca, Pfizer/BioNTech, Sinovac",https://github.com/MoH-Malaysia/covid19-public,37738502,21268372,16524946,22
Malaysia,2021-09-07,"CanSino, Oxford/AstraZeneca, Pfizer/BioNTech, Sinovac",https://github.com/MoH-Malaysia/covid19-public,38090607,21415480,16732452,25
Malaysia,2021-09-08,"CanSino, Oxford/AstraZeneca, Pfizer/BioNTech, Sinovac",https://github.com/MoH-Malaysia/covid19-public,38442822,21556679,16945691,30
Malaysia,2021-09-09,"CanSino, Oxford/AstraZeneca, Pfizer/BioNTech, Sinovac",https://github.com/MoH-Malaysia/covid19-public,38796313,21706275,17153681,32
Malaysia,2021-09-10,"CanSino, Oxford/AstraZeneca, Pfizer/BioNTech, Sinovac",https://github.com/MoH-Malaysia/covid19-public,39114193,21832563,17351621,35
Malaysia,2021-09-11,"CanSino, Oxford/AstraZeneca, Pfizer/BioNTech, Sinovac",https://github.com/MoH-Malaysia/covid19-public,39400575,21936715,17541391,79
Malaysia,2021-09-12,"CanSino, Oxford/AstraZeneca, Pfizer/BioNTech, Sinovac",https://github.com/MoH-Malaysia/covid19-public,39651999,22027159,17708260,190
Malaysia,2021-09-13,"CanSino, Oxford/AstraZeneca, Pfizer/BioNTech, Sinovac",https://github.com/MoH-Malaysia/covid19-public,39903807,22109785,17881542,192
Malaysia,2021-09-14,"CanSino, Oxford/AstraZeneca, Pfizer/BioNTech, Sinovac",https://github.com/MoH-Malaysia/covid19-public,40171708,22193805,18071125,195
Malaysia,2021-09-15,"CanSino, Oxford/AstraZeneca, Pfizer/BioNTech, Sinovac",https://github.com/MoH-Malaysia/covid19-public,40445742,22272181,18270490,199
Malaysia,2021-09-16,"CanSino, Oxford/AstraZeneca, Pfizer/BioNTech, Sinovac",https://github.com/MoH-Malaysia/covid19-public,40666491,22341640,18424868,199
Malaysia,2021-09-17,"CanSino, Oxford/AstraZeneca, Pfizer/BioNTech, Sinovac",https://github.com/MoH-Malaysia/covid19-public,40929912,22426300,18607111,206
Malaysia,2021-09-18,"CanSino, Oxford/AstraZeneca, Pfizer/BioNTech, Sinopharm/Beijing, Sinovac",https://github.com/MoH-Malaysia/covid19-public,41185159,22509913,18783306,206
Malaysia,2021-09-19,"CanSino, Oxford/AstraZeneca, Pfizer/BioNTech, Sinopharm/Beijing, Sinovac",https://github.com/MoH-Malaysia/covid19-public,41424150,22579628,18955694,206
Malaysia,2021-09-20,"CanSino, Oxford/AstraZeneca, Pfizer/BioNTech, Sinopharm/Beijing, Sinovac",https://github.com/MoH-Malaysia/covid19-public,41736879,22683722,19166918,206
Malaysia,2021-09-21,"CanSino, Oxford/AstraZeneca, Pfizer/BioNTech, Sinopharm/Beijing, Sinovac",https://github.com/MoH-Malaysia/covid19-public,42012829,22815038,19315288,207
Malaysia,2021-09-22,"CanSino, Oxford/AstraZeneca, Pfizer/BioNTech, Sinopharm/Beijing, Sinovac",https://github.com/MoH-Malaysia/covid19-public,42354378,22947034,19529969,210
Malaysia,2021-09-23,"CanSino, Oxford/AstraZeneca, Pfizer/BioNTech, Sinopharm/Beijing, Sinovac",https://github.com/MoH-Malaysia/covid19-public,42702375,23088411,19738759,212
Malaysia,2021-09-24,"CanSino, Oxford/AstraZeneca, Pfizer/BioNTech, Sinopharm/Beijing, Sinovac",https://github.com/MoH-Malaysia/covid19-public,42994753,23213200,19907573,214
Malaysia,2021-09-25,"CanSino, Oxford/AstraZeneca, Pfizer/BioNTech, Sinopharm/Beijing, Sinovac",https://github.com/MoH-Malaysia/covid19-public,43273183,23335706,20065838,214
Malaysia,2021-09-26,"CanSino, Oxford/AstraZeneca, Pfizer/BioNTech, Sinopharm/Beijing, Sinovac",https://github.com/MoH-Malaysia/covid19-public,43556801,23458689,20228306,221
Malaysia,2021-09-27,"CanSino, Oxford/AstraZeneca, Pfizer/BioNTech, Sinopharm/Beijing, Sinovac",https://github.com/MoH-Malaysia/covid19-public,43894990,23635945,20390303,226
Malaysia,2021-09-28,"CanSino, Oxford/AstraZeneca, Pfizer/BioNTech, Sinopharm/Beijing, Sinovac",https://github.com/MoH-Malaysia/covid19-public,44239460,23812469,20560840,234
Malaysia,2021-09-29,"CanSino, Oxford/AstraZeneca, Pfizer/BioNTech, Sinopharm/Beijing, Sinovac",https://github.com/MoH-Malaysia/covid19-public,44595345,24011103,20719472,239
Malaysia,2021-09-30,"CanSino, Oxford/AstraZeneca, Pfizer/BioNTech, Sinopharm/Beijing, Sinovac",https://github.com/MoH-Malaysia/covid19-public,44939189,24186521,20891739,252
Malaysia,2021-10-01,"CanSino, Oxford/AstraZeneca, Pfizer/BioNTech, Sinopharm/Beijing, Sinovac",https://github.com/MoH-Malaysia/covid19-public,45188496,24293951,21035201,274
Malaysia,2021-10-02,"CanSino, Oxford/AstraZeneca, Pfizer/BioNTech, Sinopharm/Beijing, Sinovac",https://github.com/MoH-Malaysia/covid19-public,45412525,24388576,21166373,278
Malaysia,2021-10-03,"CanSino, Oxford/AstraZeneca, Pfizer/BioNTech, Sinopharm/Beijing, Sinovac",https://github.com/MoH-Malaysia/covid19-public,45630967,24488876,21285282,283
Malaysia,2021-10-04,"CanSino, Oxford/AstraZeneca, Pfizer/BioNTech, Sinopharm/Beijing, Sinovac",https://github.com/MoH-Malaysia/covid19-public,45867894,24620558,21391942,404
Malaysia,2021-10-05,"CanSino, Oxford/AstraZeneca, Pfizer/BioNTech, Sinopharm/Beijing, Sinovac",https://github.com/MoH-Malaysia/covid19-public,46102877,24748790,21500766,510
Malaysia,2021-10-06,"CanSino, Oxford/AstraZeneca, Pfizer/BioNTech, Sinopharm/Beijing, Sinovac",https://github.com/MoH-Malaysia/covid19-public,46322620,24866981,21604785,547
Malaysia,2021-10-07,"CanSino, Oxford/AstraZeneca, Pfizer/BioNTech, Sinopharm/Beijing, Sinovac",https://github.com/MoH-Malaysia/covid19-public,46527983,24979223,21699939,614
Malaysia,2021-10-08,"CanSino, Oxford/AstraZeneca, Pfizer/BioNTech, Sinopharm/Beijing, Sinovac",https://github.com/MoH-Malaysia/covid19-public,46712763,25056990,21808114,1223
Malaysia,2021-10-09,"CanSino, Oxford/AstraZeneca, Pfizer/BioNTech, Sinopharm/Beijing, Sinovac",https://github.com/MoH-Malaysia/covid19-public,46864671,25099568,21918887,1245
Malaysia,2021-10-10,"CanSino, Oxford/AstraZeneca, Pfizer/BioNTech, Sinopharm/Beijing, Sinovac",https://github.com/MoH-Malaysia/covid19-public,47001983,25133498,22023103,1247
Malaysia,2021-10-11,"CanSino, Oxford/AstraZeneca, Pfizer/BioNTech, Sinopharm/Beijing, Sinovac",https://github.com/MoH-Malaysia/covid19-public,47198564,25189559,22165440,1288
Malaysia,2021-10-12,"CanSino, Oxford/AstraZeneca, Pfizer/BioNTech, Sinopharm/Beijing, Sinovac",https://github.com/MoH-Malaysia/covid19-public,47416245,25248780,22325517,1480
Malaysia,2021-10-13,"CanSino, Oxford/AstraZeneca, Pfizer/BioNTech, Sinopharm/Beijing, Sinovac",https://github.com/MoH-Malaysia/covid19-public,47634252,25303562,22488043,3695
Malaysia,2021-10-14,"CanSino, Oxford/AstraZeneca, Pfizer/BioNTech, Sinopharm/Beijing, Sinovac",https://github.com/MoH-Malaysia/covid19-public,47851085,25348021,22659220,7006
Malaysia,2021-10-15,"CanSino, Oxford/AstraZeneca, Pfizer/BioNTech, Sinopharm/Beijing, Sinovac",https://github.com/MoH-Malaysia/covid19-public,48037010,25387081,22797594,17401
Malaysia,2021-10-16,"CanSino, Oxford/AstraZeneca, Pfizer/BioNTech, Sinopharm/Beijing, Sinovac",https://github.com/MoH-Malaysia/covid19-public,48175216,25404207,22915766,21016
Malaysia,2021-10-17,"CanSino, Oxford/AstraZeneca, Pfizer/BioNTech, Sinopharm/Beijing, Sinovac",https://github.com/MoH-Malaysia/covid19-public,48317885,25422466,23038707,23738
Malaysia,2021-10-18,"CanSino, Oxford/AstraZeneca, Pfizer/BioNTech, Sinopharm/Beijing, Sinovac",https://github.com/MoH-Malaysia/covid19-public,48534942,25456682,23213576,32973
Malaysia,2021-10-19,"CanSino, Oxford/AstraZeneca, Pfizer/BioNTech, Sinopharm/Beijing, Sinovac",https://github.com/MoH-Malaysia/covid19-public,48674995,25472863,23337033,34376
Malaysia,2021-10-20,"CanSino, Oxford/AstraZeneca, Pfizer/BioNTech, Sinopharm/Beijing, Sinovac",https://github.com/MoH-Malaysia/covid19-public,48944033,25505132,23557785,51695
Malaysia,2021-10-21,"CanSino, Oxford/AstraZeneca, Pfizer/BioNTech, Sinopharm/Beijing, Sinovac",https://github.com/MoH-Malaysia/covid19-public,49191626,25539313,23752277,72263
Malaysia,2021-10-22,"CanSino, Oxford/AstraZeneca, Pfizer/BioNTech, Sinopharm/Beijing, Sinovac",https://github.com/MoH-Malaysia/covid19-public,49358626,25569363,23872370,91172
Malaysia,2021-10-23,"CanSino, Oxford/AstraZeneca, Pfizer/BioNTech, Sinopharm/Beijing, Sinovac",https://github.com/MoH-Malaysia/covid19-public,49479910,25581912,23973139,99730
Malaysia,2021-10-24,"CanSino, Oxford/AstraZeneca, Pfizer/BioNTech, Sinopharm/Beijing, Sinovac",https://github.com/MoH-Malaysia/covid19-public,49612275,25594235,24085308,108508
Malaysia,2021-10-25,"CanSino, Oxford/AstraZeneca, Pfizer/BioNTech, Sinopharm/Beijing, Sinovac",https://github.com/MoH-Malaysia/covid19-public,49805530,25619564,24232117,130964
Malaysia,2021-10-26,"CanSino, Oxford/AstraZeneca, Pfizer/BioNTech, Sinopharm/Beijing, Sinovac",https://github.com/MoH-Malaysia/covid19-public,49995512,25645834,24373966,153959
Malaysia,2021-10-27,"CanSino, Oxford/AstraZeneca, Pfizer/BioNTech, Sinopharm/Beijing, Sinovac",https://github.com/MoH-Malaysia/covid19-public,50172247,25666850,24502519,182447
Malaysia,2021-10-28,"CanSino, Oxford/AstraZeneca, Pfizer/BioNTech, Sinopharm/Beijing, Sinovac",https://github.com/MoH-Malaysia/covid19-public,50366104,25688015,24623395,235578
Malaysia,2021-10-29,"CanSino, Oxford/AstraZeneca, Pfizer/BioNTech, Sinopharm/Beijing, Sinovac",https://github.com/MoH-Malaysia/covid19-public,50511991,25704324,24707896,281366
Malaysia,2021-10-30,"CanSino, Oxford/AstraZeneca, Pfizer/BioNTech, Sinopharm/Beijing, Sinovac",https://github.com/MoH-Malaysia/covid19-public,50592315,25712057,24759829,302576
Malaysia,2021-10-31,"CanSino, Oxford/AstraZeneca, Pfizer/BioNTech, Sinopharm/Beijing, Sinovac",https://github.com/MoH-Malaysia/covid19-public,50659865,25719007,24803877,319535
Malaysia,2021-11-01,"CanSino, Oxford/AstraZeneca, Pfizer/BioNTech, Sinopharm/Beijing, Sinovac",https://github.com/MoH-Malaysia/covid19-public,50772681,25729264,24862289,364229
Malaysia,2021-11-02,"CanSino, Oxford/AstraZeneca, Pfizer/BioNTech, Sinopharm/Beijing, Sinovac",https://github.com/MoH-Malaysia/covid19-public,50899338,25739717,24921423,422084
Malaysia,2021-11-03,"CanSino, Oxford/AstraZeneca, Pfizer/BioNTech, Sinopharm/Beijing, Sinovac",https://github.com/MoH-Malaysia/covid19-public,51018791,25748855,24966580,487716
Malaysia,2021-11-04,"CanSino, Oxford/AstraZeneca, Pfizer/BioNTech, Sinopharm/Beijing, Sinovac",https://github.com/MoH-Malaysia/covid19-public,51063038,25752214,24986256,509170
Malaysia,2021-11-05,"CanSino, Oxford/AstraZeneca, Pfizer/BioNTech, Sinopharm/Beijing, Sinovac",https://github.com/MoH-Malaysia/covid19-public,51149384,25758276,25018244,557641
Malaysia,2021-11-06,"CanSino, Oxford/AstraZeneca, Pfizer/BioNTech, Sinopharm/Beijing, Sinovac",https://github.com/MoH-Malaysia/covid19-public,51194312,25763516,25032300,583502
Malaysia,2021-11-07,"CanSino, Oxford/AstraZeneca, Pfizer/BioNTech, Sinopharm/Beijing, Sinovac",https://github.com/MoH-Malaysia/covid19-public,51235596,25767451,25047127,606226
Malaysia,2021-11-08,"CanSino, Oxford/AstraZeneca, Pfizer/BioNTech, Sinopharm/Beijing, Sinovac",https://github.com/MoH-Malaysia/covid19-public,51348458,25774435,25092971,666568
Malaysia,2021-11-09,"CanSino, Oxford/AstraZeneca, Pfizer/BioNTech, Sinopharm/Beijing, Sinovac",https://github.com/MoH-Malaysia/covid19-public,51468014,25783230,25124872,745876
Malaysia,2021-11-10,"CanSino, Oxford/AstraZeneca, Pfizer/BioNTech, Sinopharm/Beijing, Sinovac",https://github.com/MoH-Malaysia/covid19-public,51603998,25791881,25164928,833583
Malaysia,2021-11-11,"CanSino, Oxford/AstraZeneca, Pfizer/BioNTech, Sinopharm/Beijing, Sinovac",https://github.com/MoH-Malaysia/covid19-public,51753234,25801510,25210227,928515
Malaysia,2021-11-12,"CanSino, Oxford/AstraZeneca, Pfizer/BioNTech, Sinopharm/Beijing, Sinovac",https://github.com/MoH-Malaysia/covid19-public,51872241,25809559,25245301,1004703
Malaysia,2021-11-13,"CanSino, Oxford/AstraZeneca, Pfizer/BioNTech, Sinopharm/Beijing, Sinovac",https://github.com/MoH-Malaysia/covid19-public,51931752,25813664,25261974,1043828
Malaysia,2021-11-14,"CanSino, Oxford/AstraZeneca, Pfizer/BioNTech, Sinopharm/Beijing, Sinovac",https://github.com/MoH-Malaysia/covid19-public,51978458,25817672,25273558,1075367
Malaysia,2021-11-15,"CanSino, Oxford/AstraZeneca, Pfizer/BioNTech, Sinopharm/Beijing, Sinovac",https://github.com/MoH-Malaysia/covid19-public,52084901,25824443,25301274,1147827
Malaysia,2021-11-16,"CanSino, Oxford/AstraZeneca, Pfizer/BioNTech, Sinopharm/Beijing, Sinovac",https://github.com/MoH-Malaysia/covid19-public,52209979,25831895,25328174,1239054
Malaysia,2021-11-17,"CanSino, Oxford/AstraZeneca, Pfizer/BioNTech, Sinopharm/Beijing, Sinovac",https://github.com/MoH-Malaysia/covid19-public,52332505,25838628,25349711,1333562
Malaysia,2021-11-18,"CanSino, Oxford/AstraZeneca, Pfizer/BioNTech, Sinopharm/Beijing, Sinovac",https://github.com/MoH-Malaysia/covid19-public,52460931,25846395,25371519,1432787
Malaysia,2021-11-19,"CanSino, Oxford/AstraZeneca, Pfizer/BioNTech, Sinopharm/Beijing, Sinovac",https://github.com/MoH-Malaysia/covid19-public,52570023,25853763,25389509,1517004
Malaysia,2021-11-20,"CanSino, Oxford/AstraZeneca, Pfizer/BioNTech, Sinopharm/Beijing, Sinovac",https://github.com/MoH-Malaysia/covid19-public,52618391,25857126,25396185,1555508
Malaysia,2021-11-21,"CanSino, Oxford/AstraZeneca, Pfizer/BioNTech, Sinopharm/Beijing, Sinovac",https://github.com/MoH-Malaysia/covid19-public,52657560,25859935,25401460,1586635
Malaysia,2021-11-22,"CanSino, Oxford/AstraZeneca, Pfizer/BioNTech, Sinopharm/Beijing, Sinovac",https://github.com/MoH-Malaysia/covid19-public,52770447,25865245,25413956,1681738
Malaysia,2021-11-23,"CanSino, Oxford/AstraZeneca, Pfizer/BioNTech, Sinopharm/Beijing, Sinovac",https://github.com/MoH-Malaysia/covid19-public,52910356,25870816,25425089,1804988
Malaysia,2021-11-24,"CanSino, Oxford/AstraZeneca, Pfizer/BioNTech, Sinopharm/Beijing, Sinovac",https://github.com/MoH-Malaysia/covid19-public,53053473,25876293,25434186,1933572
Malaysia,2021-11-25,"CanSino, Oxford/AstraZeneca, Pfizer/BioNTech, Sinopharm/Beijing, Sinovac",https://github.com/MoH-Malaysia/covid19-public,53197213,25882408,25440580,2064877
Malaysia,2021-11-26,"CanSino, Oxford/AstraZeneca, Pfizer/BioNTech, Sinopharm/Beijing, Sinovac",https://github.com/MoH-Malaysia/covid19-public,53313853,25887527,25447641,2169368
Malaysia,2021-11-27,"CanSino, Oxford/AstraZeneca, Pfizer/BioNTech, Sinopharm/Beijing, Sinovac",https://github.com/MoH-Malaysia/covid19-public,53370633,25890143,25453263,2217928
Malaysia,2021-11-28,"CanSino, Oxford/AstraZeneca, Pfizer/BioNTech, Sinopharm/Beijing, Sinovac",https://github.com/MoH-Malaysia/covid19-public,53414447,25892521,25457093,2255763
Malaysia,2021-11-29,"CanSino, Oxford/AstraZeneca, Pfizer/BioNTech, Sinopharm/Beijing, Sinovac",https://github.com/MoH-Malaysia/covid19-public,53526540,25897334,25464314,2355969
Malaysia,2021-11-30,"CanSino, Oxford/AstraZeneca, Pfizer/BioNTech, Sinopharm/Beijing, Sinovac",https://github.com/MoH-Malaysia/covid19-public,53665731,25902718,25473484,2481177
Malaysia,2021-12-01,"CanSino, Oxford/AstraZeneca, Pfizer/BioNTech, Sinopharm/Beijing, Sinovac",https://github.com/MoH-Malaysia/covid19-public,53812677,25908403,25482124,2614637
Malaysia,2021-12-02,"CanSino, Oxford/AstraZeneca, Pfizer/BioNTech, Sinopharm/Beijing, Sinovac",https://github.com/MoH-Malaysia/covid19-public,53967396,25914169,25491582,2754378
Malaysia,2021-12-03,"CanSino, Oxford/AstraZeneca, Pfizer/BioNTech, Sinopharm/Beijing, Sinovac",https://github.com/MoH-Malaysia/covid19-public,54096915,25918858,25498864,2872110
Malaysia,2021-12-04,"CanSino, Oxford/AstraZeneca, Pfizer/BioNTech, Sinopharm/Beijing, Sinovac",https://github.com/MoH-Malaysia/covid19-public,54168994,25922574,25503698,2936082
Malaysia,2021-12-05,"CanSino, Oxford/AstraZeneca, Pfizer/BioNTech, Sinopharm/Beijing, Sinovac",https://github.com/MoH-Malaysia/covid19-public,54226329,25924742,25507120,2988249
Malaysia,2021-12-06,"CanSino, Oxford/AstraZeneca, Pfizer/BioNTech, Sinopharm/Beijing, Sinovac",https://github.com/MoH-Malaysia/covid19-public,54328752,25930217,25514111,3078768
Malaysia,2021-12-07,"CanSino, Oxford/AstraZeneca, Pfizer/BioNTech, Sinopharm/Beijing, Sinovac",https://github.com/MoH-Malaysia/covid19-public,54458237,25935352,25521408,3196177
Malaysia,2021-12-08,"CanSino, Oxford/AstraZeneca, Pfizer/BioNTech, Sinopharm/Beijing, Sinovac",https://github.com/MoH-Malaysia/covid19-public,54588685,25940556,25528354,3314783
Malaysia,2021-12-09,"CanSino, Oxford/AstraZeneca, Pfizer/BioNTech, Sinopharm/Beijing, Sinovac",https://github.com/MoH-Malaysia/covid19-public,54734717,25945974,25536727,3447494
Malaysia,2021-12-10,"CanSino, Oxford/AstraZeneca, Pfizer/BioNTech, Sinopharm/Beijing, Sinovac",https://github.com/MoH-Malaysia/covid19-public,54863072,25950215,25544214,3564456
Malaysia,2021-12-11,"CanSino, Oxford/AstraZeneca, Pfizer/BioNTech, Sinopharm/Beijing, Sinovac",https://github.com/MoH-Malaysia/covid19-public,54936951,25951757,25547105,3634012
Malaysia,2021-12-12,"CanSino, Oxford/AstraZeneca, Pfizer/BioNTech, Sinopharm/Beijing, Sinovac",https://github.com/MoH-Malaysia/covid19-public,55006566,25953382,25549636,3699624
Malaysia,2021-12-13,"CanSino, Oxford/AstraZeneca, Pfizer/BioNTech, Sinopharm/Beijing, Sinovac",https://github.com/MoH-Malaysia/covid19-public,55140355,25957680,25555190,3823770
Malaysia,2021-12-14,"CanSino, Oxford/AstraZeneca, Pfizer/BioNTech, Sinopharm/Beijing, Sinovac",https://github.com/MoH-Malaysia/covid19-public,55306827,25962097,25560819,3980475
Malaysia,2021-12-15,"CanSino, Oxford/AstraZeneca, Pfizer/BioNTech, Sinopharm/Beijing, Sinovac",https://github.com/MoH-Malaysia/covid19-public,55481412,25966712,25566640,4145000
Malaysia,2021-12-16,"CanSino, Oxford/AstraZeneca, Pfizer/BioNTech, Sinopharm/Beijing, Sinovac",https://github.com/MoH-Malaysia/covid19-public,55658720,25971411,25573249,4311260
Malaysia,2021-12-17,"CanSino, Oxford/AstraZeneca, Pfizer/BioNTech, Sinopharm/Beijing, Sinovac",https://github.com/MoH-Malaysia/covid19-public,55823970,25974695,25578386,4468291
Malaysia,2021-12-18,"CanSino, Oxford/AstraZeneca, Pfizer/BioNTech, Sinopharm/Beijing, Sinovac",https://github.com/MoH-Malaysia/covid19-public,55897730,25976060,25580723,4538553
Malaysia,2021-12-19,"CanSino, Oxford/AstraZeneca, Pfizer/BioNTech, Sinopharm/Beijing, Sinovac",https://github.com/MoH-Malaysia/covid19-public,55978704,25977680,25582953,4615971
Malaysia,2021-12-20,"CanSino, Oxford/AstraZeneca, Pfizer/BioNTech, Sinopharm/Beijing, Sinovac",https://github.com/MoH-Malaysia/covid19-public,56128169,25981276,25587687,4757320
Malaysia,2021-12-21,"CanSino, Oxford/AstraZeneca, Pfizer/BioNTech, Sinopharm/Beijing, Sinovac",https://github.com/MoH-Malaysia/covid19-public,56300043,25984748,25592433,4921151
Malaysia,2021-12-22,"CanSino, Oxford/AstraZeneca, Pfizer/BioNTech, Sinopharm/Beijing, Sinovac",https://github.com/MoH-Malaysia/covid19-public,56481548,25988324,25597432,5094365
Malaysia,2021-12-23,"CanSino, Oxford/AstraZeneca, Pfizer/BioNTech, Sinopharm/Beijing, Sinovac",https://github.com/MoH-Malaysia/covid19-public,56663385,25992130,25603037,5266982
Malaysia,2021-12-24,"CanSino, Oxford/AstraZeneca, Pfizer/BioNTech, Sinopharm/Beijing, Sinovac",https://github.com/MoH-Malaysia/covid19-public,56807581,25994494,25607173,5404783
Malaysia,2021-12-25,"CanSino, Oxford/AstraZeneca, Pfizer/BioNTech, Sinopharm/Beijing, Sinovac",https://github.com/MoH-Malaysia/covid19-public,56833837,25995115,25608599,5429085
Malaysia,2021-12-26,"CanSino, Oxford/AstraZeneca, Pfizer/BioNTech, Sinopharm/Beijing, Sinovac",https://github.com/MoH-Malaysia/covid19-public,56899513,25996047,25610147,5492340
Malaysia,2021-12-27,"CanSino, Oxford/AstraZeneca, Pfizer/BioNTech, Sinopharm/Beijing, Sinovac",https://github.com/MoH-Malaysia/covid19-public,57032257,25999584,25615585,5616306
Malaysia,2021-12-28,"CanSino, Oxford/AstraZeneca, Pfizer/BioNTech, Sinopharm/Beijing, Sinovac",https://github.com/MoH-Malaysia/covid19-public,57189621,26003269,25620658,5765116
Malaysia,2021-12-29,"CanSino, Oxford/AstraZeneca, Pfizer/BioNTech, Sinopharm/Beijing, Sinovac",https://github.com/MoH-Malaysia/covid19-public,57379687,26006930,25625925,5946476
Malaysia,2021-12-30,"CanSino, Oxford/AstraZeneca, Pfizer/BioNTech, Sinopharm/Beijing, Sinovac",https://github.com/MoH-Malaysia/covid19-public,57589797,26010581,25630980,6148051
Malaysia,2021-12-31,"CanSino, Oxford/AstraZeneca, Pfizer/BioNTech, Sinopharm/Beijing, Sinovac",https://github.com/MoH-Malaysia/covid19-public,57775191,26013626,25635662,6326003
Malaysia,2022-01-01,"CanSino, Oxford/AstraZeneca, Pfizer/BioNTech, Sinopharm/Beijing, Sinovac",https://github.com/MoH-Malaysia/covid19-public,57817104,26014213,25636535,6366524
Malaysia,2022-01-02,"CanSino, Oxford/AstraZeneca, Pfizer/BioNTech, Sinopharm/Beijing, Sinovac",https://github.com/MoH-Malaysia/covid19-public,57912782,26015600,25638025,6459446
Malaysia,2022-01-03,"CanSino, Oxford/AstraZeneca, Pfizer/BioNTech, Sinopharm/Beijing, Sinovac",https://github.com/MoH-Malaysia/covid19-public,58124829,26018583,25642127,6664574
Malaysia,2022-01-04,"CanSino, Oxford/AstraZeneca, Pfizer/BioNTech, Sinopharm/Beijing, Sinovac",https://github.com/MoH-Malaysia/covid19-public,58369539,26021738,25646304,6902208
Malaysia,2022-01-05,"CanSino, Oxford/AstraZeneca, Pfizer/BioNTech, Sinopharm/Beijing, Sinovac",https://github.com/MoH-Malaysia/covid19-public,58618148,26024807,25650546,7143774
Malaysia,2022-01-06,"CanSino, Oxford/AstraZeneca, Pfizer/BioNTech, Sinopharm/Beijing, Sinovac",https://github.com/MoH-Malaysia/covid19-public,58874478,26028012,25655326,7392372
Malaysia,2022-01-07,"CanSino, Oxford/AstraZeneca, Pfizer/BioNTech, Sinopharm/Beijing, Sinovac",https://github.com/MoH-Malaysia/covid19-public,59094537,26030861,25658903,7606175
Malaysia,2022-01-08,"CanSino, Oxford/AstraZeneca, Pfizer/BioNTech, Sinopharm/Beijing, Sinovac",https://github.com/MoH-Malaysia/covid19-public,59221151,26032217,25660157,7730284
Malaysia,2022-01-09,"CanSino, Oxford/AstraZeneca, Pfizer/BioNTech, Sinopharm/Beijing, Sinovac",https://github.com/MoH-Malaysia/covid19-public,59332884,26033382,25661759,7839503
Malaysia,2022-01-10,"CanSino, Oxford/AstraZeneca, Pfizer/BioNTech, Sinopharm/Beijing, Sinovac",https://github.com/MoH-Malaysia/covid19-public,59559145,26035752,25665185,8060184
Malaysia,2022-01-11,"CanSino, Oxford/AstraZeneca, Pfizer/BioNTech, Sinopharm/Beijing, Sinovac",https://github.com/MoH-Malaysia/covid19-public,59815815,26038017,25668458,8311393
Malaysia,2022-01-12,"CanSino, Oxford/AstraZeneca, Pfizer/BioNTech, Sinopharm/Beijing, Sinovac",https://github.com/MoH-Malaysia/covid19-public,60074737,26040250,25671831,8564898
Malaysia,2022-01-13,"CanSino, Oxford/AstraZeneca, Pfizer/BioNTech, Sinopharm/Beijing, Sinovac",https://github.com/MoH-Malaysia/covid19-public,60344795,26042563,25675385,8829205
Malaysia,2022-01-14,"CanSino, Oxford/AstraZeneca, Pfizer/BioNTech, Sinopharm/Beijing, Sinovac",https://github.com/MoH-Malaysia/covid19-public,60583477,26044422,25677674,9063829
Malaysia,2022-01-15,"CanSino, Oxford/AstraZeneca, Pfizer/BioNTech, Sinopharm/Beijing, Sinovac",https://github.com/MoH-Malaysia/covid19-public,60752646,26045666,25678590,9231061
Malaysia,2022-01-16,"CanSino, Oxford/AstraZeneca, Pfizer/BioNTech, Sinopharm/Beijing, Sinovac",https://github.com/MoH-Malaysia/covid19-public,60900938,26046579,25679466,9377610
Malaysia,2022-01-17,"CanSino, Oxford/AstraZeneca, Pfizer/BioNTech, Sinopharm/Beijing, Sinovac",https://github.com/MoH-Malaysia/covid19-public,61147915,26048717,25682727,9619333
Malaysia,2022-01-18,"CanSino, Oxford/AstraZeneca, Pfizer/BioNTech, Sinopharm/Beijing, Sinovac",https://github.com/MoH-Malaysia/covid19-public,61280361,26049848,25684262,9749168
Malaysia,2022-01-19,"CanSino, Oxford/AstraZeneca, Pfizer/BioNTech, Sinopharm/Beijing, Sinovac",https://github.com/MoH-Malaysia/covid19-public,61553419,26052281,25688914,10015543
Malaysia,2022-01-20,"CanSino, Oxford/AstraZeneca, Pfizer/BioNTech, Sinopharm/Beijing, Sinovac",https://github.com/MoH-Malaysia/covid19-public,61805004,26054213,25692500,10261752
Malaysia,2022-01-21,"CanSino, Oxford/AstraZeneca, Pfizer/BioNTech, Sinopharm/Beijing, Sinovac",https://github.com/MoH-Malaysia/covid19-public,62002717,26055791,25695388,10455080
Malaysia,2022-01-22,"CanSino, Oxford/AstraZeneca, Pfizer/BioNTech, Sinopharm/Beijing, Sinovac",https://github.com/MoH-Malaysia/covid19-public,62162458,26056895,25696170,10612996
Malaysia,2022-01-23,"CanSino, Oxford/AstraZeneca, Pfizer/BioNTech, Sinopharm/Beijing, Sinovac",https://github.com/MoH-Malaysia/covid19-public,62296083,26057812,25697211,10744760
Malaysia,2022-01-24,"CanSino, Oxford/AstraZeneca, Pfizer/BioNTech, Sinopharm/Beijing, Sinovac",https://github.com/MoH-Malaysia/covid19-public,62503385,26059958,25700131,10947230
Malaysia,2022-01-25,"CanSino, Oxford/AstraZeneca, Pfizer/BioNTech, Sinopharm/Beijing, Sinovac",https://github.com/MoH-Malaysia/covid19-public,62721392,26062220,25702979,11160205
Malaysia,2022-01-26,"CanSino, Oxford/AstraZeneca, Pfizer/BioNTech, Sinopharm/Beijing, Sinovac",https://github.com/MoH-Malaysia/covid19-public,62933736,26064042,25705577,11368255
Malaysia,2022-01-27,"CanSino, Oxford/AstraZeneca, Pfizer/BioNTech, Sinopharm/Beijing, Sinovac",https://github.com/MoH-Malaysia/covid19-public,63142422,26065909,25708417,11572411
Malaysia,2022-01-28,"CanSino, Oxford/AstraZeneca, Pfizer/BioNTech, Sinopharm/Beijing, Sinovac",https://github.com/MoH-Malaysia/covid19-public,63324844,26067725,25711083,11750503
Malaysia,2022-01-29,"CanSino, Oxford/AstraZeneca, Pfizer/BioNTech, Sinopharm/Beijing, Sinovac",https://github.com/MoH-Malaysia/covid19-public,63424941,26068521,25712062,11848874
Malaysia,2022-01-30,"CanSino, Oxford/AstraZeneca, Pfizer/BioNTech, Sinopharm/Beijing, Sinovac",https://github.com/MoH-Malaysia/covid19-public,63505636,26069098,25712852,11928258
Malaysia,2022-01-31,"CanSino, Oxford/AstraZeneca, Pfizer/BioNTech, Sinopharm/Beijing, Sinovac",https://github.com/MoH-Malaysia/covid19-public,63603862,26070118,25714522,12023846
Malaysia,2022-02-01,"CanSino, Oxford/AstraZeneca, Pfizer/BioNTech, Sinopharm/Beijing, Sinovac",https://github.com/MoH-Malaysia/covid19-public,63633173,26070364,25714860,12052606
Malaysia,2022-02-02,"CanSino, Oxford/AstraZeneca, Pfizer/BioNTech, Sinopharm/Beijing, Sinovac",https://github.com/MoH-Malaysia/covid19-public,63663718,26070704,25715345,12082406
Malaysia,2022-02-03,"CanSino, Oxford/AstraZeneca, Pfizer/BioNTech, Sinopharm/Beijing, Sinovac",https://github.com/MoH-Malaysia/covid19-public,63767054,26073340,25718104,12180456
Malaysia,2022-02-04,"CanSino, Oxford/AstraZeneca, Pfizer/BioNTech, Sinopharm/Beijing, Sinovac",https://github.com/MoH-Malaysia/covid19-public,63859273,26076125,25719941,12268090
Malaysia,2022-02-05,"CanSino, Oxford/AstraZeneca, Pfizer/BioNTech, Sinopharm/Beijing, Sinovac",https://github.com/MoH-Malaysia/covid19-public,63934015,26092094,25720798,12326090
Malaysia,2022-02-06,"CanSino, Oxford/AstraZeneca, Pfizer/BioNTech, Sinopharm/Beijing, Sinovac",https://github.com/MoH-Malaysia/covid19-public,64004729,26108662,25721621,12379472
Malaysia,2022-02-07,"CanSino, Oxford/AstraZeneca, Pfizer/BioNTech, Sinopharm/Beijing, Sinovac",https://github.com/MoH-Malaysia/covid19-public,64127741,26118376,25724011,12490480
Malaysia,2022-02-08,"CanSino, Oxford/AstraZeneca, Pfizer/BioNTech, Sinopharm/Beijing, Sinovac",https://github.com/MoH-Malaysia/covid19-public,64284543,26129526,25725667,12634565
Malaysia,2022-02-09,"CanSino, Oxford/AstraZeneca, Pfizer/BioNTech, Sinopharm/Beijing, Sinovac",https://github.com/MoH-Malaysia/covid19-public,64454387,26144215,25727923,12787649
Malaysia,2022-02-10,"CanSino, Oxford/AstraZeneca, Pfizer/BioNTech, Sinopharm/Beijing, Sinovac",https://github.com/MoH-Malaysia/covid19-public,64631971,26163230,25729895,12944381
Malaysia,2022-02-11,"CanSino, Oxford/AstraZeneca, Pfizer/BioNTech, Sinopharm/Beijing, Sinovac",https://github.com/MoH-Malaysia/covid19-public,64795883,26184520,25731651,13085379
Malaysia,2022-02-12,"CanSino, Oxford/AstraZeneca, Pfizer/BioNTech, Sinopharm/Beijing, Sinovac",https://github.com/MoH-Malaysia/covid19-public,64942516,26224569,25732496,13191224
Malaysia,2022-02-13,"CanSino, Oxford/AstraZeneca, Pfizer/BioNTech, Sinopharm/Beijing, Sinovac",https://github.com/MoH-Malaysia/covid19-public,65063305,26260494,25733322,13275362
Malaysia,2022-02-14,"CanSino, Oxford/AstraZeneca, Pfizer/BioNTech, Sinopharm/Beijing, Sinovac",https://github.com/MoH-Malaysia/covid19-public,65215864,26300029,25735016,13386897
Malaysia,2022-02-15,"CanSino, Oxford/AstraZeneca, Pfizer/BioNTech, Sinopharm/Beijing, Sinovac",https://github.com/MoH-Malaysia/covid19-public,65373449,26343456,25736958,13499357
Malaysia,2022-02-16,"CanSino, Oxford/AstraZeneca, Pfizer/BioNTech, Sinopharm/Beijing, Sinovac",https://github.com/MoH-Malaysia/covid19-public,65540786,26389611,25738824,13619004
Malaysia,2022-02-17,"CanSino, Oxford/AstraZeneca, Pfizer/BioNTech, Sinopharm/Beijing, Sinovac",https://github.com/MoH-Malaysia/covid19-public,65717376,26444682,25740632,13738793
Malaysia,2022-02-18,"CanSino, Oxford/AstraZeneca, Pfizer/BioNTech, Sinopharm/Beijing, Sinovac",https://github.com/MoH-Malaysia/covid19-public,65878414,26488463,25742356,13854489
Malaysia,2022-02-19,"CanSino, Oxford/AstraZeneca, Pfizer/BioNTech, Sinopharm/Beijing, Sinovac",https://github.com/MoH-Malaysia/covid19-public,66032144,26562293,25743078,13933739
Malaysia,2022-02-20,"CanSino, Oxford/AstraZeneca, Pfizer/BioNTech, Sinopharm/Beijing, Sinovac",https://github.com/MoH-Malaysia/covid19-public,66162041,26624025,25743621,14001437
Malaysia,2022-02-21,"CanSino, Oxford/AstraZeneca, Pfizer/BioNTech, Sinopharm/Beijing, Sinovac",https://github.com/MoH-Malaysia/covid19-public,66301806,26677378,25744755,14086782
Malaysia,2022-02-22,"CanSino, Oxford/AstraZeneca, Pfizer/BioNTech, Sinopharm/Beijing, Sinovac",https://github.com/MoH-Malaysia/covid19-public,66452423,26730292,25745455,14183843
Malaysia,2022-02-23,"CanSino, Oxford/AstraZeneca, Pfizer/BioNTech, Sinopharm/Beijing, Sinovac",https://github.com/MoH-Malaysia/covid19-public,66598888,26779507,25746048,14280544
Malaysia,2022-02-24,"CanSino, Oxford/AstraZeneca, Pfizer/BioNTech, Sinopharm/Beijing, Sinovac",https://github.com/MoH-Malaysia/covid19-public,66738376,26827994,25747120,14370571
Malaysia,2022-02-25,"CanSino, Oxford/AstraZeneca, Pfizer/BioNTech, Sinopharm/Beijing, Sinovac",https://github.com/MoH-Malaysia/covid19-public,66872362,26873297,25748124,14458285
Malaysia,2022-02-26,"CanSino, Oxford/AstraZeneca, Pfizer/BioNTech, Sinopharm/Beijing, Sinovac",https://github.com/MoH-Malaysia/covid19-public,66991901,26928372,25748736,14522141
Malaysia,2022-02-27,"CanSino, Oxford/AstraZeneca, Pfizer/BioNTech, Sinopharm/Beijing, Sinovac",https://github.com/MoH-Malaysia/covid19-public,67093776,26970638,25749289,14581213
Malaysia,2022-02-28,"CanSino, Oxford/AstraZeneca, Pfizer/BioNTech, Sinopharm/Beijing, Sinovac",https://github.com/MoH-Malaysia/covid19-public,67208978,27004875,25750548,14660956
