location,date,vaccine,source_url,total_vaccinations,people_vaccinated,people_fully_vaccinated,total_boosters
Malawi,2021-03-17,Oxford/AstraZeneca,https://twitter.com/health_malawi/status/1372230880853434376,5417,5417,0,
Malawi,2021-03-18,Oxford/AstraZeneca,https://twitter.com/health_malawi/status/1372603080592752649,9091,9091,,
Malawi,2021-03-19,Oxford/AstraZeneca,https://twitter.com/health_malawi/status/1372979737526730755,15326,15326,,
Malawi,2021-03-21,Oxford/AstraZeneca,https://twitter.com/health_malawi/status/1373687642005643269,24550,24550,,
Malawi,2021-03-22,Oxford/AstraZeneca,https://twitter.com/health_malawi/status/1374038361170661378,25589,25589,,
Malawi,2021-03-23,Oxford/AstraZeneca,https://twitter.com/health_malawi/status/1374403679063744512,38804,38804,,
Malawi,2021-03-24,Oxford/AstraZeneca,https://twitter.com/health_malawi/status/1374767106835816450,54637,54637,,
Malawi,2021-03-26,Oxford/AstraZeneca,https://twitter.com/health_malawi/status/1375498870583652353,90107,90107,,
Malawi,2021-03-27,Oxford/AstraZeneca,https://twitter.com/health_malawi/status/1375860681828892676,109526,109526,,
Malawi,2021-03-28,Oxford/AstraZeneca,https://twitter.com/health_malawi/status/1376190751370059777,111592,111592,,
Malawi,2021-03-30,Oxford/AstraZeneca,https://twitter.com/health_malawi/status/1376946329264480266,123097,123097,,
Malawi,2021-03-31,Oxford/AstraZeneca,https://twitter.com/health_malawi/status/1377313801599614977,134289,134289,,
Malawi,2021-04-01,Oxford/AstraZeneca,https://twitter.com/health_malawi/status/1377689378907160581,144979,144979,,
Malawi,2021-04-02,Oxford/AstraZeneca,https://twitter.com/health_malawi/status/1378057215748276232,154801,154801,,
Malawi,2021-04-04,Oxford/AstraZeneca,https://twitter.com/health_malawi/status/1378757146251304962,159574,159574,,
Malawi,2021-04-05,Oxford/AstraZeneca,https://twitter.com/health_malawi/status/1379078759798734849,160445,160445,,
Malawi,2021-04-06,Oxford/AstraZeneca,https://twitter.com/health_malawi/status/1379480548435955724,164733,164733,,
Malawi,2021-04-09,Oxford/AstraZeneca,https://twitter.com/health_malawi/status/1380565672263045121,193627,193627,,
Malawi,2021-04-10,Oxford/AstraZeneca,https://twitter.com/health_malawi/status/1380930584608931844,204258,204258,,
Malawi,2021-04-11,Oxford/AstraZeneca,https://twitter.com/health_malawi/status/1381254742039527426,209353,209353,,
Malawi,2021-04-12,Oxford/AstraZeneca,https://twitter.com/health_malawi/status/1381645926234738697,212615,212615,,
Malawi,2021-04-13,Oxford/AstraZeneca,https://twitter.com/health_malawi/status/1382015390050611207,229220,229220,,
Malawi,2021-04-14,Oxford/AstraZeneca,https://twitter.com/health_malawi/status/1382353127639252992,240744,240744,,
Malawi,2021-04-16,Oxford/AstraZeneca,https://twitter.com/health_malawi/status/1383075260682137609,251368,251368,,
Malawi,2021-04-18,Oxford/AstraZeneca,https://twitter.com/health_malawi/status/1383849958827118603,257754,257754,,
Malawi,2021-04-19,Oxford/AstraZeneca,https://twitter.com/health_malawi/status/1384160357451669516,258107,258107,,
Malawi,2021-04-20,Oxford/AstraZeneca,https://twitter.com/health_malawi/status/1384581605616930820,260614,260614,,
Malawi,2021-04-21,Oxford/AstraZeneca,https://twitter.com/health_malawi/status/1384891657305346048,263931,263931,,
Malawi,2021-04-22,Oxford/AstraZeneca,https://twitter.com/health_malawi/status/1385277422157934593,267293,267293,,
Malawi,2021-04-26,Oxford/AstraZeneca,https://twitter.com/health_malawi/status/1386725181905850372,277442,277442,,
Malawi,2021-04-27,Oxford/AstraZeneca,https://twitter.com/health_malawi/status/1387062346586247168,281049,281049,,
Malawi,2021-04-28,Oxford/AstraZeneca,https://twitter.com/health_malawi/status/1387460710184202240,285824,285824,,
Malawi,2021-04-29,Oxford/AstraZeneca,https://twitter.com/health_malawi/status/1387792596865634304,290344,290344,,
Malawi,2021-04-30,Oxford/AstraZeneca,https://twitter.com/health_malawi/status/1388166647672881153,296127,296127,,
Malawi,2021-05-06,Oxford/AstraZeneca,https://twitter.com/health_malawi/status/1390367363372040197,311751,311751,,
Malawi,2021-05-08,Oxford/AstraZeneca,https://twitter.com/health_malawi/status/1391072628874620932,318138,318138,,
Malawi,2021-05-09,Oxford/AstraZeneca,https://twitter.com/health_malawi/status/1391410496692264964,319323,319323,,
Malawi,2021-05-10,Oxford/AstraZeneca,https://twitter.com/health_malawi/status/1391793909060227078,320300,320300,,
Malawi,2021-05-13,Oxford/AstraZeneca,https://twitter.com/health_malawi/status/1392861109355487233,330348,330348,,
Malawi,2021-05-15,Oxford/AstraZeneca,https://twitter.com/health_malawi/status/1393613994691284995,332955,332955,,
Malawi,2021-05-17,Oxford/AstraZeneca,https://twitter.com/health_malawi/status/1394332709363888128,334363,334363,,
Malawi,2021-05-18,Oxford/AstraZeneca,https://twitter.com/health_malawi/status/1394700515750076421,335232,335232,,
Malawi,2021-05-19,Oxford/AstraZeneca,https://twitter.com/health_malawi/status/1395045221168205826,336826,336826,,
Malawi,2021-05-20,Oxford/AstraZeneca,https://twitter.com/health_malawi/status/1395426039006957568,339481,339481,,
Malawi,2021-05-21,Oxford/AstraZeneca,https://twitter.com/health_malawi/status/1395788999407673346,341698,341698,,
Malawi,2021-05-22,Oxford/AstraZeneca,https://twitter.com/health_malawi/status/1396455197065494528,344394,344394,,
Malawi,2021-05-23,Oxford/AstraZeneca,https://twitter.com/health_malawi/status/1396492019330162690,344647,344647,,
Malawi,2021-05-25,Oxford/AstraZeneca,https://twitter.com/health_malawi/status/1397231307994841092,345806,345806,,
Malawi,2021-05-26,Oxford/AstraZeneca,https://twitter.com/health_malawi/status/1397577949776334851,347638,347638,,
Malawi,2021-05-28,Oxford/AstraZeneca,https://twitter.com/health_malawi/status/1398341783248150530,352607,352607,,
Malawi,2021-05-29,Oxford/AstraZeneca,https://twitter.com/health_malawi/status/1398658155215732742,354777,354777,,
Malawi,2021-05-30,Oxford/AstraZeneca,https://twitter.com/health_malawi/status/1399034478077546496,355093,355093,,
Malawi,2021-05-31,Oxford/AstraZeneca,https://twitter.com/health_malawi/status/1399389623810506755,355118,355118,,
Malawi,2021-06-01,Oxford/AstraZeneca,https://twitter.com/health_malawi/status/1399758336845926405,356134,356134,,
Malawi,2021-06-02,Oxford/AstraZeneca,https://twitter.com/health_malawi/status/1400125342984118280,357015,357015,,
Malawi,2021-06-03,Oxford/AstraZeneca,https://twitter.com/health_malawi/status/1400665680983232513,357650,357650,,
Malawi,2021-06-06,Oxford/AstraZeneca,https://twitter.com/health_malawi/status/1401579518586937344,359008,358989,19,
Malawi,2021-06-07,Oxford/AstraZeneca,https://twitter.com/health_malawi/status/1401976131394355203,359184,359165,19,
Malawi,2021-06-09,Oxford/AstraZeneca,https://twitter.com/health_malawi/status/1402646498563837952,367356,365256,2100,
Malawi,2021-06-10,Oxford/AstraZeneca,https://twitter.com/health_malawi/status/1403012944443625477,369674,366198,3476,
Malawi,2021-06-11,Oxford/AstraZeneca,https://twitter.com/health_malawi/status/1403379258064576516,374268,368465,5803,
Malawi,2021-06-12,Oxford/AstraZeneca,https://twitter.com/health_malawi/status/1403735291169550338,377614,370003,7611,
Malawi,2021-06-14,Oxford/AstraZeneca,https://twitter.com/health_malawi/status/1404469185955180545,381257,371791,9466,
Malawi,2021-06-15,Oxford/AstraZeneca,https://twitter.com/health_malawi/status/1404833821497958408,387363,373577,13786,
Malawi,2021-06-16,Oxford/AstraZeneca,https://twitter.com/health_malawi/status/1405183246896349185,393313,375578,17735,
Malawi,2021-06-17,Oxford/AstraZeneca,https://twitter.com/health_malawi/status/1405557018631495687,406167,378694,27473,
Malawi,2021-06-18,Oxford/AstraZeneca,https://twitter.com/health_malawi/status/1405924995562360846,413961,380697,33264,
Malawi,2021-06-19,Oxford/AstraZeneca,https://twitter.com/health_malawi/status/1406256759174533135,420685,383273,37412,
Malawi,2021-06-21,Oxford/AstraZeneca,https://twitter.com/health_malawi/status/1407028047367258117,422508,383726,38782,
Malawi,2021-06-22,Oxford/AstraZeneca,https://twitter.com/health_malawi/status/1407354583391875075,425051,384406,40645,
Malawi,2021-06-23,Oxford/AstraZeneca,https://twitter.com/health_malawi/status/1407716764402728962,426356,384671,41685,
Malawi,2021-06-24,Oxford/AstraZeneca,https://twitter.com/health_malawi/status/1408129326143397890,427440,385047,42393,
Malawi,2021-06-25,Oxford/AstraZeneca,https://twitter.com/health_malawi/status/1408459031212171267,427730,385114,42616,
Malawi,2021-06-26,Oxford/AstraZeneca,https://twitter.com/health_malawi/status/1408832225081184267,428321,385219,43102,
Malawi,2021-06-27,Oxford/AstraZeneca,https://twitter.com/health_malawi/status/1409188324158365700,428391,385236,43155,
Malawi,2021-06-28,Oxford/AstraZeneca,https://twitter.com/health_malawi/status/1409557597569568768,428407,385242,43165,
Malawi,2021-07-27,Oxford/AstraZeneca,https://twitter.com/health_malawi/status/1420061317055066113,448408,390738,57670,
Malawi,2021-07-28,Oxford/AstraZeneca,https://twitter.com/health_malawi/status/1420451522966704132,504195,410724,93471,
Malawi,2021-07-30,Oxford/AstraZeneca,https://twitter.com/health_malawi/status/1421156935605313538,580557,447525,133032,
Malawi,2021-07-31,Oxford/AstraZeneca,https://twitter.com/health_malawi/status/1421757440509501442,591863,453729,138134,
Malawi,2021-08-01,Oxford/AstraZeneca,https://twitter.com/health_malawi/status/1421871500521525250,594333,454752,139581,
Malawi,2021-08-02,Oxford/AstraZeneca,https://twitter.com/health_malawi/status/1422250885296574471,595535,455207,140328,
Malawi,2021-08-03,Oxford/AstraZeneca,https://twitter.com/health_malawi/status/1422603549389766658,597862,455763,142099,
Malawi,2021-08-04,Oxford/AstraZeneca,https://twitter.com/health_malawi/status/1422959329448239113,598408,456126,142282,
Malawi,2021-08-05,Oxford/AstraZeneca,https://twitter.com/health_malawi/status/1423323032009986053,622218,463236,158982,
Malawi,2021-08-08,Oxford/AstraZeneca,https://twitter.com/health_malawi/status/1424404055015710728,624077,464848,159229,
Malawi,2021-08-10,"Oxford/AstraZeneca, Johnson&Johnson",https://twitter.com/health_malawi/status/1425158616131178496,655865,496636,192017,
Malawi,2021-08-12,"Oxford/AstraZeneca, Johnson&Johnson",https://twitter.com/health_malawi/status/1425865119431602180,683097,523868,219249,
Malawi,2021-08-14,"Oxford/AstraZeneca, Johnson&Johnson",https://twitter.com/health_malawi/status/1426570468094619650,725197,565968,261349,
Malawi,2021-08-15,"Oxford/AstraZeneca, Johnson&Johnson",https://twitter.com/health_malawi/status/1426946248939085826,728748,569519,264900,
Malawi,2021-08-16,"Oxford/AstraZeneca, Johnson&Johnson",https://twitter.com/health_malawi/status/1427303720753274885,729339,570110,265491,
Malawi,2021-08-17,"Oxford/AstraZeneca, Johnson&Johnson",https://twitter.com/health_malawi/status/1427821369216090113,750138,585592,285505,
Malawi,2021-08-18,"Oxford/AstraZeneca, Johnson&Johnson",https://twitter.com/health_malawi/status/1428036068188827657,768280,598158,303470,
Malawi,2021-08-19,"Oxford/AstraZeneca, Johnson&Johnson",https://twitter.com/health_malawi/status/1428397403313410048,788376,611442,323221,
Malawi,2021-08-20,"Oxford/AstraZeneca, Johnson&Johnson",https://twitter.com/health_malawi/status/1428751097670295552,806316,621867,340565,
Malawi,2021-08-22,"Oxford/AstraZeneca, Johnson&Johnson",https://twitter.com/health_malawi/status/1429470400665300996,827615,635098,360616,
Malawi,2021-08-23,"Oxford/AstraZeneca, Johnson&Johnson",https://twitter.com/health_malawi/status/1429841190833332243,827885,635311,360886,
Malawi,2021-08-24,"Oxford/AstraZeneca, Johnson&Johnson",https://twitter.com/health_malawi/status/1430198654611173376,840736,643799,372544,
Malawi,2021-08-25,"Oxford/AstraZeneca, Johnson&Johnson",https://twitter.com/health_malawi/status/1430565717808660481,851823,651096,382516,
Malawi,2021-08-27,"Oxford/AstraZeneca, Johnson&Johnson",https://twitter.com/health_malawi/status/1431291712350167047,868988,662638,397700,
Malawi,2021-08-29,"Oxford/AstraZeneca, Johnson&Johnson",https://twitter.com/health_malawi/status/1432005070967787521,877951,669053,405722,
Malawi,2021-08-30,"Oxford/AstraZeneca, Johnson&Johnson",https://twitter.com/health_malawi/status/1432375727236816896,878138,681196,405896,
Malawi,2021-08-31,"Oxford/AstraZeneca, Johnson&Johnson",https://twitter.com/health_malawi/status/1432740604375613446,883432,683640,410484,
Malawi,2021-09-01,"Oxford/AstraZeneca, Johnson&Johnson",https://twitter.com/health_malawi/status/1433114158103412737,893062,688002,418255,
Malawi,2021-09-03,"Oxford/AstraZeneca, Johnson&Johnson",https://twitter.com/health_malawi/status/1433462373344583680,898201,690515,422408,
Malawi,2021-09-04,"Oxford/AstraZeneca, Johnson&Johnson",https://twitter.com/health_malawi/status/1434188897165234177,909438,696977,430476,
Malawi,2021-09-05,"Oxford/AstraZeneca, Johnson&Johnson",https://twitter.com/health_malawi/status/1434523919982211073,910347,697559,431247,
Malawi,2021-09-06,"Oxford/AstraZeneca, Johnson&Johnson",https://twitter.com/health_malawi/status/1434903749613531140,911292,697824,432188,
Malawi,2021-09-07,"Oxford/AstraZeneca, Johnson&Johnson",https://twitter.com/health_malawi/status/1435288304610648066,916777,701061,435997,
Malawi,2021-09-10,"Oxford/AstraZeneca, Johnson&Johnson",https://twitter.com/health_malawi/status/1436362892715114497,933541,707769,448000,
Malawi,2021-09-11,"Oxford/AstraZeneca, Johnson&Johnson",https://twitter.com/health_malawi/status/1436746772928413700,937856,710897,450250,
Malawi,2021-09-12,"Oxford/AstraZeneca, Johnson&Johnson",https://twitter.com/health_malawi/status/1437052393758281734,941059,713014,452402,
Malawi,2021-09-13,"Oxford/AstraZeneca, Johnson&Johnson",https://twitter.com/health_malawi/status/1437444698172493827,946765,718103,457324,
Malawi,2021-09-14,"Oxford/AstraZeneca, Johnson&Johnson",https://twitter.com/health_malawi/status/1437834397080858627,956031,725381,461402,
Malawi,2021-09-16,"Oxford/AstraZeneca, Johnson&Johnson",https://twitter.com/health_malawi/status/1438547688610582530,968300,737225,466208,
Malawi,2021-09-17,"Oxford/AstraZeneca, Johnson&Johnson",https://twitter.com/health_malawi/status/1438895370701053963,974830,742169,469604,
Malawi,2021-09-18,"Oxford/AstraZeneca, Johnson&Johnson",https://twitter.com/health_malawi/status/1439293892046827520,980682,747312,471299,
Malawi,2021-09-19,"Oxford/AstraZeneca, Johnson&Johnson",https://twitter.com/health_malawi/status/1439620303169150983,983126,748937,473443,
Malawi,2021-09-20,"Oxford/AstraZeneca, Johnson&Johnson",https://twitter.com/health_malawi/status/1439978683612209157,984653,749879,474392,
Malawi,2021-09-21,"Oxford/AstraZeneca, Johnson&Johnson",https://twitter.com/health_malawi/status/1440353042172235781,992736,757086,477387,
Malawi,2021-09-22,"Oxford/AstraZeneca, Johnson&Johnson",https://twitter.com/health_malawi/status/1440701303475216384,1002398,765895,480238,
Malawi,2021-09-23,"Oxford/AstraZeneca, Johnson&Johnson",https://twitter.com/health_malawi/status/1441074004090097666,1010384,772276,483685,
Malawi,2021-09-24,"Oxford/AstraZeneca, Johnson&Johnson",https://twitter.com/health_malawi/status/1441434309991309317,1019673,780637,486133,
Malawi,2021-09-25,"Oxford/AstraZeneca, Johnson&Johnson",https://twitter.com/health_malawi/status/1441789143042850824,1028040,788138,488444,
Malawi,2021-09-26,"Oxford/AstraZeneca, Johnson&Johnson",https://twitter.com/health_malawi/status/1442148196843601920,1030077,789812,489199,
Malawi,2021-09-27,"Oxford/AstraZeneca, Johnson&Johnson",https://twitter.com/health_malawi/status/1442558838385913864,1031041,790707,489593,
Malawi,2021-09-29,"Oxford/AstraZeneca, Johnson&Johnson",https://twitter.com/health_malawi/status/1443254108245401606,1047408,804725,496366,
Malawi,2021-10-01,"Oxford/AstraZeneca, Johnson&Johnson",https://twitter.com/health_malawi/status/1443970175083163650,1062929,818939,498701,
Malawi,2021-10-02,"Oxford/AstraZeneca, Johnson&Johnson",https://twitter.com/health_malawi/status/1444361306581176323,1066218,821946,499390,
Malawi,2021-10-03,"Oxford/AstraZeneca, Johnson&Johnson",https://twitter.com/health_malawi/status/1444703374050537484,1068095,823582,499844,
Malawi,2021-10-04,"Oxford/AstraZeneca, Johnson&Johnson",https://twitter.com/health_malawi/status/1445046339985870848,1068899,824376,499918,
Malawi,2021-10-05,"Oxford/AstraZeneca, Johnson&Johnson",https://twitter.com/health_malawi/status/1445425043689857034,1076184,831283,501296,
Malawi,2021-10-06,"Oxford/AstraZeneca, Johnson&Johnson",https://twitter.com/health_malawi/status/1445797191768023045,1084319,839097,502755,
Malawi,2021-10-07,"Oxford/AstraZeneca, Johnson&Johnson",https://twitter.com/health_malawi/status/1446183330941124615,1092540,847103,503916,
Malawi,2021-10-08,"Oxford/AstraZeneca, Johnson&Johnson",https://twitter.com/health_malawi/status/1446521328786448394,1099302,853027,505939,
Malawi,2021-10-09,"Oxford/AstraZeneca, Johnson&Johnson",https://twitter.com/health_malawi/status/1446870706541711361,1110470,863374,507463,
Malawi,2021-10-10,"Oxford/AstraZeneca, Johnson&Johnson",https://twitter.com/health_malawi/status/1447235220055502854,1115091,867591,508367,
Malawi,2021-10-11,"Oxford/AstraZeneca, Johnson&Johnson",https://twitter.com/health_malawi/status/1447608414830465026,1117234,868390,510239,
Malawi,2021-10-12,"Oxford/AstraZeneca, Johnson&Johnson",https://twitter.com/health_malawi/status/1448074801298477056,1122514,872800,512022,
Malawi,2021-10-14,"Oxford/AstraZeneca, Johnson&Johnson",https://twitter.com/health_malawi/status/1448698145307758599,1134986,883863,515519,
Malawi,2021-10-15,"Oxford/AstraZeneca, Johnson&Johnson",https://twitter.com/health_malawi/status/1449067718196486151,1142285,890332,517398,
Malawi,2021-10-16,"Oxford/AstraZeneca, Johnson&Johnson",https://twitter.com/health_malawi/status/1449436859659063305,1145420,892844,518477,
Malawi,2021-10-17,"Oxford/AstraZeneca, Johnson&Johnson",https://twitter.com/health_malawi/status/1449756841198637056,1148069,895463,518717,
Malawi,2021-10-19,"Oxford/AstraZeneca, Johnson&Johnson",https://twitter.com/health_malawi/status/1450497378734182413,1153801,900023,521378,
Malawi,2021-10-20,"Oxford/AstraZeneca, Johnson&Johnson",https://twitter.com/health_malawi/status/1450896166284038148,1160788,906673,524096,
Malawi,2021-10-22,"Oxford/AstraZeneca, Johnson&Johnson",https://twitter.com/health_malawi/status/1451568440217583616,1178109,922158,531434,
Malawi,2021-10-23,"Oxford/AstraZeneca, Johnson&Johnson",https://twitter.com/health_malawi/status/1451929548233261056,1183633,926939,533726,
Malawi,2021-10-24,"Oxford/AstraZeneca, Johnson&Johnson",https://twitter.com/health_malawi/status/1452320607509569539,1188689,931399,536108,
Malawi,2021-10-25,"Oxford/AstraZeneca, Johnson&Johnson",https://twitter.com/health_malawi/status/1452674649045835782,1193596,933856,540186,
Malawi,2021-10-26,"Oxford/AstraZeneca, Johnson&Johnson",https://twitter.com/health_malawi/status/1453012239355719685,1202797,942538,543237,
Malawi,2021-10-27,"Oxford/AstraZeneca, Johnson&Johnson",https://twitter.com/health_malawi/status/1453390503651782656,1211046,950399,545528,
Malawi,2021-10-28,"Oxford/AstraZeneca, Johnson&Johnson",https://twitter.com/health_malawi/status/1453744007616647174,1217829,956793,547803,
Malawi,2021-10-29,"Oxford/AstraZeneca, Johnson&Johnson",https://twitter.com/health_malawi/status/1454122700146946056,1228019,965502,552758,
Malawi,2021-10-30,"Oxford/AstraZeneca, Johnson&Johnson",https://twitter.com/health_malawi/status/1454469921316933637,1235200,972402,555220,
Malawi,2021-10-31,"Oxford/AstraZeneca, Johnson&Johnson",https://twitter.com/health_malawi/status/1454827402559954949,1238209,975341,556336,
Malawi,2021-11-01,"Oxford/AstraZeneca, Johnson&Johnson",https://twitter.com/health_malawi/status/1455204600177467392,1239625,976705,556696,
Malawi,2021-11-03,"Oxford/AstraZeneca, Johnson&Johnson",https://twitter.com/health_malawi/status/1455940994516541450,1250865,987945,559511,
Malawi,2021-11-04,"Oxford/AstraZeneca, Johnson&Johnson",https://twitter.com/health_malawi/status/1456291232032993286,1255245,992325,560444,
Malawi,2021-11-05,"Oxford/AstraZeneca, Johnson&Johnson",https://twitter.com/health_malawi/status/1456657702764023815,1259600,996324,561873,
Malawi,2021-11-06,"Oxford/AstraZeneca, Johnson&Johnson",https://twitter.com/health_malawi/status/1457022696001257475,1262543,999267,562578,
Malawi,2021-11-07,"Oxford/AstraZeneca, Johnson&Johnson",https://twitter.com/health_malawi/status/1457385431775985665,1262588,999312,562596,
Malawi,2021-11-08,"Oxford/AstraZeneca, Johnson&Johnson",https://twitter.com/health_malawi/status/1457738237330563073,1268756,1005209,564245,
Malawi,2021-11-09,"Oxford/AstraZeneca, Johnson&Johnson",https://twitter.com/health_malawi/status/1458109106112315399,1275056,1009900,567368,
Malawi,2021-11-10,"Oxford/AstraZeneca, Johnson&Johnson",https://twitter.com/health_malawi/status/1458474952781402112,1280885,1015183,568909,
Malawi,2021-11-11,"Oxford/AstraZeneca, Johnson&Johnson",https://twitter.com/health_malawi/status/1458834821996810242,1288585,1022443,570638,
Malawi,2021-11-13,"Oxford/AstraZeneca, Johnson&Johnson",https://twitter.com/health_malawi/status/1459574740394332165,1301003,1034021,573356,
Malawi,2021-11-14,"Oxford/AstraZeneca, Johnson&Johnson",https://twitter.com/health_malawi/status/1459921488224690179,1304110,1037023,574069,
Malawi,2021-11-16,"Oxford/AstraZeneca, Johnson&Johnson",https://twitter.com/health_malawi/status/1460650440228589569,1321490,1051491,581126,
Malawi,2021-11-17,"Oxford/AstraZeneca, Johnson&Johnson",https://twitter.com/health_malawi/status/1461008872164974592,1327347,1056988,582261,
Malawi,2021-11-19,"Oxford/AstraZeneca, Johnson&Johnson",https://twitter.com/health_malawi/status/1461730763859279879,1343225,1072510,585050,
Malawi,2021-11-20,"Oxford/AstraZeneca, Johnson&Johnson",https://twitter.com/health_malawi/status/1462105610896523272,1351108,1080248,586686,
Malawi,2021-11-22,"Oxford/AstraZeneca, Johnson&Johnson",https://twitter.com/health_malawi/status/1462452709932650504,1353479,1082542,587303,
Malawi,2021-11-23,"Oxford/AstraZeneca, Johnson&Johnson",https://twitter.com/health_malawi/status/1463230189132034056,1373921,1100295,594360,
Malawi,2021-11-24,"Oxford/AstraZeneca, Johnson&Johnson",https://twitter.com/health_malawi/status/1463550253244813312,1382977,1109062,595701,
Malawi,2021-11-25,"Oxford/AstraZeneca, Johnson&Johnson",https://twitter.com/health_malawi/status/1463920498052669449,1392740,1118611,597572,
Malawi,2021-11-26,"Oxford/AstraZeneca, Johnson&Johnson",https://twitter.com/health_malawi/status/1464272370093498372,1399007,1124719,598539,
Malawi,2021-11-28,"Oxford/AstraZeneca, Johnson&Johnson",https://twitter.com/health_malawi/status/1465043675185037314,1407233,1132740,599857,
Malawi,2021-11-29,"Oxford/AstraZeneca, Johnson&Johnson",https://twitter.com/health_malawi/status/1465389024323985411,1407652,1133159,599981,
Malawi,2021-11-30,"Oxford/AstraZeneca, Johnson&Johnson",https://twitter.com/health_malawi/status/1465750808201506825,1414261,1139688,601650,
Malawi,2021-12-01,"Oxford/AstraZeneca, Johnson&Johnson",https://twitter.com/health_malawi/status/1466121564806520833,1431650,1156465,605045,
Malawi,2021-12-02,"Oxford/AstraZeneca, Johnson&Johnson",https://twitter.com/health_malawi/status/1466477768158457858,1450801,1175255,608389,
Malawi,2021-12-04,"Oxford/AstraZeneca, Johnson&Johnson",https://twitter.com/health_malawi/status/1467167371597123590,1470951,1189293,616905,
Malawi,2021-12-05,"Oxford/AstraZeneca, Johnson&Johnson",https://twitter.com/health_malawi/status/1467566334405918720,1476957,1194939,617998,
Malawi,2021-12-06,"Oxford/AstraZeneca, Johnson&Johnson",https://twitter.com/health_malawi/status/1467867750144036867,1480569,1198406,618597,
Malawi,2021-12-07,"Oxford/AstraZeneca, Johnson&Johnson",https://twitter.com/health_malawi/status/1468255408372555782,1491386,1209064,620710,
Malawi,2021-12-08,"Oxford/AstraZeneca, Johnson&Johnson",https://twitter.com/health_malawi/status/1468607048590008322,1501147,1218720,622676,
Malawi,2021-12-09,"Oxford/AstraZeneca, Johnson&Johnson",https://twitter.com/health_malawi/status/1468979548456894480,1511574,1228790,624598,
Malawi,2021-12-10,"Oxford/AstraZeneca, Johnson&Johnson",https://twitter.com/health_malawi/status/1469348800733003779,1527726,1244627,627844,
Malawi,2021-12-11,"Oxford/AstraZeneca, Johnson&Johnson",https://twitter.com/health_malawi/status/1469700672371281925,1538737,1254993,630750,
Malawi,2021-12-12,"Oxford/AstraZeneca, Johnson&Johnson",https://twitter.com/health_malawi/status/1470065626672779274,1553347,1269594,633344,
Malawi,2021-12-13,"Oxford/AstraZeneca, Johnson&Johnson",https://twitter.com/health_malawi/status/1470437968242425860,1560093,1276252,634909,
Malawi,2021-12-14,"Oxford/AstraZeneca, Johnson&Johnson",https://twitter.com/health_malawi/status/1470798015829008393,1575674,1291833,638108,
Malawi,2021-12-15,"Oxford/AstraZeneca, Johnson&Johnson",https://twitter.com/health_malawi/status/1471159433220796423,1587487,1303646,640796,
Malawi,2021-12-16,"Oxford/AstraZeneca, Johnson&Johnson",https://twitter.com/health_malawi/status/1471533023552286725,1600509,1316668,643709,
Malawi,2021-12-17,"Oxford/AstraZeneca, Johnson&Johnson",https://twitter.com/health_malawi/status/1471906189038473218,1628757,1344916,649824,
Malawi,2021-12-18,"Oxford/AstraZeneca, Johnson&Johnson",https://twitter.com/health_malawi/status/1472245900709933065,1639533,1355692,651693,
Malawi,2021-12-19,"Oxford/AstraZeneca, Johnson&Johnson",https://twitter.com/health_malawi/status/1472615298511605765,1653578,1369737,654927,
Malawi,2021-12-20,"Oxford/AstraZeneca, Johnson&Johnson",https://twitter.com/health_malawi/status/1472973990234841095,1658953,1375112,656393,
Malawi,2021-12-21,"Oxford/AstraZeneca, Johnson&Johnson",https://twitter.com/health_malawi/status/1473364759504424965,1674378,1390537,658650,
Malawi,2021-12-22,"Oxford/AstraZeneca, Johnson&Johnson",https://twitter.com/health_malawi/status/1473695903353643008,1684374,1400533,660596,
Malawi,2021-12-23,"Oxford/AstraZeneca, Johnson&Johnson",https://twitter.com/health_malawi/status/1474067893994328068,1713473,1429632,666188,
Malawi,2021-12-24,"Oxford/AstraZeneca, Johnson&Johnson",https://twitter.com/health_malawi/status/1474422128384561159,1730888,1447047,669895,
Malawi,2021-12-25,"Oxford/AstraZeneca, Johnson&Johnson",https://twitter.com/health_malawi/status/1474770450962165762,1739356,1455515,671609,
Malawi,2021-12-26,"Oxford/AstraZeneca, Johnson&Johnson",https://twitter.com/health_malawi/status/1475136224075698179,1745048,1461207,672819,
Malawi,2021-12-27,"Oxford/AstraZeneca, Johnson&Johnson",https://twitter.com/health_malawi/status/1475523983563018243,1745919,1462078,673093,
Malawi,2021-12-28,"Oxford/AstraZeneca, Johnson&Johnson",https://twitter.com/health_malawi/status/1475858995382476800,1764634,1476496,680558,
Malawi,2021-12-29,"Oxford/AstraZeneca, Johnson&Johnson",https://twitter.com/health_malawi/status/1476225477564149762,1777862,1485490,687294,
Malawi,2021-12-30,"Oxford/AstraZeneca, Johnson&Johnson",https://twitter.com/health_malawi/status/1476225477564149762,1777862,1485490,687294,
Malawi,2021-12-31,"Oxford/AstraZeneca, Johnson&Johnson",https://twitter.com/health_malawi/status/1476973732954525696,1800908,1492675,705769,
Malawi,2022-01-01,"Oxford/AstraZeneca, Johnson&Johnson",https://twitter.com/health_malawi/status/1477349704778272769,1808866,1494459,712743,
Malawi,2022-01-02,"Oxford/AstraZeneca, Johnson&Johnson",https://twitter.com/health_malawi/status/1477680574492028931,1808971,1494459,712848,
Malawi,2022-01-03,"Oxford/AstraZeneca, Johnson&Johnson",https://twitter.com/health_malawi/status/1478048859138011139,1809081,1494459,712958,
Malawi,2022-01-04,"Oxford/AstraZeneca, Johnson&Johnson",https://twitter.com/health_malawi/status/1478423484841836547,1813469,1494625,717180,
Malawi,2022-01-05,"Oxford/AstraZeneca, Johnson&Johnson",https://twitter.com/health_malawi/status/1478762803292946438,1816292,1494687,719941,
Malawi,2022-01-06,"Oxford/AstraZeneca, Johnson&Johnson",https://twitter.com/health_malawi/status/1479136751381790724,1831128,1498064,732128,
Malawi,2022-01-07,"Oxford/AstraZeneca, Johnson&Johnson",https://twitter.com/health_malawi/status/1479489157034651654,1834597,1498093,735555,
Malawi,2022-01-08,"Oxford/AstraZeneca, Johnson&Johnson",https://twitter.com/health_malawi/status/1479875292827115521,1838226,1498199,739078,
Malawi,2022-01-09,"Oxford/AstraZeneca, Johnson&Johnson",https://twitter.com/health_malawi/status/1480221203101016068,1840646,1498758,740970,
Malawi,2022-01-11,"Oxford/AstraZeneca, Johnson&Johnson",https://twitter.com/health_malawi/status/1480972447314845704,1847917,1498902,748097,
Malawi,2022-01-13,"Oxford/AstraZeneca, Johnson&Johnson",https://twitter.com/health_malawi/status/1481666871711707147,1855128,1499022,755188,
Malawi,2022-01-14,"Oxford/AstraZeneca, Johnson&Johnson",https://twitter.com/health_malawi/status/1482025250556628995,1856253,1499048,756287,
Malawi,2022-01-15,"Oxford/AstraZeneca, Johnson&Johnson",https://twitter.com/health_malawi/status/1482384984182775808,1858118,1499194,758006,
Malawi,2022-01-16,"Oxford/AstraZeneca, Johnson&Johnson",https://twitter.com/health_malawi/status/1482769151143944195,1859497,1499419,759160,
Malawi,2022-01-18,"Oxford/AstraZeneca, Johnson&Johnson",https://twitter.com/health_malawi/status/1483504345551360004,1860760,1499600,760242,
Malawi,2022-01-20,"Oxford/AstraZeneca, Johnson&Johnson",https://twitter.com/health_malawi/status/1484224032421650439,1864968,1500540,763510,
Malawi,2022-01-21,"Oxford/AstraZeneca, Johnson&Johnson",https://twitter.com/health_malawi/status/1484573449800593410,1867161,1500616,765627,
Malawi,2022-01-22,"Oxford/AstraZeneca, Johnson&Johnson",https://twitter.com/health_malawi/status/1484950511833042950,1869809,1501186,767705,
Malawi,2022-01-23,"Oxford/AstraZeneca, Johnson&Johnson",https://twitter.com/health_malawi/status/1485300440128446469,1870093,1501201,767974,
Malawi,2022-01-24,"Oxford/AstraZeneca, Johnson&Johnson",https://twitter.com/health_malawi/status/1485656633782980615,1870335,1501201,768216,
Malawi,2022-01-25,"Oxford/AstraZeneca, Johnson&Johnson",https://twitter.com/health_malawi/status/1486022772694437904,1870776,1501273,768585,
Malawi,2022-01-26,"Oxford/AstraZeneca, Johnson&Johnson",https://twitter.com/health_malawi/status/1486397287773392898,1871874,1501526,769430,
Malawi,2022-01-27,"Oxford/AstraZeneca, Johnson&Johnson",https://twitter.com/health_malawi/status/1486739398414815233,1873527,1502197,770412,
Malawi,2022-01-28,"Oxford/AstraZeneca, Johnson&Johnson",https://twitter.com/health_malawi/status/1487116494651723783,1875194,1502721,771555,
Malawi,2022-01-29,"Oxford/AstraZeneca, Johnson&Johnson",https://twitter.com/health_malawi/status/1487484068224720898,1877787,1504060,772809,
Malawi,2022-01-31,"Oxford/AstraZeneca, Johnson&Johnson",https://twitter.com/health_malawi/status/1488206556298682373,1881955,1505307,775730,
Malawi,2022-02-01,"Oxford/AstraZeneca, Johnson&Johnson",https://twitter.com/health_malawi/status/1488565419183153156,1882770,1505495,776360,
Malawi,2022-02-02,"Oxford/AstraZeneca, Johnson&Johnson",https://twitter.com/health_malawi/status/1488923086875471872,1884754,1506374,777476,
Malawi,2022-02-03,"Oxford/AstraZeneca, Johnson&Johnson",https://twitter.com/health_malawi/status/1489285997624016909,1886464,1507119,778458,
Malawi,2022-02-04,"Oxford/AstraZeneca, Johnson&Johnson",https://twitter.com/health_malawi/status/1489637606715449349,1887249,1507221,779145,
Malawi,2022-02-05,"Oxford/AstraZeneca, Johnson&Johnson",https://twitter.com/health_malawi/status/1490370837555331072,1888190,1507462,779845,
Malawi,2022-02-07,"Oxford/AstraZeneca, Johnson&Johnson",https://twitter.com/health_malawi/status/1490754696314863619,1890032,1508115,781244,
Malawi,2022-02-08,"Oxford/AstraZeneca, Johnson&Johnson",https://twitter.com/health_malawi/status/1491118970308820993,1891088,1508444,782066,
Malawi,2022-02-09,"Oxford/AstraZeneca, Johnson&Johnson",https://twitter.com/health_malawi/status/1491457659618590725,1892871,1509167,783165,
Malawi,2022-02-11,"Oxford/AstraZeneca, Johnson&Johnson",https://twitter.com/health_malawi/status/1492180808425107456,1894993,1509501,784997,
Malawi,2022-02-12,"Oxford/AstraZeneca, Johnson&Johnson",https://twitter.com/health_malawi/status/1492543703491256322,1896669,1510077,786184,
Malawi,2022-02-14,"Oxford/AstraZeneca, Johnson&Johnson",https://twitter.com/health_malawi/status/1493270099826036740,1900156,1511574,788297,
Malawi,2022-02-15,"Oxford/AstraZeneca, Johnson&Johnson",https://twitter.com/health_malawi/status/1493593677129781251,1911459,1512381,798798,
Malawi,2022-02-17,"Oxford/AstraZeneca, Johnson&Johnson",https://twitter.com/health_malawi/status/1494357259400396810,1912743,1513665,798800,
Malawi,2022-02-18,"Oxford/AstraZeneca, Johnson&Johnson",https://twitter.com/health_malawi/status/1494729245930704903,1913310,1514232,798802,
Malawi,2022-02-19,"Oxford/AstraZeneca, Johnson&Johnson",https://twitter.com/health_malawi/status/1495087560678326274,1913872,1514794,798811,
Malawi,2022-02-20,"Oxford/AstraZeneca, Johnson&Johnson",https://twitter.com/health_malawi/status/1495445831528460290,1914274,1515196,798825,
Malawi,2022-02-21,"Oxford/AstraZeneca, Johnson&Johnson",https://twitter.com/health_malawi/status/1495815603269279744,1914281,1515203,798827,
Malawi,2022-02-23,"Oxford/AstraZeneca, Johnson&Johnson",https://twitter.com/health_malawi/status/1496537912753725446,1918712,1516598,802147,
Malawi,2022-02-25,"Oxford/AstraZeneca, Johnson&Johnson",https://twitter.com/health_malawi/status/1497256182251151368,1920564,1517191,803474,
Malawi,2022-02-26,"Oxford/AstraZeneca, Johnson&Johnson",https://twitter.com/health_malawi/status/1497603348438130691,1920672,1517232,803541,
