location,date,vaccine,source_url,total_vaccinations,people_vaccinated,people_fully_vaccinated,total_boosters
Malta,2021-01-17,Pfizer/BioNTech,https://github.com/COVID19-Malta/COVID19-Cases,11705,11705,,
Malta,2021-01-18,Pfizer/BioNTech,https://github.com/COVID19-Malta/COVID19-Cases,13002,13002,,
Malta,2021-01-19,Pfizer/BioNTech,https://github.com/COVID19-Malta/COVID19-Cases,14276,14276,,
Malta,2021-01-20,Pfizer/BioNTech,https://github.com/COVID19-Malta/COVID19-Cases,15316,15316,,
Malta,2021-01-21,Pfizer/BioNTech,https://github.com/COVID19-Malta/COVID19-Cases,16531,16531,,
Malta,2021-01-22,Pfizer/BioNTech,https://github.com/COVID19-Malta/COVID19-Cases,17767,17767,,
Malta,2021-01-24,Pfizer/BioNTech,https://github.com/COVID19-Malta/COVID19-Cases,19981,18783,1198,
Malta,2021-01-25,Pfizer/BioNTech,https://github.com/COVID19-Malta/COVID19-Cases,21172,19709,1463,
Malta,2021-01-26,Pfizer/BioNTech,https://github.com/COVID19-Malta/COVID19-Cases,22371,20677,1694,
Malta,2021-01-27,Pfizer/BioNTech,https://github.com/COVID19-Malta/COVID19-Cases,23512,21417,2095,
Malta,2021-01-28,Pfizer/BioNTech,https://github.com/COVID19-Malta/COVID19-Cases,24680,22162,2518,
Malta,2021-01-29,Pfizer/BioNTech,https://github.com/COVID19-Malta/COVID19-Cases,25822,22853,2969,
Malta,2021-01-30,Pfizer/BioNTech,https://github.com/COVID19-Malta/COVID19-Cases,26847,23391,3456,
Malta,2021-01-31,Pfizer/BioNTech,https://github.com/COVID19-Malta/COVID19-Cases,27759,23811,3948,
Malta,2021-02-01,Pfizer/BioNTech,https://github.com/COVID19-Malta/COVID19-Cases,29002,24526,4476,
Malta,2021-02-02,Pfizer/BioNTech,https://github.com/COVID19-Malta/COVID19-Cases,30252,25361,4891,
Malta,2021-02-03,"Moderna, Pfizer/BioNTech",https://github.com/COVID19-Malta/COVID19-Cases,31633,26223,5410,
Malta,2021-02-04,"Moderna, Pfizer/BioNTech",https://github.com/COVID19-Malta/COVID19-Cases,33477,27020,6457,
Malta,2021-02-05,"Moderna, Pfizer/BioNTech",https://github.com/COVID19-Malta/COVID19-Cases,35676,28082,7594,
Malta,2021-02-06,"Moderna, Pfizer/BioNTech",https://github.com/COVID19-Malta/COVID19-Cases,37586,28837,8749,
Malta,2021-02-07,"Moderna, Pfizer/BioNTech",https://github.com/COVID19-Malta/COVID19-Cases,39257,29339,9918,
Malta,2021-02-08,"Moderna, Pfizer/BioNTech",https://github.com/COVID19-Malta/COVID19-Cases,41285,30235,11050,
Malta,2021-02-09,"Moderna, Pfizer/BioNTech",https://github.com/COVID19-Malta/COVID19-Cases,43337,31202,12135,
Malta,2021-02-10,"Moderna, Oxford/AstraZeneca, Pfizer/BioNTech",https://github.com/COVID19-Malta/COVID19-Cases,44598,31670,12928,
Malta,2021-02-11,"Moderna, Oxford/AstraZeneca, Pfizer/BioNTech",https://github.com/COVID19-Malta/COVID19-Cases,46344,32524,13820,
Malta,2021-02-12,"Moderna, Oxford/AstraZeneca, Pfizer/BioNTech",https://github.com/COVID19-Malta/COVID19-Cases,48474,33735,14739,
Malta,2021-02-13,"Moderna, Oxford/AstraZeneca, Pfizer/BioNTech",https://github.com/COVID19-Malta/COVID19-Cases,50175,34574,15601,
Malta,2021-02-14,"Moderna, Oxford/AstraZeneca, Pfizer/BioNTech",https://github.com/COVID19-Malta/COVID19-Cases,51641,35376,16265,
Malta,2021-02-15,"Moderna, Oxford/AstraZeneca, Pfizer/BioNTech",https://github.com/COVID19-Malta/COVID19-Cases,53647,36545,17102,
Malta,2021-02-16,"Moderna, Oxford/AstraZeneca, Pfizer/BioNTech",https://github.com/COVID19-Malta/COVID19-Cases,55709,37866,17843,
Malta,2021-02-17,"Moderna, Oxford/AstraZeneca, Pfizer/BioNTech",https://github.com/COVID19-Malta/COVID19-Cases,57683,39147,18536,
Malta,2021-02-18,"Moderna, Oxford/AstraZeneca, Pfizer/BioNTech",https://github.com/COVID19-Malta/COVID19-Cases,59702,40503,19199,
Malta,2021-02-19,"Moderna, Oxford/AstraZeneca, Pfizer/BioNTech",https://github.com/COVID19-Malta/COVID19-Cases,62059,42231,19828,
Malta,2021-02-20,"Moderna, Oxford/AstraZeneca, Pfizer/BioNTech",https://github.com/COVID19-Malta/COVID19-Cases,63308,43119,20189,
Malta,2021-02-21,"Moderna, Oxford/AstraZeneca, Pfizer/BioNTech",https://github.com/COVID19-Malta/COVID19-Cases,64419,43888,20531,
Malta,2021-02-22,"Moderna, Oxford/AstraZeneca, Pfizer/BioNTech",https://github.com/COVID19-Malta/COVID19-Cases,66334,45174,21160,
Malta,2021-02-23,"Moderna, Oxford/AstraZeneca, Pfizer/BioNTech",https://github.com/COVID19-Malta/COVID19-Cases,68779,47012,21767,
Malta,2021-02-24,"Moderna, Oxford/AstraZeneca, Pfizer/BioNTech",https://github.com/COVID19-Malta/COVID19-Cases,71562,49061,22501,
Malta,2021-02-25,"Moderna, Oxford/AstraZeneca, Pfizer/BioNTech",https://github.com/COVID19-Malta/COVID19-Cases,73644,50249,23395,
Malta,2021-02-26,"Moderna, Oxford/AstraZeneca, Pfizer/BioNTech",https://github.com/COVID19-Malta/COVID19-Cases,76159,51041,25118,
Malta,2021-02-27,"Moderna, Oxford/AstraZeneca, Pfizer/BioNTech",https://github.com/COVID19-Malta/COVID19-Cases,77967,51186,26781,
Malta,2021-02-28,"Moderna, Oxford/AstraZeneca, Pfizer/BioNTech",https://github.com/COVID19-Malta/COVID19-Cases,79624,51576,28048,
Malta,2021-03-01,"Moderna, Oxford/AstraZeneca, Pfizer/BioNTech",https://github.com/COVID19-Malta/COVID19-Cases,81883,52862,29021,
Malta,2021-03-02,"Moderna, Oxford/AstraZeneca, Pfizer/BioNTech",https://github.com/COVID19-Malta/COVID19-Cases,84129,54381,29748,
Malta,2021-03-03,"Moderna, Oxford/AstraZeneca, Pfizer/BioNTech",https://github.com/COVID19-Malta/COVID19-Cases,86854,56525,30329,
Malta,2021-03-04,"Moderna, Oxford/AstraZeneca, Pfizer/BioNTech",https://github.com/COVID19-Malta/COVID19-Cases,89946,58912,31034,
Malta,2021-03-05,"Moderna, Oxford/AstraZeneca, Pfizer/BioNTech",https://github.com/COVID19-Malta/COVID19-Cases,92806,61096,31710,
Malta,2021-03-06,"Moderna, Oxford/AstraZeneca, Pfizer/BioNTech",https://github.com/COVID19-Malta/COVID19-Cases,95899,63479,32420,
Malta,2021-03-07,"Moderna, Oxford/AstraZeneca, Pfizer/BioNTech",https://github.com/COVID19-Malta/COVID19-Cases,97864,65002,32862,
Malta,2021-03-08,"Moderna, Oxford/AstraZeneca, Pfizer/BioNTech",https://github.com/COVID19-Malta/COVID19-Cases,101776,67595,34181,
Malta,2021-03-09,"Moderna, Oxford/AstraZeneca, Pfizer/BioNTech",https://github.com/COVID19-Malta/COVID19-Cases,105416,70323,35093,
Malta,2021-03-10,"Moderna, Oxford/AstraZeneca, Pfizer/BioNTech",https://github.com/COVID19-Malta/COVID19-Cases,108971,72725,36246,
Malta,2021-03-11,"Moderna, Oxford/AstraZeneca, Pfizer/BioNTech",https://github.com/COVID19-Malta/COVID19-Cases,113258,76076,37182,
Malta,2021-03-12,"Moderna, Oxford/AstraZeneca, Pfizer/BioNTech",https://github.com/COVID19-Malta/COVID19-Cases,117121,78788,38333,
Malta,2021-03-13,"Moderna, Oxford/AstraZeneca, Pfizer/BioNTech",https://github.com/COVID19-Malta/COVID19-Cases,120073,80974,39099,
Malta,2021-03-14,"Moderna, Oxford/AstraZeneca, Pfizer/BioNTech",https://github.com/COVID19-Malta/COVID19-Cases,122366,82671,39695,
Malta,2021-03-15,"Moderna, Oxford/AstraZeneca, Pfizer/BioNTech",https://github.com/COVID19-Malta/COVID19-Cases,126277,85596,40681,
Malta,2021-03-16,"Moderna, Oxford/AstraZeneca, Pfizer/BioNTech",https://github.com/COVID19-Malta/COVID19-Cases,130861,90002,40859,
Malta,2021-03-17,"Moderna, Oxford/AstraZeneca, Pfizer/BioNTech",https://github.com/COVID19-Malta/COVID19-Cases,133871,92250,41621,
Malta,2021-03-18,"Moderna, Oxford/AstraZeneca, Pfizer/BioNTech",https://github.com/COVID19-Malta/COVID19-Cases,138264,95707,42557,
Malta,2021-03-19,"Moderna, Oxford/AstraZeneca, Pfizer/BioNTech",https://github.com/COVID19-Malta/COVID19-Cases,140331,97064,43267,
Malta,2021-03-20,"Moderna, Oxford/AstraZeneca, Pfizer/BioNTech",https://github.com/COVID19-Malta/COVID19-Cases,143169,99250,43919,
Malta,2021-03-21,"Moderna, Oxford/AstraZeneca, Pfizer/BioNTech",https://github.com/COVID19-Malta/COVID19-Cases,145934,101451,44483,
Malta,2021-03-22,"Moderna, Oxford/AstraZeneca, Pfizer/BioNTech",https://github.com/COVID19-Malta/COVID19-Cases,150897,105611,45286,
Malta,2021-03-23,"Moderna, Oxford/AstraZeneca, Pfizer/BioNTech",https://github.com/COVID19-Malta/COVID19-Cases,155678,109538,46140,
Malta,2021-03-24,"Moderna, Oxford/AstraZeneca, Pfizer/BioNTech",https://github.com/COVID19-Malta/COVID19-Cases,160260,113179,47081,
Malta,2021-03-25,"Moderna, Oxford/AstraZeneca, Pfizer/BioNTech",https://github.com/COVID19-Malta/COVID19-Cases,166104,117171,48933,
Malta,2021-03-26,"Moderna, Oxford/AstraZeneca, Pfizer/BioNTech",https://github.com/COVID19-Malta/COVID19-Cases,171873,121823,50050,
Malta,2021-03-27,"Moderna, Oxford/AstraZeneca, Pfizer/BioNTech",https://github.com/COVID19-Malta/COVID19-Cases,176612,126055,50557,
Malta,2021-03-28,"Moderna, Oxford/AstraZeneca, Pfizer/BioNTech",https://github.com/COVID19-Malta/COVID19-Cases,180587,129350,51237,
Malta,2021-03-29,"Moderna, Oxford/AstraZeneca, Pfizer/BioNTech",https://github.com/COVID19-Malta/COVID19-Cases,186111,133771,52340,
Malta,2021-03-30,"Moderna, Oxford/AstraZeneca, Pfizer/BioNTech",https://github.com/COVID19-Malta/COVID19-Cases,191716,138176,53540,
Malta,2021-03-31,"Moderna, Oxford/AstraZeneca, Pfizer/BioNTech",https://github.com/COVID19-Malta/COVID19-Cases,197383,142805,54578,
Malta,2021-04-01,"Moderna, Oxford/AstraZeneca, Pfizer/BioNTech",https://github.com/COVID19-Malta/COVID19-Cases,203553,147956,55597,
Malta,2021-04-02,"Moderna, Oxford/AstraZeneca, Pfizer/BioNTech",https://github.com/COVID19-Malta/COVID19-Cases,209065,151942,57123,
Malta,2021-04-03,"Moderna, Oxford/AstraZeneca, Pfizer/BioNTech",https://github.com/COVID19-Malta/COVID19-Cases,212466,154462,58004,
Malta,2021-04-04,"Moderna, Oxford/AstraZeneca, Pfizer/BioNTech",https://github.com/COVID19-Malta/COVID19-Cases,215700,156668,59032,
Malta,2021-04-05,"Moderna, Oxford/AstraZeneca, Pfizer/BioNTech",https://github.com/COVID19-Malta/COVID19-Cases,219161,159065,60096,
Malta,2021-04-06,"Moderna, Oxford/AstraZeneca, Pfizer/BioNTech",https://github.com/COVID19-Malta/COVID19-Cases,223020,161909,61111,
Malta,2021-04-07,"Moderna, Oxford/AstraZeneca, Pfizer/BioNTech",https://github.com/COVID19-Malta/COVID19-Cases,227606,164492,63114,
Malta,2021-04-08,"Moderna, Oxford/AstraZeneca, Pfizer/BioNTech",https://github.com/COVID19-Malta/COVID19-Cases,232335,167130,65205,
Malta,2021-04-09,"Moderna, Oxford/AstraZeneca, Pfizer/BioNTech",https://github.com/COVID19-Malta/COVID19-Cases,237806,170315,67491,
Malta,2021-04-10,"Moderna, Oxford/AstraZeneca, Pfizer/BioNTech",https://github.com/COVID19-Malta/COVID19-Cases,240984,171678,69306,
Malta,2021-04-11,"Moderna, Oxford/AstraZeneca, Pfizer/BioNTech",https://github.com/COVID19-Malta/COVID19-Cases,244718,173237,71481,
Malta,2021-04-12,"Moderna, Oxford/AstraZeneca, Pfizer/BioNTech",https://github.com/COVID19-Malta/COVID19-Cases,249400,175347,74053,
Malta,2021-04-13,"Moderna, Oxford/AstraZeneca, Pfizer/BioNTech",https://github.com/COVID19-Malta/COVID19-Cases,254885,178292,76593,
Malta,2021-04-14,"Moderna, Oxford/AstraZeneca, Pfizer/BioNTech",https://github.com/COVID19-Malta/COVID19-Cases,259272,181133,78139,
Malta,2021-04-15,"Moderna, Oxford/AstraZeneca, Pfizer/BioNTech",https://github.com/COVID19-Malta/COVID19-Cases,264658,183987,80671,
Malta,2021-04-16,"Moderna, Oxford/AstraZeneca, Pfizer/BioNTech",https://github.com/COVID19-Malta/COVID19-Cases,269763,187277,82486,
Malta,2021-04-17,"Moderna, Oxford/AstraZeneca, Pfizer/BioNTech",https://github.com/COVID19-Malta/COVID19-Cases,274641,190489,84152,
Malta,2021-04-18,"Moderna, Oxford/AstraZeneca, Pfizer/BioNTech",https://github.com/COVID19-Malta/COVID19-Cases,276516,191583,84933,
Malta,2021-04-19,"Moderna, Oxford/AstraZeneca, Pfizer/BioNTech",https://github.com/COVID19-Malta/COVID19-Cases,282841,195071,87770,
Malta,2021-04-20,"Moderna, Oxford/AstraZeneca, Pfizer/BioNTech",https://github.com/COVID19-Malta/COVID19-Cases,288797,198624,90173,
Malta,2021-04-21,"Moderna, Oxford/AstraZeneca, Pfizer/BioNTech",https://github.com/COVID19-Malta/COVID19-Cases,295587,201860,93727,
Malta,2021-04-22,"Moderna, Oxford/AstraZeneca, Pfizer/BioNTech",https://github.com/COVID19-Malta/COVID19-Cases,301594,204963,96631,
Malta,2021-04-23,"Moderna, Oxford/AstraZeneca, Pfizer/BioNTech",https://github.com/COVID19-Malta/COVID19-Cases,307636,208959,98677,
Malta,2021-04-24,"Moderna, Oxford/AstraZeneca, Pfizer/BioNTech",https://github.com/COVID19-Malta/COVID19-Cases,311559,211985,99574,
Malta,2021-04-25,"Moderna, Oxford/AstraZeneca, Pfizer/BioNTech",https://github.com/COVID19-Malta/COVID19-Cases,313279,212593,100686,
Malta,2021-04-26,"Moderna, Oxford/AstraZeneca, Pfizer/BioNTech",https://github.com/COVID19-Malta/COVID19-Cases,318706,216171,102535,
Malta,2021-04-27,"Moderna, Oxford/AstraZeneca, Pfizer/BioNTech",https://github.com/COVID19-Malta/COVID19-Cases,323324,219442,103882,
Malta,2021-04-28,"Moderna, Oxford/AstraZeneca, Pfizer/BioNTech",https://github.com/COVID19-Malta/COVID19-Cases,326934,222470,104464,
Malta,2021-04-29,"Moderna, Oxford/AstraZeneca, Pfizer/BioNTech",https://github.com/COVID19-Malta/COVID19-Cases,331438,225810,105628,
Malta,2021-04-30,"Moderna, Oxford/AstraZeneca, Pfizer/BioNTech",https://github.com/COVID19-Malta/COVID19-Cases,335848,228810,107038,
Malta,2021-05-01,"Moderna, Oxford/AstraZeneca, Pfizer/BioNTech",https://github.com/COVID19-Malta/COVID19-Cases,339727,231511,108216,
Malta,2021-05-02,"Moderna, Oxford/AstraZeneca, Pfizer/BioNTech",https://github.com/COVID19-Malta/COVID19-Cases,341909,233193,108716,
Malta,2021-05-03,"Moderna, Oxford/AstraZeneca, Pfizer/BioNTech",https://github.com/COVID19-Malta/COVID19-Cases,346951,237018,109933,
Malta,2021-05-04,"Moderna, Oxford/AstraZeneca, Pfizer/BioNTech",https://github.com/COVID19-Malta/COVID19-Cases,352421,241103,111318,
Malta,2021-05-05,"Moderna, Oxford/AstraZeneca, Pfizer/BioNTech",https://github.com/COVID19-Malta/COVID19-Cases,359429,246698,112731,
Malta,2021-05-06,"Johnson&Johnson, Moderna, Oxford/AstraZeneca, Pfizer/BioNTech",https://github.com/COVID19-Malta/COVID19-Cases,365902,251787,115333,
Malta,2021-05-07,"Johnson&Johnson, Moderna, Oxford/AstraZeneca, Pfizer/BioNTech",https://github.com/COVID19-Malta/COVID19-Cases,372620,255633,118209,
Malta,2021-05-08,"Johnson&Johnson, Moderna, Oxford/AstraZeneca, Pfizer/BioNTech",https://github.com/COVID19-Malta/COVID19-Cases,375986,257781,119427,
Malta,2021-05-09,"Johnson&Johnson, Moderna, Oxford/AstraZeneca, Pfizer/BioNTech",https://github.com/COVID19-Malta/COVID19-Cases,379951,258766,121185,
Malta,2021-05-10,"Johnson&Johnson, Moderna, Oxford/AstraZeneca, Pfizer/BioNTech",https://github.com/COVID19-Malta/COVID19-Cases,386760,265361,123843,
Malta,2021-05-11,"Johnson&Johnson, Moderna, Oxford/AstraZeneca, Pfizer/BioNTech",https://github.com/COVID19-Malta/COVID19-Cases,392929,268118,127255,
Malta,2021-05-12,"Johnson&Johnson, Moderna, Oxford/AstraZeneca, Pfizer/BioNTech",https://github.com/COVID19-Malta/COVID19-Cases,400118,272025,130537,
Malta,2021-05-13,"Johnson&Johnson, Moderna, Oxford/AstraZeneca, Pfizer/BioNTech",https://github.com/COVID19-Malta/COVID19-Cases,406921,276041,133332,
Malta,2021-05-14,"Johnson&Johnson, Moderna, Oxford/AstraZeneca, Pfizer/BioNTech",https://github.com/COVID19-Malta/COVID19-Cases,414632,280134,136975,
Malta,2021-05-15,"Johnson&Johnson, Moderna, Oxford/AstraZeneca, Pfizer/BioNTech",https://github.com/COVID19-Malta/COVID19-Cases,420815,283229,141143,
Malta,2021-05-16,"Johnson&Johnson, Moderna, Oxford/AstraZeneca, Pfizer/BioNTech",https://github.com/COVID19-Malta/COVID19-Cases,424325,284395,143487,
Malta,2021-05-17,"Johnson&Johnson, Moderna, Oxford/AstraZeneca, Pfizer/BioNTech",https://github.com/COVID19-Malta/COVID19-Cases,430508,286709,147667,
Malta,2021-05-18,"Johnson&Johnson, Moderna, Oxford/AstraZeneca, Pfizer/BioNTech",https://github.com/COVID19-Malta/COVID19-Cases,437654,289855,152581,
Malta,2021-05-19,"Johnson&Johnson, Moderna, Oxford/AstraZeneca, Pfizer/BioNTech",https://github.com/COVID19-Malta/COVID19-Cases,445830,293178,158489,
Malta,2021-05-20,"Johnson&Johnson, Moderna, Oxford/AstraZeneca, Pfizer/BioNTech",https://github.com/COVID19-Malta/COVID19-Cases,453711,296548,164113,
Malta,2021-05-21,"Johnson&Johnson, Moderna, Oxford/AstraZeneca, Pfizer/BioNTech",https://github.com/COVID19-Malta/COVID19-Cases,461215,299549,169177,
Malta,2021-05-22,"Johnson&Johnson, Moderna, Oxford/AstraZeneca, Pfizer/BioNTech",https://github.com/COVID19-Malta/COVID19-Cases,468829,301274,175246,
Malta,2021-05-23,"Johnson&Johnson, Moderna, Oxford/AstraZeneca, Pfizer/BioNTech",https://github.com/COVID19-Malta/COVID19-Cases,474475,302933,180243,
Malta,2021-05-24,"Johnson&Johnson, Moderna, Oxford/AstraZeneca, Pfizer/BioNTech",https://github.com/COVID19-Malta/COVID19-Cases,482577,308002,183556,
Malta,2021-05-25,"Johnson&Johnson, Moderna, Oxford/AstraZeneca, Pfizer/BioNTech",https://github.com/COVID19-Malta/COVID19-Cases,490524,310403,189055,
Malta,2021-05-26,"Johnson&Johnson, Moderna, Oxford/AstraZeneca, Pfizer/BioNTech",https://github.com/COVID19-Malta/COVID19-Cases,498726,311903,195856,
Malta,2021-05-27,"Johnson&Johnson, Moderna, Oxford/AstraZeneca, Pfizer/BioNTech",https://github.com/COVID19-Malta/COVID19-Cases,505100,314030,200199,
Malta,2021-05-28,"Johnson&Johnson, Moderna, Oxford/AstraZeneca, Pfizer/BioNTech",https://github.com/COVID19-Malta/COVID19-Cases,509312,315748,202795,
Malta,2021-05-29,"Johnson&Johnson, Moderna, Oxford/AstraZeneca, Pfizer/BioNTech",https://github.com/COVID19-Malta/COVID19-Cases,512214,316224,205221,
Malta,2021-05-30,"Johnson&Johnson, Moderna, Oxford/AstraZeneca, Pfizer/BioNTech",https://github.com/COVID19-Malta/COVID19-Cases,515662,316747,208118,
Malta,2021-05-31,"Johnson&Johnson, Moderna, Oxford/AstraZeneca, Pfizer/BioNTech",https://github.com/COVID19-Malta/COVID19-Cases,519994,318743,210486,
Malta,2021-06-01,"Johnson&Johnson, Moderna, Oxford/AstraZeneca, Pfizer/BioNTech",https://github.com/COVID19-Malta/COVID19-Cases,528592,319574,218321,
Malta,2021-06-02,"Johnson&Johnson, Moderna, Oxford/AstraZeneca, Pfizer/BioNTech",https://github.com/COVID19-Malta/COVID19-Cases,534639,322359,221595,
Malta,2021-06-03,"Johnson&Johnson, Moderna, Oxford/AstraZeneca, Pfizer/BioNTech",https://github.com/COVID19-Malta/COVID19-Cases,541178,324295,226341,
Malta,2021-06-04,"Johnson&Johnson, Moderna, Oxford/AstraZeneca, Pfizer/BioNTech",https://github.com/COVID19-Malta/COVID19-Cases,546637,325511,230594,
Malta,2021-06-05,"Johnson&Johnson, Moderna, Oxford/AstraZeneca, Pfizer/BioNTech",https://github.com/COVID19-Malta/COVID19-Cases,551494,327155,233826,
Malta,2021-06-06,"Johnson&Johnson, Moderna, Oxford/AstraZeneca, Pfizer/BioNTech",https://github.com/COVID19-Malta/COVID19-Cases,553814,328168,235133,
Malta,2021-06-07,"Johnson&Johnson, Moderna, Oxford/AstraZeneca, Pfizer/BioNTech",https://github.com/COVID19-Malta/COVID19-Cases,558320,329000,238807,
Malta,2021-06-08,"Johnson&Johnson, Moderna, Oxford/AstraZeneca, Pfizer/BioNTech",https://github.com/COVID19-Malta/COVID19-Cases,564718,330970,243252,
Malta,2021-06-09,"Johnson&Johnson, Moderna, Oxford/AstraZeneca, Pfizer/BioNTech",https://github.com/COVID19-Malta/COVID19-Cases,570513,333197,246964,
Malta,2021-06-10,"Johnson&Johnson, Moderna, Oxford/AstraZeneca, Pfizer/BioNTech",https://github.com/COVID19-Malta/COVID19-Cases,576256,334367,251553,
Malta,2021-06-11,"Johnson&Johnson, Moderna, Oxford/AstraZeneca, Pfizer/BioNTech",https://github.com/COVID19-Malta/COVID19-Cases,582206,335791,256079,
Malta,2021-06-12,"Johnson&Johnson, Moderna, Oxford/AstraZeneca, Pfizer/BioNTech",https://github.com/COVID19-Malta/COVID19-Cases,587160,339176,258929,
Malta,2021-06-13,"Johnson&Johnson, Moderna, Oxford/AstraZeneca, Pfizer/BioNTech",https://github.com/COVID19-Malta/COVID19-Cases,589507,340028,260424,
Malta,2021-06-14,"Johnson&Johnson, Moderna, Oxford/AstraZeneca, Pfizer/BioNTech",https://github.com/COVID19-Malta/COVID19-Cases,596074,341941,265090,
Malta,2021-06-15,"Johnson&Johnson, Moderna, Oxford/AstraZeneca, Pfizer/BioNTech",https://github.com/COVID19-Malta/COVID19-Cases,604033,344272,270754,
Malta,2021-06-16,"Johnson&Johnson, Moderna, Oxford/AstraZeneca, Pfizer/BioNTech",https://github.com/COVID19-Malta/COVID19-Cases,609867,346576,274321,
Malta,2021-06-17,"Johnson&Johnson, Moderna, Oxford/AstraZeneca, Pfizer/BioNTech",https://github.com/COVID19-Malta/COVID19-Cases,616102,348633,278588,
Malta,2021-06-18,"Johnson&Johnson, Moderna, Oxford/AstraZeneca, Pfizer/BioNTech",https://github.com/COVID19-Malta/COVID19-Cases,621674,350092,282709,
Malta,2021-06-19,"Johnson&Johnson, Moderna, Oxford/AstraZeneca, Pfizer/BioNTech",https://github.com/COVID19-Malta/COVID19-Cases,625844,351962,285817,
Malta,2021-06-20,"Johnson&Johnson, Moderna, Oxford/AstraZeneca, Pfizer/BioNTech",https://github.com/COVID19-Malta/COVID19-Cases,628735,352478,288195,
Malta,2021-06-21,"Johnson&Johnson, Moderna, Oxford/AstraZeneca, Pfizer/BioNTech",https://github.com/COVID19-Malta/COVID19-Cases,631446,353164,290280,
Malta,2021-06-22,"Johnson&Johnson, Moderna, Oxford/AstraZeneca, Pfizer/BioNTech",https://github.com/COVID19-Malta/COVID19-Cases,636059,353584,294650,
Malta,2021-06-23,"Johnson&Johnson, Moderna, Oxford/AstraZeneca, Pfizer/BioNTech",https://github.com/COVID19-Malta/COVID19-Cases,640729,353895,299151,
Malta,2021-06-24,"Johnson&Johnson, Moderna, Oxford/AstraZeneca, Pfizer/BioNTech",https://github.com/COVID19-Malta/COVID19-Cases,646651,355100,303939,
Malta,2021-06-25,"Johnson&Johnson, Moderna, Oxford/AstraZeneca, Pfizer/BioNTech",https://github.com/COVID19-Malta/COVID19-Cases,650411,355277,307591,
Malta,2021-06-26,"Johnson&Johnson, Moderna, Oxford/AstraZeneca, Pfizer/BioNTech",https://github.com/COVID19-Malta/COVID19-Cases,653005,356128,309871,
Malta,2021-06-27,"Johnson&Johnson, Moderna, Oxford/AstraZeneca, Pfizer/BioNTech",https://github.com/COVID19-Malta/COVID19-Cases,654649,356209,311453,
Malta,2021-06-28,"Johnson&Johnson, Moderna, Oxford/AstraZeneca, Pfizer/BioNTech",https://github.com/COVID19-Malta/COVID19-Cases,659488,357171,315768,
Malta,2021-06-29,"Johnson&Johnson, Moderna, Oxford/AstraZeneca, Pfizer/BioNTech",https://github.com/COVID19-Malta/COVID19-Cases,664859,358168,320604,
Malta,2021-06-30,"Johnson&Johnson, Moderna, Oxford/AstraZeneca, Pfizer/BioNTech",https://github.com/COVID19-Malta/COVID19-Cases,670759,359169,325891,
Malta,2021-07-01,"Johnson&Johnson, Moderna, Oxford/AstraZeneca, Pfizer/BioNTech",https://github.com/COVID19-Malta/COVID19-Cases,675014,360364,328960,
Malta,2021-07-02,"Johnson&Johnson, Moderna, Oxford/AstraZeneca, Pfizer/BioNTech",https://github.com/COVID19-Malta/COVID19-Cases,679538,361287,332650,
Malta,2021-07-03,"Johnson&Johnson, Moderna, Oxford/AstraZeneca, Pfizer/BioNTech",https://github.com/COVID19-Malta/COVID19-Cases,682731,362262,335153,
Malta,2021-07-04,"Johnson&Johnson, Moderna, Oxford/AstraZeneca, Pfizer/BioNTech",https://github.com/COVID19-Malta/COVID19-Cases,685024,362986,336800,
Malta,2021-07-05,"Johnson&Johnson, Moderna, Oxford/AstraZeneca, Pfizer/BioNTech",https://github.com/COVID19-Malta/COVID19-Cases,689924,364277,340423,
Malta,2021-07-06,"Johnson&Johnson, Moderna, Oxford/AstraZeneca, Pfizer/BioNTech",https://github.com/COVID19-Malta/COVID19-Cases,692581,365611,341765,
Malta,2021-07-07,"Johnson&Johnson, Moderna, Oxford/AstraZeneca, Pfizer/BioNTech",https://github.com/COVID19-Malta/COVID19-Cases,696858,367086,344666,
Malta,2021-07-08,"Johnson&Johnson, Moderna, Oxford/AstraZeneca, Pfizer/BioNTech",https://github.com/COVID19-Malta/COVID19-Cases,700180,368449,346739,
Malta,2021-07-09,"Johnson&Johnson, Moderna, Oxford/AstraZeneca, Pfizer/BioNTech",https://github.com/COVID19-Malta/COVID19-Cases,703928,369854,349133,
Malta,2021-07-10,"Johnson&Johnson, Moderna, Oxford/AstraZeneca, Pfizer/BioNTech",https://github.com/COVID19-Malta/COVID19-Cases,705852,371421,349961,
Malta,2021-07-11,"Johnson&Johnson, Moderna, Oxford/AstraZeneca, Pfizer/BioNTech",https://github.com/COVID19-Malta/COVID19-Cases,706857,372052,350338,
Malta,2021-07-12,"Johnson&Johnson, Moderna, Oxford/AstraZeneca, Pfizer/BioNTech",https://github.com/COVID19-Malta/COVID19-Cases,709131,373349,351395,
Malta,2021-07-13,"Johnson&Johnson, Moderna, Oxford/AstraZeneca, Pfizer/BioNTech",https://github.com/COVID19-Malta/COVID19-Cases,711973,375090,352523,
Malta,2021-07-14,"Johnson&Johnson, Moderna, Oxford/AstraZeneca, Pfizer/BioNTech",https://github.com/COVID19-Malta/COVID19-Cases,715447,377373,353929,
Malta,2021-07-15,"Johnson&Johnson, Moderna, Oxford/AstraZeneca, Pfizer/BioNTech",https://github.com/COVID19-Malta/COVID19-Cases,718418,379380,354985,
Malta,2021-07-16,"Johnson&Johnson, Moderna, Oxford/AstraZeneca, Pfizer/BioNTech",https://github.com/COVID19-Malta/COVID19-Cases,721415,381764,355883,
Malta,2021-07-17,"Johnson&Johnson, Moderna, Oxford/AstraZeneca, Pfizer/BioNTech",https://github.com/COVID19-Malta/COVID19-Cases,723299,383158,357236,
Malta,2021-07-18,"Johnson&Johnson, Moderna, Oxford/AstraZeneca, Pfizer/BioNTech",https://github.com/COVID19-Malta/COVID19-Cases,724343,383867,357558,
Malta,2021-07-19,"Johnson&Johnson, Moderna, Oxford/AstraZeneca, Pfizer/BioNTech",https://github.com/COVID19-Malta/COVID19-Cases,728106,386328,359042,
Malta,2021-07-20,"Johnson&Johnson, Moderna, Oxford/AstraZeneca, Pfizer/BioNTech",https://github.com/COVID19-Malta/COVID19-Cases,730483,387329,360880,
Malta,2021-07-21,"Johnson&Johnson, Moderna, Oxford/AstraZeneca, Pfizer/BioNTech",https://github.com/COVID19-Malta/COVID19-Cases,733736,389025,362923,
Malta,2021-07-22,"Johnson&Johnson, Moderna, Oxford/AstraZeneca, Pfizer/BioNTech",https://github.com/COVID19-Malta/COVID19-Cases,736727,389263,364899,
Malta,2021-07-23,"Johnson&Johnson, Moderna, Oxford/AstraZeneca, Pfizer/BioNTech",https://github.com/COVID19-Malta/COVID19-Cases,742361,392444,368587,
Malta,2021-07-24,"Johnson&Johnson, Moderna, Oxford/AstraZeneca, Pfizer/BioNTech",https://github.com/COVID19-Malta/COVID19-Cases,743712,392994,369441,
Malta,2021-07-25,"Johnson&Johnson, Moderna, Oxford/AstraZeneca, Pfizer/BioNTech",https://github.com/COVID19-Malta/COVID19-Cases,744521,393062,370187,
Malta,2021-07-26,"Johnson&Johnson, Moderna, Oxford/AstraZeneca, Pfizer/BioNTech",https://github.com/COVID19-Malta/COVID19-Cases,746883,393967,371802,
Malta,2021-07-27,"Johnson&Johnson, Moderna, Oxford/AstraZeneca, Pfizer/BioNTech",https://github.com/COVID19-Malta/COVID19-Cases,750641,396087,373771,
Malta,2021-07-28,"Johnson&Johnson, Moderna, Oxford/AstraZeneca, Pfizer/BioNTech",https://github.com/COVID19-Malta/COVID19-Cases,751546,396686,375373,
Malta,2021-07-29,"Johnson&Johnson, Moderna, Oxford/AstraZeneca, Pfizer/BioNTech",https://github.com/COVID19-Malta/COVID19-Cases,755655,398444,379016,
Malta,2021-07-30,"Johnson&Johnson, Moderna, Oxford/AstraZeneca, Pfizer/BioNTech",https://github.com/COVID19-Malta/COVID19-Cases,758252,399261,380927,
Malta,2021-07-31,"Johnson&Johnson, Moderna, Oxford/AstraZeneca, Pfizer/BioNTech",https://github.com/COVID19-Malta/COVID19-Cases,759818,399690,382255,
Malta,2021-08-01,"Johnson&Johnson, Moderna, Oxford/AstraZeneca, Pfizer/BioNTech",https://github.com/COVID19-Malta/COVID19-Cases,760417,399724,382825,
Malta,2021-08-02,"Johnson&Johnson, Moderna, Oxford/AstraZeneca, Pfizer/BioNTech",https://github.com/COVID19-Malta/COVID19-Cases,762832,400760,385049,
Malta,2021-08-03,"Johnson&Johnson, Moderna, Oxford/AstraZeneca, Pfizer/BioNTech",https://github.com/COVID19-Malta/COVID19-Cases,765417,401644,387400,
Malta,2021-08-04,"Johnson&Johnson, Moderna, Oxford/AstraZeneca, Pfizer/BioNTech",https://github.com/COVID19-Malta/COVID19-Cases,767831,402373,389610,
Malta,2021-08-05,"Johnson&Johnson, Moderna, Oxford/AstraZeneca, Pfizer/BioNTech",https://github.com/COVID19-Malta/COVID19-Cases,770496,403261,392100,
Malta,2021-08-06,"Johnson&Johnson, Moderna, Oxford/AstraZeneca, Pfizer/BioNTech",https://github.com/COVID19-Malta/COVID19-Cases,773225,404049,394589,
Malta,2021-08-07,"Johnson&Johnson, Moderna, Oxford/AstraZeneca, Pfizer/BioNTech",https://github.com/COVID19-Malta/COVID19-Cases,774250,404419,395537,
Malta,2021-08-08,"Johnson&Johnson, Moderna, Oxford/AstraZeneca, Pfizer/BioNTech",https://github.com/COVID19-Malta/COVID19-Cases,774907,404461,396160,
Malta,2021-08-09,"Johnson&Johnson, Moderna, Oxford/AstraZeneca, Pfizer/BioNTech",https://github.com/COVID19-Malta/COVID19-Cases,777181,405073,398128,
Malta,2021-08-10,"Johnson&Johnson, Moderna, Oxford/AstraZeneca, Pfizer/BioNTech",https://github.com/COVID19-Malta/COVID19-Cases,778936,405723,399769,
Malta,2021-08-11,"Johnson&Johnson, Moderna, Oxford/AstraZeneca, Pfizer/BioNTech",https://github.com/COVID19-Malta/COVID19-Cases,780770,406414,401390,
Malta,2021-08-12,"Johnson&Johnson, Moderna, Oxford/AstraZeneca, Pfizer/BioNTech",https://github.com/COVID19-Malta/COVID19-Cases,782600,407171,403015,
Malta,2021-08-13,"Johnson&Johnson, Moderna, Oxford/AstraZeneca, Pfizer/BioNTech",https://github.com/COVID19-Malta/COVID19-Cases,783983,407679,404213,
Malta,2021-08-14,"Johnson&Johnson, Moderna, Oxford/AstraZeneca, Pfizer/BioNTech",https://github.com/COVID19-Malta/COVID19-Cases,784626,407948,404679,
Malta,2021-08-15,"Johnson&Johnson, Moderna, Oxford/AstraZeneca, Pfizer/BioNTech",https://github.com/COVID19-Malta/COVID19-Cases,784729,407985,404760,
Malta,2021-08-16,"Johnson&Johnson, Moderna, Oxford/AstraZeneca, Pfizer/BioNTech",https://github.com/COVID19-Malta/COVID19-Cases,786015,408546,405578,
Malta,2021-08-17,"Johnson&Johnson, Moderna, Oxford/AstraZeneca, Pfizer/BioNTech",https://github.com/COVID19-Malta/COVID19-Cases,787194,409095,406325,
Malta,2021-08-18,"Johnson&Johnson, Moderna, Oxford/AstraZeneca, Pfizer/BioNTech",https://github.com/COVID19-Malta/COVID19-Cases,788292,409498,407154,
Malta,2021-08-19,"Johnson&Johnson, Moderna, Oxford/AstraZeneca, Pfizer/BioNTech",https://github.com/COVID19-Malta/COVID19-Cases,789540,410087,408010,
Malta,2021-08-20,"Johnson&Johnson, Moderna, Oxford/AstraZeneca, Pfizer/BioNTech",https://github.com/COVID19-Malta/COVID19-Cases,790833,410650,408885,
Malta,2021-08-21,"Johnson&Johnson, Moderna, Oxford/AstraZeneca, Pfizer/BioNTech",https://github.com/COVID19-Malta/COVID19-Cases,791240,410856,409136,
Malta,2021-08-22,"Johnson&Johnson, Moderna, Oxford/AstraZeneca, Pfizer/BioNTech",https://github.com/COVID19-Malta/COVID19-Cases,791292,410884,409183,
Malta,2021-08-23,"Johnson&Johnson, Moderna, Oxford/AstraZeneca, Pfizer/BioNTech",https://github.com/COVID19-Malta/COVID19-Cases,792173,411306,409969,
Malta,2021-08-24,"Johnson&Johnson, Moderna, Oxford/AstraZeneca, Pfizer/BioNTech",https://github.com/COVID19-Malta/COVID19-Cases,793015,411748,410532,
Malta,2021-08-25,"Johnson&Johnson, Moderna, Oxford/AstraZeneca, Pfizer/BioNTech",https://github.com/COVID19-Malta/COVID19-Cases,793866,412239,411046,
Malta,2021-08-26,"Johnson&Johnson, Moderna, Oxford/AstraZeneca, Pfizer/BioNTech",https://github.com/COVID19-Malta/COVID19-Cases,794531,412605,411422,
Malta,2021-08-27,"Johnson&Johnson, Moderna, Oxford/AstraZeneca, Pfizer/BioNTech",https://github.com/COVID19-Malta/COVID19-Cases,795190,412948,411798,
Malta,2021-08-28,"Johnson&Johnson, Moderna, Oxford/AstraZeneca, Pfizer/BioNTech",https://github.com/COVID19-Malta/COVID19-Cases,795566,413174,412002,
Malta,2021-08-29,"Johnson&Johnson, Moderna, Oxford/AstraZeneca, Pfizer/BioNTech",https://github.com/COVID19-Malta/COVID19-Cases,795649,413205,412062,
Malta,2021-08-30,"Johnson&Johnson, Moderna, Oxford/AstraZeneca, Pfizer/BioNTech",https://github.com/COVID19-Malta/COVID19-Cases,796333,413598,412419,
Malta,2021-08-31,"Johnson&Johnson, Moderna, Oxford/AstraZeneca, Pfizer/BioNTech",https://github.com/COVID19-Malta/COVID19-Cases,797017,413985,412767,
Malta,2021-09-01,"Johnson&Johnson, Moderna, Oxford/AstraZeneca, Pfizer/BioNTech",https://github.com/COVID19-Malta/COVID19-Cases,797562,414285,413041,
Malta,2021-09-02,"Johnson&Johnson, Moderna, Oxford/AstraZeneca, Pfizer/BioNTech",https://github.com/COVID19-Malta/COVID19-Cases,798068,414557,413292,
Malta,2021-09-03,"Johnson&Johnson, Moderna, Oxford/AstraZeneca, Pfizer/BioNTech",https://github.com/COVID19-Malta/COVID19-Cases,798760,415003,413600,
Malta,2021-09-04,"Johnson&Johnson, Moderna, Oxford/AstraZeneca, Pfizer/BioNTech",https://github.com/COVID19-Malta/COVID19-Cases,799148,415210,413811,
Malta,2021-09-05,"Johnson&Johnson, Moderna, Oxford/AstraZeneca, Pfizer/BioNTech",https://github.com/COVID19-Malta/COVID19-Cases,799214,415254,413844,
Malta,2021-09-06,"Johnson&Johnson, Moderna, Oxford/AstraZeneca, Pfizer/BioNTech",https://github.com/COVID19-Malta/COVID19-Cases,800572,415622,414343,530
Malta,2021-09-07,"Johnson&Johnson, Moderna, Oxford/AstraZeneca, Pfizer/BioNTech",https://github.com/COVID19-Malta/COVID19-Cases,802042,415931,414798,1257
Malta,2021-09-08,"Johnson&Johnson, Moderna, Oxford/AstraZeneca, Pfizer/BioNTech",https://github.com/COVID19-Malta/COVID19-Cases,802798,416212,415251,1320
Malta,2021-09-09,"Johnson&Johnson, Moderna, Oxford/AstraZeneca, Pfizer/BioNTech",https://github.com/COVID19-Malta/COVID19-Cases,803975,416519,415670,1796
Malta,2021-09-10,"Johnson&Johnson, Moderna, Oxford/AstraZeneca, Pfizer/BioNTech",https://github.com/COVID19-Malta/COVID19-Cases,804841,416863,416104,1938
Malta,2021-09-11,"Johnson&Johnson, Moderna, Oxford/AstraZeneca, Pfizer/BioNTech",https://github.com/COVID19-Malta/COVID19-Cases,805439,417009,416292,2240
Malta,2021-09-12,"Johnson&Johnson, Moderna, Oxford/AstraZeneca, Pfizer/BioNTech",https://github.com/COVID19-Malta/COVID19-Cases,805479,417032,416314,2240
Malta,2021-09-13,"Johnson&Johnson, Moderna, Oxford/AstraZeneca, Pfizer/BioNTech",https://github.com/COVID19-Malta/COVID19-Cases,806726,417356,416554,2955
Malta,2021-09-14,"Johnson&Johnson, Moderna, Oxford/AstraZeneca, Pfizer/BioNTech",https://github.com/COVID19-Malta/COVID19-Cases,807825,417684,416849,3468
Malta,2021-09-15,"Johnson&Johnson, Moderna, Oxford/AstraZeneca, Pfizer/BioNTech",https://github.com/COVID19-Malta/COVID19-Cases,808968,417959,417212,4001
Malta,2021-09-16,"Johnson&Johnson, Moderna, Oxford/AstraZeneca, Pfizer/BioNTech",https://github.com/COVID19-Malta/COVID19-Cases,810125,418251,417636,4477
Malta,2021-09-17,"Johnson&Johnson, Moderna, Oxford/AstraZeneca, Pfizer/BioNTech",https://github.com/COVID19-Malta/COVID19-Cases,811183,418618,418036,4821
Malta,2021-09-18,"Johnson&Johnson, Moderna, Oxford/AstraZeneca, Pfizer/BioNTech",https://github.com/COVID19-Malta/COVID19-Cases,811704,418730,418230,5059
Malta,2021-09-19,"Johnson&Johnson, Moderna, Oxford/AstraZeneca, Pfizer/BioNTech",https://github.com/COVID19-Malta/COVID19-Cases,811753,418759,418259,5059
Malta,2021-09-20,"Johnson&Johnson, Moderna, Oxford/AstraZeneca, Pfizer/BioNTech",https://github.com/COVID19-Malta/COVID19-Cases,812828,419152,418647,5389
Malta,2021-09-21,"Johnson&Johnson, Moderna, Oxford/AstraZeneca, Pfizer/BioNTech",https://github.com/COVID19-Malta/COVID19-Cases,813115,419333,418710,5450
Malta,2021-09-22,"Johnson&Johnson, Moderna, Oxford/AstraZeneca, Pfizer/BioNTech",https://github.com/COVID19-Malta/COVID19-Cases,814067,419604,419078,5798
Malta,2021-09-23,"Johnson&Johnson, Moderna, Oxford/AstraZeneca, Pfizer/BioNTech",https://github.com/COVID19-Malta/COVID19-Cases,814957,419848,419398,6141
Malta,2021-09-24,"Johnson&Johnson, Moderna, Oxford/AstraZeneca, Pfizer/BioNTech",https://github.com/COVID19-Malta/COVID19-Cases,816136,420132,419919,6552
Malta,2021-09-25,"Johnson&Johnson, Moderna, Oxford/AstraZeneca, Pfizer/BioNTech",https://github.com/COVID19-Malta/COVID19-Cases,816727,420211,420088,6908
Malta,2021-09-26,"Johnson&Johnson, Moderna, Oxford/AstraZeneca, Pfizer/BioNTech",https://github.com/COVID19-Malta/COVID19-Cases,816767,420233,420111,6908
Malta,2021-09-27,"Johnson&Johnson, Moderna, Oxford/AstraZeneca, Pfizer/BioNTech",https://github.com/COVID19-Malta/COVID19-Cases,818593,420499,420429,8171
Malta,2021-10-08,"Johnson&Johnson, Moderna, Oxford/AstraZeneca, Pfizer/BioNTech",https://github.com/COVID19-Malta/COVID19-Cases,838419,423592,423445,22611
Malta,2021-10-09,"Johnson&Johnson, Moderna, Oxford/AstraZeneca, Pfizer/BioNTech",https://github.com/COVID19-Malta/COVID19-Cases,839636,423816,423534,23535
Malta,2021-10-10,"Johnson&Johnson, Moderna, Oxford/AstraZeneca, Pfizer/BioNTech",https://github.com/COVID19-Malta/COVID19-Cases,840675,423849,423566,24518
Malta,2021-10-11,"Johnson&Johnson, Moderna, Oxford/AstraZeneca, Pfizer/BioNTech",https://github.com/COVID19-Malta/COVID19-Cases,842643,424134,423836,25937
Malta,2021-10-12,"Johnson&Johnson, Moderna, Oxford/AstraZeneca, Pfizer/BioNTech",https://github.com/COVID19-Malta/COVID19-Cases,844723,424536,424045,27409
Malta,2021-10-13,"Johnson&Johnson, Moderna, Oxford/AstraZeneca, Pfizer/BioNTech",https://github.com/COVID19-Malta/COVID19-Cases,846671,424892,424325,28733
Malta,2021-10-14,"Johnson&Johnson, Moderna, Oxford/AstraZeneca, Pfizer/BioNTech",https://github.com/COVID19-Malta/COVID19-Cases,848445,425218,424538,29990
Malta,2021-10-15,"Johnson&Johnson, Moderna, Oxford/AstraZeneca, Pfizer/BioNTech",https://github.com/COVID19-Malta/COVID19-Cases,850536,425522,424867,31470
Malta,2021-10-16,"Johnson&Johnson, Moderna, Oxford/AstraZeneca, Pfizer/BioNTech",https://github.com/COVID19-Malta/COVID19-Cases,852233,425683,425020,32904
Malta,2021-10-17,"Johnson&Johnson, Moderna, Oxford/AstraZeneca, Pfizer/BioNTech",https://github.com/COVID19-Malta/COVID19-Cases,853683,425719,425044,34300
Malta,2021-10-18,"Johnson&Johnson, Moderna, Oxford/AstraZeneca, Pfizer/BioNTech",https://github.com/COVID19-Malta/COVID19-Cases,856311,426203,425373,36140
Malta,2021-10-19,"Johnson&Johnson, Moderna, Oxford/AstraZeneca, Pfizer/BioNTech",https://github.com/COVID19-Malta/COVID19-Cases,858858,426516,425494,38254
Malta,2021-10-20,"Johnson&Johnson, Moderna, Oxford/AstraZeneca, Pfizer/BioNTech",https://github.com/COVID19-Malta/COVID19-Cases,860910,426839,425734,39756
Malta,2021-10-21,"Johnson&Johnson, Moderna, Oxford/AstraZeneca, Pfizer/BioNTech",https://github.com/COVID19-Malta/COVID19-Cases,863183,427273,425927,41425
Malta,2021-10-22,"Johnson&Johnson, Moderna, Oxford/AstraZeneca, Pfizer/BioNTech",https://github.com/COVID19-Malta/COVID19-Cases,865419,427651,426181,43043
Malta,2021-10-23,"Johnson&Johnson, Moderna, Oxford/AstraZeneca, Pfizer/BioNTech",https://github.com/COVID19-Malta/COVID19-Cases,866963,427948,426374,44153
Malta,2021-10-24,"Johnson&Johnson, Moderna, Oxford/AstraZeneca, Pfizer/BioNTech",https://github.com/COVID19-Malta/COVID19-Cases,867820,428042,426469,44830
Malta,2021-10-25,"Johnson&Johnson, Moderna, Oxford/AstraZeneca, Pfizer/BioNTech",https://github.com/COVID19-Malta/COVID19-Cases,869715,428415,426734,46099
Malta,2021-10-26,"Johnson&Johnson, Moderna, Oxford/AstraZeneca, Pfizer/BioNTech",https://github.com/COVID19-Malta/COVID19-Cases,871592,428756,427058,47312
Malta,2021-10-27,"Johnson&Johnson, Moderna, Oxford/AstraZeneca, Pfizer/BioNTech",https://github.com/COVID19-Malta/COVID19-Cases,873859,429255,427483,48676
Malta,2021-10-28,"Johnson&Johnson, Moderna, Oxford/AstraZeneca, Pfizer/BioNTech",https://github.com/COVID19-Malta/COVID19-Cases,875862,429639,427835,49953
Malta,2021-10-29,"Johnson&Johnson, Moderna, Oxford/AstraZeneca, Pfizer/BioNTech",https://github.com/COVID19-Malta/COVID19-Cases,877291,429972,428059,50853
Malta,2021-10-30,"Johnson&Johnson, Moderna, Oxford/AstraZeneca, Pfizer/BioNTech",https://github.com/COVID19-Malta/COVID19-Cases,878722,430176,428227,51932
Malta,2021-10-31,"Johnson&Johnson, Moderna, Oxford/AstraZeneca, Pfizer/BioNTech",https://github.com/COVID19-Malta/COVID19-Cases,879909,430283,428333,52915
Malta,2021-11-01,"Johnson&Johnson, Moderna, Oxford/AstraZeneca, Pfizer/BioNTech",https://github.com/COVID19-Malta/COVID19-Cases,881843,430618,428607,54267
Malta,2021-11-02,"Johnson&Johnson, Moderna, Oxford/AstraZeneca, Pfizer/BioNTech",https://github.com/COVID19-Malta/COVID19-Cases,883070,430954,428824,54979
Malta,2021-11-03,"Johnson&Johnson, Moderna, Oxford/AstraZeneca, Pfizer/BioNTech",https://github.com/COVID19-Malta/COVID19-Cases,884349,431200,428963,55876
Malta,2021-11-04,"Johnson&Johnson, Moderna, Oxford/AstraZeneca, Pfizer/BioNTech",https://github.com/COVID19-Malta/COVID19-Cases,885683,431537,429259,56585
Malta,2021-11-05,"Johnson&Johnson, Moderna, Oxford/AstraZeneca, Pfizer/BioNTech",https://github.com/COVID19-Malta/COVID19-Cases,886762,431810,429475,57208
Malta,2021-11-06,"Johnson&Johnson, Moderna, Oxford/AstraZeneca, Pfizer/BioNTech",https://github.com/COVID19-Malta/COVID19-Cases,888337,431973,429562,58540
Malta,2021-11-07,"Johnson&Johnson, Moderna, Oxford/AstraZeneca, Pfizer/BioNTech",https://github.com/COVID19-Malta/COVID19-Cases,888880,431991,429588,59041
Malta,2021-11-08,"Johnson&Johnson, Moderna, Oxford/AstraZeneca, Pfizer/BioNTech",https://github.com/COVID19-Malta/COVID19-Cases,892243,432222,429752,62037
Malta,2021-11-09,"Johnson&Johnson, Moderna, Oxford/AstraZeneca, Pfizer/BioNTech",https://github.com/COVID19-Malta/COVID19-Cases,895343,432444,429900,64797
Malta,2021-11-10,"Johnson&Johnson, Moderna, Oxford/AstraZeneca, Pfizer/BioNTech",https://github.com/COVID19-Malta/COVID19-Cases,898248,432618,430078,67364
Malta,2021-11-11,"Johnson&Johnson, Moderna, Oxford/AstraZeneca, Pfizer/BioNTech",https://github.com/COVID19-Malta/COVID19-Cases,901238,432813,430239,70036
Malta,2021-11-12,"Johnson&Johnson, Moderna, Oxford/AstraZeneca, Pfizer/BioNTech",https://github.com/COVID19-Malta/COVID19-Cases,903363,432980,430414,71828
Malta,2021-11-13,"Johnson&Johnson, Moderna, Oxford/AstraZeneca, Pfizer/BioNTech",https://github.com/COVID19-Malta/COVID19-Cases,906453,433146,430576,74617
Malta,2021-11-14,"Johnson&Johnson, Moderna, Oxford/AstraZeneca, Pfizer/BioNTech",https://github.com/COVID19-Malta/COVID19-Cases,908687,433207,430616,76771
Malta,2021-11-15,"Johnson&Johnson, Moderna, Oxford/AstraZeneca, Pfizer/BioNTech",https://github.com/COVID19-Malta/COVID19-Cases,911620,433527,430830,79203
Malta,2021-11-16,"Johnson&Johnson, Moderna, Oxford/AstraZeneca, Pfizer/BioNTech",https://github.com/COVID19-Malta/COVID19-Cases,914967,433831,430968,82115
Malta,2021-11-17,"Johnson&Johnson, Moderna, Oxford/AstraZeneca, Pfizer/BioNTech",https://github.com/COVID19-Malta/COVID19-Cases,918309,434018,431118,85138
Malta,2021-11-18,"Johnson&Johnson, Moderna, Oxford/AstraZeneca, Pfizer/BioNTech",https://github.com/COVID19-Malta/COVID19-Cases,921147,434155,431166,87802
Malta,2021-11-19,"Johnson&Johnson, Moderna, Oxford/AstraZeneca, Pfizer/BioNTech",https://github.com/COVID19-Malta/COVID19-Cases,924089,434315,431232,90524
Malta,2021-11-20,"Johnson&Johnson, Moderna, Oxford/AstraZeneca, Pfizer/BioNTech",https://github.com/COVID19-Malta/COVID19-Cases,927127,434531,431384,93247
Malta,2021-11-21,"Johnson&Johnson, Moderna, Oxford/AstraZeneca, Pfizer/BioNTech",https://github.com/COVID19-Malta/COVID19-Cases,930460,434581,431409,96507
Malta,2021-11-22,"Johnson&Johnson, Moderna, Oxford/AstraZeneca, Pfizer/BioNTech",https://github.com/COVID19-Malta/COVID19-Cases,933791,434843,431505,99506
Malta,2021-11-23,"Johnson&Johnson, Moderna, Oxford/AstraZeneca, Pfizer/BioNTech",https://github.com/COVID19-Malta/COVID19-Cases,936815,434973,431580,102335
Malta,2021-11-24,"Johnson&Johnson, Moderna, Oxford/AstraZeneca, Pfizer/BioNTech",https://github.com/COVID19-Malta/COVID19-Cases,939732,435135,431685,104989
Malta,2021-11-25,"Johnson&Johnson, Moderna, Oxford/AstraZeneca, Pfizer/BioNTech",https://github.com/COVID19-Malta/COVID19-Cases,942729,435265,431784,107776
Malta,2021-11-26,"Johnson&Johnson, Moderna, Oxford/AstraZeneca, Pfizer/BioNTech",https://github.com/COVID19-Malta/COVID19-Cases,945882,435394,431926,110676
Malta,2021-11-27,"Johnson&Johnson, Moderna, Oxford/AstraZeneca, Pfizer/BioNTech",https://github.com/COVID19-Malta/COVID19-Cases,949337,435529,432097,113857
Malta,2021-11-28,"Johnson&Johnson, Moderna, Oxford/AstraZeneca, Pfizer/BioNTech",https://github.com/COVID19-Malta/COVID19-Cases,952809,435573,432125,117263
Malta,2021-11-29,"Johnson&Johnson, Moderna, Oxford/AstraZeneca, Pfizer/BioNTech",https://github.com/COVID19-Malta/COVID19-Cases,956338,435713,432253,120528
Malta,2021-11-30,"Johnson&Johnson, Moderna, Oxford/AstraZeneca, Pfizer/BioNTech",https://github.com/COVID19-Malta/COVID19-Cases,959906,435775,432343,123944
Malta,2021-12-01,"Johnson&Johnson, Moderna, Oxford/AstraZeneca, Pfizer/BioNTech",https://github.com/COVID19-Malta/COVID19-Cases,962678,435827,432421,124074
Malta,2021-12-02,"Johnson&Johnson, Moderna, Oxford/AstraZeneca, Pfizer/BioNTech",https://github.com/COVID19-Malta/COVID19-Cases,965802,435869,432477,127100
Malta,2021-12-03,"Johnson&Johnson, Moderna, Oxford/AstraZeneca, Pfizer/BioNTech",https://github.com/COVID19-Malta/COVID19-Cases,968248,435937,432625,129330
Malta,2021-12-04,"Johnson&Johnson, Moderna, Oxford/AstraZeneca, Pfizer/BioNTech",https://github.com/COVID19-Malta/COVID19-Cases,971433,436044,432844,132189
Malta,2021-12-05,"Johnson&Johnson, Moderna, Oxford/AstraZeneca, Pfizer/BioNTech",https://github.com/COVID19-Malta/COVID19-Cases,974618,436151,432959,135048
Malta,2021-12-06,"Johnson&Johnson, Moderna, Oxford/AstraZeneca, Pfizer/BioNTech",https://github.com/COVID19-Malta/COVID19-Cases,977631,436215,433209,137747
Malta,2021-12-07,"Johnson&Johnson, Moderna, Oxford/AstraZeneca, Pfizer/BioNTech",https://github.com/COVID19-Malta/COVID19-Cases,978775,436486,433265,141243
Malta,2021-12-08,"Johnson&Johnson, Moderna, Oxford/AstraZeneca, Pfizer/BioNTech",https://github.com/COVID19-Malta/COVID19-Cases,981712,436574,433427,143935
Malta,2021-12-09,"Johnson&Johnson, Moderna, Oxford/AstraZeneca, Pfizer/BioNTech",https://github.com/COVID19-Malta/COVID19-Cases,984895,436698,433561,146861
Malta,2021-12-10,"Johnson&Johnson, Moderna, Oxford/AstraZeneca, Pfizer/BioNTech",https://github.com/COVID19-Malta/COVID19-Cases,988115,436791,433718,149834
Malta,2021-12-11,"Johnson&Johnson, Moderna, Oxford/AstraZeneca, Pfizer/BioNTech",https://github.com/COVID19-Malta/COVID19-Cases,990949,436913,433866,152430
Malta,2021-12-12,"Johnson&Johnson, Moderna, Oxford/AstraZeneca, Pfizer/BioNTech",https://github.com/COVID19-Malta/COVID19-Cases,993372,436968,433953,154712
Malta,2021-12-13,"Johnson&Johnson, Moderna, Oxford/AstraZeneca, Pfizer/BioNTech",https://github.com/COVID19-Malta/COVID19-Cases,997459,437038,434080,158607
Malta,2021-12-14,"Johnson&Johnson, Moderna, Oxford/AstraZeneca, Pfizer/BioNTech",https://github.com/COVID19-Malta/COVID19-Cases,1000324,437219,434230,161144
Malta,2021-12-15,"Johnson&Johnson, Moderna, Oxford/AstraZeneca, Pfizer/BioNTech",https://github.com/COVID19-Malta/COVID19-Cases,1002643,437396,434334,163186
Malta,2021-12-16,"Johnson&Johnson, Moderna, Oxford/AstraZeneca, Pfizer/BioNTech",https://github.com/COVID19-Malta/COVID19-Cases,1005114,437589,434403,165403
Malta,2021-12-17,"Johnson&Johnson, Moderna, Oxford/AstraZeneca, Pfizer/BioNTech",https://github.com/COVID19-Malta/COVID19-Cases,1007250,437712,434501,167322
Malta,2021-12-18,"Johnson&Johnson, Moderna, Oxford/AstraZeneca, Pfizer/BioNTech",https://github.com/COVID19-Malta/COVID19-Cases,1009968,437861,434596,169800
Malta,2021-12-19,"Johnson&Johnson, Moderna, Oxford/AstraZeneca, Pfizer/BioNTech",https://github.com/COVID19-Malta/COVID19-Cases,1012731,437988,434679,172357
Malta,2021-12-20,"Johnson&Johnson, Moderna, Oxford/AstraZeneca, Pfizer/BioNTech",https://github.com/COVID19-Malta/COVID19-Cases,1016374,438483,434835,175395
Malta,2021-12-21,"Johnson&Johnson, Moderna, Oxford/AstraZeneca, Pfizer/BioNTech",https://github.com/COVID19-Malta/COVID19-Cases,1019517,438969,434898,177989
Malta,2021-12-22,"Johnson&Johnson, Moderna, Oxford/AstraZeneca, Pfizer/BioNTech",https://github.com/COVID19-Malta/COVID19-Cases,1023476,439572,434983,181278
Malta,2021-12-23,"Johnson&Johnson, Moderna, Oxford/AstraZeneca, Pfizer/BioNTech",https://github.com/COVID19-Malta/COVID19-Cases,1027903,440261,435080,184929
Malta,2021-12-24,"Johnson&Johnson, Moderna, Oxford/AstraZeneca, Pfizer/BioNTech",https://github.com/COVID19-Malta/COVID19-Cases,1030496,440425,435168,187277
Malta,2021-12-25,"Johnson&Johnson, Moderna, Oxford/AstraZeneca, Pfizer/BioNTech",https://github.com/COVID19-Malta/COVID19-Cases,1031293,440447,435182,188041
Malta,2021-12-26,"Johnson&Johnson, Moderna, Oxford/AstraZeneca, Pfizer/BioNTech",https://github.com/COVID19-Malta/COVID19-Cases,1033533,440514,435239,190162
Malta,2021-12-27,"Johnson&Johnson, Moderna, Oxford/AstraZeneca, Pfizer/BioNTech",https://github.com/COVID19-Malta/COVID19-Cases,1043069,441288,435397,198772
Malta,2021-12-28,"Johnson&Johnson, Moderna, Oxford/AstraZeneca, Pfizer/BioNTech",https://github.com/COVID19-Malta/COVID19-Cases,1052035,442309,435508,206611
Malta,2021-12-29,"Johnson&Johnson, Moderna, Oxford/AstraZeneca, Pfizer/BioNTech",https://github.com/COVID19-Malta/COVID19-Cases,1060424,443372,435635,213816
Malta,2021-12-30,"Johnson&Johnson, Moderna, Oxford/AstraZeneca, Pfizer/BioNTech",https://github.com/COVID19-Malta/COVID19-Cases,1068765,444418,435772,220977
Malta,2021-12-31,"Johnson&Johnson, Moderna, Oxford/AstraZeneca, Pfizer/BioNTech",https://github.com/COVID19-Malta/COVID19-Cases,1072274,444615,435874,224190
Malta,2022-01-01,"Johnson&Johnson, Moderna, Oxford/AstraZeneca, Pfizer/BioNTech",https://github.com/COVID19-Malta/COVID19-Cases,1073046,444637,435896,224922
Malta,2022-01-02,"Johnson&Johnson, Moderna, Oxford/AstraZeneca, Pfizer/BioNTech",https://github.com/COVID19-Malta/COVID19-Cases,1075996,444766,436002,227648
Malta,2022-01-03,"Johnson&Johnson, Moderna, Oxford/AstraZeneca, Pfizer/BioNTech",https://github.com/COVID19-Malta/COVID19-Cases,1086374,445691,436190,236942
Malta,2022-01-04,"Johnson&Johnson, Moderna, Oxford/AstraZeneca, Pfizer/BioNTech",https://github.com/COVID19-Malta/COVID19-Cases,1097030,446694,436343,246464
Malta,2022-01-05,"Johnson&Johnson, Moderna, Oxford/AstraZeneca, Pfizer/BioNTech",https://github.com/COVID19-Malta/COVID19-Cases,1106647,447717,436529,254889
Malta,2022-01-06,"Johnson&Johnson, Moderna, Oxford/AstraZeneca, Pfizer/BioNTech",https://github.com/COVID19-Malta/COVID19-Cases,1114588,448573,436685,261838
Malta,2022-01-07,"Johnson&Johnson, Moderna, Oxford/AstraZeneca, Pfizer/BioNTech",https://github.com/COVID19-Malta/COVID19-Cases,1123023,449618,436885,269052
Malta,2022-01-08,"Johnson&Johnson, Moderna, Oxford/AstraZeneca, Pfizer/BioNTech",https://github.com/COVID19-Malta/COVID19-Cases,1128125,449879,437118,273692
Malta,2022-01-09,"Johnson&Johnson, Moderna, Oxford/AstraZeneca, Pfizer/BioNTech",https://github.com/COVID19-Malta/COVID19-Cases,1133334,450479,437275,278153
Malta,2022-01-10,"Johnson&Johnson, Moderna, Oxford/AstraZeneca, Pfizer/BioNTech",https://github.com/COVID19-Malta/COVID19-Cases,1139366,451262,437702,282983
Malta,2022-01-11,"Johnson&Johnson, Moderna, Oxford/AstraZeneca, Pfizer/BioNTech",https://github.com/COVID19-Malta/COVID19-Cases,1146466,452239,438272,288561
Malta,2022-01-12,"Johnson&Johnson, Moderna, Oxford/AstraZeneca, Pfizer/BioNTech",https://github.com/COVID19-Malta/COVID19-Cases,1152980,453310,438922,293394
Malta,2022-01-13,"Johnson&Johnson, Moderna, Oxford/AstraZeneca, Pfizer/BioNTech",https://github.com/COVID19-Malta/COVID19-Cases,1159050,454261,439536,297915
Malta,2022-01-14,"Johnson&Johnson, Moderna, Oxford/AstraZeneca, Pfizer/BioNTech",https://github.com/COVID19-Malta/COVID19-Cases,1165421,455284,439786,303033
Malta,2022-01-15,"Johnson&Johnson, Moderna, Oxford/AstraZeneca, Pfizer/BioNTech",https://github.com/COVID19-Malta/COVID19-Cases,1168755,455987,439956,305549
Malta,2022-01-16,"Johnson&Johnson, Moderna, Oxford/AstraZeneca, Pfizer/BioNTech",https://github.com/COVID19-Malta/COVID19-Cases,1170747,456454,440085,306964
Malta,2022-01-17,"Johnson&Johnson, Moderna, Oxford/AstraZeneca, Pfizer/BioNTech",https://github.com/COVID19-Malta/COVID19-Cases,1175136,457091,440816,310012
Malta,2022-01-18,"Johnson&Johnson, Moderna, Oxford/AstraZeneca, Pfizer/BioNTech",https://github.com/COVID19-Malta/COVID19-Cases,1179961,457825,441886,313060
Malta,2022-01-19,"Johnson&Johnson, Moderna, Oxford/AstraZeneca, Pfizer/BioNTech",https://github.com/COVID19-Malta/COVID19-Cases,1184262,458548,442881,315683
Malta,2022-01-20,"Johnson&Johnson, Moderna, Oxford/AstraZeneca, Pfizer/BioNTech",https://github.com/COVID19-Malta/COVID19-Cases,1188150,459230,443878,317937
Malta,2022-01-21,"Johnson&Johnson, Moderna, Oxford/AstraZeneca, Pfizer/BioNTech",https://github.com/COVID19-Malta/COVID19-Cases,1191768,460002,444336,320386
Malta,2022-01-22,"Johnson&Johnson, Moderna, Oxford/AstraZeneca, Pfizer/BioNTech",https://github.com/COVID19-Malta/COVID19-Cases,1193682,460650,444678,321351
Malta,2022-01-23,"Johnson&Johnson, Moderna, Oxford/AstraZeneca, Pfizer/BioNTech",https://github.com/COVID19-Malta/COVID19-Cases,1195041,461007,444974,322092
Malta,2022-01-24,"Johnson&Johnson, Moderna, Oxford/AstraZeneca, Pfizer/BioNTech",https://github.com/COVID19-Malta/COVID19-Cases,1198156,461743,445958,323542
Malta,2022-01-25,"Johnson&Johnson, Moderna, Oxford/AstraZeneca, Pfizer/BioNTech",https://github.com/COVID19-Malta/COVID19-Cases,1201389,462372,446933,325224
Malta,2022-01-26,"Johnson&Johnson, Moderna, Oxford/AstraZeneca, Pfizer/BioNTech",https://github.com/COVID19-Malta/COVID19-Cases,1204550,462758,447864,327112
Malta,2022-01-27,"Johnson&Johnson, Moderna, Oxford/AstraZeneca, Pfizer/BioNTech",https://github.com/COVID19-Malta/COVID19-Cases,1206841,463231,448776,328074
Malta,2022-01-28,"Johnson&Johnson, Moderna, Oxford/AstraZeneca, Pfizer/BioNTech",https://github.com/COVID19-Malta/COVID19-Cases,1208617,463518,449539,328825
Malta,2022-01-29,"Johnson&Johnson, Moderna, Oxford/AstraZeneca, Pfizer/BioNTech",https://github.com/COVID19-Malta/COVID19-Cases,1209784,463818,449861,329387
Malta,2022-01-31,"Johnson&Johnson, Moderna, Oxford/AstraZeneca, Pfizer/BioNTech",https://github.com/COVID19-Malta/COVID19-Cases,1213371,464435,451231,331055
Malta,2022-02-01,"Johnson&Johnson, Moderna, Oxford/AstraZeneca, Pfizer/BioNTech",https://github.com/COVID19-Malta/COVID19-Cases,1215228,464756,452026,331824
Malta,2022-02-02,"Johnson&Johnson, Moderna, Oxford/AstraZeneca, Pfizer/BioNTech",https://github.com/COVID19-Malta/COVID19-Cases,1216897,464992,452847,332467
Malta,2022-02-03,"Johnson&Johnson, Moderna, Oxford/AstraZeneca, Pfizer/BioNTech",https://github.com/COVID19-Malta/COVID19-Cases,1218503,465199,453690,333053
Malta,2022-02-04,"Johnson&Johnson, Moderna, Oxford/AstraZeneca, Pfizer/BioNTech",https://github.com/COVID19-Malta/COVID19-Cases,1220359,465461,454638,333738
Malta,2022-02-05,"Johnson&Johnson, Moderna, Oxford/AstraZeneca, Pfizer/BioNTech",https://github.com/COVID19-Malta/COVID19-Cases,1221565,465676,455256,334132
Malta,2022-02-06,"Johnson&Johnson, Moderna, Oxford/AstraZeneca, Pfizer/BioNTech",https://github.com/COVID19-Malta/COVID19-Cases,1222529,465863,455743,334448
Malta,2022-02-07,"Johnson&Johnson, Moderna, Oxford/AstraZeneca, Pfizer/BioNTech",https://github.com/COVID19-Malta/COVID19-Cases,1223793,466097,456127,335128
Malta,2022-02-08,"Johnson&Johnson, Moderna, Oxford/AstraZeneca, Pfizer/BioNTech",https://github.com/COVID19-Malta/COVID19-Cases,1225118,466466,456521,335740
Malta,2022-02-09,"Johnson&Johnson, Moderna, Oxford/AstraZeneca, Pfizer/BioNTech",https://github.com/COVID19-Malta/COVID19-Cases,1226227,466710,456854,336317
Malta,2022-02-10,"Johnson&Johnson, Moderna, Oxford/AstraZeneca, Pfizer/BioNTech",https://github.com/COVID19-Malta/COVID19-Cases,1227416,466956,457408,336750
Malta,2022-02-11,"Johnson&Johnson, Moderna, Oxford/AstraZeneca, Pfizer/BioNTech",https://github.com/COVID19-Malta/COVID19-Cases,1228924,467365,457926,337392
Malta,2022-02-12,"Johnson&Johnson, Moderna, Oxford/AstraZeneca, Pfizer/BioNTech",https://github.com/COVID19-Malta/COVID19-Cases,1230442,467574,458891,337749
Malta,2022-02-13,"Johnson&Johnson, Moderna, Oxford/AstraZeneca, Pfizer/BioNTech",https://github.com/COVID19-Malta/COVID19-Cases,1231182,467717,459278,337974
Malta,2022-02-14,"Johnson&Johnson, Moderna, Oxford/AstraZeneca, Pfizer/BioNTech",https://github.com/COVID19-Malta/COVID19-Cases,1232438,467977,459742,338537
Malta,2022-02-15,"Johnson&Johnson, Moderna, Oxford/AstraZeneca, Pfizer/BioNTech",https://github.com/COVID19-Malta/COVID19-Cases,1233343,468132,460052,338990
Malta,2022-02-16,"Johnson&Johnson, Moderna, Oxford/AstraZeneca, Pfizer/BioNTech",https://github.com/COVID19-Malta/COVID19-Cases,1233948,468231,460250,339312
Malta,2022-02-17,"Johnson&Johnson, Moderna, Oxford/AstraZeneca, Pfizer/BioNTech",https://github.com/COVID19-Malta/COVID19-Cases,1234688,468497,460390,339653
Malta,2022-02-18,"Johnson&Johnson, Moderna, Oxford/AstraZeneca, Pfizer/BioNTech",https://github.com/COVID19-Malta/COVID19-Cases,1235470,468633,460652,340050
Malta,2022-02-19,"Johnson&Johnson, Moderna, Oxford/AstraZeneca, Pfizer/BioNTech",https://github.com/COVID19-Malta/COVID19-Cases,1236598,468790,461339,340340
Malta,2022-02-20,"Johnson&Johnson, Moderna, Oxford/AstraZeneca, Pfizer/BioNTech",https://github.com/COVID19-Malta/COVID19-Cases,1237194,468914,461593,340570
Malta,2022-02-21,"Johnson&Johnson, Moderna, Oxford/AstraZeneca, Pfizer/BioNTech",https://github.com/COVID19-Malta/COVID19-Cases,1238187,469201,461846,341054
Malta,2022-02-22,"Johnson&Johnson, Moderna, Oxford/AstraZeneca, Pfizer/BioNTech",https://github.com/COVID19-Malta/COVID19-Cases,1238926,469456,462015,341384
Malta,2022-02-23,"Johnson&Johnson, Moderna, Oxford/AstraZeneca, Pfizer/BioNTech",https://github.com/COVID19-Malta/COVID19-Cases,1239631,469699,462190,341690
Malta,2022-02-24,"Johnson&Johnson, Moderna, Oxford/AstraZeneca, Pfizer/BioNTech",https://github.com/COVID19-Malta/COVID19-Cases,1240316,469936,462350,342014
Malta,2022-02-25,"Johnson&Johnson, Moderna, Oxford/AstraZeneca, Pfizer/BioNTech",https://github.com/COVID19-Malta/COVID19-Cases,1240944,470110,462513,342310
Malta,2022-02-26,"Johnson&Johnson, Moderna, Oxford/AstraZeneca, Pfizer/BioNTech",https://github.com/COVID19-Malta/COVID19-Cases,1241680,470297,462807,342571
Malta,2022-02-27,"Johnson&Johnson, Moderna, Oxford/AstraZeneca, Pfizer/BioNTech",https://github.com/COVID19-Malta/COVID19-Cases,1242239,470445,463027,342764
