location,date,vaccine,source_url,total_vaccinations,people_vaccinated,people_fully_vaccinated,total_boosters
Mexico,2020-12-24,Pfizer/BioNTech,https://www.gob.mx/salud/prensa/267-la-vacuna-contra-sars-cov-2-es-ahora-parte-de-las-estrategias-para-el-mejor-control-de-covid-19?idiom=es,2924,2924,,
Mexico,2020-12-27,Pfizer/BioNTech,https://www.gob.mx/salud/prensa/269-continua-jornada-de-vacunacion-contra-covid-19-en-mexico,6824,6824,,
Mexico,2020-12-28,Pfizer/BioNTech,https://www.gob.mx/salud/prensa/271-se-han-aplicado-mas-de-9-500-dosis-de-vacunas-contra-covid-19-a-personal-de-salud?idiom=es,9579,9579,,
Mexico,2020-12-29,Pfizer/BioNTech,https://www.gob.mx/salud/prensa/273-se-han-aplicado-mas-de-18-mil-500-vacunas-contra-covid-19-informa-secretaria-de-salud?idiom=es,18529,18529,,
Mexico,2020-12-30,Pfizer/BioNTech,https://www.gob.mx/salud/prensa/274-secretaria-de-salud-intensifica-busqueda-de-nueva-variante-de-sars-cov-2-identificada-en-reino-unido?idiom=es,24998,24998,,
Mexico,2021-01-04,Pfizer/BioNTech,https://www.gob.mx/salud/prensa/002-se-aprueba-vacuna-de-astrazeneca-contra-covid-19-para-uso-de-emergencia-en-mexico,43960,43960,,
Mexico,2021-01-05,Pfizer/BioNTech,https://www.gob.mx/salud/prensa/003-en-mexico-se-han-aplicado-mas-de-48-mil-vacunas-contra-covid-19?idiom=es,48236,48236,,
Mexico,2021-01-06,Pfizer/BioNTech,https://www.gob.mx/salud/prensa/004-continuidad-laboral-al-personal-de-enfermeria-que-se-sumo-a-la-lucha-contra-covid-19-insabi?idiom=es,53185,53185,,
Mexico,2021-01-07,Pfizer/BioNTech,https://www.gob.mx/salud/prensa/005-vacunas-contra-covid-19-son-gratuitas-no-se-pueden-comercializar-ricardo-cortes-alcala?idiom=es,58402,58402,,
Mexico,2021-01-08,Pfizer/BioNTech,https://www.gob.mx/salud/prensa/version-estenografica-conferencia-de-prensa-informe-diario-sobre-coronavirus-covid-19-en-mexico-260915?idiom=es,67468,67468,,
Mexico,2021-01-09,Pfizer/BioNTech,https://www.gob.mx/salud/prensa/008-atencion-medica-oportuna-puede-evitar-complicaciones-y-fallecimientos-por-covid-19-secretaria-de-salud?idiom=es,74794,74794,,
Mexico,2021-01-10,Pfizer/BioNTech,https://www.gob.mx/salud/prensa/009-confirma-secretaria-de-salud-primer-caso-de-nueva-variante-de-sars-cov-2?idiom=es,81300,81300,,
Mexico,2021-01-11,Pfizer/BioNTech,https://www.gob.mx/salud/prensa/010-mexico-podria-adquirir-hasta-24-millones-de-dosis-de-vacuna-rusa-sputnik-v-contra-covid-19?idiom=es,87060,87060,,
Mexico,2021-01-12,Pfizer/BioNTech,https://twitter.com/NTelevisa_com/status/1349164374582308865,92879,92879,,
Mexico,2021-01-13,Pfizer/BioNTech,https://www.gob.mx/salud/prensa/015-vacunacion-contra-covid-19-entra-en-etapa-expansiva-en-todo-el-territorio-nacional?idiom=es,192567,192567,,
Mexico,2021-01-14,Pfizer/BioNTech,https://www.gob.mx/salud/prensa/329-mil-983-profesionales-de-la-salud-vacunados-contra-covid-19?idiom=es,329983,329983,,
Mexico,2021-01-15,Pfizer/BioNTech,https://www.gob.mx/salud/prensa/018-inicia-aplicacion-de-segunda-dosis-de-vacuna-contra-covid-19-para-personal-de-salud?idiom=es,417375,415417,1958,
Mexico,2021-01-16,Pfizer/BioNTech,https://www.gob.mx/salud/prensa/019-en-nueve-entidades-federativas-se-aplica-100-de-vacunas-recibidas-contra-el-virus-sars-cov-2?idiom=es,463246,461025,2221,
Mexico,2021-01-17,Pfizer/BioNTech,https://www.gob.mx/salud/prensa/020-en-mas-de-la-mitad-de-entidades-federativas-se-aplica-95-de-vacunas-contra-covid-19?idiom=es,472142,468708,3434,
Mexico,2021-01-18,Pfizer/BioNTech,https://www.gob.mx/salud/prensa/021-27-entidades-federativas-completan-aplicacion-de-vacuna-contra-covid-19?idiom=es,492529,485983,6546,
Mexico,2021-01-19,Pfizer/BioNTech,https://www.gob.mx/salud/prensa/29-estados-registran-mas-de-95-de-aplicacion-de-dosis-contra-covid-19-secretaria-de-salud?idiom=es,498122,488513,9609,
Mexico,2021-01-20,Pfizer/BioNTech,https://www.gob.mx/salud/prensa/026-personal-de-salud-de-hospitales-publicos-y-privados-recibe-vacuna-contra-covid-19?idiom=es,501030,489628,11402,
Mexico,2021-01-21,Pfizer/BioNTech,https://www.gob.mx/salud/prensa/029-mas-de-18-mil-profesionales-de-la-salud-con-esquema-completo-de-vacunacion-contra-covid-19?idiom=es,552335,534317,18018,
Mexico,2021-01-22,Pfizer/BioNTech,https://www.gob.mx/salud/prensa/030-mexico-alcanza-77-6-de-aplicacion-de-vacunas-pfizer-disponibles-contra-covid-19?idiom=es,614808,594725,20083,
Mexico,2021-01-23,Pfizer/BioNTech,https://www.gob.mx/salud/prensa/031-este-sabado-dos-mil-766-docentes-de-campeche-recibieron-la-primera-dosis-de-la-vacuna-pfizer?idiom=es,618768,596296,22472,
Mexico,2021-01-24,Pfizer/BioNTech,https://www.gob.mx/salud/prensa/032-secretario-de-salud-encabeza-equipo-medico-interdisciplinario-en-atencion-al-presidente?idiom=es,629626,604441,25185,
Mexico,2021-01-25,Pfizer/BioNTech,https://www.gob.mx/salud/prensa/033-mexico-recibira-24-millones-de-dosis-de-la-vacuna-sputnik-v-lopez-gatell?idiom=es,645105,616390,28715,
Mexico,2021-01-26,Pfizer/BioNTech,https://www.gob.mx/salud/prensa/034-mexico-garantiza-seguridad-sanitaria-en-vacunas-contra-covid-19-que-arriban-al-pais-secretaria-de-salud?idiom=es,652319,621005,31314,
Mexico,2021-01-27,Pfizer/BioNTech,https://www.gob.mx/salud/prensa/037-analiza-gobierno-de-mexico-recomendaciones-para-reforzar-estrategias-contra-covid-19?idiom=es,656044,624730,31314,
Mexico,2021-01-28,Pfizer/BioNTech,https://www.gob.mx/salud/prensa/version-estenografica-conferencia-de-prensa-informe-diario-sobre-coronavirus-covid-19-en-mexico-262486?idiom=es,657842,626528,31314,
Mexico,2021-01-29,Pfizer/BioNTech,https://www.gob.mx/salud/prensa/041-mas-de-95-de-aplicacion-de-vacunas-contra-covid-19-en-29-entidades-federativas?idiom=es,662217,630820,31397,
Mexico,2021-01-30,Pfizer/BioNTech,https://www.gob.mx/salud/prensa/version-estenografica-conferencia-de-prensa-informe-diario-sobre-coronavirus-covid-19-en-mexico-262677?idiom=es,670307,631298,39009,
Mexico,2021-01-31,Pfizer/BioNTech,https://www.gob.mx/salud/prensa/version-estenografica-conferencia-de-prensa-informe-diario-sobre-coronavirus-covid-19-en-mexico-262705?idiom=es,673327,631485,41842,
Mexico,2021-02-01,Pfizer/BioNTech,https://www.gob.mx/salud/prensa/version-estenografica-conferencia-de-prensa-informe-diario-sobre-coronavirus-covid-19-en-mexico-262758?idiom=es,675202,631747,43455,
Mexico,2021-02-02,Pfizer/BioNTech,https://www.gob.mx/salud/prensa/version-estenografica-conferencia-de-prensa-informe-diario-sobre-coronavirus-covid-19-en-mexico-262874?idiom=es,677539,631791,45748,
Mexico,2021-02-03,Pfizer/BioNTech,https://www.gob.mx/salud/prensa/version-estenografica-conferencia-de-prensa-informe-diario-sobre-coronavirus-covid-19-en-mexico-262965?idiom=es,686601,632439,54162,
Mexico,2021-02-04,Pfizer/BioNTech,https://www.gob.mx/salud/prensa/version-estenografica-conferencia-de-prensa-informe-diario-sobre-coronavirus-covid-19-en-mexico-263016?idiom=es,695088,634346,60742,
Mexico,2021-02-05,Pfizer/BioNTech,https://www.gob.mx/salud/prensa/052-garantiza-gobierno-de-mexico-aplicacion-de-segundas-dosis-de-vacuna-de-pfizer-biontech?idiom=es,700316,636070,64246,
Mexico,2021-02-06,Pfizer/BioNTech,https://www.gob.mx/salud/prensa/version-estenografica-conferencia-de-prensa-informe-diario-sobre-coronavirus-covid-19-en-mexico-263169?idiom=es,710198,637098,73100,
Mexico,2021-02-07,Pfizer/BioNTech,https://www.gob.mx/salud/prensa/version-estenografica-conferencia-de-prensa-informe-diario-sobre-coronavirus-covid-19-en-mexico-263190,713517,637681,75836,
Mexico,2021-02-08,Pfizer/BioNTech,https://www.gob.mx/salud/prensa/version-estenografica-conferencia-de-prensa-informe-diario-sobre-coronavirus-covid-19-en-mexico-263311?idiom=es,717820,638391,79429,
Mexico,2021-02-10,Pfizer/BioNTech,https://www.gob.mx/salud/prensa/version-estenografica-conferencia-de-prensa-informe-diario-sobre-coronavirus-covid-19-en-mexico-263535?idiom=es,724707,640115,84592,
Mexico,2021-02-11,Pfizer/BioNTech,https://www.gob.mx/salud/prensa/064-en-proximos-dias-arriba-un-millon-de-vacunas-en-promedio-secretaria-de-salud?idiom=es,725447,640115,85332,
Mexico,2021-02-12,Pfizer/BioNTech,https://www.gob.mx/salud/prensa/version-estenografica-conferencia-de-prensa-informe-diario-sobre-coronavirus-covid-19-en-mexico-263738?idiom=es,726002,640115,85887,
Mexico,2021-02-13,Pfizer/BioNTech,https://www.gob.mx/salud/prensa/version-estenografica-conferencia-de-prensa-informe-diario-sobre-coronavirus-covid-19-en-mexico-263765?idiom=es,726313,640125,86188,
Mexico,2021-02-15,"Oxford/AstraZeneca, Pfizer/BioNTech",https://www.gob.mx/salud/prensa/069-en-primer-dia-de-vacunacion-23-mil-369-personas-adultas-mayores-reciben-primera-dosis?idiom=es,749682,663484,86198,
Mexico,2021-02-16,"Oxford/AstraZeneca, Pfizer/BioNTech",https://www.gob.mx/salud/prensa/071-en-dos-dias-189-mil-70-dosis-aplicadas-contra-covid-19-a-personas-adultas-mayores,915383,829185,86198,
Mexico,2021-02-17,"Oxford/AstraZeneca, Pfizer/BioNTech",https://www.gob.mx/salud/prensa/073-mas-de-un-millon-de-dosis-contra-covid-19-han-sido-aplicadas-en-mexico?idiom=es,1058139,958473,99666,
Mexico,2021-02-18,"Oxford/AstraZeneca, Pfizer/BioNTech",https://www.gob.mx/salud/prensa/version-estenografica-conferencia-de-prensa-informe-diario-sobre-coronavirus-covid-19-en-mexico-264192?idiom=es,1318055,,,
Mexico,2021-02-19,"Oxford/AstraZeneca, Pfizer/BioNTech",https://www.gob.mx/salud/prensa/version-estenografica-conferencia-de-prensa-informe-diario-sobre-coronavirus-covid-19-en-mexico-264283?idiom=es,1574158,1155227,418931,
Mexico,2021-02-20,"Oxford/AstraZeneca, Pfizer/BioNTech",https://www.gob.mx/salud/prensa/078-con-esquema-completo-67-del-personal-de-salud-que-recibio-vacuna-contra-covid-19?idiom=es,1656304,1210886,445418,
Mexico,2021-02-21,"Oxford/AstraZeneca, Pfizer/BioNTech",https://www.gob.mx/salud/prensa/079-personas-migrantes-en-territorio-mexicano-tambien-recibiran-vacuna-contra-covid-19?idiom=es,1689158,1236103,453055,
Mexico,2021-02-22,"Oxford/AstraZeneca, Pfizer/BioNTech",https://www.gob.mx/salud/prensa/080-entre-enero-y-diciembre-de-este-ano-se-preve-contar-con-vacunas-para-107-millones-de-personas?idiom=es,1733404,1277187,456217,
Mexico,2021-02-23,"Oxford/AstraZeneca, Pfizer/BioNTech",https://www.gob.mx/salud/prensa/081-regreso-anticipado-a-clases-podria-representar-riesgo-de-brotes-de-sars-cov-2?idiom=es,1801156,1336854,464302,
Mexico,2021-02-24,"Oxford/AstraZeneca, Pfizer/BioNTech",https://www.gob.mx/salud/prensa/082-de-febrero-a-mayo-mexico-recibiria-mas-de-106-millones-de-vacunas-contra-covid-19-secretaria-de-salud?idiom=es,1900784,1425395,475389,
Mexico,2021-02-25,"Oxford/AstraZeneca, Pfizer/BioNTech, Sputnik V",https://www.gob.mx/salud/prensa/084-especialistas-de-nuestro-pais-detectan-mutacion-t478k-en-virus-sars-cov-2?idiom=es,2088813,1562401,526412,
Mexico,2021-02-26,"Oxford/AstraZeneca, Pfizer/BioNTech, Sputnik V",https://www.gob.mx/salud/prensa/085-ninguna-entidad-estara-en-rojo-del-semaforo-de-riesgo-epidemico-a-partir-de-la-siguiente-semana?idiom=es,2271032,1708721,562311,
Mexico,2021-02-27,"Oxford/AstraZeneca, Pfizer/BioNTech, Sputnik V",https://www.gob.mx/salud/prensa/087-mexico-ha-recibido-casi-cuatro-millones-de-dosis-de-vacunas-contra-covid-19?idiom=es,2383411,1818034,565377,
Mexico,2021-02-28,"Oxford/AstraZeneca, Pfizer/BioNTech, Sputnik V",https://www.gob.mx/salud/prensa/089-objetivo-de-estrategia-contra-covid-19-contar-con-capacidad-de-respuesta-secretaria-de-salud?idiom=es,2455095,1889672,565423,
Mexico,2021-03-01,"Oxford/AstraZeneca, Pfizer/BioNTech, Sputnik V",https://www.gob.mx/salud/prensa/version-estenografica-conferencia-de-prensa-informe-diario-sobre-coronavirus-covid-19-en-mexico-265289?idiom=es,2526863,1959525,567338,
Mexico,2021-03-02,"Oxford/AstraZeneca, Pfizer/BioNTech, Sputnik V",https://www.gob.mx/salud/prensa/092-secretaria-de-salud-llama-a-mantener-medidas-preventivas-contra-covid-19-ante-proxima-temporada-vacacional?idiom=es,2583435,2012853,570582,
Mexico,2021-03-03,"Oxford/AstraZeneca, Pfizer/BioNTech, Sputnik V",https://www.gob.mx/salud/prensa/094-vacunacion-para-todo-el-personal-del-sector-salud-esta-garantizada?idiom=es,2633580,2043941,589639,
Mexico,2021-03-04,"Oxford/AstraZeneca, Pfizer/BioNTech, Sputnik V",https://www.gob.mx/salud/prensa/096-organismos-internacionales-reconocen-politicas-mexicanas-contra-obesidad?idiom=es,2676035,,,
Mexico,2021-03-05,"Oxford/AstraZeneca, Pfizer/BioNTech, Sputnik V",https://www.gob.mx/salud/prensa/097-vacunas-sinovac-contra-covid-19-empezaran-a-distribuirse-en-32-entidades-federativas?idiom=es,2731900,2128766,603134,
Mexico,2021-03-06,"Oxford/AstraZeneca, Pfizer/BioNTech, Sputnik V",https://www.gob.mx/salud/prensa/098-con-esquema-completo-586-mil-trabajadores-de-salud-que-atienden-pacientes-covid-19?idiom=es,2765805,2162358,603447,
Mexico,2021-03-07,"Oxford/AstraZeneca, Pfizer/BioNTech, Sputnik V",https://www.gob.mx/salud/prensa/099-por-septima-semana-consecutiva-covid-19-con-descenso-en-cantidad-de-casos?idiom=es,2793106,,,
Mexico,2021-03-08,"Oxford/AstraZeneca, Pfizer/BioNTech, Sputnik V",https://www.gob.mx/salud/prensa/100-mexico-recibe-manana-nuevo-embarque-con-mas-de-600-mil-dosis-de-vacunas-pfizer?idiom=es,2849630,2245291,604339,
Mexico,2021-03-09,"Oxford/AstraZeneca, Pfizer/BioNTech, Sputnik V",https://www.gob.mx/salud/prensa/101-sector-salud-trabaja-en-la-reactivacion-de-atencion-medica-de-pacientes-no-covid?idiom=es,3100868,2495067,605801,
Mexico,2021-03-10,"Oxford/AstraZeneca, Pfizer/BioNTech, Sputnik V",https://www.gob.mx/salud/prensa/version-estenografica-conferencia-de-prensa-informe-diario-sobre-coronavirus-covid-19-en-mexico-266362?idiom=es,3488000,2882000,606000,
Mexico,2021-03-11,"Oxford/AstraZeneca, Pfizer/BioNTech, Sputnik V",https://www.gob.mx/salud/prensa/103-vacunas-contra-covid-19-seguras-y-eficaces-secretaria-de-salud?idiom=es,3800000,,,
Mexico,2021-03-12,"Oxford/AstraZeneca, Pfizer/BioNTech, Sputnik V",https://www.gob.mx/salud/prensa/106-remdesivir-podra-suministrarse-a-pacientes-covid-19-con-ciertas-especificaciones?idiom=es,4005131,3395671,609460,
Mexico,2021-03-13,"Oxford/AstraZeneca, Pfizer/BioNTech, Sputnik V",https://www.gob.mx/salud/prensa/107-vacunas-que-hoy-llegaron-a-mexico-son-para-personas-adultas-mayores-de-todo-el-pais?idiom=es,4214294,3604420,609874,
Mexico,2021-03-14,"Oxford/AstraZeneca, Pfizer/BioNTech, Sputnik V",https://www.gob.mx/salud/prensa/108-invita-secretaria-de-salud-a-esperar-turno-para-recibir-vacuna-contra-covid-19?idiom=es,4339926,3730045,609881,
Mexico,2021-03-15,"Oxford/AstraZeneca, Pfizer/BioNTech, Sputnik V",https://www.gob.mx/salud/prensa/109-conforme-lleguen-las-vacunas-a-mexico-la-inmunizacion-se-ampliara-en-grandes-zonas-urbanas?idiom=es,4404608,3794719,609889,
Mexico,2021-03-16,"Oxford/AstraZeneca, Pfizer/BioNTech, Sputnik V",https://www.gob.mx/salud/prensa/111-vacunadas-personas-adultas-mayores-de-775-municipios-o-alcaldias?idiom=es,4530784,,,
Mexico,2021-03-17,"Oxford/AstraZeneca, Pfizer/BioNTech, Sputnik V",https://www.gob.mx/salud/prensa/112-inicia-aplicacion-de-segundas-dosis-contra-covid-19-en-personas-de-60-anos-y-mas?idiom=es,4737622,4110741,626881,
Mexico,2021-03-18,"Oxford/AstraZeneca, Pfizer/BioNTech, Sputnik V",https://www.gob.mx/salud/prensa/114-salud-y-sep-evaluaran-viabilidad-de-retorno-a-clases-en-estados-en-verde-del-semaforo-epidemico?idiom=es\,4947522,4300720,646802,
Mexico,2021-03-19,"Oxford/AstraZeneca, Pfizer/BioNTech, Sputnik V",https://www.gob.mx/salud/prensa/115-estudio-publicado-en-the-lancet-revela-que-probabilidad-de-reinfeccion-de-sars-cov-2-es-de-1?idiom=es,5186751,,,
Mexico,2021-03-20,"Oxford/AstraZeneca, Pfizer/BioNTech, Sputnik V",https://www.gob.mx/salud/prensa/117-garantizada-segunda-dosis-de-vacuna-contra-covid-19?idiom=es,5459014,4763347,695667,
Mexico,2021-03-21,"Oxford/AstraZeneca, Pfizer/BioNTech, Sputnik V",https://www.gob.mx/salud/prensa/119-en-este-periodo-vacacional-de-semana-santa-poblacion-debe-mantener-medidas-sanitarias?idiom=es,5612291,4895523,716768,
Mexico,2021-03-22,"Oxford/AstraZeneca, Pfizer/BioNTech, Sputnik V",https://www.gob.mx/salud/prensa/120-vacuna-de-cansino-favorece-logistica-para-su-aplicacion-en-las-capitales?idiom=es,5781359,5046896,734463,
Mexico,2021-03-23,"Oxford/AstraZeneca, Pfizer/BioNTech, Sputnik V",https://www.gob.mx/salud/prensa/122-aplicacion-de-vacunas-contra-covid-19-unicamente-en-puntos-establecidos-por-gobierno-federal?idiom=es,5926967,,,
Mexico,2021-03-24,"Oxford/AstraZeneca, Pfizer/BioNTech, Sputnik V",https://www.gob.mx/salud/prensa/123-reapertura-del-sistema-educativo-se-dara-de-manera-ordenada-gradual-y-cuidadosa?idiom=es,6119298,5351319,767979,
Mexico,2021-03-25,"Oxford/AstraZeneca, Pfizer/BioNTech, Sputnik V",https://www.gob.mx/salud/prensa/version-estenografica-conferencia-de-prensa-informe-diario-sobre-coronavirus-covid-19-en-mexico-267811?idiom=es,6243886,5460096,783790,
Mexico,2021-03-26,"Oxford/AstraZeneca, Pfizer/BioNTech, Sputnik V",https://www.gob.mx/salud/prensa/126-inmunizacion-contra-covid-19-se-concentrara-en-mayores-de-60-anos-de-ciudades-densamente-pobladas?idiom=es,6487170,5675286,811884,
Mexico,2021-03-27,"Oxford/AstraZeneca, Pfizer/BioNTech, Sputnik V",https://www.gob.mx/salud/prensa/127-tercera-parte-de-mayores-de-60-anos-ha-recibido-al-menos-primera-dosis-de-vacuna-contra-covid-19?idiom=es\,6724789,5901505,823284,
Mexico,2021-03-28,"Oxford/AstraZeneca, Pfizer/BioNTech, Sputnik V",https://www.gob.mx/salud/prensa/130-personas-que-viven-con-vih-y-estan-bajo-control-con-menos-riesgo-de-complicaciones-por-covid-19?idiom=es,6852596,,,
Mexico,2021-03-29,"Oxford/AstraZeneca, Pfizer/BioNTech, Sputnik V",https://www.gob.mx/salud/prensa/131-inicia-distribucion-de-vacunas-contra-covid-19-en-la-megalopolis?idiom=es,7018449,6167510,850939,
Mexico,2021-03-30,"Oxford/AstraZeneca, Pfizer/BioNTech, Sputnik V",https://www.gob.mx/salud/prensa/132-han-sido-aplicadas-mas-de-siete-millones-de-vacunas-contra-covid-19-en-el-pais?idiom=es,7404912,,,
Mexico,2021-03-31,"Oxford/AstraZeneca, Pfizer/BioNTech, Sputnik V",https://www.gob.mx/salud/prensa/133-no-existe-circulacion-importante-de-variantes-de-sars-cov-2-en-mexico?idiom=es,7851053,6905214,945839,
Mexico,2021-04-02,"Oxford/AstraZeneca, Pfizer/BioNTech, Sputnik V",https://www.gob.mx/salud/prensa/135-mientras-desciende-epidemia-por-covid-19-se-incrementa-vacunacion-en-todo-el-pais?idiom=es\,8644446,7586131,1058315,
Mexico,2021-04-03,"Oxford/AstraZeneca, Pfizer/BioNTech, Sputnik V",https://www.gob.mx/salud/prensa/137-mas-de-un-millon-de-personas-cuentan-con-esquema-completo-de-vacunacion-contra-covid-19-en-mexico?idiom=es\,8987190,7903660,1083530,
Mexico,2021-04-04,"Oxford/AstraZeneca, Pfizer/BioNTech, Sinovac, Sputnik V",https://www.gob.mx/salud/prensa/138-sigue-a-la-baja-en-mexico-la-pandemia-de-covid-19?idiom=es,9036000,7924236,1111764,
Mexico,2021-04-05,"Oxford/AstraZeneca, Pfizer/BioNTech, Sinovac, Sputnik V",https://www.gob.mx/salud/prensa/140-vacunacion-continuara-en-zonas-metropolitanas-de-importancia-por-la-cantidad-y-movilidad-poblacional,9287405,8113230,1174175,
Mexico,2021-04-06,"Oxford/AstraZeneca, Pfizer/BioNTech, Sinovac, Sputnik V",https://www.gob.mx/salud/prensa/142-autoriza-cofepris-el-uso-de-emergencia-de-vacuna-covaxin-contra-covid-19?idiom=es,9675517,8372272,1303245,
Mexico,2021-04-07,"Oxford/AstraZeneca, Pfizer/BioNTech, Sinovac, Sputnik V",https://www.gob.mx/salud/prensa/144-se-libera-lote-de-vacunas-envasadas-en-mexico?idiom=es,10089420,8617038,1472382,
Mexico,2021-04-08,"Oxford/AstraZeneca, Pfizer/BioNTech, Sinovac, Sputnik V, CanSino",https://www.gob.mx/cms/uploads/attachment/file/628066/VE-1765_CP_Salud_CTD_coronavirus_COVID-19__08abr21.pdf,10642873,9232815,1664658,
Mexico,2021-04-09,"Oxford/AstraZeneca, Pfizer/BioNTech, Sinovac, Sputnik V, CanSino",https://www.gob.mx/cms/uploads/attachment/file/628333/CP_Salud_CTD_coronavirus_COVID-19__09abr21.pdf,10984869,9426179,1855048,
Mexico,2021-04-10,"Oxford/AstraZeneca, Pfizer/BioNTech, Sinovac, Sputnik V, CanSino",https://www.gob.mx/cms/uploads/attachment/file/628366/CP_Salud_CTD_coronavirus_COVID-19__10abr21.pdf,11204183,9552933,1976517,
Mexico,2021-04-11,"Oxford/AstraZeneca, Pfizer/BioNTech, Sinovac, Sputnik V, CanSino",https://www.gob.mx/cms/uploads/attachment/file/628414/CP_Salud_CTD_coronavirus_COVID-19__11abr21.pdf,11395137,9673708,2069821,
Mexico,2021-04-12,"Oxford/AstraZeneca, Pfizer/BioNTech, Sinovac, Sputnik V, CanSino",https://www.gob.mx/cms/uploads/attachment/file/628655/CP_Salud_CTD_coronavirus_COVID-19__12abr21.pdf,11703164,9871026,2223846,
Mexico,2021-04-13,"Oxford/AstraZeneca, Pfizer/BioNTech, Sinovac, Sputnik V, CanSino",https://www.gob.mx/cms/uploads/attachment/file/629773/CP_Salud_CTD_coronavirus_COVID-19__14abr21.pdf,12407625,10310521,2632006,
Mexico,2021-04-14,"Oxford/AstraZeneca, Pfizer/BioNTech, Sinovac, Sputnik V, CanSino",https://www.gob.mx/cms/uploads/attachment/file/630429/CP_Salud_CTD_coronavirus_COVID-19__15abr21.pdf,12912963,10581915,2954683,
Mexico,2021-04-15,"Oxford/AstraZeneca, Pfizer/BioNTech, Sinovac, Sputnik V, CanSino",https://www.gob.mx/cms/uploads/attachment/file/630816/CP_Salud_CTD_coronavirus_COVID-19__16abr21.pdf,13421708,10837356,3286908,
Mexico,2021-04-16,"Oxford/AstraZeneca, Pfizer/BioNTech, Sinovac, Sputnik V, CanSino",https://www.gob.mx/cms/uploads/attachment/file/630885/CP_Salud_CTD_coronavirus_COVID-19__17abr21.pdf,13978181,11067294,3681064,
Mexico,2021-04-17,"Oxford/AstraZeneca, Pfizer/BioNTech, Sinovac, Sputnik V, CanSino",https://www.gob.mx/cms/uploads/attachment/file/630908/CP_Salud_CTD_coronavirus_COVID-19__18abr21.pdf,14240830,11196970,3844491,
Mexico,2021-04-18,"Oxford/AstraZeneca, Pfizer/BioNTech, Sinovac, Sputnik V, CanSino",https://www.gob.mx/cms/uploads/attachment/file/631187/CP_Salud_CTD_coronavirus_COVID-19__19abr21.pdf,14368074,11253761,3927307,
Mexico,2021-04-19,"Oxford/AstraZeneca, Pfizer/BioNTech, Sinovac, Sputnik V, CanSino",https://www.gob.mx/cms/uploads/attachment/file/631500/CP_Salud_CTD_coronavirus_COVID-19__20abr21.pdf,14571509,11288822,4111121,
Mexico,2021-04-20,"Oxford/AstraZeneca, Pfizer/BioNTech, Sinovac, Sputnik V, CanSino",https://www.gob.mx/cms/uploads/attachment/file/631863/CP_Salud_CTD_coronavirus_COVID-19__21abr21.pdf,15003610,11449064,4512826,
Mexico,2021-04-21,"Oxford/AstraZeneca, Pfizer/BioNTech, Sinovac, Sputnik V, CanSino",https://www.gob.mx/cms/uploads/attachment/file/632180/CP_Salud_CTD_coronavirus_COVID-19__22abr21.pdf,15477517,11622868,4978670,
Mexico,2021-04-22,"Oxford/AstraZeneca, Pfizer/BioNTech, Sinovac, Sputnik V, CanSino",https://www.gob.mx/cms/uploads/attachment/file/632386/CP_Salud_CTD_coronavirus_COVID-19__23abr21.pdf,15874809,11807897,5347232,
Mexico,2021-04-23,"Oxford/AstraZeneca, Pfizer/BioNTech, Sinovac, Sputnik V, CanSino",https://www.gob.mx/cms/uploads/attachment/file/632408/CP_Salud_CTD_coronavirus_COVID-19__24abr21.pdf,16214484,11961104,5646105,
Mexico,2021-04-24,"Oxford/AstraZeneca, Pfizer/BioNTech, Sinovac, Sputnik V, CanSino",https://www.gob.mx/cms/uploads/attachment/file/632427/CP_Salud_CTD_coronavirus_COVID-19__25abr21.pdf,16410034,12038498,5830079,
Mexico,2021-04-25,"Oxford/AstraZeneca, Pfizer/BioNTech, Sinovac, Sputnik V, CanSino",https://www.gob.mx/cms/uploads/attachment/file/632688/CP_Salud_CTD_coronavirus_COVID-19__26abr21.pdf,16501739,12054021,5917676,
Mexico,2021-04-26,"Oxford/AstraZeneca, Pfizer/BioNTech, Sinovac, Sputnik V, CanSino",https://www.gob.mx/cms/uploads/attachment/file/633016/CP_Salud_CTD_coronavirus_COVID-19__27abr21.pdf,16687189,12096308,6096954,
Mexico,2021-04-28,"Oxford/AstraZeneca, Pfizer/BioNTech, Sinovac, Sputnik V, CanSino",https://www.gob.mx/cms/uploads/attachment/file/633963/CP_Salud_CTD_coronavirus_COVID-19__29abr21.pdf,17357993,12235767,6752282,
Mexico,2021-04-29,"Oxford/AstraZeneca, Pfizer/BioNTech, Sinovac, Sputnik V, CanSino",https://www.gob.mx/cms/uploads/attachment/file/634625/SP_Salud_CTD_coronavirus_COVID-19__30abr21.pdf,17718806,12354467,7100269,
Mexico,2021-04-30,"Oxford/AstraZeneca, Pfizer/BioNTech, Sinovac, Sputnik V, CanSino",https://www.gob.mx/cms/uploads/attachment/file/634679/CP_Salud_CTD_coronavirus__COVID-19__01may21.pdf,18080005,12477933,7440439,
Mexico,2021-05-01,"Oxford/AstraZeneca, Pfizer/BioNTech, Sinovac, Sputnik V, CanSino",https://www.gob.mx/cms/uploads/attachment/file/634724/CP_Salud_coronavirus_COVID-19__02may21.pdf,18326726,12572997,7650150,
Mexico,2021-05-02,"Oxford/AstraZeneca, Pfizer/BioNTech, Sinovac, Sputnik V, CanSino",https://www.gob.mx/cms/uploads/attachment/file/634954/CP_Salud_CTD_coronavirus_COVID-19__03may21.pdf,18471669,12625860,7792707,
Mexico,2021-05-03,"Oxford/AstraZeneca, Pfizer/BioNTech, Sinovac, Sputnik V, CanSino",https://www.gob.mx/cms/uploads/attachment/file/635287/CP_Salud_CTD_coronavirus_COVID-19__04may21.pdf,18827623,12740897,,
Mexico,2021-05-04,"Oxford/AstraZeneca, Pfizer/BioNTech, Sinovac, Sputnik V, CanSino",https://www.gob.mx/salud/prensa/version-estenografica-conferencia-de-prensa-informe-diario-sobre-coronavirus-covid-19-en-mexico-271564,19340234,12984236,8418291,
Mexico,2021-05-05,"Oxford/AstraZeneca, Pfizer/BioNTech, Sinovac, Sputnik V, CanSino",https://www.gob.mx/salud/prensa/184-mexico-trabaja-en-proyecto-para-el-envasado-de-la-vacuna-sputnik-v-en-el-pais?idiom=es,19951121,13328238,8790655,
Mexico,2021-05-06,"Oxford/AstraZeneca, Pfizer/BioNTech, Sinovac, Sputnik V, CanSino",https://www.gob.mx/salud/prensa/version-estenografica-conferencia-de-prensa-informe-diario-sobre-coronavirus-covid-19-en-mexico-271750,20540830,13715159,9092249,
Mexico,2021-05-07,"Oxford/AstraZeneca, Pfizer/BioNTech, Sinovac, Sputnik V, CanSino",https://www.gob.mx/salud/prensa/186-mexico-con-el-indice-de-positividad-por-covid-19-mas-bajo-desde-el-pico-de-la-pandemia?idiom=es,21008618,14021482,9325576,
Mexico,2021-05-08,"Oxford/AstraZeneca, Pfizer/BioNTech, Sinovac, Sputnik V, CanSino",https://www.gob.mx/salud/prensa/187-mas-de-un-millon-de-personas-de-50-a-59-anos-vacunadas-en-una-semana-contra-covid-19?idiom=es,21228359,14148207,9440251,
Mexico,2021-05-09,"Oxford/AstraZeneca, Pfizer/BioNTech, Sinovac, Sputnik V, CanSino",https://www.gob.mx/salud/prensa/version-estenografica-conferencia-de-prensa-informe-diario-sobre-coronavirus-covid-19-en-mexico-271874?idiom=es,21300414,14176406,9486795,
Mexico,2021-05-11,"Oxford/AstraZeneca, Pfizer/BioNTech, Sinovac, Sputnik V, CanSino",https://www.gob.mx/salud/prensa/version-estenografica-conferencia-de-prensa-informe-diario-sobre-coronavirus-covid-19-en-mexico-272035?idiom=es,21589272,14368460,9500000,
Mexico,2021-05-12,"Oxford/AstraZeneca, Pfizer/BioNTech, Sinovac, Sputnik V, CanSino",https://www.gob.mx/salud/prensa/version-estenografica-conferencia-de-prensa-informe-diario-sobre-coronavirus-covid-19-en-mexico-272119,21986456,14673682,9861173,
Mexico,2021-05-13,"Oxford/AstraZeneca, Pfizer/BioNTech, Sinovac, Sputnik V, CanSino",https://www.gob.mx/salud/prensa/version-estenografica-conferencia-de-prensa-informe-diario-sobre-coronavirus-covid-19-en-mexico-272206,22413285,14996844,10108593,
Mexico,2021-05-16,"Oxford/AstraZeneca, Pfizer/BioNTech, Sinovac, Sputnik V, CanSino",https://www.gob.mx/salud/prensa/198-actividad-fisica-contribuye-a-prevenir-o-controlar-enfermedades-cronicas-no-transmisibles?idiom=es,23168462,15454195,10604476,
Mexico,2021-05-17,"Oxford/AstraZeneca, Pfizer/BioNTech, Sinovac, Sputnik V, CanSino",https://www.gob.mx/salud/prensa/200-vacunacion-con-impacto-positivo-sobre-todo-en-personas-con-mayor-vulnerabilidad?idiom=es,23301884,15544106,10652500,
Mexico,2021-05-19,"Oxford/AstraZeneca, Pfizer/BioNTech, Sinovac, Sputnik V, CanSino",https://www.gob.mx/cms/uploads/attachment/file/638436/CP_Salud_CTD_coronavirus_COVID-19__19may21.pdf,24223297,16173646,11131624,
Mexico,2021-05-20,"Oxford/AstraZeneca, Pfizer/BioNTech, Sinovac, Sputnik V, CanSino",https://www.gob.mx/cms/uploads/attachment/file/638674/CP_Salud_CTD_coronavirus_COVID-19__20may21.pdf,24988066,16819083,11384107,
Mexico,2021-05-21,"Oxford/AstraZeneca, Pfizer/BioNTech, Sinovac, Sputnik V, CanSino",https://www.gob.mx/cms/uploads/attachment/file/639291/CP_Salud_CTD_coronavirus_COVID-19__21may21.pdf,25626413,17386061,11584756,
Mexico,2021-05-22,"Oxford/AstraZeneca, Pfizer/BioNTech, Sinovac, Sputnik V, CanSino",https://www.gob.mx/cms/uploads/attachment/file/639344/CP_Salud_CTD_coronavirus_COVID-19__22may21.pdf,26148948,17858127,11720188,
Mexico,2021-05-23,"Oxford/AstraZeneca, Pfizer/BioNTech, Sinovac, Sputnik V, CanSino",https://www.gob.mx/cms/uploads/attachment/file/639380/CP_Salud_coronavirus_COVID-19__23may21.pdf,26478866,18170321,11784494,
Mexico,2021-05-24,"Oxford/AstraZeneca, Pfizer/BioNTech, Sinovac, Sputnik V, CanSino",https://www.gob.mx/cms/uploads/attachment/file/640302/CP_Salud_CTD_coronavirus_COVID-19__24may21.pdf,26655760,18338034,11794554,
Mexico,2021-05-25,"Oxford/AstraZeneca, Pfizer/BioNTech, Sinovac, Sputnik V, CanSino",https://www.gob.mx/cms/uploads/attachment/file/640569/CP_Salud_CTD_coronavirus_COVID-19__25may21.pdf,26953788,18610667,11832208,
Mexico,2021-05-26,"Oxford/AstraZeneca, Pfizer/BioNTech, Sinovac, Sputnik V, CanSino",https://www.gob.mx/cms/uploads/attachment/file/641480/CP_Salud_CTD_coronavirus_COVID-19__26may21.pdf,27709853,19327543,11919690,
Mexico,2021-05-28,"Oxford/AstraZeneca, Pfizer/BioNTech, Sinovac, Sputnik V, CanSino",https://www.gob.mx/cms/uploads/attachment/file/642481/CP_Salud_CTD_coronavirus_COVID-19__28may21.pdf,29239997,20721248,12204779,
Mexico,2021-05-29,"Oxford/AstraZeneca, Pfizer/BioNTech, Sinovac, Sputnik V, CanSino",https://www.gob.mx/cms/uploads/attachment/file/642497/CP_Salud_CTD_coronavirus_COVID-19__29may21.pdf,29861331,21259657,12320589,
Mexico,2021-05-30,"Oxford/AstraZeneca, Pfizer/BioNTech, Sinovac, Sputnik V, CanSino",https://www.gob.mx/cms/uploads/attachment/file/642534/CP_Salud_CTD_coronavirus_COVID-19__30may21.pdf,30293682,21636247,12390240,
Mexico,2021-05-31,"Oxford/AstraZeneca, Pfizer/BioNTech, Sinovac, Sputnik V, CanSino",https://www.gob.mx/cms/uploads/attachment/file/642840/CP_Salud_CTD_coronavirus_COVID-19__31may21.pdf,30477703,21796967,12415247,
Mexico,2021-06-01,"Oxford/AstraZeneca, Pfizer/BioNTech, Sinovac, Sputnik V, CanSino",https://www.gob.mx/cms/uploads/attachment/file/643093/CP_Salud_CTD_coronavirus_COVID-19__01jun21.pdf,30990908,22043213,12604789,
Mexico,2021-06-02,"Oxford/AstraZeneca, Pfizer/BioNTech, Sinovac, Sputnik V, CanSino",https://www.gob.mx/cms/uploads/attachment/file/643364/CP_Salud_CTD_coronavirus_COVID-19__02jun21.pdf,31811931,22633460,12919455,
Mexico,2021-06-03,"Oxford/AstraZeneca, Pfizer/BioNTech, Sinovac, Sputnik V, CanSino",https://www.gob.mx/cms/uploads/attachment/file/643633/CP_Salud_CTD_coronavirus_COVID-19__03jun21.pdf,32874857,23200887,13417362,
Mexico,2021-06-04,"Oxford/AstraZeneca, Pfizer/BioNTech, Sinovac, Sputnik V, CanSino",https://www.gob.mx/cms/uploads/attachment/file/644077/CP_Salud_CTD_coronavirus_COVID-19__04jun21.pdf,33779982,23730336,13801863,
Mexico,2021-06-05,"Oxford/AstraZeneca, Pfizer/BioNTech, Sinovac, Sputnik V, CanSino",https://www.gob.mx/cms/uploads/attachment/file/644216/Salud_CTD_coronavirus_COVID-19__05jun21.pdf,34457602,24098361,14118256,
Mexico,2021-06-06,"Oxford/AstraZeneca, Pfizer/BioNTech, Sinovac, Sputnik V, CanSino",https://www.gob.mx/cms/uploads/attachment/file/644224/Salud_CTD_coronavirus_COVID-19__06jun21.pdf,34457602,24098361,14118256,
Mexico,2021-06-07,"Oxford/AstraZeneca, Pfizer/BioNTech, Sinovac, Sputnik V, CanSino",https://www.gob.mx/cms/uploads/attachment/file/644778/CP_Salud_CTD_coronavirus_COVID-19__08jun21.pdf,34658545,24224273,14193288,
Mexico,2021-06-08,"Oxford/AstraZeneca, Pfizer/BioNTech, Sinovac, Sputnik V, CanSino",https://www.gob.mx/cms/uploads/attachment/file/645011/CP_Salud_CTD_coronavirus_COVID-19__09jun21.pdf,35166248,24570319,14358881,
Mexico,2021-06-09,"Oxford/AstraZeneca, Pfizer/BioNTech, Sinovac, Sputnik V, CanSino",https://www.gob.mx/cms/uploads/attachment/file/645333/CP_Salud_CTD_coronavirus_COVID-19__10jun21.pdf,36164011,25306211,14639188,
Mexico,2021-06-10,"Oxford/AstraZeneca, Pfizer/BioNTech, Sinovac, Sputnik V, CanSino",https://www.gob.mx/cms/uploads/attachment/file/645730/CP_Salud_CTD_coronavirus_COVID-19__11jun21.pdf,36430953,25465992,14747978,
Mexico,2021-06-11,"Oxford/AstraZeneca, Pfizer/BioNTech, Sinovac, Sputnik V, CanSino",https://www.gob.mx/cms/uploads/attachment/file/645820/Salud_CTD__12jun21.pdf,36983641,25860841,14911487,
Mexico,2021-06-12,"Oxford/AstraZeneca, Pfizer/BioNTech, Sinovac, Sputnik V, CanSino",https://www.gob.mx/cms/uploads/attachment/file/646009/2021.06.13_17h00_ComunicadoTecnicoDiario_Covid19.pdf,37294959,26081614,15003652,
Mexico,2021-06-13,"Oxford/AstraZeneca, Pfizer/BioNTech, Sinovac, Sputnik V, CanSino",https://www.gob.mx/cms/uploads/attachment/file/646065/2021.06.14_19h00_ComunicadoTecnicoDiario_Covid19.pdf,37521976,26251224,15062873,
Mexico,2021-06-14,"Oxford/AstraZeneca, Pfizer/BioNTech, Sinovac, Sputnik V, CanSino",https://www.gob.mx/cms/uploads/attachment/file/646244/2021.06.15_16h00_ComunicadoTecnicoDiario_Covid19.pdf,37803462,26422800,15175659,
Mexico,2021-06-15,"Oxford/AstraZeneca, Pfizer/BioNTech, Sinovac, Sputnik V, CanSino",https://www.gob.mx/cms/uploads/attachment/file/646577/2021.06.16_17h00_ComunicadoTecnicoDiario_Covid19.pdf,38248562,26665789,15383285,
Mexico,2021-06-16,"Oxford/AstraZeneca, Pfizer/BioNTech, Sinovac, Sputnik V, CanSino",https://www.gob.mx/cms/uploads/attachment/file/646834/2021.06.17_17h00_ComunicadoTecnicoDiario_Covid19.pdf,38633462,26886856,15551250,
Mexico,2021-06-17,"Oxford/AstraZeneca, Pfizer/BioNTech, Sinovac, Sputnik V, CanSino",https://www.gob.mx/cms/uploads/attachment/file/647115/2021.06.18_17h00_ComunicadoTecnicoDiario_Covid19.pdf,39153336,27253174,15825432,
Mexico,2021-06-18,"Oxford/AstraZeneca, Pfizer/BioNTech, Sinovac, Sputnik V, CanSino",https://www.gob.mx/cms/uploads/attachment/file/647156/2021.06.19_17h00_ComunicadoTecnicoDiario_Covid19.pdf,39623088,27543142,16177003,
Mexico,2021-06-19,"Oxford/AstraZeneca, Pfizer/BioNTech, Sinovac, Sputnik V, CanSino",https://www.gob.mx/cms/uploads/attachment/file/647167/2021.06.20_17h00_ComunicadoTecnicoDiario_Covid19.pdf,40031327,27753807,16526469,
Mexico,2021-06-20,"Oxford/AstraZeneca, Pfizer/BioNTech, Sinovac, Sputnik V, CanSino",https://www.gob.mx/cms/uploads/attachment/file/647336/2021.06.21_17h00_ComunicadoTecnicoDiario_Covid19.pdf,40227974,27896212,16695831,
Mexico,2021-06-21,"Oxford/AstraZeneca, Pfizer/BioNTech, Sinovac, Sputnik V, CanSino",https://www.gob.mx/cms/uploads/attachment/file/647534/2021.06.22_17h00_ComunicadoTecnicoDiario_Covid19.pdf,40700954,28198409,17047687,
Mexico,2021-06-22,"Oxford/AstraZeneca, Pfizer/BioNTech, Sinovac, Sputnik V, CanSino",https://www.gob.mx/cms/uploads/attachment/file/647742/2021.06.23_17h00_ComunicadoTecnicoDiario_Covid19.pdf,41368066,28590500,17463895,
Mexico,2021-06-23,"Oxford/AstraZeneca, Pfizer/BioNTech, Sinovac, Sputnik V, CanSino",https://www.gob.mx/cms/uploads/attachment/file/647989/2021.06.24_17h00_ComunicadoTecnicoDiario_Covid19.pdf,42155839,29099499,18006199,
Mexico,2021-06-24,"Oxford/AstraZeneca, Pfizer/BioNTech, Sinovac, Sputnik V, CanSino",https://www.gob.mx/salud/documentos/presentaciones-de-las-conferencias-de-prensa-2021,42791467,29520484,18350137,
Mexico,2021-06-25,"Oxford/AstraZeneca, Pfizer/BioNTech, Sinovac, Sputnik V, CanSino",https://www.gob.mx/cms/uploads/attachment/file/648744/2021.06.26_17h00_ComunicadoTecnicoDiario_Covid19.pdf,43369096,29847977,18634875,
Mexico,2021-06-26,"Oxford/AstraZeneca, Pfizer/BioNTech, Sinovac, Sputnik V, CanSino",https://www.gob.mx/cms/uploads/attachment/file/648764/2021.06.27_17h00_ComunicadoTecnicoDiario_Covid19.pdf,43753814,30009547,18863087,
Mexico,2021-06-27,"Oxford/AstraZeneca, Pfizer/BioNTech, Sinovac, Sputnik V, CanSino",https://www.gob.mx/cms/uploads/attachment/file/648889/2021.06.28_17h00_ComunicadoTecnicoDiario_Covid19.pdf,43912990,30078813,18953253,
Mexico,2021-06-28,"Oxford/AstraZeneca, Pfizer/BioNTech, Sinovac, Sputnik V, CanSino",https://www.gob.mx/cms/uploads/attachment/file/649177/2021.06.29_17h00_ComunicadoTecnicoDiario_Covid19.pdf,44385584,30385823,19126940,
Mexico,2021-06-29,"Oxford/AstraZeneca, Pfizer/BioNTech, Sinovac, Sputnik V, CanSino",https://www.gob.mx/cms/uploads/attachment/file/649415/2021.06.30_17h00_ComunicadoTecnicoDiario_Covid19.pdf,45113218,30903150,19358590,
Mexico,2021-06-30,"Oxford/AstraZeneca, Pfizer/BioNTech, Sinovac, Sputnik V, CanSino",https://www.gob.mx/cms/uploads/attachment/file/649625/2021.07.01_17h00_ComunicadoTecnicoDiario_Covid19.pdf,45898210,31510606,19566228,
Mexico,2021-07-01,"Oxford/AstraZeneca, Pfizer/BioNTech, Sinovac, Sputnik V, CanSino",https://www.gob.mx/cms/uploads/attachment/file/649854/2021.07.02_17h00_ComunicadoTecnicoDiario_Covid19.pdf,46451716,31960060,19686818,
Mexico,2021-07-02,"Oxford/AstraZeneca, Pfizer/BioNTech, Sinovac, Sputnik V, CanSino",https://www.gob.mx/cms/uploads/attachment/file/649889/2021.07.03_17h00_ComunicadoTecnicoDiario_Covid19.pdf,46945511,32397097,19755489,
Mexico,2021-07-04,"Oxford/AstraZeneca, Pfizer/BioNTech, Sinovac, Sputnik V, CanSino",https://www.gob.mx/cms/uploads/attachment/file/649931/2021.07.04_17h00_ComunicadoTecnicoDiario_Covid19.pdf,47197494,32575554,19829015,
Mexico,2021-07-05,"Oxford/AstraZeneca, Pfizer/BioNTech, Sinovac, Sputnik V, CanSino",https://www.gob.mx/cms/uploads/attachment/file/650520/2021.07.06_17h00_ComunicadoTecnicoDiario_Covid19.pdf,47739783,33002466,19937022,
Mexico,2021-07-06,"Oxford/AstraZeneca, Pfizer/BioNTech, Sinovac, Sputnik V, CanSino",https://www.gob.mx/cms/uploads/attachment/file/650829/2021.07.07_17h00_ComunicadoTecnicoDiario_Covid19.pdf,48499324,33691170,20040922,
Mexico,2021-07-07,"Oxford/AstraZeneca, Pfizer/BioNTech, Sinovac, Sputnik V, CanSino",https://www.gob.mx/cms/uploads/attachment/file/651337/2021.07.08_17h00_ComunicadoTecnicoDiario_Covid19.pdf,49202252,34155903,20355222,
Mexico,2021-07-08,"Oxford/AstraZeneca, Pfizer/BioNTech, Sinovac, Sputnik V, CanSino",https://www.gob.mx/cms/uploads/attachment/file/651938/2021.07.09_17h00_ComunicadoTecnicoDiario_Covid19.pdf,49857020,34627540,20548715,
Mexico,2021-07-09,"Oxford/AstraZeneca, Pfizer/BioNTech, Sinovac, Sputnik V, CanSino",https://www.gob.mx/cms/uploads/attachment/file/652161/1625955982869_2021.07.10_17h00_ComunicadoTecnicoDiario_Covid19.pdf,50362218,35065569,20621383,
Mexico,2021-07-10,"Oxford/AstraZeneca, Pfizer/BioNTech, Sinovac, Sputnik V, CanSino",https://www.gob.mx/cms/uploads/attachment/file/652366/2021.07.11_17h00_ComunicadoTecnicoDiario_Covid19.pdf,50698518,35287821,20736615,
Mexico,2021-07-11,"Oxford/AstraZeneca, Pfizer/BioNTech, Sinovac, Sputnik V, CanSino",https://www.gob.mx/cms/uploads/attachment/file/652661/2021.07.12_17h00_ComunicadoTecnicoDiario_Covid19.pdf,50817979,35378414,20766146,
Mexico,2021-07-12,"Oxford/AstraZeneca, Pfizer/BioNTech, Sinovac, Sputnik V, CanSino",https://www.gob.mx/cms/uploads/attachment/file/653197/2021.07.13_17h00_ComunicadoTecnicoDiario_Covid19.pdf,51331578,35728222,20945773,
Mexico,2021-07-13,"Oxford/AstraZeneca, Pfizer/BioNTech, Sinovac, Sputnik V, CanSino",https://www.gob.mx/cms/uploads/attachment/file/653846/2021.07.14_17h00_ComunicadoTecnicoDiario_Covid19.pdf,51986413,36230549,21108633,
Mexico,2021-07-14,"Oxford/AstraZeneca, Pfizer/BioNTech, Sinovac, Sputnik V, CanSino",https://www.gob.mx/cms/uploads/attachment/file/654009/2021.07.15_17h00_ComunicadoTecnicoDiario_Covid19.pdf,52704960,36789100,21274238,
Mexico,2021-07-15,"Oxford/AstraZeneca, Pfizer/BioNTech, Sinovac, Sputnik V, CanSino",https://www.gob.mx/cms/uploads/attachment/file/654395/2021.07.16_17h00_ComunicadoTecnicoDiario_Covid19.pdf,53342673,37307725,21396576,
Mexico,2021-07-16,"Oxford/AstraZeneca, Pfizer/BioNTech, Sinovac, Sputnik V, CanSino",https://www.gob.mx/cms/uploads/attachment/file/654408/2021.07.17_17h00_ComunicadoTecnicoDiario_Covid19.pdf,53915023,37759104,21525199,
Mexico,2021-07-17,"Oxford/AstraZeneca, Pfizer/BioNTech, Sinovac, Sputnik V, CanSino",https://www.gob.mx/cms/uploads/attachment/file/654418/2021.07.18_17h00_ComunicadoTecnicoDiario_Covid19.pdf,54282399,38029139,21626694,
Mexico,2021-07-18,"Oxford/AstraZeneca, Pfizer/BioNTech, Sinovac, Sputnik V, CanSino",https://www.gob.mx/cms/uploads/attachment/file/654942/2021.07.19_17h00_ComunicadoTecnicoDiario_Covid19.pdf,54542551,38222492,21700199,
Mexico,2021-07-20,"Johnson&Johnson, Oxford/AstraZeneca, Pfizer/BioNTech, Sinovac, Sputnik V, CanSino",https://www.gob.mx/cms/uploads/attachment/file/655639/2021.07.20_17h00_ComunicadoTecnicoDiario_Covid19.pdf,55107724,38507285,21996462,
Mexico,2021-07-21,"Johnson&Johnson, Oxford/AstraZeneca, Pfizer/BioNTech, Sinovac, Sputnik V, CanSino",https://www.gob.mx/cms/uploads/attachment/file/655967/2021.07.21_17h00_ComunicadoTecnicoDiario_Covid19.pdf,55911861,39043948,22290247,
Mexico,2021-07-22,"Johnson&Johnson, Oxford/AstraZeneca, Pfizer/BioNTech, Sinovac, Sputnik V, CanSino",https://www.gob.mx/cms/uploads/attachment/file/656427/2021.07.22_17h00_ComunicadoTecnicoDiario_Covid19.pdf,56872930,39725060,22613981,
Mexico,2021-07-23,"Johnson&Johnson, Oxford/AstraZeneca, Pfizer/BioNTech, Sinovac, Sputnik V, CanSino",https://www.gob.mx/cms/uploads/attachment/file/656729/2021.07.23_17h00.pdf,58249143,40632434,23121276,
Mexico,2021-07-24,"Johnson&Johnson, Oxford/AstraZeneca, Pfizer/BioNTech, Sinovac, Sputnik V, CanSino",https://www.gob.mx/cms/uploads/attachment/file/656789/2021.07.24_17h00.pdf,59580006,41539250,23602901,
Mexico,2021-07-25,"Johnson&Johnson, Oxford/AstraZeneca, Pfizer/BioNTech, Sinovac, Sputnik V, CanSino",https://www.gob.mx/cms/uploads/attachment/file/656814/2021.07.25_17h00.pdf,60558289,42180955,23955609,
Mexico,2021-07-26,"Johnson&Johnson, Oxford/AstraZeneca, Pfizer/BioNTech, Sinovac, Sputnik V, CanSino",https://www.gob.mx/cms/uploads/attachment/file/657100/2021.07.26_17h00.pdf,60885690,42429051,24048259,
Mexico,2021-07-27,"Johnson&Johnson, Oxford/AstraZeneca, Pfizer/BioNTech, Sinovac, Sputnik V, CanSino",https://www.gob.mx/cms/uploads/attachment/file/657351/2021.07.27_17h00.pdf,61858631,43089310,24428264,
Mexico,2021-07-28,"Johnson&Johnson, Oxford/AstraZeneca, Pfizer/BioNTech, Sinovac, Sputnik V, CanSino",https://www.gob.mx/cms/uploads/attachment/file/657667/2021.07.28_17h00.pdf,63313209,44188943,24856170,
Mexico,2021-07-29,"Johnson&Johnson, Oxford/AstraZeneca, Pfizer/BioNTech, Sinovac, Sputnik V, CanSino",https://www.gob.mx/cms/uploads/attachment/file/658369/2021.07.29_17h00_ComunicadoTecnicoDiario_Covid19.pdf,64489596,45066028,25205090,
Mexico,2021-07-30,"Johnson&Johnson, Oxford/AstraZeneca, Pfizer/BioNTech, Sinovac, Sputnik V, CanSino",https://www.gob.mx/cms/uploads/attachment/file/658681/2021.07.30_17h00_ComunicadoTecnicoDiario_Covid19.pdf,65631680,45952314,25511123,
Mexico,2021-07-31,"Johnson&Johnson, Oxford/AstraZeneca, Pfizer/BioNTech, Sinovac, Sputnik V, CanSino",https://www.gob.mx/cms/uploads/attachment/file/658742/2021.07.31_17h00.pdf,66712486,46866125,25727786,
Mexico,2021-08-01,"Johnson&Johnson, Oxford/AstraZeneca, Pfizer/BioNTech, Sinovac, Sputnik V, CanSino",https://www.gob.mx/cms/uploads/attachment/file/658764/2021.08.01_17h00.pdf,67355342,47463637,25792543,
Mexico,2021-08-02,"Johnson&Johnson, Oxford/AstraZeneca, Pfizer/BioNTech, Sinovac, Sputnik V, CanSino",https://www.gob.mx/cms/uploads/attachment/file/659222/2021.08.02_17h00.pdf,67594385,47690704,25808916,
Mexico,2021-08-03,"Johnson&Johnson, Oxford/AstraZeneca, Pfizer/BioNTech, Sinovac, Sputnik V, CanSino",https://www.gob.mx/cms/uploads/attachment/file/659559/2021.08.03_17h00_ComunicadoTecnicoDiario_Covid19.pdf,68089659,48095458,25912407,
Mexico,2021-08-04,"Johnson&Johnson, Oxford/AstraZeneca, Pfizer/BioNTech, Sinovac, Sputnik V, CanSino",https://www.gob.mx/cms/uploads/attachment/file/659765/2021.08.04_17h00_ComunicadoTecnicoDiario_Covid19.pdf,68825948,48616734,26152992,
Mexico,2021-08-05,"Johnson&Johnson, Oxford/AstraZeneca, Pfizer/BioNTech, Sinovac, Sputnik V, CanSino",https://www.gob.mx/cms/uploads/attachment/file/660176/2021.08.05_17h00_ComunicadoTecnicoDiario_Covid19.pdf,69820231,49299175,26503580,
Mexico,2021-08-06,"Johnson&Johnson, Oxford/AstraZeneca, Pfizer/BioNTech, Sinovac, Sputnik V, CanSino",https://www.gob.mx/cms/uploads/attachment/file/660402/2021.08.06_17h00_ComunicadoTecnicoDiario_Covid19.pdf,70808386,49994722,26834257,
Mexico,2021-08-08,"Johnson&Johnson, Oxford/AstraZeneca, Pfizer/BioNTech, Sinovac, Sputnik V, CanSino",https://www.gob.mx/cms/uploads/attachment/file/660457/2021.08.07_17h00_ComunicadoTecnicoDiario_Covid19.pdf,71654978,50571586,27134249,
Mexico,2021-08-09,"Johnson&Johnson, Oxford/AstraZeneca, Pfizer/BioNTech, Sinovac, Sputnik V, CanSino",https://www.gob.mx/cms/uploads/attachment/file/660467/2021.08.08_17h00_ComunicadoTecnicoDiario_Covid19.pdf,72132661,50835215,27363404,
Mexico,2021-08-10,"Johnson&Johnson, Oxford/AstraZeneca, Pfizer/BioNTech, Sinovac, Sputnik V, CanSino",https://www.gob.mx/cms/uploads/attachment/file/660688/2021.08.09_17h00_ComunicadoTecnicoDiario_Covid19.pdf,72488230,51061391,27502230,
Mexico,2021-08-11,"Johnson&Johnson, Oxford/AstraZeneca, Pfizer/BioNTech, Sinovac, Sputnik V, CanSino",https://www.gob.mx/cms/uploads/attachment/file/660850/2021.08.10_17h00_ComunicadoTecnicoDiario_Covid19.pdf,72986350,51404453,27677695,
Mexico,2021-08-12,"Johnson&Johnson, Oxford/AstraZeneca, Pfizer/BioNTech, Sinovac, Sputnik V, CanSino",https://www.gob.mx/cms/uploads/attachment/file/661258/2021.08.11_17h00_ComunicadoTecnicoDiario_Covid19.pdf,73771750,51914599,28011649,
Mexico,2021-08-13,"Johnson&Johnson, Oxford/AstraZeneca, Pfizer/BioNTech, Sinovac, Sputnik V, CanSino",https://www.gob.mx/cms/uploads/attachment/file/661640/2021.08.12_17h00_ComunicadoTecnicoDiario_Covid19.pdf,74802779,52624341,28384141,
Mexico,2021-08-14,"Johnson&Johnson, Oxford/AstraZeneca, Pfizer/BioNTech, Sinovac, Sputnik V, CanSino",https://www.gob.mx/cms/uploads/attachment/file/661887/2021.08.13_17h00_ComunicadoTecnicoDiario_Covid19.pdf,75780229,53298457,28746570,
Mexico,2021-08-15,"Johnson&Johnson, Oxford/AstraZeneca, Pfizer/BioNTech, Sinovac, Sputnik V, CanSino",https://www.gob.mx/cms/uploads/attachment/file/661949/2021.08.14_17h00_ComunicadoTecnicoDiario_Covid19.pdf,76587422,53837225,29046598,
Mexico,2021-08-16,"Johnson&Johnson, Oxford/AstraZeneca, Pfizer/BioNTech, Sinovac, Sputnik V, CanSino",https://www.gob.mx/cms/uploads/attachment/file/662003/2021.08.15_17h00_ComunicadoTecnicoDiario_Covid19.pdf,77225451,54305039,29239686,
Mexico,2021-08-17,"Johnson&Johnson, Oxford/AstraZeneca, Pfizer/BioNTech, Sinovac, Sputnik V, CanSino",https://www.gob.mx/cms/uploads/attachment/file/662161/2021.08.16_17h00_ComunicadoTecnicoDiario_Covid19.pdf,77573466,54532420,29402096,
Mexico,2021-08-18,"Johnson&Johnson, Oxford/AstraZeneca, Pfizer/BioNTech, Sinovac, Sputnik V, CanSino",https://www.gob.mx/cms/uploads/attachment/file/662608/2021.08.18_17h00_ComunicadoTecnicoDiario_Covid19.pdf,78765073,55307523,29903441,
Mexico,2021-08-19,"Johnson&Johnson, Oxford/AstraZeneca, Pfizer/BioNTech, Sinovac, Sputnik V, CanSino",https://www.gob.mx/cms/uploads/attachment/file/662800/2021.08.19_17h00_ComunicadoTecnicoDiario_Covid19.pdf,79399398,55643238,30219721,
Mexico,2021-08-20,"Johnson&Johnson, Oxford/AstraZeneca, Pfizer/BioNTech, Sinovac, Sputnik V, CanSino",https://www.gob.mx/cms/uploads/attachment/file/663119/2021.08.20_17h00_ComunicadoTecnicoDiario_Covid19.pdf,79933762,55928566,30490131,
Mexico,2021-08-21,"Johnson&Johnson, Oxford/AstraZeneca, Pfizer/BioNTech, Sinovac, Sputnik V, CanSino",https://www.gob.mx/cms/uploads/attachment/file/663152/2021.08.21_17h00_ComunicadoTecnicoDiario_Covid19.pdf,80404167,56165373,30746818,
Mexico,2021-08-22,"Johnson&Johnson, Oxford/AstraZeneca, Pfizer/BioNTech, Sinovac, Sputnik V, CanSino",https://www.gob.mx/cms/uploads/attachment/file/663341/2021.08.22_17h00_ComunicadoTecnicoDiario_Covid19.pdf,80683665,56277083,30919930,
Mexico,2021-08-23,"Johnson&Johnson, Oxford/AstraZeneca, Pfizer/BioNTech, Sinovac, Sputnik V, CanSino",https://www.gob.mx/cms/uploads/attachment/file/663678/2021.08.23_17h00_ComunicadoTecnicoDiario_Covid19.pdf,80886612,56409551,30991824,
Mexico,2021-08-24,"Johnson&Johnson, Oxford/AstraZeneca, Pfizer/BioNTech, Sinovac, Sputnik V, CanSino",https://www.gob.mx/cms/uploads/attachment/file/663914/2021.08.24_17h00_ComunicadoTecnicoDiario_Covid19.pdf,81274760,56575083,31219643,
Mexico,2021-08-25,"Johnson&Johnson, Oxford/AstraZeneca, Pfizer/BioNTech, Sinovac, Sputnik V, CanSino",https://www.gob.mx/cms/uploads/attachment/file/664078/2021.08.25_17h00_ComunicadoTecnicoDiario_Covid19.pdf,81923702,56742139,31703790,
Mexico,2021-08-26,"Johnson&Johnson, Oxford/AstraZeneca, Pfizer/BioNTech, Sinovac, Sputnik V, CanSino",https://www.gob.mx/cms/uploads/attachment/file/664380/2021.08.26_17h00_ComunicadoTecnicoDiario_Covid19.pdf,82678717,56925095,32278249,
Mexico,2021-08-27,"Johnson&Johnson, Oxford/AstraZeneca, Pfizer/BioNTech, Sinovac, Sputnik V, CanSino",https://www.gob.mx/cms/uploads/attachment/file/664629/2021.08.27_17h00_ComunicadoTecnicoDiario_Covid19.pdf,83433577,57164235,32801616,
Mexico,2021-08-28,"Johnson&Johnson, Oxford/AstraZeneca, Pfizer/BioNTech, Sinovac, Sputnik V, CanSino",https://www.gob.mx/cms/uploads/attachment/file/664785/2021.08.28_17h00_ComunicadoTecnicoDiario_Covid19.pdf,84026447,57343646,33220439,
Mexico,2021-08-29,"Johnson&Johnson, Oxford/AstraZeneca, Pfizer/BioNTech, Sinovac, Sputnik V, CanSino",https://www.gob.mx/cms/uploads/attachment/file/664913/2021.08.29_17h00_ComunicadoTecnicoDiario_Covid19.pdf,84379551,57440626,33489676,
Mexico,2021-08-30,"Johnson&Johnson, Oxford/AstraZeneca, Pfizer/BioNTech, Sinovac, Sputnik V, CanSino",https://www.gob.mx/cms/uploads/attachment/file/665219/2021.08.30_17h00_ComunicadoTecnicoDiario_Covid19.pdf,84549082,57547462,33620717,
Mexico,2021-08-31,"Johnson&Johnson, Oxford/AstraZeneca, Pfizer/BioNTech, Sinovac, Sputnik V, CanSino",https://www.gob.mx/cms/uploads/attachment/file/665449/2021.08.31_17h00_ComunicadoTecnicoDiario_Covid19.pdf,84946443,57798967,33922392,
Mexico,2021-09-01,"Johnson&Johnson, Oxford/AstraZeneca, Pfizer/BioNTech, Sinovac, Sputnik V, CanSino",https://www.gob.mx/cms/uploads/attachment/file/665685/2021.09.01_17h00_ComunicadoTecnicoDiario_Covid19.pdf,85375481,58008815,34282292,
Mexico,2021-09-02,"Johnson&Johnson, Oxford/AstraZeneca, Pfizer/BioNTech, Sinovac, Sputnik V, CanSino",https://www.gob.mx/cms/uploads/attachment/file/665840/2021.09.02_17h00_ComunicadoTecnicoDiario_Covid19.pdf,85845792,58238589,34656277,
Mexico,2021-09-03,"Johnson&Johnson, Oxford/AstraZeneca, Pfizer/BioNTech, Sinovac, Sputnik V, CanSino",https://www.gob.mx/cms/uploads/attachment/file/665840/2021.09.02_17h00_ComunicadoTecnicoDiario_Covid19.pdf,85845792,58238589,34656277,
Mexico,2021-09-04,"Johnson&Johnson, Oxford/AstraZeneca, Pfizer/BioNTech, Sinovac, Sputnik V, CanSino",https://www.gob.mx/cms/uploads/attachment/file/666072/2021.09.04_17h00_ComunicadoTecnicoDiario_Covid19.pdf,86793531,58749621,35425324,
Mexico,2021-09-05,"Johnson&Johnson, Oxford/AstraZeneca, Pfizer/BioNTech, Sinovac, Sputnik V, CanSino",https://www.gob.mx/cms/uploads/attachment/file/666347/2021.09.05_17h00_ComunicadoTecnicoDiario_Covid19.pdf,87014220,58906303,35623880,
Mexico,2021-09-06,"Johnson&Johnson, Oxford/AstraZeneca, Pfizer/BioNTech, Sinovac, Sputnik V, CanSino",https://www.gob.mx/cms/uploads/attachment/file/666348/2021.09.06_17h00_ComunicadoTecnicoDiario_Covid19.pdf,87224714,59059884,35813552,
Mexico,2021-09-07,"Johnson&Johnson, Oxford/AstraZeneca, Pfizer/BioNTech, Sinovac, Sputnik V, CanSino",https://www.gob.mx/cms/uploads/attachment/file/666977/2021.09.07_17h00_ComunicadoTecnicoDiario_Covid19.pdf,87750381,59334972,36190731,
Mexico,2021-09-09,"Johnson&Johnson, Oxford/AstraZeneca, Pfizer/BioNTech, Sinovac, Sputnik V, CanSino",https://www.gob.mx/cms/uploads/attachment/file/667163/2021.09.08_17h00_ComunicadoTecnicoDiario_Covid19.pdf,88593229,59614774,36864200,
Mexico,2021-09-10,"Johnson&Johnson, Oxford/AstraZeneca, Pfizer/BioNTech, Sinovac, Sputnik V, CanSino",https://www.gob.mx/cms/uploads/attachment/file/667590/2021.09.10_17h00_ComunicadoTecnicoDiario_Covid19.pdf,90366606,60186714,38161378,
Mexico,2021-09-11,"Johnson&Johnson, Oxford/AstraZeneca, Moderna, Pfizer/BioNTech, Sinovac, Sputnik V, CanSino",https://www.gob.mx/cms/uploads/attachment/file/667609/2021.09.11_17h00_ComunicadoTecnicoDiario_Covid19.pdf,91182279,60468615,38782067,
Mexico,2021-09-12,"Johnson&Johnson, Oxford/AstraZeneca, Moderna, Pfizer/BioNTech, Sinovac, Sputnik V, CanSino",https://www.gob.mx/cms/uploads/attachment/file/667685/2021.09.12_17h00_ComunicadoTecnicoDiario_Covid19.pdf,91720391,60759845,39070943,
Mexico,2021-09-13,"Johnson&Johnson, Oxford/AstraZeneca, Moderna, Pfizer/BioNTech, Sinovac, Sputnik V, CanSino",https://www.gob.mx/cms/uploads/attachment/file/667867/2021.09.13_17h00_ComunicadoTecnicoDiario_Covid19.pdf,92080595,60921470,39319931,
Mexico,2021-09-14,"Johnson&Johnson, Oxford/AstraZeneca, Moderna, Pfizer/BioNTech, Sinovac, Sputnik V, CanSino",https://www.gob.mx/cms/uploads/attachment/file/668009/2021.09.14_17h00_ComunicadoTecnicoDiario_Covid19.pdf,92749295,61175097,39850745,
Mexico,2021-09-15,"Johnson&Johnson, Oxford/AstraZeneca, Moderna, Pfizer/BioNTech, Sinovac, Sputnik V, CanSino",https://www.gob.mx/cms/uploads/attachment/file/668251/2021.09.15_17h00_ComunicadoTecnicoDiario_Covid19.pdf,93588719,61407799,40532869,
Mexico,2021-09-16,"Johnson&Johnson, Oxford/AstraZeneca, Moderna, Pfizer/BioNTech, Sinovac, Sputnik V, CanSino",https://www.gob.mx/cms/uploads/attachment/file/668266/2021.09.16_17h00_ComunicadoTecnicoDiario_Covid19.pdf,94144251,61573170,40997724,
Mexico,2021-09-17,"Johnson&Johnson, Oxford/AstraZeneca, Moderna, Pfizer/BioNTech, Sinovac, Sputnik V, CanSino",http://www.gob.mx/cms/uploads/attachment/file/668502/2021.09.17_17h00_ComunicadoTecnicoDiario_Covid19.pdf,94300526,61616895,41115211,
Mexico,2021-09-18,"Johnson&Johnson, Oxford/AstraZeneca, Moderna, Pfizer/BioNTech, Sinovac, Sputnik V, CanSino",http://www.gob.mx/cms/uploads/attachment/file/668540/2021.09.18_17h00_ComunicadoTecnicoDiario_Covid19.pdf,94858068,61886401,41463209,
Mexico,2021-09-19,"Johnson&Johnson, Oxford/AstraZeneca, Moderna, Pfizer/BioNTech, Sinovac, Sputnik V, CanSino",http://www.gob.mx/cms/uploads/attachment/file/668586/2021.09.19_17h00_ComunicadoTecnicoDiario_Covid19.pdf,95271399,62089019,41698947,
Mexico,2021-09-20,"Johnson&Johnson, Oxford/AstraZeneca, Moderna, Pfizer/BioNTech, Sinovac, Sputnik V, CanSino",https://www.gob.mx/cms/uploads/attachment/file/668827/2021.09.20_17h00_ComunicadoTecnicoDiario_Covid19.pdf,95638622,62254786,41918336,
Mexico,2021-09-21,"Johnson&Johnson, Oxford/AstraZeneca, Moderna, Pfizer/BioNTech, Sinovac, Sputnik V, CanSino",http://www.gob.mx/cms/uploads/attachment/file/669050/2021.09.21_17h00_ComunicadoTecnicoDiario_Covid19_.pdf,96080633,62466037,42200082,
Mexico,2021-09-22,"Johnson&Johnson, Oxford/AstraZeneca, Moderna, Pfizer/BioNTech, Sinovac, Sputnik V, CanSino",http://www.gob.mx/cms/uploads/attachment/file/669579/2021.09.22_17h00_ComunicadoTecnicoDiario_Covid19.pdf,96793184,62692366,42715579,
Mexico,2021-09-23,"Johnson&Johnson, Oxford/AstraZeneca, Moderna, Pfizer/BioNTech, Sinovac, Sputnik V, CanSino",http://www.gob.mx/cms/uploads/attachment/file/669755/2021.09.23_17h00_ComunicadoTecnicoDiario_Covid19.pdf,97523713,62911164,43248659,
Mexico,2021-09-24,"Johnson&Johnson, Oxford/AstraZeneca, Moderna, Pfizer/BioNTech, Sinovac, Sputnik V, CanSino",http://www.gob.mx/cms/uploads/attachment/file/670030/2021.09.24_17h00_ComunicadoTecnicoDiario_Covid19.pdf,98282544,63125382,43820430,
Mexico,2021-09-25,"Johnson&Johnson, Oxford/AstraZeneca, Moderna, Pfizer/BioNTech, Sinovac, Sputnik V, CanSino",http://www.gob.mx/cms/uploads/attachment/file/670044/2021.09.25_17h00_ComunicadoTecnicoDiario_Covid19.pdf,98895325,63317849,44278675,
Mexico,2021-09-26,"Johnson&Johnson, Oxford/AstraZeneca, Moderna, Pfizer/BioNTech, Sinovac, Sputnik V, CanSino",http://www.gob.mx/cms/uploads/attachment/file/670062/2021.09.26_17h00_ComunicadoTecnicoDiario_Covid19.pdf,99186517,63396136,44511000,
Mexico,2021-09-27,"Johnson&Johnson, Oxford/AstraZeneca, Moderna, Pfizer/BioNTech, Sinovac, Sputnik V, CanSino",http://www.gob.mx/cms/uploads/attachment/file/670236/2021.09.27_17h00_ComunicadoTecnicoDiario_Covid19.pdf,99366403,63473608,44626347,
Mexico,2021-09-28,"Johnson&Johnson, Oxford/AstraZeneca, Moderna, Pfizer/BioNTech, Sinovac, Sputnik V, CanSino",http://www.gob.mx/cms/uploads/attachment/file/670504/2021.09.28_17h00_ComunicadoTecnicoDiario_Covid19.pdf,99868671,63550739,44902572,
Mexico,2021-09-29,"Johnson&Johnson, Oxford/AstraZeneca, Moderna, Pfizer/BioNTech, Sinovac, Sputnik V, CanSino",http://www.gob.mx/cms/uploads/attachment/file/670758/2021.09.29_17h00_ComunicadoTecnicoDiario_Covid19.pdf,100516964,63719420,45284037,
Mexico,2021-09-30,"Johnson&Johnson, Oxford/AstraZeneca, Moderna, Pfizer/BioNTech, Sinovac, Sputnik V, CanSino",http://www.gob.mx/cms/uploads/attachment/file/670943/2021.09.30_17h00_ComunicadoTecnicoDiario_Covid19.pdf,101190484,63913428,45572525,
Mexico,2021-10-02,"Johnson&Johnson, Oxford/AstraZeneca, Moderna, Pfizer/BioNTech, Sinovac, Sputnik V, CanSino",http://www.gob.mx/cms/uploads/attachment/file/671130/2021.10.01_17h00_ComunicadoTecnicoDiario_Covid19.pdf,101782415,64048979,45794439,
Mexico,2021-10-04,"Johnson&Johnson, Oxford/AstraZeneca, Moderna, Pfizer/BioNTech, Sinovac, Sputnik V, CanSino",http://www.gob.mx/cms/uploads/attachment/file/671455/2021.10.03_17h00_ComunicadoTecnicoDiario_Covid19.pdf,102643418,64323090,46054543,
Mexico,2021-10-06,"Johnson&Johnson, Oxford/AstraZeneca, Moderna, Pfizer/BioNTech, Sinovac, Sputnik V, CanSino",http://www.gob.mx/cms/uploads/attachment/file/672201/2021.10.06_17h00_ComunicadoTecnicoDiario_Covid19.pdf,104554441,65692031,46309831,
Mexico,2021-10-07,"Johnson&Johnson, Oxford/AstraZeneca, Moderna, Pfizer/BioNTech, Sinovac, Sputnik V, CanSino",http://www.gob.mx/cms/uploads/attachment/file/672424/2021.10.07_17h00_ComunicadoTecnicoDiario_Covid19.pdf,105320232,65879194,46986802,
Mexico,2021-10-08,"Johnson&Johnson, Oxford/AstraZeneca, Moderna, Pfizer/BioNTech, Sinovac, Sputnik V, CanSino",http://www.gob.mx/cms/uploads/attachment/file/672715/2021.10.08_17h00_ComunicadoTecnicoDiario_Covid19.pdf,106121884,66049447,47692378,
Mexico,2021-10-09,"Johnson&Johnson, Oxford/AstraZeneca, Moderna, Pfizer/BioNTech, Sinovac, Sputnik V, CanSino",http://www.gob.mx/cms/uploads/attachment/file/672774/2021.10.09_17h00_ComunicadoTecnicoDiario_Covid19.pdf,106730702,66225915,48166370,
Mexico,2021-10-10,"Johnson&Johnson, Oxford/AstraZeneca, Moderna, Pfizer/BioNTech, Sinovac, Sputnik V, CanSino",http://www.gob.mx/cms/uploads/attachment/file/672799/2021.10.10_17h00_ComunicadoTecnicoDiario_Covid19.pdf,107154354,66324955,,
Mexico,2021-10-11,"Johnson&Johnson, Oxford/AstraZeneca, Moderna, Pfizer/BioNTech, Sinovac, Sputnik V, CanSino",http://www.gob.mx/cms/uploads/attachment/file/673270/2021.10.11_17h00_ComunicadoTecnicoDiario_Covid19.pdf,107381477,66680553,48482445,
Mexico,2021-10-12,"Johnson&Johnson, Oxford/AstraZeneca, Moderna, Pfizer/BioNTech, Sinovac, Sputnik V, CanSino",http://www.gob.mx/cms/uploads/attachment/file/673546/2021.10.12_17h00_ComunicadoTecnicoDiario_Covid19.pdf,107921674,66900796,48874683,
Mexico,2021-10-14,"Johnson&Johnson, Oxford/AstraZeneca, Moderna, Pfizer/BioNTech, Sinovac, Sputnik V, CanSino",http://www.gob.mx/cms/uploads/attachment/file/673822/2021.10.13_17h00_ComunicadoTecnicoDiario_Covid19.pdf,108947179,67340974,49588993,
Mexico,2021-10-17,"Johnson&Johnson, Oxford/AstraZeneca, Moderna, Pfizer/BioNTech, Sinovac, Sputnik V, CanSino",http://www.gob.mx/cms/uploads/attachment/file/674503/2021.10.15_17h00_ComunicadoTecnicoDiario_Covid19.pdf,110574539,67957153,50772621,
Mexico,2021-10-18,"Johnson&Johnson, Oxford/AstraZeneca, Moderna, Pfizer/BioNTech, Sinovac, Sputnik V, CanSino",http://www.gob.mx/cms/uploads/attachment/file/674901/2021.10.18_17h00_ComunicadoTecnicoDiario_Covid19__1_.pdf,112198441,69105502,51291609,
Mexico,2021-10-19,"Johnson&Johnson, Oxford/AstraZeneca, Moderna, Pfizer/BioNTech, Sinovac, Sputnik V, CanSino",http://www.gob.mx/cms/uploads/attachment/file/675206/2021.10.19_17h00_ComunicadoTecnicoDiario_Covid19.pdf,112603277,69301136,51521552,
Mexico,2021-10-20,"Johnson&Johnson, Oxford/AstraZeneca, Moderna, Pfizer/BioNTech, Sinovac, Sputnik V, CanSino",http://www.gob.mx/cms/uploads/attachment/file/675448/2021.10.20_17h00_ComunicadoTecnicoDiario_Covid19.pdf,112996000,69478811,51763221,
Mexico,2021-10-21,"Johnson&Johnson, Oxford/AstraZeneca, Moderna, Pfizer/BioNTech, Sinovac, Sputnik V, CanSino",http://www.gob.mx/cms/uploads/attachment/file/675822/2021.10.21_17h00_ComunicadoTecnicoDiario_Covid19.pdf,113471215,69612911,52117827,
Mexico,2021-10-22,"Johnson&Johnson, Oxford/AstraZeneca, Moderna, Pfizer/BioNTech, Sinovac, Sputnik V, CanSino",http://www.gob.mx/cms/uploads/attachment/file/676334/2021.10.22_17h00_ComunicadoTecnicoDiario_Covid19.pdf,113957610,69724549,52499013,
Mexico,2021-10-23,"Johnson&Johnson, Oxford/AstraZeneca, Moderna, Pfizer/BioNTech, Sinovac, Sputnik V, CanSino",http://www.gob.mx/cms/uploads/attachment/file/676405/2021.10.23_17h00_ComunicadoTecnicoDiario_Covid19.pdf,114558359,69879788,52949966,
Mexico,2021-10-24,"Johnson&Johnson, Oxford/AstraZeneca, Moderna, Pfizer/BioNTech, Sinovac, Sputnik V, CanSino",http://www.gob.mx/cms/uploads/attachment/file/676434/2021.10.24_17h00_ComunicadoTecnicoDiario_Covid19.pdf,115185985,69974180,53487503,
Mexico,2021-10-25,"Johnson&Johnson, Oxford/AstraZeneca, Moderna, Pfizer/BioNTech, Sinovac, Sputnik V, CanSino",http://www.gob.mx/cms/uploads/attachment/file/677177/2021.10.25_17h00_ComunicadoTecnicoDiario_Covid19.pdf,115624628,70049066,53853917,
Mexico,2021-10-26,"Johnson&Johnson, Oxford/AstraZeneca, Moderna, Pfizer/BioNTech, Sinovac, Sputnik V, CanSino",http://www.gob.mx/cms/uploads/attachment/file/677629/2021.10.26_17h00_ComunicadoTecnicoDiario_Covid19.pdf,117240849,70996565,54683434,
Mexico,2021-10-29,"Johnson&Johnson, Oxford/AstraZeneca, Moderna, Pfizer/BioNTech, Sinovac, Sputnik V, CanSino",http://www.gob.mx/cms/uploads/attachment/file/678048/2021.10.28_17h00_ComunicadoTecnicoDiario_Covid19.pdf,118849796,71366205,55942853,
Mexico,2021-10-30,"Johnson&Johnson, Oxford/AstraZeneca, Moderna, Pfizer/BioNTech, Sinovac, Sputnik V, CanSino",http://www.gob.mx/cms/uploads/attachment/file/678697/2021.10.30_17h00_ComunicadoTecnicoDiario_Covid19.pdf,126095919,74560444,60366148,
Mexico,2021-10-31,"Johnson&Johnson, Oxford/AstraZeneca, Moderna, Pfizer/BioNTech, Sinovac, Sputnik V, CanSino",http://www.gob.mx/cms/uploads/attachment/file/678711/2021.10.31_17h00_ComunicadoTecnicoDiario_Covid19.pdf,126339370,74607721,60565545,
Mexico,2021-11-01,"Johnson&Johnson, Oxford/AstraZeneca, Moderna, Pfizer/BioNTech, Sinovac, Sputnik V, CanSino",http://www.gob.mx/cms/uploads/attachment/file/678895/2021.11.01_17h00_ComunicadoTecnicoDiario_Covid19.pdf,126429271,74634486,60629516,
Mexico,2021-11-03,"Johnson&Johnson, Oxford/AstraZeneca, Moderna, Pfizer/BioNTech, Sinovac, Sputnik V, CanSino",http://www.gob.mx/cms/uploads/attachment/file/679573/2021.11.03_17h00_ComunicadoTecnicoDiario_Covid19.pdf,126522110,74642433,60714988,
Mexico,2021-11-04,"Johnson&Johnson, Oxford/AstraZeneca, Moderna, Pfizer/BioNTech, Sinovac, Sputnik V, CanSino",http://www.gob.mx/cms/uploads/attachment/file/680207/2021.11.04_17h00_ComunicadoTecnicoDiario_Covid19__4_.pdf,126884663,74687340,61036413,
Mexico,2021-11-07,"Johnson&Johnson, Oxford/AstraZeneca, Moderna, Pfizer/BioNTech, Sinovac, Sputnik V, CanSino",http://www.gob.mx/cms/uploads/attachment/file/680428/2021.11.07_17h00_ComunicadoTecnicoDiario_Covid19.pdf,128241025,74937548,62164245,
Mexico,2021-11-08,"Johnson&Johnson, Oxford/AstraZeneca, Moderna, Pfizer/BioNTech, Sinovac, Sputnik V, CanSino",http://www.gob.mx/cms/uploads/attachment/file/680695/2021.11.08_17h00_ComunicadoTecnicoDiario_Covid19.pdf,128356362,74953313,62264479,
Mexico,2021-11-10,"Johnson&Johnson, Oxford/AstraZeneca, Moderna, Pfizer/BioNTech, Sinovac, Sputnik V, CanSino",http://www.gob.mx/cms/uploads/attachment/file/681190/2021.11.10_17h00_ComunicadoTecnicoDiario_Covid19.pdf,128940251,75170848,62684986,
Mexico,2021-11-11,"Johnson&Johnson, Oxford/AstraZeneca, Moderna, Pfizer/BioNTech, Sinovac, Sputnik V, CanSino",http://www.gob.mx/cms/uploads/attachment/file/681526/2021.11.11_17h00_ComunicadoTecnicoDiario_Covid19.pdf,129201826,75260370,62881897,
Mexico,2021-11-14,"Johnson&Johnson, Oxford/AstraZeneca, Moderna, Pfizer/BioNTech, Sinovac, Sputnik V, CanSino",http://www.gob.mx/cms/uploads/attachment/file/681900/2021.11.14_17h00_ComunicadoTecnicoDiario_Covid19.pdf,129806147,75439928,63353433,
Mexico,2021-11-15,"Johnson&Johnson, Oxford/AstraZeneca, Moderna, Pfizer/BioNTech, Sinovac, Sputnik V, CanSino",http://www.gob.mx/cms/uploads/attachment/file/681922/2021.11.15_17h00_ComunicadoTecnicoDiario_Covid19.pdf,129859458,75455207,63394870,
Mexico,2021-11-16,"Johnson&Johnson, Oxford/AstraZeneca, Moderna, Pfizer/BioNTech, Sinovac, Sputnik V, CanSino",http://www.gob.mx/cms/uploads/attachment/file/682081/2021.11.16_17h00_ComunicadoTecnicoDiario_Covid19.pdf,129874396,75459027,63407243,
Mexico,2021-11-17,"Johnson&Johnson, Oxford/AstraZeneca, Moderna, Pfizer/BioNTech, Sinovac, Sputnik V, CanSino",http://www.gob.mx/cms/uploads/attachment/file/682260/2021.11.17_17h00_ComunicadoTecnicoDiario_Covid19.pdf,129993156,75497762,63495569,
Mexico,2021-11-18,"Johnson&Johnson, Oxford/AstraZeneca, Moderna, Pfizer/BioNTech, Sinovac, Sputnik V, CanSino",http://www.gob.mx/cms/uploads/attachment/file/682430/2021.11.18_17h00_ComunicadoTecnicoDiario_Covid19.pdf,130244910,75577084,63690510,
Mexico,2021-11-20,"Johnson&Johnson, Oxford/AstraZeneca, Moderna, Pfizer/BioNTech, Sinovac, Sputnik V, CanSino",http://www.gob.mx/cms/uploads/attachment/file/682661/2021.11.20_17h00.pdf,130789808,75785054,64131916,
Mexico,2021-11-21,"Johnson&Johnson, Oxford/AstraZeneca, Moderna, Pfizer/BioNTech, Sinovac, Sputnik V, CanSino",http://www.gob.mx/cms/uploads/attachment/file/682673/2021.11.21_17h00_ComunicadoTecnicoDiario_Covid19.pdf,130975650,75862107,64249748,
Mexico,2021-11-22,"Johnson&Johnson, Oxford/AstraZeneca, Moderna, Pfizer/BioNTech, Sinovac, Sputnik V, CanSino",http://www.gob.mx/cms/uploads/attachment/file/682910/2021.11.22_17h00_ComunicadoTecnicoDiario_Covid19.pdf,131075161,75896683,64317192,
Mexico,2021-11-24,"Johnson&Johnson, Oxford/AstraZeneca, Moderna, Pfizer/BioNTech, Sinovac, Sputnik V, CanSino",http://www.gob.mx/cms/uploads/attachment/file/683428/2021.11.24_17h00_ComunicadoTecnicoDiario_Covid19.pdf,131379625,76046332,64502180,
Mexico,2021-11-25,"Johnson&Johnson, Oxford/AstraZeneca, Moderna, Pfizer/BioNTech, Sinovac, Sputnik V, CanSino",http://www.gob.mx/cms/uploads/attachment/file/683541/2021.11.25_17h00_ComunicadoTecnicoDiario_Covid19.pdf,131601135,76164064,64618673,
Mexico,2021-11-27,"Johnson&Johnson, Oxford/AstraZeneca, Moderna, Pfizer/BioNTech, Sinovac, Sputnik V, CanSino",http://www.gob.mx/cms/uploads/attachment/file/683856/2021.11.27_17h00_ComunicadoTecnicoDiario_Covid19.pdf,132097392,76480431,64830452,
Mexico,2021-11-28,"Johnson&Johnson, Oxford/AstraZeneca, Moderna, Pfizer/BioNTech, Sinovac, Sputnik V, CanSino",http://www.gob.mx/cms/uploads/attachment/file/683881/2021.11.28_17h00_ComunicadoTecnicoDiario_Covid19__1_.pdf,132308788,76609987,64922896,
Mexico,2021-11-29,"Johnson&Johnson, Oxford/AstraZeneca, Moderna, Pfizer/BioNTech, Sinovac, Sputnik V, CanSino",http://www.gob.mx/cms/uploads/attachment/file/684228/2021.11.29_17h00_ComunicadoTecnicoDiario_Covid19.pdf,132422896,76685147,64971111,
Mexico,2021-11-30,"Johnson&Johnson, Oxford/AstraZeneca, Moderna, Pfizer/BioNTech, Sinovac, Sputnik V, CanSino",http://www.gob.mx/cms/uploads/attachment/file/684496/2021.11.30_17h00_ComunicadoTecnicoDiario_Covid19.pdf,132636811,76845255,65038728,
Mexico,2021-12-01,"Johnson&Johnson, Oxford/AstraZeneca, Moderna, Pfizer/BioNTech, Sinovac, Sputnik V, CanSino",http://www.gob.mx/cms/uploads/attachment/file/685014/2021.12.01_17h00_ComunicadoTecnicoDiario_Covid19.pdf,132840902,77011430,65089672,
Mexico,2021-12-02,"Johnson&Johnson, Oxford/AstraZeneca, Moderna, Pfizer/BioNTech, Sinovac, Sputnik V, CanSino",http://www.gob.mx/cms/uploads/attachment/file/685242/2021.12.02_17h00_ComunicadoTecnicoDiario_Covid19.pdf,133256228,77366309,65166868,
Mexico,2021-12-05,"Johnson&Johnson, Oxford/AstraZeneca, Moderna, Pfizer/BioNTech, Sinovac, Sputnik V, CanSino",http://www.gob.mx/cms/uploads/attachment/file/685695/2021.12.05_17h00_ComunicadoTecnicoDiario_Covid19.pdf,134370326,78268776,65422436,
Mexico,2021-12-08,"Johnson&Johnson, Oxford/AstraZeneca, Moderna, Pfizer/BioNTech, Sinovac, Sputnik V, CanSino",http://www.gob.mx/cms/uploads/attachment/file/686508/2021.12.08_17h00_ComunicadoTecnicoDiario_Covid19.pdf,135022230,78816099,65543077,
Mexico,2021-12-09,"Johnson&Johnson, Oxford/AstraZeneca, Moderna, Pfizer/BioNTech, Sinovac, Sputnik V, CanSino",http://www.gob.mx/cms/uploads/attachment/file/686859/2021.12.09_17h00_ComunicadoTecnicoDiario_Covid19.pdf,135481459,79202068,65630611,
Mexico,2021-12-11,"Johnson&Johnson, Oxford/AstraZeneca, Moderna, Pfizer/BioNTech, Sinovac, Sputnik V, CanSino",http://www.gob.mx/cms/uploads/attachment/file/686988/2021.12.11_17h00_ComunicadoTecnicoDiario_Covid19.pdf,136829147,80191983,66003384,
Mexico,2021-12-12,"Johnson&Johnson, Oxford/AstraZeneca, Moderna, Pfizer/BioNTech, Sinovac, Sputnik V, CanSino",http://www.gob.mx/cms/uploads/attachment/file/686996/2021.12.12_17h00_ComunicadoTecnicoDiario_Covid19.pdf,137169511,80388496,66150375,
Mexico,2021-12-13,"Johnson&Johnson, Oxford/AstraZeneca, Moderna, Pfizer/BioNTech, Sinovac, Sputnik V, CanSino",http://www.gob.mx/cms/uploads/attachment/file/687299/2021.12.13_17h00_ComunicadoTecnicoDiario_Covid19.pdf,137357032,80503005,66225140,
Mexico,2021-12-15,"Johnson&Johnson, Oxford/AstraZeneca, Moderna, Pfizer/BioNTech, Sinovac, Sputnik V, CanSino",http://www.gob.mx/cms/uploads/attachment/file/687644/2021.12.15_17h00_ComunicadoTecnicoDiario_Covid19.pdf,138851637,81770394,66459570,
Mexico,2021-12-16,"Johnson&Johnson, Oxford/AstraZeneca, Moderna, Pfizer/BioNTech, Sinovac, Sputnik V, CanSino",http://www.gob.mx/cms/uploads/attachment/file/687902/2021.12.16_17h00_ComunicadoTecnicoDiario_Covid19.pdf,139820373,81785946,66586509,
Mexico,2021-12-19,"Johnson&Johnson, Oxford/AstraZeneca, Moderna, Pfizer/BioNTech, Sinovac, Sputnik V, CanSino",http://www.gob.mx/cms/uploads/attachment/file/688310/2021.12.19_17h00_ComunicadoTecnicoDiario_Covid19.pdf,141722544,81810589,66740075,
Mexico,2021-12-20,"Johnson&Johnson, Oxford/AstraZeneca, Moderna, Pfizer/BioNTech, Sinovac, Sputnik V, CanSino",http://www.gob.mx/cms/uploads/attachment/file/689135/2021.12.24_17h00_ComunicadoTecnicoDiario_Covid19.pdf,148467260,81913687,72694585,
Mexico,2021-12-24,"Johnson&Johnson, Oxford/AstraZeneca, Moderna, Pfizer/BioNTech, Sinovac, Sputnik V, CanSino",http://www.gob.mx/cms/uploads/attachment/file/689143/2021.12.26_17h00_ComunicadoTecnicoDiario_Covid19.pdf,148504910,81914654,72699095,
Mexico,2021-12-28,"Johnson&Johnson, Oxford/AstraZeneca, Moderna, Pfizer/BioNTech, Sinovac, Sputnik V, CanSino",http://www.gob.mx/cms/uploads/attachment/file/689424/2021.12.29_17h00_ComunicadoTecnicoDiario_Covid19.pdf,148689393,81915851,72751888,
Mexico,2021-12-30,"Johnson&Johnson, Oxford/AstraZeneca, Moderna, Pfizer/BioNTech, Sinovac, Sputnik V, CanSino",http://www.gob.mx/cms/uploads/attachment/file/689703/2021.12.30_17h00_ComunicadoTecnicoDiario_Covid19.pdf,148814260,81916007,72780356,
Mexico,2022-01-01,"Johnson&Johnson, Oxford/AstraZeneca, Moderna, Pfizer/BioNTech, Sinovac, Sputnik V, CanSino",http://www.gob.mx/cms/uploads/attachment/file/689975/2021.12.31_17h00_ComunicadoTecnicoDiario_Covid19.pdf,148938454,81916351,72846741,
Mexico,2022-01-02,"Johnson&Johnson, Oxford/AstraZeneca, Moderna, Pfizer/BioNTech, Sinovac, Sputnik V, CanSino",http://www.gob.mx/cms/uploads/attachment/file/692805/2022.01.16_17h00_ComunicadoTecnicoDiario_Covid19.pdf,148943207,81916395,72849124,
Mexico,2022-01-03,"Johnson&Johnson, Oxford/AstraZeneca, Moderna, Pfizer/BioNTech, Sinovac, Sputnik V, CanSino",http://www.gob.mx/cms/uploads/attachment/file/692805/2022.01.16_17h00_ComunicadoTecnicoDiario_Covid19.pdf,148943382,81916418,72849255,
Mexico,2022-01-04,"Johnson&Johnson, Oxford/AstraZeneca, Moderna, Pfizer/BioNTech, Sinovac, Sputnik V, CanSino",http://www.gob.mx/cms/uploads/attachment/file/692805/2022.01.16_17h00_ComunicadoTecnicoDiario_Covid19.pdf,149382709,82091136,72881907,
Mexico,2022-01-05,"Johnson&Johnson, Oxford/AstraZeneca, Moderna, Pfizer/BioNTech, Sinovac, Sputnik V, CanSino",http://www.gob.mx/cms/uploads/attachment/file/692805/2022.01.16_17h00_ComunicadoTecnicoDiario_Covid19.pdf,149574164,82114490,72979978,
Mexico,2022-01-06,"Johnson&Johnson, Oxford/AstraZeneca, Moderna, Pfizer/BioNTech, Sinovac, Sputnik V, CanSino",http://www.gob.mx/cms/uploads/attachment/file/692805/2022.01.16_17h00_ComunicadoTecnicoDiario_Covid19.pdf,150180676,82152852,73347525,
Mexico,2022-01-08,"Johnson&Johnson, Oxford/AstraZeneca, Moderna, Pfizer/BioNTech, Sinovac, Sputnik V, CanSino",http://www.gob.mx/cms/uploads/attachment/file/692805/2022.01.16_17h00_ComunicadoTecnicoDiario_Covid19.pdf,151464652,82350939,73840012,
Mexico,2022-01-09,"Johnson&Johnson, Oxford/AstraZeneca, Moderna, Pfizer/BioNTech, Sinovac, Sputnik V, CanSino",http://www.gob.mx/cms/uploads/attachment/file/692805/2022.01.16_17h00_ComunicadoTecnicoDiario_Covid19.pdf,151945143,82407688,74053608,
Mexico,2022-01-10,"Johnson&Johnson, Oxford/AstraZeneca, Moderna, Pfizer/BioNTech, Sinovac, Sputnik V, CanSino",http://www.gob.mx/cms/uploads/attachment/file/692805/2022.01.16_17h00_ComunicadoTecnicoDiario_Covid19.pdf,152051707,82425639,74107031,
Mexico,2022-01-11,"Johnson&Johnson, Oxford/AstraZeneca, Moderna, Pfizer/BioNTech, Sinovac, Sputnik V, CanSino",http://www.gob.mx/cms/uploads/attachment/file/692805/2022.01.16_17h00_ComunicadoTecnicoDiario_Covid19.pdf,152315526,82482249,74236740,
Mexico,2022-01-13,"Johnson&Johnson, Oxford/AstraZeneca, Moderna, Pfizer/BioNTech, Sinovac, Sputnik V, CanSino",http://www.gob.mx/cms/uploads/attachment/file/692805/2022.01.16_17h00_ComunicadoTecnicoDiario_Covid19.pdf,153673555,82626877,74761824,
Mexico,2022-01-14,"Johnson&Johnson, Oxford/AstraZeneca, Moderna, Pfizer/BioNTech, Sinovac, Sputnik V, CanSino",http://www.gob.mx/cms/uploads/attachment/file/692805/2022.01.16_17h00_ComunicadoTecnicoDiario_Covid19.pdf,154611440,82725740,75060397,
Mexico,2022-01-15,"Johnson&Johnson, Oxford/AstraZeneca, Moderna, Pfizer/BioNTech, Sinovac, Sputnik V, CanSino",http://www.gob.mx/cms/uploads/attachment/file/692805/2022.01.16_17h00_ComunicadoTecnicoDiario_Covid19.pdf,155420388,82815932,75374678,
Mexico,2022-01-16,"Johnson&Johnson, Oxford/AstraZeneca, Moderna, Pfizer/BioNTech, Sinovac, Sputnik V, CanSino",http://www.gob.mx/cms/uploads/attachment/file/692805/2022.01.16_17h00_ComunicadoTecnicoDiario_Covid19.pdf,155882479,82898265,75617241,
Mexico,2022-01-18,"Johnson&Johnson, Oxford/AstraZeneca, Moderna, Pfizer/BioNTech, Sinovac, Sputnik V, CanSino",http://www.gob.mx/cms/uploads/attachment/file/693607/2022.01.18_17h00_ComunicadoTecnicoDiario_Covid19.pdf,156419272,82952806,75809119,
Mexico,2022-01-19,"Johnson&Johnson, Oxford/AstraZeneca, Moderna, Pfizer/BioNTech, Sinovac, Sputnik V, CanSino",http://www.gob.mx/cms/uploads/attachment/file/693920/2022.01.19_17h00_ComunicadoTecnicoDiario_Covid19.pdf,157145915,83002950,76006592,
Mexico,2022-01-20,"Johnson&Johnson, Oxford/AstraZeneca, Moderna, Pfizer/BioNTech, Sinovac, Sputnik V, CanSino",http://www.gob.mx/cms/uploads/attachment/file/694252/2022.01.20_17h00_ComunicadoTecnicoDiario_Covid19.pdf,157875271,83049588,76179149,
Mexico,2022-01-21,"Johnson&Johnson, Oxford/AstraZeneca, Moderna, Pfizer/BioNTech, Sinovac, Sputnik V, CanSino",http://www.gob.mx/cms/uploads/attachment/file/694566/2022.01.21_17h00_ComunicadoTecnicoDiario_Covid19.pdf,158656184,83159111,76345784,
Mexico,2022-01-23,"Johnson&Johnson, Oxford/AstraZeneca, Moderna, Pfizer/BioNTech, Sinovac, Sputnik V, CanSino",http://www.gob.mx/cms/uploads/attachment/file/694682/2022.01.23_17h00_ComunicadoTecnicoDiario_Covid19__1_.pdf,160480629,83323226,76519923,
Mexico,2022-01-24,"Johnson&Johnson, Oxford/AstraZeneca, Moderna, Pfizer/BioNTech, Sinovac, Sputnik V, CanSino",http://www.gob.mx/cms/uploads/attachment/file/694838/2022.01.24_17h00_ComunicadoTecnicoDiario_Covid19.pdf,160816753,83329994,76560077,
Mexico,2022-01-25,"Johnson&Johnson, Oxford/AstraZeneca, Moderna, Pfizer/BioNTech, Sinovac, Sputnik V, CanSino",http://www.gob.mx/cms/uploads/attachment/file/695292/2022.01.25_17h00_ComunicadoTecnicoDiario_Covid19.pdf,161466948,83349759,76618411,
Mexico,2022-01-26,"Johnson&Johnson, Oxford/AstraZeneca, Moderna, Pfizer/BioNTech, Sinovac, Sputnik V, CanSino",http://www.gob.mx/cms/uploads/attachment/file/696179/2022.01.26_17h00_ComunicadoTecnicoDiario_Covid19.pdf,161997209,83386735,76701452,
Mexico,2022-01-27,"Johnson&Johnson, Oxford/AstraZeneca, Moderna, Pfizer/BioNTech, Sinovac, Sputnik V, CanSino",http://www.gob.mx/cms/uploads/attachment/file/698984/2022.01.28_17h00_ComunicadoTecnicoDiario_Covid19.pdf,164844649,83510659,76941127,
Mexico,2022-01-30,"Johnson&Johnson, Oxford/AstraZeneca, Moderna, Pfizer/BioNTech, Sinovac, Sputnik V, CanSino",http://www.gob.mx/cms/uploads/attachment/file/700101/2022.01.30_17h00_ComunicadoTecnicoDiario_Covid19.pdf,165543906,83612558,77129336,
Mexico,2022-01-31,"Johnson&Johnson, Oxford/AstraZeneca, Moderna, Pfizer/BioNTech, Sinovac, Sputnik V, CanSino",http://www.gob.mx/cms/uploads/attachment/file/700381/2022.01.31_17h00_ComunicadoTecnicoDiario_Covid19.pdf,165750330,83620573,77159476,
Mexico,2022-02-01,"Johnson&Johnson, Oxford/AstraZeneca, Moderna, Pfizer/BioNTech, Sinovac, Sputnik V, CanSino",http://www.gob.mx/cms/uploads/attachment/file/700813/2022.02.01_17h00_ComunicadoTecnicoDiario_Covid19.pdf,166102210,83651266,77242259,
Mexico,2022-02-02,"Johnson&Johnson, Oxford/AstraZeneca, Moderna, Pfizer/BioNTech, Sinovac, Sputnik V, CanSino",http://www.gob.mx/cms/uploads/attachment/file/701422/2022.02.02_17h00_ComunicadoTecnicoDiario_Covid19.pdf,166768826,83683108,77298207,
Mexico,2022-02-03,"Johnson&Johnson, Oxford/AstraZeneca, Moderna, Pfizer/BioNTech, Sinovac, Sputnik V, CanSino",http://www.gob.mx/cms/uploads/attachment/file/701664/2022.02.03_17h00_ComunicadoTecnicoDiario_Covid19.pdf,167682458,83729127,77378510,
Mexico,2022-02-04,"Johnson&Johnson, Oxford/AstraZeneca, Moderna, Pfizer/BioNTech, Sinovac, Sputnik V, CanSino",http://www.gob.mx/cms/uploads/attachment/file/701981/2022.02.04_17h00_ComunicadoTecnicoDiario_Covid19.pdf,168535697,83812313,77478070,
Mexico,2022-02-06,"Johnson&Johnson, Oxford/AstraZeneca, Moderna, Pfizer/BioNTech, Sinovac, Sputnik V, CanSino",http://www.gob.mx/cms/uploads/attachment/file/702070/2022.02.06_17h00_ComunicadoTecnicoDiario_Covid19.pdf,169627892,83893768,77601746,
Mexico,2022-02-07,"Johnson&Johnson, Oxford/AstraZeneca, Moderna, Pfizer/BioNTech, Sinovac, Sputnik V, CanSino",http://www.gob.mx/cms/uploads/attachment/file/702075/2022.02.07_17h00_ComunicadoTecnicoDiario_Covid19.pdf,169681294,83903511,77614361,
Mexico,2022-02-08,"Johnson&Johnson, Oxford/AstraZeneca, Moderna, Pfizer/BioNTech, Sinovac, Sputnik V, CanSino",http://www.gob.mx/cms/uploads/attachment/file/702346/2022.02.08_17h00_ComunicadoTecnicoDiario_Covid19.pdf,169815314,83917663,77632311,
Mexico,2022-02-09,"Johnson&Johnson, Oxford/AstraZeneca, Moderna, Pfizer/BioNTech, Sinovac, Sputnik V, CanSino",http://www.gob.mx/cms/uploads/attachment/file/702511/2022.02.09_17h00_ComunicadoTecnicoDiario_Covid19.pdf,170203675,83936198,77659769,
Mexico,2022-02-10,"Johnson&Johnson, Oxford/AstraZeneca, Moderna, Pfizer/BioNTech, Sinovac, Sputnik V, CanSino",http://www.gob.mx/cms/uploads/attachment/file/702697/2022.02.10_17h00_ComunicadoTecnicoDiario_Covid19.pdf,170713604,83967069,77705833,
Mexico,2022-02-11,"Johnson&Johnson, Oxford/AstraZeneca, Moderna, Pfizer/BioNTech, Sinovac, Sputnik V, CanSino",http://www.gob.mx/cms/uploads/attachment/file/702902/2022.02.11_17h00_ComunicadoTecnicoDiario_Covid19.pdf,171453754,84016011,77809539,
Mexico,2022-02-12,"Johnson&Johnson, Oxford/AstraZeneca, Moderna, Pfizer/BioNTech, Sinovac, Sputnik V, CanSino",http://www.gob.mx/cms/uploads/attachment/file/702949/2022.02.12_17h00_ComunicadoTecnicoDiario_Covid19.pdf,172046323,84064526,77885188,
Mexico,2022-02-13,"Johnson&Johnson, Oxford/AstraZeneca, Moderna, Pfizer/BioNTech, Sinovac, Sputnik V, CanSino",http://www.gob.mx/cms/uploads/attachment/file/702958/2022.02.13_17h00_ComunicadoTecnicoDiario_Covid19.pdf,172480864,84097727,77924179,
Mexico,2022-02-14,"Johnson&Johnson, Oxford/AstraZeneca, Moderna, Pfizer/BioNTech, Sinovac, Sputnik V, CanSino",http://www.gob.mx/cms/uploads/attachment/file/703163/2022.02.14_17h00_ComunicadoTecnicoDiario_Covid19.pdf,172673715,84112878,77952732,
Mexico,2022-02-15,"Johnson&Johnson, Oxford/AstraZeneca, Moderna, Pfizer/BioNTech, Sinovac, Sputnik V, CanSino",http://www.gob.mx/cms/uploads/attachment/file/703378/2022.02.15_17h00_ComunicadoTecnicoDiario_Covid19.pdf,173037874,84765334,78499390,
Mexico,2022-02-16,"Johnson&Johnson, Oxford/AstraZeneca, Moderna, Pfizer/BioNTech, Sinovac, Sputnik V, CanSino",http://www.gob.mx/cms/uploads/attachment/file/703736/2022.02.16_17h00_ComunicadoTecnicoDiario_Covid19.pdf,173826545,84782507,78528456,
Mexico,2022-02-17,"Johnson&Johnson, Oxford/AstraZeneca, Moderna, Pfizer/BioNTech, Sinovac, Sputnik V, CanSino",http://www.gob.mx/cms/uploads/attachment/file/704030/2022.02.17_17h00_ComunicadoTecnicoDiario_Covid19.pdf,174967379,84920810,78556148,
Mexico,2022-02-18,"Johnson&Johnson, Oxford/AstraZeneca, Moderna, Pfizer/BioNTech, Sinovac, Sputnik V, CanSino",http://www.gob.mx/cms/uploads/attachment/file/704248/2022.02.18_17h00_ComunicadoTecnicoDiario_Covid19.pdf,176177592,84958858,78569196,
Mexico,2022-02-20,"Johnson&Johnson, Oxford/AstraZeneca, Moderna, Pfizer/BioNTech, Sinovac, Sputnik V, CanSino",http://www.gob.mx/cms/uploads/attachment/file/704285/2022.02.20_17h00_ComunicadoTecnicoDiario_Covid19.pdf,177918897,85041305,78663516,
Mexico,2022-02-21,"Johnson&Johnson, Oxford/AstraZeneca, Moderna, Pfizer/BioNTech, Sinovac, Sputnik V, CanSino",http://www.gob.mx/cms/uploads/attachment/file/704600/2022.02.21_17h00_ComunicadoTecnicoDiario_Covid19__1_.pdf,178130383,85050217,78680575,
Mexico,2022-02-23,"Johnson&Johnson, Oxford/AstraZeneca, Moderna, Pfizer/BioNTech, Sinovac, Sputnik V, CanSino",http://www.gob.mx/cms/uploads/attachment/file/705418/2022.02.23_17h00_ComunicadoTecnicoDiario_Covid19.pdf,179274307,85083649,78750047,
Mexico,2022-02-24,"Johnson&Johnson, Oxford/AstraZeneca, Moderna, Pfizer/BioNTech, Sinovac, Sputnik V, CanSino",http://www.gob.mx/cms/uploads/attachment/file/706004/2022.02.24_17h00_ComunicadoTecnicoDiario_Covid19.pdf,180066010,85113370,78798251,
Mexico,2022-02-27,"Johnson&Johnson, Oxford/AstraZeneca, Moderna, Pfizer/BioNTech, Sinovac, Sputnik V, CanSino",http://www.gob.mx/cms/uploads/attachment/file/706210/2022.02.27_17h00_ComunicadoTecnicoDiario_Covid19.pdf,181637603,85179352,78888689,
Mexico,2022-02-28,"Johnson&Johnson, Oxford/AstraZeneca, Moderna, Pfizer/BioNTech, Sinovac, Sputnik V, CanSino",http://www.gob.mx/cms/uploads/attachment/file/706474/2022.02.28_17h00_ComunicadoTecnicoDiario_Covid19.pdf,181945907,85192820,78915838,
