location,date,vaccine,source_url,total_vaccinations,people_vaccinated,people_fully_vaccinated,total_boosters
Moldova,2021-03-05,"Oxford/AstraZeneca, Pfizer/BioNTech",https://msmps.gov.md/comunicare/comunicate/republica-moldova-este-prima-tara-din-regiunea-europeana-care-a-receptionat-vaccinul-impotriva-covid-19-prin-mecanismul-covax/,3849,3849,,
Moldova,2021-03-10,"Oxford/AstraZeneca, Pfizer/BioNTech",https://vaccinare.gov.md/,6447,6447,0,
Moldova,2021-03-11,"Oxford/AstraZeneca, Pfizer/BioNTech",https://vaccinare.gov.md/,8116,8116,0,
Moldova,2021-03-12,"Oxford/AstraZeneca, Pfizer/BioNTech",https://vaccinare.gov.md/,9341,9341,0,
Moldova,2021-03-13,"Oxford/AstraZeneca, Pfizer/BioNTech",https://vaccinare.gov.md/,11431,11431,0,
Moldova,2021-03-15,"Oxford/AstraZeneca, Pfizer/BioNTech, Sinopharm/Beijing",https://vaccinare.gov.md/,12754,12754,0,
Moldova,2021-03-16,"Oxford/AstraZeneca, Pfizer/BioNTech, Sinopharm/Beijing",https://vaccinare.gov.md/,14814,14814,0,
Moldova,2021-03-17,"Oxford/AstraZeneca, Pfizer/BioNTech, Sinopharm/Beijing",https://vaccinare.gov.md/,16131,16131,0,
Moldova,2021-03-19,"Oxford/AstraZeneca, Pfizer/BioNTech, Sinopharm/Beijing",https://vaccinare.gov.md/,18593,18593,0,
Moldova,2021-03-21,"Oxford/AstraZeneca, Pfizer/BioNTech, Sinopharm/Beijing",https://vaccinare.gov.md/,20494,20494,0,
Moldova,2021-03-23,"Oxford/AstraZeneca, Pfizer/BioNTech, Sinopharm/Beijing",https://vaccinare.gov.md/,21194,21194,0,
Moldova,2021-03-24,"Oxford/AstraZeneca, Pfizer/BioNTech, Sinopharm/Beijing",https://vaccinare.gov.md/,23454,23454,0,
Moldova,2021-03-25,"Oxford/AstraZeneca, Pfizer/BioNTech, Sinopharm/Beijing",https://vaccinare.gov.md/,27445,27445,0,
Moldova,2021-03-26,"Oxford/AstraZeneca, Pfizer/BioNTech, Sinopharm/Beijing",https://vaccinare.gov.md/,30722,30722,0,
Moldova,2021-03-27,"Oxford/AstraZeneca, Pfizer/BioNTech, Sinopharm/Beijing",https://vaccinare.gov.md/,33885,33885,0,
Moldova,2021-03-31,"Oxford/AstraZeneca, Pfizer/BioNTech, Sinopharm/Beijing",https://vaccinare.gov.md/,40321,40321,0,
Moldova,2021-04-01,"Oxford/AstraZeneca, Pfizer/BioNTech, Sinopharm/Beijing",https://vaccinare.gov.md/,42154,42154,0,
Moldova,2021-04-04,"Oxford/AstraZeneca, Pfizer/BioNTech, Sinopharm/Beijing",https://vaccinare.gov.md/,47524,47524,0,
Moldova,2021-04-06,"Oxford/AstraZeneca, Pfizer/BioNTech, Sinopharm/Beijing",https://vaccinare.gov.md/,51574,51574,0,
Moldova,2021-04-07,"Oxford/AstraZeneca, Pfizer/BioNTech, Sinopharm/Beijing",https://vaccinare.gov.md/,54907,54907,0,
Moldova,2021-04-09,"Oxford/AstraZeneca, Pfizer/BioNTech, Sinopharm/Beijing",https://vaccinare.gov.md/,57561,57561,0,
Moldova,2021-04-11,"Oxford/AstraZeneca, Pfizer/BioNTech, Sinopharm/Beijing",https://vaccinare.gov.md/,64179,64179,0,
Moldova,2021-04-12,"Oxford/AstraZeneca, Pfizer/BioNTech, Sinopharm/Beijing",https://vaccinare.gov.md/,67085,67085,0,
Moldova,2021-04-13,"Oxford/AstraZeneca, Pfizer/BioNTech, Sinopharm/Beijing",https://vaccinare.gov.md/,71780,71780,0,
Moldova,2021-04-14,"Oxford/AstraZeneca, Pfizer/BioNTech, Sinopharm/Beijing",https://vaccinare.gov.md/,78665,,,
Moldova,2021-04-15,"Oxford/AstraZeneca, Pfizer/BioNTech, Sinopharm/Beijing",https://vaccinare.gov.md/,86016,78019,7997,
Moldova,2021-04-16,"Oxford/AstraZeneca, Pfizer/BioNTech, Sinopharm/Beijing",https://vaccinare.gov.md/,91743,82267,9476,
Moldova,2021-04-18,"Oxford/AstraZeneca, Pfizer/BioNTech, Sinopharm/Beijing",https://vaccinare.gov.md/,93466,83641,9825,
Moldova,2021-04-19,"Oxford/AstraZeneca, Pfizer/BioNTech, Sinopharm/Beijing",https://vaccinare.gov.md/,96372,86131,10241,
Moldova,2021-04-20,"Oxford/AstraZeneca, Pfizer/BioNTech, Sinopharm/Beijing",https://vaccinare.gov.md/,99639,88824,10815,
Moldova,2021-04-22,"Oxford/AstraZeneca, Pfizer/BioNTech, Sinopharm/Beijing",https://vaccinare.gov.md/,109899,98541,11358,
Moldova,2021-04-23,"Oxford/AstraZeneca, Pfizer/BioNTech, Sinopharm/Beijing",https://vaccinare.gov.md/,120254,108760,11494,
Moldova,2021-04-26,"Oxford/AstraZeneca, Pfizer/BioNTech, Sinopharm/Beijing",https://vaccinare.gov.md/,124695,113135,11560,
Moldova,2021-04-27,"Oxford/AstraZeneca, Pfizer/BioNTech, Sinopharm/Beijing",https://vaccinare.gov.md/,132600,119583,13017,
Moldova,2021-04-28,"Oxford/AstraZeneca, Pfizer/BioNTech, Sinopharm/Beijing",https://vaccinare.gov.md/,139505,124505,15000,
Moldova,2021-04-29,"Oxford/AstraZeneca, Pfizer/BioNTech, Sinopharm/Beijing",https://vaccinare.gov.md/,145117,128587,16530,
Moldova,2021-04-30,"Oxford/AstraZeneca, Pfizer/BioNTech, Sinopharm/Beijing",https://vaccinare.gov.md/,147315,130218,17097,
Moldova,2021-05-04,"Oxford/AstraZeneca, Pfizer/BioNTech, Sinopharm/Beijing",https://vaccinare.gov.md/,150384,132065,18319,
Moldova,2021-05-05,"Oxford/AstraZeneca, Pfizer/BioNTech, Sinopharm/Beijing, Sputnik V",https://vaccinare.gov.md/,160476,140174,20302,
Moldova,2021-05-06,"Oxford/AstraZeneca, Pfizer/BioNTech, Sinopharm/Beijing, Sputnik V",https://vaccinare.gov.md/,171820,150173,21647,
Moldova,2021-05-07,"Oxford/AstraZeneca, Pfizer/BioNTech, Sinopharm/Beijing, Sputnik V",https://vaccinare.gov.md/,182717,159420,23297,
Moldova,2021-05-08,"Oxford/AstraZeneca, Pfizer/BioNTech, Sinopharm/Beijing, Sputnik V",https://vaccinare.gov.md/,184660,161266,23394,
Moldova,2021-05-10,"Oxford/AstraZeneca, Pfizer/BioNTech, Sinopharm/Beijing, Sputnik V",https://vaccinare.gov.md/,185292,161849,23443,
Moldova,2021-05-11,"Oxford/AstraZeneca, Pfizer/BioNTech, Sinopharm/Beijing, Sputnik V",https://vaccinare.gov.md/,192845,167476,25369,
Moldova,2021-05-12,"Oxford/AstraZeneca, Pfizer/BioNTech, Sinopharm/Beijing, Sputnik V",https://vaccinare.gov.md/,202883,175754,27129,
Moldova,2021-05-13,"Oxford/AstraZeneca, Pfizer/BioNTech, Sinopharm/Beijing, Sputnik V",https://vaccinare.gov.md/,216740,187446,29294,
Moldova,2021-05-14,"Oxford/AstraZeneca, Pfizer/BioNTech, Sinopharm/Beijing, Sputnik V",https://vaccinare.gov.md/,228971,197548,31423,
Moldova,2021-05-15,"Oxford/AstraZeneca, Pfizer/BioNTech, Sinopharm/Beijing, Sputnik V",https://vaccinare.gov.md/,233603,201838,31765,
Moldova,2021-05-17,"Oxford/AstraZeneca, Pfizer/BioNTech, Sinopharm/Beijing, Sputnik V",https://vaccinare.gov.md/,242946,209881,33065,
Moldova,2021-05-18,"Oxford/AstraZeneca, Pfizer/BioNTech, Sinopharm/Beijing, Sputnik V",https://vaccinare.gov.md/,253310,219004,34306,
Moldova,2021-05-19,"Oxford/AstraZeneca, Pfizer/BioNTech, Sinopharm/Beijing, Sputnik V",https://vaccinare.gov.md/,264380,228911,35469,
Moldova,2021-05-20,"Oxford/AstraZeneca, Pfizer/BioNTech, Sinopharm/Beijing, Sputnik V",https://vaccinare.gov.md/,275627,239094,36533,
Moldova,2021-05-21,"Oxford/AstraZeneca, Pfizer/BioNTech, Sinopharm/Beijing, Sputnik V",https://vaccinare.gov.md/,288097,250034,38063,
Moldova,2021-05-22,"Oxford/AstraZeneca, Pfizer/BioNTech, Sinopharm/Beijing, Sputnik V",https://vaccinare.gov.md/,294794,256175,38619,
Moldova,2021-05-23,"Oxford/AstraZeneca, Pfizer/BioNTech, Sinopharm/Beijing, Sputnik V",https://vaccinare.gov.md/,298553,259809,38744,
Moldova,2021-05-24,"Oxford/AstraZeneca, Pfizer/BioNTech, Sinopharm/Beijing, Sputnik V",https://vaccinare.gov.md/,306610,266238,40372,
Moldova,2021-05-25,"Oxford/AstraZeneca, Pfizer/BioNTech, Sinopharm/Beijing, Sputnik V",https://vaccinare.gov.md/,351843,301175,50668,
Moldova,2021-05-27,"Oxford/AstraZeneca, Pfizer/BioNTech, Sinopharm/Beijing, Sputnik V",https://vaccinare.gov.md/,376969,316382,60587,
Moldova,2021-05-28,"Oxford/AstraZeneca, Pfizer/BioNTech, Sinopharm/Beijing, Sputnik V",https://vaccinare.gov.md/,398609,328268,70341,
Moldova,2021-05-29,"Oxford/AstraZeneca, Pfizer/BioNTech, Sinopharm/Beijing, Sputnik V",https://vaccinare.gov.md/,406758,333875,72883,
Moldova,2021-05-31,"Oxford/AstraZeneca, Pfizer/BioNTech, Sinopharm/Beijing, Sputnik V",https://vaccinare.gov.md/,416814,340151,76663,
Moldova,2021-06-01,"Oxford/AstraZeneca, Pfizer/BioNTech, Sinopharm/Beijing, Sputnik V",https://vaccinare.gov.md/,426086,344826,81260,
Moldova,2021-06-02,"Oxford/AstraZeneca, Pfizer/BioNTech, Sinopharm/Beijing, Sputnik V",https://vaccinare.gov.md/,439049,349748,89301,
Moldova,2021-06-03,"Oxford/AstraZeneca, Pfizer/BioNTech, Sinopharm/Beijing, Sputnik V",https://vaccinare.gov.md/,465028,360070,104958,
Moldova,2021-06-05,"Oxford/AstraZeneca, Pfizer/BioNTech, Sinopharm/Beijing, Sputnik V",https://vaccinare.gov.md/,469665,362421,107244,
Moldova,2021-06-06,"Oxford/AstraZeneca, Pfizer/BioNTech, Sinopharm/Beijing, Sputnik V",https://vaccinare.gov.md/,470718,363188,107530,
Moldova,2021-06-07,"Oxford/AstraZeneca, Pfizer/BioNTech, Sinopharm/Beijing, Sputnik V",https://vaccinare.gov.md/,480131,366599,113532,
Moldova,2021-06-09,"Oxford/AstraZeneca, Pfizer/BioNTech, Sinopharm/Beijing, Sputnik V",https://vaccinare.gov.md/,501896,374041,127855,
Moldova,2021-06-10,"Oxford/AstraZeneca, Pfizer/BioNTech, Sinopharm/Beijing, Sputnik V",https://vaccinare.gov.md/,512205,377714,134491,
Moldova,2021-06-11,"Oxford/AstraZeneca, Pfizer/BioNTech, Sinopharm/Beijing, Sputnik V",https://vaccinare.gov.md/,522848,381141,141707,
Moldova,2021-06-12,"Oxford/AstraZeneca, Pfizer/BioNTech, Sinopharm/Beijing, Sputnik V",https://vaccinare.gov.md/,528421,382803,145618,
Moldova,2021-06-13,"Oxford/AstraZeneca, Pfizer/BioNTech, Sinopharm/Beijing, Sputnik V",https://vaccinare.gov.md/,530364,383429,146935,
Moldova,2021-06-14,"Oxford/AstraZeneca, Pfizer/BioNTech, Sinopharm/Beijing, Sputnik V",https://vaccinare.gov.md/,538879,385969,152910,
Moldova,2021-06-15,"Oxford/AstraZeneca, Pfizer/BioNTech, Sinopharm/Beijing, Sputnik V",https://vaccinare.gov.md/,556597,388808,167789,
Moldova,2021-06-16,"Oxford/AstraZeneca, Pfizer/BioNTech, Sinopharm/Beijing, Sputnik V",https://vaccinare.gov.md/,577763,391279,186484,
Moldova,2021-06-17,"Oxford/AstraZeneca, Pfizer/BioNTech, Sinopharm/Beijing, Sputnik V",https://vaccinare.gov.md/,597494,394554,202940,
Moldova,2021-06-18,"Oxford/AstraZeneca, Pfizer/BioNTech, Sinopharm/Beijing, Sputnik V",https://vaccinare.gov.md/,613587,397151,216436,
Moldova,2021-06-19,"Oxford/AstraZeneca, Pfizer/BioNTech, Sinopharm/Beijing, Sputnik V",https://vaccinare.gov.md/,618217,398376,219841,
Moldova,2021-06-20,"Oxford/AstraZeneca, Pfizer/BioNTech, Sinopharm/Beijing, Sputnik V",https://vaccinare.gov.md/,631346,401379,229967,
Moldova,2021-06-21,"Oxford/AstraZeneca, Pfizer/BioNTech, Sinopharm/Beijing, Sputnik V",https://vaccinare.gov.md/,642482,404766,237716,
Moldova,2021-06-23,"Oxford/AstraZeneca, Pfizer/BioNTech, Sinopharm/Beijing, Sputnik V",https://vaccinare.gov.md/,655537,410648,244889,
Moldova,2021-06-24,"Oxford/AstraZeneca, Pfizer/BioNTech, Sinopharm/Beijing, Sputnik V",https://vaccinare.gov.md/,667835,417565,250270,
Moldova,2021-06-25,"Oxford/AstraZeneca, Pfizer/BioNTech, Sinopharm/Beijing, Sputnik V",https://vaccinare.gov.md/,680298,424419,255879,
Moldova,2021-06-26,"Oxford/AstraZeneca, Pfizer/BioNTech, Sinopharm/Beijing, Sputnik V",https://vaccinare.gov.md/,688125,430483,257642,
Moldova,2021-06-28,"Oxford/AstraZeneca, Pfizer/BioNTech, Sinopharm/Beijing, Sputnik V",https://vaccinare.gov.md/,696911,435687,261224,
Moldova,2021-06-29,"Oxford/AstraZeneca, Pfizer/BioNTech, Sinopharm/Beijing, Sputnik V",https://vaccinare.gov.md/,706942,441619,265323,
Moldova,2021-06-30,"Oxford/AstraZeneca, Pfizer/BioNTech, Sinopharm/Beijing, Sputnik V",https://vaccinare.gov.md/,726970,453142,273828,
Moldova,2021-07-02,"Oxford/AstraZeneca, Pfizer/BioNTech, Sinopharm/Beijing, Sputnik V",https://vaccinare.gov.md/,735965,458077,277888,
Moldova,2021-07-03,"Oxford/AstraZeneca, Pfizer/BioNTech, Sinopharm/Beijing, Sputnik V",https://vaccinare.gov.md/,739402,460117,279285,
Moldova,2021-07-04,"Oxford/AstraZeneca, Pfizer/BioNTech, Sinopharm/Beijing, Sputnik V",https://vaccinare.gov.md/,740317,460800,279517,
Moldova,2021-07-05,"Oxford/AstraZeneca, Pfizer/BioNTech, Sinopharm/Beijing, Sputnik V",https://vaccinare.gov.md/,746463,464080,282383,
Moldova,2021-07-06,"Oxford/AstraZeneca, Pfizer/BioNTech, Sinopharm/Beijing, Sputnik V",https://vaccinare.gov.md/,755391,468103,287288,
Moldova,2021-07-07,"Oxford/AstraZeneca, Pfizer/BioNTech, Sinopharm/Beijing, Sputnik V",https://vaccinare.gov.md/,763927,471666,292261,
Moldova,2021-07-08,"Oxford/AstraZeneca, Pfizer/BioNTech, Sinopharm/Beijing, Sputnik V",https://vaccinare.gov.md/,774187,475466,298721,
Moldova,2021-07-09,"Oxford/AstraZeneca, Pfizer/BioNTech, Sinopharm/Beijing, Sputnik V",https://vaccinare.gov.md/,784671,479124,305547,
Moldova,2021-07-10,"Oxford/AstraZeneca, Pfizer/BioNTech, Sinopharm/Beijing, Sputnik V",https://vaccinare.gov.md/,786774,480224,306550,
Moldova,2021-07-11,"Oxford/AstraZeneca, Pfizer/BioNTech, Sinopharm/Beijing, Sputnik V",https://vaccinare.gov.md/,793281,484842,308439,
Moldova,2021-07-12,"Oxford/AstraZeneca, Pfizer/BioNTech, Sinopharm/Beijing, Sputnik V",https://vaccinare.gov.md/,803049,489576,313473,
Moldova,2021-07-13,"Oxford/AstraZeneca, Pfizer/BioNTech, Sinopharm/Beijing, Sputnik V",https://vaccinare.gov.md/,813722,493393,320329,
Moldova,2021-07-14,"Oxford/AstraZeneca, Pfizer/BioNTech, Sinopharm/Beijing, Sputnik V",https://vaccinare.gov.md/,824789,495794,328995,
Moldova,2021-07-15,"Oxford/AstraZeneca, Pfizer/BioNTech, Sinopharm/Beijing, Sputnik V",https://vaccinare.gov.md/,848306,500900,347406,
Moldova,2021-07-17,"Oxford/AstraZeneca, Pfizer/BioNTech, Sinopharm/Beijing, Sputnik V",https://vaccinare.gov.md/,861995,503171,358824,
Moldova,2021-07-19,"Oxford/AstraZeneca, Pfizer/BioNTech, Sinopharm/Beijing, Sputnik V",https://vaccinare.gov.md/,892293,503426,388867,
Moldova,2021-07-21,"Oxford/AstraZeneca, Pfizer/BioNTech, Sinopharm/Beijing, Sputnik V",https://vaccinare.gov.md/,910782,505356,405426,
Moldova,2021-07-22,"Oxford/AstraZeneca, Pfizer/BioNTech, Sinopharm/Beijing, Sputnik V",https://vaccinare.gov.md/,941278,508482,432796,
Moldova,2021-07-24,"Oxford/AstraZeneca, Pfizer/BioNTech, Sinopharm/Beijing, Sputnik V",https://vaccinare.gov.md/,951807,514771,437036,
Moldova,2021-07-25,"Oxford/AstraZeneca, Pfizer/BioNTech, Sinopharm/Beijing, Sputnik V",https://vaccinare.gov.md/,955799,517392,438407,
Moldova,2021-07-26,"Oxford/AstraZeneca, Pfizer/BioNTech, Sinopharm/Beijing, Sputnik V",https://vaccinare.gov.md/,973797,524906,448891,
Moldova,2021-07-27,"Oxford/AstraZeneca, Pfizer/BioNTech, Sinopharm/Beijing, Sputnik V",https://vaccinare.gov.md/,992873,532962,459911,
Moldova,2021-07-28,"Oxford/AstraZeneca, Pfizer/BioNTech, Sinopharm/Beijing, Sputnik V",https://vaccinare.gov.md/,1008855,538869,469986,
Moldova,2021-07-29,"Oxford/AstraZeneca, Pfizer/BioNTech, Sinopharm/Beijing, Sputnik V",https://vaccinare.gov.md/,1022126,,,
Moldova,2021-07-30,"Oxford/AstraZeneca, Pfizer/BioNTech, Sinopharm/Beijing, Sputnik V",https://vaccinare.gov.md/,1034428,546407,488021,
Moldova,2021-07-31,"Oxford/AstraZeneca, Pfizer/BioNTech, Sinopharm/Beijing, Sputnik V",https://vaccinare.gov.md/,1042636,548890,493746,
Moldova,2021-08-01,"Oxford/AstraZeneca, Pfizer/BioNTech, Sinopharm/Beijing, Sputnik V",https://vaccinare.gov.md/,1044529,549478,495051,
Moldova,2021-08-02,"Oxford/AstraZeneca, Pfizer/BioNTech, Sinopharm/Beijing, Sputnik V",https://vaccinare.gov.md/,1051038,551424,499614,
Moldova,2021-08-03,"Oxford/AstraZeneca, Pfizer/BioNTech, Sinopharm/Beijing, Sputnik V",https://vaccinare.gov.md/,1070385,557291,513094,
Moldova,2021-08-06,"Oxford/AstraZeneca, Pfizer/BioNTech, Sinopharm/Beijing, Sputnik V",https://vaccinare.gov.md/,1089888,561055,528833,
Moldova,2021-09-23,"Johnson&Johnson, Oxford/AstraZeneca, Pfizer/BioNTech, Sinopharm/Beijing, Sputnik V",https://vaccinare.gov.md/,1375981,,765025,
Moldova,2021-09-24,"Johnson&Johnson, Oxford/AstraZeneca, Pfizer/BioNTech, Sinopharm/Beijing, Sputnik V",https://vaccinare.gov.md/,1381402,,769140,
Moldova,2021-09-26,"Johnson&Johnson, Oxford/AstraZeneca, Pfizer/BioNTech, Sinopharm/Beijing, Sputnik V",https://vaccinare.gov.md/,1383749,,770910,
Moldova,2021-09-27,"Johnson&Johnson, Oxford/AstraZeneca, Pfizer/BioNTech, Sinopharm/Beijing, Sputnik V",https://vaccinare.gov.md/,1388566,,774327,
Moldova,2021-09-28,"Johnson&Johnson, Oxford/AstraZeneca, Pfizer/BioNTech, Sinopharm/Beijing, Sputnik V",https://vaccinare.gov.md/,1392707,,777944,
Moldova,2021-09-30,"Johnson&Johnson, Oxford/AstraZeneca, Pfizer/BioNTech, Sinopharm/Beijing, Sputnik V",https://vaccinare.gov.md/,1401428,,784753,
Moldova,2021-10-01,"Johnson&Johnson, Oxford/AstraZeneca, Pfizer/BioNTech, Sinopharm/Beijing, Sputnik V",https://vaccinare.gov.md/,1406287,,788410,
Moldova,2021-10-02,"Johnson&Johnson, Oxford/AstraZeneca, Pfizer/BioNTech, Sinopharm/Beijing, Sputnik V",https://vaccinare.gov.md/,1408345,,789987,
Moldova,2021-10-03,"Johnson&Johnson, Oxford/AstraZeneca, Pfizer/BioNTech, Sinopharm/Beijing, Sputnik V",https://who.maps.arcgis.com/apps/dashboards/ead3c6475654481ca51c248d52ab9c61,1409245,824986,,
Moldova,2021-10-04,"Johnson&Johnson, Oxford/AstraZeneca, Pfizer/BioNTech, Sinopharm/Beijing, Sputnik V",https://vaccinare.gov.md/,1412166,,793002,
Moldova,2021-10-06,"Johnson&Johnson, Oxford/AstraZeneca, Pfizer/BioNTech, Sinopharm/Beijing, Sputnik V",https://vaccinare.gov.md/,1421336,,800205,
Moldova,2021-10-07,"Johnson&Johnson, Oxford/AstraZeneca, Pfizer/BioNTech, Sinopharm/Beijing, Sputnik V",https://vaccinare.gov.md/,1426850,,804602,
Moldova,2021-10-08,"Johnson&Johnson, Oxford/AstraZeneca, Pfizer/BioNTech, Sinopharm/Beijing, Sputnik V",https://vaccinare.gov.md/,1431054,,808047,
Moldova,2021-10-09,"Johnson&Johnson, Oxford/AstraZeneca, Pfizer/BioNTech, Sinopharm/Beijing, Sputnik V",https://vaccinare.gov.md/,1433903,,810274,
Moldova,2021-10-10,"Johnson&Johnson, Oxford/AstraZeneca, Pfizer/BioNTech, Sinopharm/Beijing, Sputnik V",https://vaccinare.gov.md/,1437198,,812959,
Moldova,2021-10-12,"Johnson&Johnson, Oxford/AstraZeneca, Pfizer/BioNTech, Sinopharm/Beijing, Sputnik V",https://vaccinare.gov.md/,1441867,,816616,
Moldova,2021-10-13,"Johnson&Johnson, Oxford/AstraZeneca, Pfizer/BioNTech, Sinopharm/Beijing, Sputnik V",https://vaccinare.gov.md/,1446037,,819844,
Moldova,2021-10-14,"Johnson&Johnson, Oxford/AstraZeneca, Pfizer/BioNTech, Sinopharm/Beijing, Sputnik V",https://vaccinare.gov.md/,1449528,,822610,
Moldova,2021-10-15,"Johnson&Johnson, Oxford/AstraZeneca, Pfizer/BioNTech, Sinopharm/Beijing, Sputnik V",https://vaccinare.gov.md/,1454300,,826262,
Moldova,2021-10-16,"Johnson&Johnson, Oxford/AstraZeneca, Pfizer/BioNTech, Sinopharm/Beijing, Sputnik V",https://vaccinare.gov.md/,1456392,,827724,
Moldova,2021-10-17,"Johnson&Johnson, Oxford/AstraZeneca, Pfizer/BioNTech, Sinopharm/Beijing, Sputnik V",https://vaccinare.gov.md/,1457475,,828466,
Moldova,2021-10-18,"Johnson&Johnson, Oxford/AstraZeneca, Pfizer/BioNTech, Sinopharm/Beijing, Sputnik V",https://vaccinare.gov.md/,1462458,,832171,
Moldova,2021-10-19,"Johnson&Johnson, Oxford/AstraZeneca, Pfizer/BioNTech, Sinopharm/Beijing, Sputnik V",https://vaccinare.gov.md/,1472843,,839851,
Moldova,2021-10-22,"Johnson&Johnson, Oxford/AstraZeneca, Pfizer/BioNTech, Sinopharm/Beijing, Sputnik V",https://vaccinare.gov.md/,1483643,,847840,
Moldova,2021-10-23,"Johnson&Johnson, Oxford/AstraZeneca, Pfizer/BioNTech, Sinopharm/Beijing, Sputnik V",https://vaccinare.gov.md/,1485935,,849435,
Moldova,2021-10-24,"Johnson&Johnson, Oxford/AstraZeneca, Pfizer/BioNTech, Sinopharm/Beijing, Sputnik V",https://covid19.who.int,1487315,884590,,
Moldova,2021-10-26,"Johnson&Johnson, Oxford/AstraZeneca, Pfizer/BioNTech, Sinopharm/Beijing, Sputnik V",https://vaccinare.gov.md/,1497461,,857485,
Moldova,2021-10-27,"Johnson&Johnson, Oxford/AstraZeneca, Pfizer/BioNTech, Sinopharm/Beijing, Sputnik V",https://vaccinare.gov.md/,1502791,,861156,
Moldova,2021-10-28,"Johnson&Johnson, Oxford/AstraZeneca, Pfizer/BioNTech, Sinopharm/Beijing, Sputnik V",https://vaccinare.gov.md/,1508749,,865114,
Moldova,2021-10-30,"Johnson&Johnson, Oxford/AstraZeneca, Pfizer/BioNTech, Sinopharm/Beijing, Sputnik V",https://vaccinare.gov.md/,1518261,,871564,
Moldova,2021-10-31,"Johnson&Johnson, Oxford/AstraZeneca, Pfizer/BioNTech, Sinopharm/Beijing, Sputnik V",https://vaccinare.gov.md/,1520548,,873078,
Moldova,2021-11-01,"Johnson&Johnson, Oxford/AstraZeneca, Pfizer/BioNTech, Sinopharm/Beijing, Sputnik V",https://vaccinare.gov.md/,1525820,,876595,
Moldova,2021-11-02,"Johnson&Johnson, Oxford/AstraZeneca, Pfizer/BioNTech, Sinopharm/Beijing, Sputnik V",https://vaccinare.gov.md/,1530283,,879489,
Moldova,2021-11-03,"Johnson&Johnson, Oxford/AstraZeneca, Pfizer/BioNTech, Sinopharm/Beijing, Sputnik V",https://vaccinare.gov.md/,1534556,,882075,
Moldova,2021-11-04,"Johnson&Johnson, Oxford/AstraZeneca, Pfizer/BioNTech, Sinopharm/Beijing, Sputnik V",https://vaccinare.gov.md/,1538866,,884663,
Moldova,2021-11-05,"Johnson&Johnson, Oxford/AstraZeneca, Pfizer/BioNTech, Sinopharm/Beijing, Sputnik V",https://vaccinare.gov.md/,1543273,,887228,
Moldova,2021-11-06,"Johnson&Johnson, Oxford/AstraZeneca, Pfizer/BioNTech, Sinopharm/Beijing, Sputnik V",https://vaccinare.gov.md/,1545105,,888318,
Moldova,2021-11-07,"Johnson&Johnson, Oxford/AstraZeneca, Pfizer/BioNTech, Sinopharm/Beijing, Sputnik V",https://vaccinare.gov.md/,1546036,,888853,
Moldova,2021-11-08,"Johnson&Johnson, Oxford/AstraZeneca, Pfizer/BioNTech, Sinopharm/Beijing, Sputnik V",https://vaccinare.gov.md/,1548917,,890666,
Moldova,2021-11-10,"Johnson&Johnson, Oxford/AstraZeneca, Pfizer/BioNTech, Sinopharm/Beijing, Sputnik V",https://vaccinare.gov.md/,1556953,,895607,
Moldova,2021-11-13,"Johnson&Johnson, Oxford/AstraZeneca, Pfizer/BioNTech, Sinopharm/Beijing, Sputnik V",https://vaccinare.gov.md/,1566973,,901624,
Moldova,2021-11-14,"Johnson&Johnson, Oxford/AstraZeneca, Pfizer/BioNTech, Sinopharm/Beijing, Sputnik V",https://covid19.who.int,1568214,948882,,
Moldova,2021-11-15,"Johnson&Johnson, Oxford/AstraZeneca, Pfizer/BioNTech, Sinopharm/Beijing, Sputnik V",https://vaccinare.gov.md/,1571582,,904467,
Moldova,2021-11-16,"Johnson&Johnson, Oxford/AstraZeneca, Pfizer/BioNTech, Sinopharm/Beijing, Sputnik V",https://vaccinare.gov.md/,1575729,,906967,
Moldova,2021-11-17,"Johnson&Johnson, Oxford/AstraZeneca, Pfizer/BioNTech, Sinopharm/Beijing, Sputnik V",https://vaccinare.gov.md/,1579951,,909551,
Moldova,2021-11-18,"Johnson&Johnson, Oxford/AstraZeneca, Pfizer/BioNTech, Sinopharm/Beijing, Sputnik V",https://vaccinare.gov.md/,1583939,,912013,
Moldova,2021-11-19,"Johnson&Johnson, Oxford/AstraZeneca, Pfizer/BioNTech, Sinopharm/Beijing, Sputnik V",https://vaccinare.gov.md/,1588379,,914777,
Moldova,2021-11-20,"Johnson&Johnson, Oxford/AstraZeneca, Pfizer/BioNTech, Sinopharm/Beijing, Sputnik V",https://vaccinare.gov.md/,1590186,,915802,
Moldova,2021-11-21,"Johnson&Johnson, Oxford/AstraZeneca, Pfizer/BioNTech, Sinopharm/Beijing, Sputnik V",https://vaccinare.gov.md/,1590771,,916106,
Moldova,2021-11-22,"Johnson&Johnson, Oxford/AstraZeneca, Pfizer/BioNTech, Sinopharm/Beijing, Sputnik V",https://vaccinare.gov.md/,1594761,,918857,
Moldova,2021-11-24,"Johnson&Johnson, Oxford/AstraZeneca, Pfizer/BioNTech, Sinopharm/Beijing, Sputnik V",https://vaccinare.gov.md/,1602864,,924050,
Moldova,2021-11-25,"Johnson&Johnson, Oxford/AstraZeneca, Pfizer/BioNTech, Sinopharm/Beijing, Sputnik V",https://vaccinare.gov.md/,1607196,,926795,
Moldova,2021-11-28,"Johnson&Johnson, Oxford/AstraZeneca, Pfizer/BioNTech, Sinopharm/Beijing, Sputnik V",https://vaccinare.gov.md/,1614235,,931474,
Moldova,2021-11-29,"Johnson&Johnson, Oxford/AstraZeneca, Pfizer/BioNTech, Sinopharm/Beijing, Sputnik V",https://vaccinare.gov.md/,1619124,,934281,
Moldova,2021-11-30,"Johnson&Johnson, Oxford/AstraZeneca, Pfizer/BioNTech, Sinopharm/Beijing, Sputnik V",https://vaccinare.gov.md/,1625371,,937115,
Moldova,2021-12-02,"Johnson&Johnson, Oxford/AstraZeneca, Pfizer/BioNTech, Sinopharm/Beijing, Sputnik V",https://vaccinare.gov.md/,1635687,,941612,
Moldova,2021-12-03,"Johnson&Johnson, Oxford/AstraZeneca, Pfizer/BioNTech, Sinopharm/Beijing, Sputnik V",https://vaccinare.gov.md/,1641121,,943618,
Moldova,2021-12-04,"Johnson&Johnson, Oxford/AstraZeneca, Pfizer/BioNTech, Sinopharm/Beijing, Sputnik V",https://vaccinare.gov.md/,1644452,,944930,
Moldova,2021-12-05,"Johnson&Johnson, Oxford/AstraZeneca, Pfizer/BioNTech, Sinopharm/Beijing, Sputnik V",https://covid19.who.int,,989897,,
Moldova,2021-12-06,"Johnson&Johnson, Oxford/AstraZeneca, Pfizer/BioNTech, Sinopharm/Beijing, Sputnik V",https://vaccinare.gov.md/,1650052,,946989,
Moldova,2021-12-07,"Johnson&Johnson, Oxford/AstraZeneca, Pfizer/BioNTech, Sinopharm/Beijing, Sputnik V",https://vaccinare.gov.md/,1656471,,948952,
Moldova,2021-12-08,"Johnson&Johnson, Oxford/AstraZeneca, Pfizer/BioNTech, Sinopharm/Beijing, Sputnik V",https://vaccinare.gov.md/,1663845,,951124,
Moldova,2021-12-10,"Johnson&Johnson, Oxford/AstraZeneca, Pfizer/BioNTech, Sinopharm/Beijing, Sputnik V",https://vaccinare.gov.md/,1676112,,,
Moldova,2021-12-11,"Johnson&Johnson, Oxford/AstraZeneca, Pfizer/BioNTech, Sinopharm/Beijing, Sputnik V",https://vaccinare.gov.md/,1680897,,956010,
Moldova,2021-12-12,"Johnson&Johnson, Oxford/AstraZeneca, Pfizer/BioNTech, Sinopharm/Beijing, Sputnik V",https://vaccinare.gov.md/,1681763,,956321,
Moldova,2021-12-13,"Johnson&Johnson, Oxford/AstraZeneca, Pfizer/BioNTech, Sinopharm/Beijing, Sputnik V",https://vaccinare.gov.md/,1692270,,959284,
Moldova,2021-12-15,"Johnson&Johnson, Oxford/AstraZeneca, Pfizer/BioNTech, Sinopharm/Beijing, Sputnik V",https://vaccinare.gov.md/,1698522,,960828,
Moldova,2021-12-17,"Johnson&Johnson, Oxford/AstraZeneca, Pfizer/BioNTech, Sinopharm/Beijing, Sputnik V",https://vaccinare.gov.md/,1713249,,964400,
Moldova,2021-12-19,"Johnson&Johnson, Oxford/AstraZeneca, Pfizer/BioNTech, Sinopharm/Beijing, Sputnik V",https://vaccinare.gov.md/,1716162,,965092,
Moldova,2021-12-20,"Johnson&Johnson, Oxford/AstraZeneca, Pfizer/BioNTech, Sinopharm/Beijing, Sputnik V",https://vaccinare.gov.md/,1721289,,966337,
Moldova,2021-12-21,"Johnson&Johnson, Oxford/AstraZeneca, Pfizer/BioNTech, Sinopharm/Beijing, Sputnik V",https://vaccinare.gov.md/,1727791,,967938,
Moldova,2021-12-22,"Johnson&Johnson, Oxford/AstraZeneca, Pfizer/BioNTech, Sinopharm/Beijing, Sputnik V",https://vaccinare.gov.md/,1732560,,969073,
Moldova,2021-12-23,"Johnson&Johnson, Oxford/AstraZeneca, Pfizer/BioNTech, Sinopharm/Beijing, Sputnik V",https://vaccinare.gov.md/,1741344,,971398,
Moldova,2021-12-25,"Johnson&Johnson, Oxford/AstraZeneca, Pfizer/BioNTech, Sinopharm/Beijing, Sputnik V",https://vaccinare.gov.md/,1750433,,974033,
Moldova,2021-12-26,"Johnson&Johnson, Oxford/AstraZeneca, Pfizer/BioNTech, Sinopharm/Beijing, Sputnik V",https://vaccinare.gov.md/,1751385,,974377,
Moldova,2021-12-27,"Johnson&Johnson, Oxford/AstraZeneca, Pfizer/BioNTech, Sinopharm/Beijing, Sputnik V",https://vaccinare.gov.md/,1757491,,976236,
Moldova,2021-12-28,"Johnson&Johnson, Oxford/AstraZeneca, Pfizer/BioNTech, Sinopharm/Beijing, Sputnik V",https://vaccinare.gov.md/,1770434,,980222,
Moldova,2021-12-30,"Johnson&Johnson, Oxford/AstraZeneca, Pfizer/BioNTech, Sinopharm/Beijing, Sputnik V",https://vaccinare.gov.md/,1775044,,981735,
Moldova,2021-12-31,"Johnson&Johnson, Oxford/AstraZeneca, Pfizer/BioNTech, Sinopharm/Beijing, Sputnik V",https://vaccinare.gov.md/,1776513,,982152,
Moldova,2022-01-01,"Johnson&Johnson, Oxford/AstraZeneca, Pfizer/BioNTech, Sinopharm/Beijing, Sputnik V",https://vaccinare.gov.md/,1776666,,982174,
Moldova,2022-01-02,"Johnson&Johnson, Oxford/AstraZeneca, Pfizer/BioNTech, Sinopharm/Beijing, Sputnik V",https://vaccinare.gov.md/,1776831,,982244,
Moldova,2022-01-03,"Johnson&Johnson, Oxford/AstraZeneca, Pfizer/BioNTech, Sinopharm/Beijing, Sputnik V",https://vaccinare.gov.md/,1779632,,983210,
Moldova,2022-01-04,"Johnson&Johnson, Oxford/AstraZeneca, Pfizer/BioNTech, Sinopharm/Beijing, Sputnik V",https://vaccinare.gov.md/,1784626,,984473,
Moldova,2022-01-05,"Johnson&Johnson, Oxford/AstraZeneca, Pfizer/BioNTech, Sinopharm/Beijing, Sputnik V",https://vaccinare.gov.md/,1791089,,986001,
Moldova,2022-01-06,"Johnson&Johnson, Oxford/AstraZeneca, Pfizer/BioNTech, Sinopharm/Beijing, Sputnik V",https://vaccinare.gov.md/,1795508,,987233,
Moldova,2022-01-07,"Johnson&Johnson, Oxford/AstraZeneca, Pfizer/BioNTech, Sinopharm/Beijing, Sputnik V",https://vaccinare.gov.md/,1795925,,987376,
Moldova,2022-01-08,"Johnson&Johnson, Oxford/AstraZeneca, Pfizer/BioNTech, Sinopharm/Beijing, Sputnik V",https://vaccinare.gov.md/,1797147,,987745,
Moldova,2022-01-09,"Johnson&Johnson, Oxford/AstraZeneca, Pfizer/BioNTech, Sinopharm/Beijing, Sputnik V",https://worldhealthorg.shinyapps.io/EURO_COVID-19_vaccine_monitor/,1799243,,,82869
Moldova,2022-01-10,"Johnson&Johnson, Oxford/AstraZeneca, Pfizer/BioNTech, Sinopharm/Beijing, Sputnik V",https://vaccinare.gov.md/,1803710,,989831,
Moldova,2022-01-11,"Johnson&Johnson, Oxford/AstraZeneca, Pfizer/BioNTech, Sinopharm/Beijing, Sputnik V",https://vaccinare.gov.md/,1811729,,992012,
Moldova,2022-01-12,"Johnson&Johnson, Oxford/AstraZeneca, Pfizer/BioNTech, Sinopharm/Beijing, Sputnik V",https://vaccinare.gov.md/,1828482,,995778,
Moldova,2022-01-14,"Johnson&Johnson, Oxford/AstraZeneca, Pfizer/BioNTech, Sinopharm/Beijing, Sputnik V",https://vaccinare.gov.md/,1836567,,997456,
Moldova,2022-01-15,"Johnson&Johnson, Oxford/AstraZeneca, Pfizer/BioNTech, Sinopharm/Beijing, Sputnik V",https://vaccinare.gov.md/,1838952,,997886,
Moldova,2022-01-16,"Johnson&Johnson, Oxford/AstraZeneca, Pfizer/BioNTech, Sinopharm/Beijing, Sputnik V",https://vaccinare.gov.md/,1839531,,998038,
Moldova,2022-01-17,"Johnson&Johnson, Oxford/AstraZeneca, Pfizer/BioNTech, Sinopharm/Beijing, Sputnik V",https://vaccinare.gov.md/,1846783,,999493,
Moldova,2022-01-18,"Johnson&Johnson, Oxford/AstraZeneca, Pfizer/BioNTech, Sinopharm/Beijing, Sputnik V",https://vaccinare.gov.md/,1855176,,1001014,
Moldova,2022-01-19,"Johnson&Johnson, Oxford/AstraZeneca, Pfizer/BioNTech, Sinopharm/Beijing, Sputnik V",https://vaccinare.gov.md/,1863038,,1002291,
Moldova,2022-01-20,"Johnson&Johnson, Oxford/AstraZeneca, Pfizer/BioNTech, Sinopharm/Beijing, Sputnik V",https://vaccinare.gov.md/,1871454,,1003660,
Moldova,2022-01-21,"Johnson&Johnson, Oxford/AstraZeneca, Pfizer/BioNTech, Sinopharm/Beijing, Sputnik V",https://vaccinare.gov.md/,1884181,,1005096,
Moldova,2022-01-23,"Johnson&Johnson, Oxford/AstraZeneca, Pfizer/BioNTech, Sinopharm/Beijing, Sputnik V",https://vaccinare.gov.md/,1885107,,1005181,
Moldova,2022-01-24,"Johnson&Johnson, Oxford/AstraZeneca, Pfizer/BioNTech, Sinopharm/Beijing, Sputnik V",https://vaccinare.gov.md/,1892090,,1006241,
Moldova,2022-01-25,"Johnson&Johnson, Oxford/AstraZeneca, Pfizer/BioNTech, Sinopharm/Beijing, Sputnik V",https://vaccinare.gov.md/,1900228,,1007469,
Moldova,2022-01-26,"Johnson&Johnson, Oxford/AstraZeneca, Pfizer/BioNTech, Sinopharm/Beijing, Sputnik V",https://vaccinare.gov.md/,1907733,,1008613,
Moldova,2022-01-27,"Johnson&Johnson, Oxford/AstraZeneca, Pfizer/BioNTech, Sinopharm/Beijing, Sputnik V",https://vaccinare.gov.md/,1915406,,1009598,
Moldova,2022-01-28,"Johnson&Johnson, Oxford/AstraZeneca, Pfizer/BioNTech, Sinopharm/Beijing, Sputnik V",https://vaccinare.gov.md/,1923355,,1010356,
Moldova,2022-01-29,"Johnson&Johnson, Oxford/AstraZeneca, Pfizer/BioNTech, Sinopharm/Beijing, Sputnik V",https://vaccinare.gov.md/,1925550,,1010620,
Moldova,2022-01-30,"Johnson&Johnson, Oxford/AstraZeneca, Pfizer/BioNTech, Sinopharm/Beijing, Sputnik V",https://vaccinare.gov.md/,1926048,,1010673,
Moldova,2022-01-31,"Johnson&Johnson, Oxford/AstraZeneca, Pfizer/BioNTech, Sinopharm/Beijing, Sputnik V",https://vaccinare.gov.md/,1931716,,1011693,
Moldova,2022-02-01,"Johnson&Johnson, Oxford/AstraZeneca, Pfizer/BioNTech, Sinopharm/Beijing, Sputnik V",https://vaccinare.gov.md/,1938137,,1012695,
Moldova,2022-02-02,"Johnson&Johnson, Oxford/AstraZeneca, Pfizer/BioNTech, Sinopharm/Beijing, Sputnik V",https://vaccinare.gov.md/,1945473,,1013833,
Moldova,2022-02-03,"Johnson&Johnson, Oxford/AstraZeneca, Pfizer/BioNTech, Sinopharm/Beijing, Sputnik V",https://vaccinare.gov.md/,1952818,,1015033,
Moldova,2022-02-05,"Johnson&Johnson, Oxford/AstraZeneca, Pfizer/BioNTech, Sinopharm/Beijing, Sputnik V",https://vaccinare.gov.md/,1963208,,1016441,
Moldova,2022-02-07,"Johnson&Johnson, Oxford/AstraZeneca, Pfizer/BioNTech, Sinopharm/Beijing, Sputnik V",https://vaccinare.gov.md/,1963941,,1016526,
Moldova,2022-02-08,"Johnson&Johnson, Oxford/AstraZeneca, Pfizer/BioNTech, Sinopharm/Beijing, Sputnik V",https://vaccinare.gov.md/,1975450,,1018391,
Moldova,2022-02-10,"Johnson&Johnson, Oxford/AstraZeneca, Pfizer/BioNTech, Sinopharm/Beijing, Sputnik V",https://vaccinare.gov.md/,1989248,,1020664,
Moldova,2022-02-12,"Johnson&Johnson, Oxford/AstraZeneca, Pfizer/BioNTech, Sinopharm/Beijing, Sputnik V",https://vaccinare.gov.md/,1996925,,1021848,
Moldova,2022-02-13,"Johnson&Johnson, Oxford/AstraZeneca, Pfizer/BioNTech, Sinopharm/Beijing, Sputnik V",https://vaccinare.gov.md/,1999290,,1022409,
Moldova,2022-02-14,"Johnson&Johnson, Oxford/AstraZeneca, Pfizer/BioNTech, Sinopharm/Beijing, Sputnik V",https://vaccinare.gov.md/,2005222,,1023741,
Moldova,2022-02-16,"Johnson&Johnson, Oxford/AstraZeneca, Pfizer/BioNTech, Sinopharm/Beijing, Sputnik V",https://vaccinare.gov.md/,2018036,,1025126,
Moldova,2022-02-18,"Johnson&Johnson, Oxford/AstraZeneca, Pfizer/BioNTech, Sinopharm/Beijing, Sputnik V",https://vaccinare.gov.md/,2023728,,1027734,
Moldova,2022-02-19,"Johnson&Johnson, Oxford/AstraZeneca, Pfizer/BioNTech, Sinopharm/Beijing, Sputnik V",https://vaccinare.gov.md/,2031229,,1029345,
Moldova,2022-02-20,"Johnson&Johnson, Oxford/AstraZeneca, Pfizer/BioNTech, Sinopharm/Beijing, Sputnik V",https://vaccinare.gov.md/,2033627,,1029935,
Moldova,2022-02-21,"Johnson&Johnson, Oxford/AstraZeneca, Pfizer/BioNTech, Sinopharm/Beijing, Sputnik V",https://vaccinare.gov.md/,2038224,,1031212,
Moldova,2022-02-22,"Johnson&Johnson, Oxford/AstraZeneca, Pfizer/BioNTech, Sinopharm/Beijing, Sputnik V",https://vaccinare.gov.md/,2043679,,1032604,
Moldova,2022-02-24,"Johnson&Johnson, Oxford/AstraZeneca, Pfizer/BioNTech, Sinopharm/Beijing, Sputnik V",https://vaccinare.gov.md/,2053840,,1035442,
Moldova,2022-02-26,"Johnson&Johnson, Oxford/AstraZeneca, Pfizer/BioNTech, Sinopharm/Beijing, Sputnik V",https://vaccinare.gov.md/,2059492,,1036950,
Moldova,2022-02-27,"Johnson&Johnson, Oxford/AstraZeneca, Pfizer/BioNTech, Sinopharm/Beijing, Sputnik V",https://vaccinare.gov.md/,2061624,,1037429,
Moldova,2022-02-28,"Johnson&Johnson, Oxford/AstraZeneca, Pfizer/BioNTech, Sinopharm/Beijing, Sputnik V",https://vaccinare.gov.md/,2067005,,1038990,
