location,date,vaccine,source_url,total_vaccinations,people_vaccinated,people_fully_vaccinated,total_boosters
Mongolia,2021-02-22,Oxford/AstraZeneca,https://thediplomat.com/2021/02/mongolia-starts-its-covid-19-vaccinations/,0,,,
Mongolia,2021-02-25,Oxford/AstraZeneca,https://ikon.mn/n/2527,3112,3112,,
Mongolia,2021-02-26,Oxford/AstraZeneca,https://ikon.mn/n/253p,4926,4926,,
Mongolia,2021-02-27,Oxford/AstraZeneca,https://ikon.mn/n/254x,6808,6808,,
Mongolia,2021-03-02,Oxford/AstraZeneca,https://ikon.mn/n/257c,9531,9531,,
Mongolia,2021-03-04,Oxford/AstraZeneca,https://ikon.mn/n/25ac,13200,13200,,
Mongolia,2021-03-09,Oxford/AstraZeneca,https://ikon.mn/n/25g4,20976,20976,,
Mongolia,2021-03-10,Oxford/AstraZeneca,https://covid19.mohs.mn/p/2021-%D0%BE%D0%BD%D1%8B-03-%D0%B4%D1%83%D0%B3%D0%B0%D0%B0%D1%80-%D1%81%D0%B0%D1%80%D1%8B%D0%BD-11-%D3%A9%D0%B4%D1%80%D0%B8%D0%B9%D0%BD-%D0%BD%D3%A9%D1%85%D1%86%D3%A9%D0%BB-%D0%B1%D0%B0%D0%B9%D0%B4%D0%BB%D1%8B%D0%BD-%D0%BC%D1%8D%D0%B4%D1%8D%D1%8D/1104/,30446,30446,,
Mongolia,2021-03-11,Oxford/AstraZeneca,https://covid19.mohs.mn/p/2021-%D0%BE%D0%BD%D1%8B-03-%D0%B4%D1%83%D0%B3%D0%B0%D0%B0%D1%80-%D1%81%D0%B0%D1%80%D1%8B%D0%BD-11-%D3%A9%D0%B4%D1%80%D0%B8%D0%B9%D0%BD-%D0%BD%D3%A9%D1%85%D1%86%D3%A9%D0%BB-%D0%B1%D0%B0%D0%B9%D0%B4%D0%BB%D1%8B%D0%BD-%D0%BC%D1%8D%D0%B4%D1%8D%D1%8D/1104/,48265,48265,,
Mongolia,2021-03-12,Oxford/AstraZeneca,https://covid19.mohs.mn/p/2021-%D0%BE%D0%BD%D1%8B-03-%D0%B4%D1%83%D0%B3%D0%B0%D0%B0%D1%80-%D1%81%D0%B0%D1%80%D1%8B%D0%BD-12-%D3%A9%D0%B4%D1%80%D0%B8%D0%B9%D0%BD-%D0%BD%D3%A9%D1%85%D1%86%D3%A9%D0%BB-%D0%B1%D0%B0%D0%B9%D0%B4%D0%BB%D1%8B%D0%BD-%D0%BC%D1%8D%D0%B4%D1%8D%D1%8D/1105/,67489,67489,,
Mongolia,2021-03-13,Oxford/AstraZeneca,https://covid19.mohs.mn/p/2021-%D0%BE%D0%BD%D1%8B-03-%D0%B4%D1%83%D0%B3%D0%B0%D0%B0%D1%80-%D1%81%D0%B0%D1%80%D1%8B%D0%BD-11-%D3%A9%D0%B4%D1%80%D0%B8%D0%B9%D0%BD-%D0%BD%D3%A9%D1%85%D1%86%D3%A9%D0%BB-%D0%B1%D0%B0%D0%B9%D0%B4%D0%BB%D1%8B%D0%BD-%D0%BC%D1%8D%D0%B4%D1%8D%D1%8D/1104/,84017,84017,,
Mongolia,2021-03-14,Oxford/AstraZeneca,https://ikon.mn/,100000,100000,,
Mongolia,2021-03-15,Oxford/AstraZeneca,https://ikon.mn/,118294,118294,,
Mongolia,2021-03-16,Oxford/AstraZeneca,https://ikon.mn/,126449,126449,,
Mongolia,2021-03-17,Oxford/AstraZeneca,https://ikon.mn/,139636,139636,,
Mongolia,2021-03-18,Oxford/AstraZeneca,https://ikon.mn/,171535,171535,,
Mongolia,2021-03-19,Oxford/AstraZeneca,https://ikon.mn/,189969,189969,,
Mongolia,2021-03-20,Oxford/AstraZeneca,https://ikon.mn/,204121,204121,,
Mongolia,2021-03-21,Oxford/AstraZeneca,https://ikon.mn/,209278,209278,,
Mongolia,2021-03-23,"Oxford/AstraZeneca, Sinopharm/Beijing, Sputnik V",https://ikon.mn/,223444,223444,,
Mongolia,2021-03-24,"Oxford/AstraZeneca, Sinopharm/Beijing, Sputnik V",https://ikon.mn/,256979,256979,,
Mongolia,2021-03-27,"Oxford/AstraZeneca, Sinopharm/Beijing, Sputnik V",https://ikon.mn/,276068,276068,,
Mongolia,2021-03-29,"Oxford/AstraZeneca, Pfizer/BioNTech, Sinopharm/Beijing, Sputnik V",https://ikon.mn/,279069,279069,,
Mongolia,2021-03-30,"Oxford/AstraZeneca, Pfizer/BioNTech, Sinopharm/Beijing, Sputnik V",https://ikon.mn/,290108,290108,,
Mongolia,2021-03-31,"Oxford/AstraZeneca, Pfizer/BioNTech, Sinopharm/Beijing, Sputnik V",https://ikon.mn/,300366,300366,,
Mongolia,2021-04-01,"Oxford/AstraZeneca, Pfizer/BioNTech, Sinopharm/Beijing, Sputnik V",https://ikon.mn/,311262,311262,,
Mongolia,2021-04-02,"Oxford/AstraZeneca, Pfizer/BioNTech, Sinopharm/Beijing, Sputnik V",https://ikon.mn/,323690,323690,,
Mongolia,2021-04-03,"Oxford/AstraZeneca, Pfizer/BioNTech, Sinopharm/Beijing, Sputnik V",https://ikon.mn/,336758,336758,,
Mongolia,2021-04-04,"Oxford/AstraZeneca, Pfizer/BioNTech, Sinopharm/Beijing, Sputnik V",https://ikon.mn/,376373,376373,,
Mongolia,2021-04-05,"Oxford/AstraZeneca, Pfizer/BioNTech, Sinopharm/Beijing, Sputnik V",https://ikon.mn/,414382,414382,,
Mongolia,2021-04-06,"Oxford/AstraZeneca, Pfizer/BioNTech, Sinopharm/Beijing, Sputnik V",https://ikon.mn/,466946,466946,,
Mongolia,2021-04-08,"Oxford/AstraZeneca, Pfizer/BioNTech, Sinopharm/Beijing, Sputnik V",https://ikon.mn/,569825,569825,,
Mongolia,2021-04-09,"Oxford/AstraZeneca, Pfizer/BioNTech, Sinopharm/Beijing, Sputnik V",https://ikon.mn/,599132,599132,,
Mongolia,2021-04-10,"Oxford/AstraZeneca, Pfizer/BioNTech, Sinopharm/Beijing, Sputnik V",https://ikon.mn/,,609875,,
Mongolia,2021-04-11,"Oxford/AstraZeneca, Pfizer/BioNTech, Sinopharm/Beijing, Sputnik V",https://ikon.mn/,,616906,,
Mongolia,2021-04-13,"Oxford/AstraZeneca, Pfizer/BioNTech, Sinopharm/Beijing, Sputnik V",https://ikon.mn/,,627168,,
Mongolia,2021-04-15,"Oxford/AstraZeneca, Pfizer/BioNTech, Sinopharm/Beijing, Sputnik V",https://ikon.mn/,,630516,,
Mongolia,2021-04-16,"Oxford/AstraZeneca, Pfizer/BioNTech, Sinopharm/Beijing, Sputnik V",https://ikon.mn/,,632812,,
Mongolia,2021-04-17,"Oxford/AstraZeneca, Pfizer/BioNTech, Sinopharm/Beijing, Sputnik V",https://ikon.mn/,,634240,,
Mongolia,2021-04-20,"Oxford/AstraZeneca, Pfizer/BioNTech, Sinopharm/Beijing, Sputnik V",https://ikon.mn/,,637415,,
Mongolia,2021-04-22,"Oxford/AstraZeneca, Pfizer/BioNTech, Sinopharm/Beijing, Sputnik V",https://ikon.mn/,670842,649236,21606,
Mongolia,2021-04-23,"Oxford/AstraZeneca, Pfizer/BioNTech, Sinopharm/Beijing, Sputnik V",https://ikon.mn/,,651060,,
Mongolia,2021-04-24,"Oxford/AstraZeneca, Pfizer/BioNTech, Sinopharm/Beijing, Sputnik V",https://ikon.mn/,,660548,,
Mongolia,2021-04-25,"Oxford/AstraZeneca, Pfizer/BioNTech, Sinopharm/Beijing, Sputnik V",https://ikon.mn/,,678692,,
Mongolia,2021-04-26,"Oxford/AstraZeneca, Pfizer/BioNTech, Sinopharm/Beijing, Sputnik V",https://ikon.mn/,,707838,,
Mongolia,2021-04-27,"Oxford/AstraZeneca, Pfizer/BioNTech, Sinopharm/Beijing, Sputnik V",https://ikon.mn/,1007030,744564,262466,
Mongolia,2021-04-28,"Oxford/AstraZeneca, Pfizer/BioNTech, Sinopharm/Beijing, Sputnik V",https://ikon.mn/,1080571,782314,298257,
Mongolia,2021-04-29,"Oxford/AstraZeneca, Pfizer/BioNTech, Sinopharm/Beijing, Sputnik V",https://ikon.mn/,1138662,811452,327210,
Mongolia,2021-04-30,"Oxford/AstraZeneca, Pfizer/BioNTech, Sinopharm/Beijing, Sputnik V",https://ikon.mn/,1208619,845693,362926,
Mongolia,2021-05-01,"Oxford/AstraZeneca, Pfizer/BioNTech, Sinopharm/Beijing, Sputnik V",https://ikon.mn/,1296538,887248,409290,
Mongolia,2021-05-02,"Oxford/AstraZeneca, Pfizer/BioNTech, Sinopharm/Beijing, Sputnik V",https://ikon.mn/,1398592,947529,451063,
Mongolia,2021-05-03,"Oxford/AstraZeneca, Pfizer/BioNTech, Sinopharm/Beijing, Sputnik V",https://ikon.mn/,1532522,1037675,494847,
Mongolia,2021-05-04,"Oxford/AstraZeneca, Pfizer/BioNTech, Sinopharm/Beijing, Sputnik V",https://ikon.mn/,1661497,1128680,532817,
Mongolia,2021-05-05,"Oxford/AstraZeneca, Pfizer/BioNTech, Sinopharm/Beijing, Sputnik V",https://ikon.mn/,1756434,1208913,547521,
Mongolia,2021-05-06,"Oxford/AstraZeneca, Pfizer/BioNTech, Sinopharm/Beijing, Sputnik V",https://ikon.mn/,1946350,1356678,589672,
Mongolia,2021-05-07,"Oxford/AstraZeneca, Pfizer/BioNTech, Sinopharm/Beijing, Sputnik V",https://ikon.mn/,2086853,1476779,610074,
Mongolia,2021-05-08,"Oxford/AstraZeneca, Pfizer/BioNTech, Sinopharm/Beijing, Sputnik V",https://ikon.mn/,2154623,1536715,617908,
Mongolia,2021-05-09,"Oxford/AstraZeneca, Pfizer/BioNTech, Sinopharm/Beijing, Sputnik V",https://ikon.mn/,2213376,1590636,622740,
Mongolia,2021-05-10,"Oxford/AstraZeneca, Pfizer/BioNTech, Sinopharm/Beijing, Sputnik V",https://ikon.mn/,2271109,1643030,628079,
Mongolia,2021-05-11,"Oxford/AstraZeneca, Pfizer/BioNTech, Sinopharm/Beijing, Sputnik V",https://ikon.mn/,2309864,1678198,631666,
Mongolia,2021-05-12,"Oxford/AstraZeneca, Pfizer/BioNTech, Sinopharm/Beijing, Sputnik V",https://ikon.mn/,2347229,1712577,634652,
Mongolia,2021-05-13,"Oxford/AstraZeneca, Pfizer/BioNTech, Sinopharm/Beijing, Sputnik V",https://ikon.mn/,2372848,1735389,637459,
Mongolia,2021-05-14,"Oxford/AstraZeneca, Pfizer/BioNTech, Sinopharm/Beijing, Sputnik V",https://ikon.mn/,2398067,1758608,639459,
Mongolia,2021-05-15,"Oxford/AstraZeneca, Pfizer/BioNTech, Sinopharm/Beijing, Sputnik V",https://ikon.mn/,2411556,1770527,641029,
Mongolia,2021-05-16,"Oxford/AstraZeneca, Pfizer/BioNTech, Sinopharm/Beijing, Sputnik V",https://ikon.mn/,2422303,1778612,643691,
Mongolia,2021-05-17,"Oxford/AstraZeneca, Pfizer/BioNTech, Sinopharm/Beijing, Sputnik V",https://ikon.mn/,2444245,1792657,651588,
Mongolia,2021-05-18,"Oxford/AstraZeneca, Pfizer/BioNTech, Sinopharm/Beijing, Sputnik V",https://ikon.mn/,2468557,1802270,666287,
Mongolia,2021-05-19,"Oxford/AstraZeneca, Pfizer/BioNTech, Sinopharm/Beijing, Sputnik V",https://ikon.mn/,2495668,1810479,685189,
Mongolia,2021-05-20,"Oxford/AstraZeneca, Pfizer/BioNTech, Sinopharm/Beijing, Sputnik V",https://ikon.mn/,2522900,1818876,704024,
Mongolia,2021-05-21,"Oxford/AstraZeneca, Pfizer/BioNTech, Sinopharm/Beijing, Sputnik V",https://ikon.mn/,2556277,1824984,731293,
Mongolia,2021-05-22,"Oxford/AstraZeneca, Pfizer/BioNTech, Sinopharm/Beijing, Sputnik V",https://ikon.mn/,2580962,1827826,753136,
Mongolia,2021-05-23,"Oxford/AstraZeneca, Pfizer/BioNTech, Sinopharm/Beijing, Sputnik V",https://ikon.mn/,2604563,1830623,773940,
Mongolia,2021-05-24,"Oxford/AstraZeneca, Pfizer/BioNTech, Sinopharm/Beijing, Sputnik V",https://ikon.mn/,2664014,1836501,827513,
Mongolia,2021-05-25,"Oxford/AstraZeneca, Pfizer/BioNTech, Sinopharm/Beijing, Sputnik V",https://ikon.mn/,2729983,1841111,888872,
Mongolia,2021-05-26,"Oxford/AstraZeneca, Pfizer/BioNTech, Sinopharm/Beijing, Sputnik V",https://ikon.mn/,2787884,1843635,944249,
Mongolia,2021-05-27,"Oxford/AstraZeneca, Pfizer/BioNTech, Sinopharm/Beijing, Sputnik V",https://ikon.mn/,2872572,1847246,1025326,
Mongolia,2021-05-28,"Oxford/AstraZeneca, Pfizer/BioNTech, Sinopharm/Beijing, Sputnik V",https://ikon.mn/,3027240,1852565,1174675,
Mongolia,2021-05-30,"Oxford/AstraZeneca, Pfizer/BioNTech, Sinopharm/Beijing, Sputnik V",https://ikon.mn/,3083871,1854643,1229228,
Mongolia,2021-05-31,"Oxford/AstraZeneca, Pfizer/BioNTech, Sinopharm/Beijing, Sputnik V",https://ikon.mn/,3165008,1858546,1306462,
Mongolia,2021-06-01,"Oxford/AstraZeneca, Pfizer/BioNTech, Sinopharm/Beijing, Sputnik V",https://ikon.mn/,3182775,1859509,1323266,
Mongolia,2021-06-02,"Oxford/AstraZeneca, Pfizer/BioNTech, Sinopharm/Beijing, Sputnik V",https://ikon.mn/,3234111,1860915,1373196,
Mongolia,2021-06-03,"Oxford/AstraZeneca, Pfizer/BioNTech, Sinopharm/Beijing, Sputnik V",https://ikon.mn/,3305569,1865857,1439712,
Mongolia,2021-06-04,"Oxford/AstraZeneca, Pfizer/BioNTech, Sinopharm/Beijing, Sputnik V",https://ikon.mn/,3358051,1869199,1488852,
Mongolia,2021-06-05,"Oxford/AstraZeneca, Pfizer/BioNTech, Sinopharm/Beijing, Sputnik V",https://ikon.mn/,3380812,1870788,1510024,
Mongolia,2021-06-06,"Oxford/AstraZeneca, Pfizer/BioNTech, Sinopharm/Beijing, Sputnik V",https://ikon.mn/,3397608,1872056,1525552,
Mongolia,2021-06-07,"Oxford/AstraZeneca, Pfizer/BioNTech, Sinopharm/Beijing, Sputnik V",https://ikon.mn/,3436701,1875003,1561698,
Mongolia,2021-06-08,"Oxford/AstraZeneca, Pfizer/BioNTech, Sinopharm/Beijing, Sputnik V",https://ikon.mn/,3481129,1884272,1596857,
Mongolia,2021-06-10,"Oxford/AstraZeneca, Pfizer/BioNTech, Sinopharm/Beijing, Sputnik V",https://ikon.mn/,3508471,1887425,1621046,
Mongolia,2021-06-11,"Oxford/AstraZeneca, Pfizer/BioNTech, Sinopharm/Beijing, Sputnik V",https://ikon.mn/,3528572,1890678,1637894,
Mongolia,2021-06-12,"Oxford/AstraZeneca, Pfizer/BioNTech, Sinopharm/Beijing, Sputnik V",https://ikon.mn/,3534495,1891804,1642691,
Mongolia,2021-06-13,"Oxford/AstraZeneca, Pfizer/BioNTech, Sinopharm/Beijing, Sputnik V",https://ikon.mn/,3538289,1892396,1645893,
Mongolia,2021-06-14,"Oxford/AstraZeneca, Pfizer/BioNTech, Sinopharm/Beijing, Sputnik V",https://ikon.mn/,3552788,1894995,1657793,
Mongolia,2021-06-15,"Oxford/AstraZeneca, Pfizer/BioNTech, Sinopharm/Beijing, Sputnik V",https://ikon.mn/,3565805,1897956,1667849,
Mongolia,2021-06-17,"Oxford/AstraZeneca, Pfizer/BioNTech, Sinopharm/Beijing, Sputnik V",https://ikon.mn/,3588146,1903859,1684287,
Mongolia,2021-06-18,"Oxford/AstraZeneca, Pfizer/BioNTech, Sinopharm/Beijing, Sputnik V",https://ikon.mn/,3599557,1907878,1691679,
Mongolia,2021-06-20,"Oxford/AstraZeneca, Pfizer/BioNTech, Sinopharm/Beijing, Sputnik V",https://ikon.mn/,3608480,1912235,1696245,
Mongolia,2021-06-22,"Oxford/AstraZeneca, Pfizer/BioNTech, Sinopharm/Beijing, Sputnik V",https://ikon.mn/,3633222,1924675,1708547,
Mongolia,2021-06-23,"Oxford/AstraZeneca, Pfizer/BioNTech, Sinopharm/Beijing, Sputnik V",https://ikon.mn/,3645291,1931642,1713649,
Mongolia,2021-06-25,"Oxford/AstraZeneca, Pfizer/BioNTech, Sinopharm/Beijing, Sputnik V",https://ikon.mn/,3672281,1948459,1723822,
Mongolia,2021-06-27,"Oxford/AstraZeneca, Pfizer/BioNTech, Sinopharm/Beijing, Sputnik V",https://ikon.mn/,3682742,1956403,1726339,
Mongolia,2021-06-28,"Oxford/AstraZeneca, Pfizer/BioNTech, Sinopharm/Beijing, Sputnik V",https://ikon.mn/,3720002,1981613,1738389,
Mongolia,2021-06-30,"Oxford/AstraZeneca, Pfizer/BioNTech, Sinopharm/Beijing, Sputnik V",https://ikon.mn/,3767598,2021411,1746187,
Mongolia,2021-07-01,"Oxford/AstraZeneca, Pfizer/BioNTech, Sinopharm/Beijing, Sputnik V",https://ikon.mn/,3788394,2038128,1750266,
Mongolia,2021-07-02,"Oxford/AstraZeneca, Pfizer/BioNTech, Sinopharm/Beijing, Sputnik V",https://ikon.mn/,3810163,2053714,1756449,
Mongolia,2021-07-04,"Oxford/AstraZeneca, Pfizer/BioNTech, Sinopharm/Beijing, Sputnik V",https://ikon.mn/,3827417,2066119,1761298,
Mongolia,2021-07-06,"Oxford/AstraZeneca, Pfizer/BioNTech, Sinopharm/Beijing, Sputnik V",https://ikon.mn/,3865840,2088595,1777245,
Mongolia,2021-07-07,"Oxford/AstraZeneca, Pfizer/BioNTech, Sinopharm/Beijing, Sputnik V",https://ikon.mn/,3879567,2097303,1782264,
Mongolia,2021-07-08,"Oxford/AstraZeneca, Pfizer/BioNTech, Sinopharm/Beijing, Sputnik V",https://ikon.mn/,3888172,2100918,1787254,
Mongolia,2021-07-10,"Oxford/AstraZeneca, Pfizer/BioNTech, Sinopharm/Beijing, Sputnik V",https://ikon.mn/,3899770,2103485,1796285,
Mongolia,2021-07-14,"Oxford/AstraZeneca, Pfizer/BioNTech, Sinopharm/Beijing, Sputnik V",https://ikon.mn/,3902647,2103983,1798664,
Mongolia,2021-07-15,"Oxford/AstraZeneca, Pfizer/BioNTech, Sinopharm/Beijing, Sputnik V",https://ikon.mn/,3912996,2104832,1808164,
Mongolia,2021-07-17,"Oxford/AstraZeneca, Pfizer/BioNTech, Sinopharm/Beijing, Sputnik V",https://ikon.mn/,3926213,2105725,1820488,
Mongolia,2021-07-18,"Oxford/AstraZeneca, Pfizer/BioNTech, Sinopharm/Beijing, Sputnik V",https://ikon.mn/,3930877,2107044,1823833,
Mongolia,2021-07-19,"Oxford/AstraZeneca, Pfizer/BioNTech, Sinopharm/Beijing, Sputnik V",https://ikon.mn/,3950708,2108868,1841840,
Mongolia,2021-07-20,"Oxford/AstraZeneca, Pfizer/BioNTech, Sinopharm/Beijing, Sputnik V",https://ikon.mn/,3972424,2111927,1860497,
Mongolia,2021-07-21,"Oxford/AstraZeneca, Pfizer/BioNTech, Sinopharm/Beijing, Sputnik V",https://ikon.mn/,3998762,2117494,1881268,
Mongolia,2021-07-22,"Oxford/AstraZeneca, Pfizer/BioNTech, Sinopharm/Beijing, Sputnik V",https://ikon.mn/,4024669,2124499,1900170,
Mongolia,2021-07-23,"Oxford/AstraZeneca, Pfizer/BioNTech, Sinopharm/Beijing, Sputnik V",https://ikon.mn/,4047468,2131221,1916247,
Mongolia,2021-07-25,"Oxford/AstraZeneca, Pfizer/BioNTech, Sinopharm/Beijing, Sputnik V",https://ikon.mn/,4068492,2138538,1929954,
Mongolia,2021-07-26,"Oxford/AstraZeneca, Pfizer/BioNTech, Sinopharm/Beijing, Sputnik V",https://ikon.mn/,4091002,2146874,1944128,
Mongolia,2021-07-27,"Oxford/AstraZeneca, Pfizer/BioNTech, Sinopharm/Beijing, Sputnik V",https://ikon.mn/,4111223,2155040,1956183,
Mongolia,2021-07-28,"Oxford/AstraZeneca, Pfizer/BioNTech, Sinopharm/Beijing, Sputnik V",https://ikon.mn/,4127311,2161612,1965699,
Mongolia,2021-07-30,"Oxford/AstraZeneca, Pfizer/BioNTech, Sinopharm/Beijing, Sputnik V",https://ikon.mn/,4154534,2174672,1979862,
Mongolia,2021-08-01,"Oxford/AstraZeneca, Pfizer/BioNTech, Sinopharm/Beijing, Sputnik V",https://ikon.mn/,4161918,2178913,1983005,
Mongolia,2021-08-02,"Oxford/AstraZeneca, Pfizer/BioNTech, Sinopharm/Beijing, Sputnik V",https://ikon.mn/,4171546,2184602,1986944,
Mongolia,2021-08-03,"Oxford/AstraZeneca, Pfizer/BioNTech, Sinopharm/Beijing, Sputnik V",https://ikon.mn/,4173071,2185468,1987603,
Mongolia,2021-08-04,"Oxford/AstraZeneca, Pfizer/BioNTech, Sinopharm/Beijing, Sputnik V",https://ikon.mn/,4185547,2192905,1992642,
Mongolia,2021-08-05,"Oxford/AstraZeneca, Pfizer/BioNTech, Sinopharm/Beijing, Sputnik V",https://ikon.mn/,4192146,2197111,1995035,
Mongolia,2021-08-06,"Oxford/AstraZeneca, Pfizer/BioNTech, Sinopharm/Beijing, Sputnik V",https://ikon.mn/,4198321,2200824,1997497,
Mongolia,2021-08-07,"Oxford/AstraZeneca, Pfizer/BioNTech, Sinopharm/Beijing, Sputnik V",https://ikon.mn/,4199691,2201703,1997988,
Mongolia,2021-08-08,"Oxford/AstraZeneca, Pfizer/BioNTech, Sinopharm/Beijing, Sputnik V",https://ikon.mn/,4200827,2202412,1998415,
Mongolia,2021-08-09,"Oxford/AstraZeneca, Pfizer/BioNTech, Sinopharm/Beijing, Sputnik V",https://ikon.mn/,4206816,2206071,2000745,
Mongolia,2021-08-10,"Oxford/AstraZeneca, Pfizer/BioNTech, Sinopharm/Beijing, Sputnik V",https://ikon.mn/,4211450,2208400,2003050,
Mongolia,2021-08-11,"Oxford/AstraZeneca, Pfizer/BioNTech, Sinopharm/Beijing, Sputnik V",https://ikon.mn/,4217855,2210968,2006887,
Mongolia,2021-08-12,"Oxford/AstraZeneca, Pfizer/BioNTech, Sinopharm/Beijing, Sputnik V",https://ikon.mn/,4224580,2213422,2011158,
Mongolia,2021-08-13,"Oxford/AstraZeneca, Pfizer/BioNTech, Sinopharm/Beijing, Sputnik V",https://ikon.mn/,4232784,2216191,2016593,
Mongolia,2021-08-14,"Oxford/AstraZeneca, Pfizer/BioNTech, Sinopharm/Beijing, Sputnik V",https://ikon.mn/,4235613,2217044,2018569,
Mongolia,2021-08-15,"Oxford/AstraZeneca, Pfizer/BioNTech, Sinopharm/Beijing, Sputnik V",https://ikon.mn/,4236033,2217139,2018894,
Mongolia,2021-08-16,"Oxford/AstraZeneca, Pfizer/BioNTech, Sinopharm/Beijing, Sputnik V",https://ikon.mn/,4240587,2218058,2022529,
Mongolia,2021-08-18,"Oxford/AstraZeneca, Pfizer/BioNTech, Sinopharm/Beijing, Sputnik V",https://ikon.mn/,4254734,2221121,2033613,
Mongolia,2021-08-19,"Oxford/AstraZeneca, Pfizer/BioNTech, Sinopharm/Beijing, Sputnik V",https://ikon.mn/,4261009,2222451,2038558,
Mongolia,2021-08-20,"Oxford/AstraZeneca, Pfizer/BioNTech, Sinopharm/Beijing, Sputnik V",https://ikon.mn/,4278004,2226436,2051568,
Mongolia,2021-08-21,"Oxford/AstraZeneca, Pfizer/BioNTech, Sinopharm/Beijing, Sputnik V",https://ikon.mn/,4280748,2227072,2053676,
Mongolia,2021-08-22,"Oxford/AstraZeneca, Pfizer/BioNTech, Sinopharm/Beijing, Sputnik V",https://ikon.mn/,4282702,2227434,2055268,
Mongolia,2021-08-23,"Oxford/AstraZeneca, Pfizer/BioNTech, Sinopharm/Beijing, Sputnik V",https://ikon.mn/,4291705,2229595,2062110,
Mongolia,2021-08-24,"Oxford/AstraZeneca, Pfizer/BioNTech, Sinopharm/Beijing, Sputnik V",https://ikon.mn/,4298705,2231314,2067391,
Mongolia,2021-08-25,"Oxford/AstraZeneca, Pfizer/BioNTech, Sinopharm/Beijing, Sputnik V",https://ikon.mn/,4305958,2232964,2072994,
Mongolia,2021-08-26,"Oxford/AstraZeneca, Pfizer/BioNTech, Sinopharm/Beijing, Sputnik V",https://ikon.mn/,4311222,2234061,2077161,
Mongolia,2021-08-28,"Oxford/AstraZeneca, Pfizer/BioNTech, Sinopharm/Beijing, Sputnik V",https://ikon.mn/,4320299,2236137,2084162,
Mongolia,2021-08-29,"Oxford/AstraZeneca, Pfizer/BioNTech, Sinopharm/Beijing, Sputnik V",https://ikon.mn/,4321363,2236363,2085000,
Mongolia,2021-08-30,"Oxford/AstraZeneca, Pfizer/BioNTech, Sinopharm/Beijing, Sputnik V",https://ikon.mn/,4327878,2238037,2089841,
Mongolia,2021-08-31,"Oxford/AstraZeneca, Pfizer/BioNTech, Sinopharm/Beijing, Sputnik V",https://ikon.mn/,4333638,2239399,2094239,
Mongolia,2021-09-01,"Oxford/AstraZeneca, Pfizer/BioNTech, Sinopharm/Beijing, Sputnik V",https://ikon.mn/,4337491,2240435,2097056,
Mongolia,2021-09-02,"Oxford/AstraZeneca, Pfizer/BioNTech, Sinopharm/Beijing, Sputnik V",https://ikon.mn/,4340885,2241087,2099798,
Mongolia,2021-09-03,"Oxford/AstraZeneca, Pfizer/BioNTech, Sinopharm/Beijing, Sputnik V",https://ikon.mn/,4344079,2242107,2101972,
Mongolia,2021-09-04,"Oxford/AstraZeneca, Pfizer/BioNTech, Sinopharm/Beijing, Sputnik V",https://ikon.mn/,4345842,2242568,2103274,
Mongolia,2021-09-05,"Oxford/AstraZeneca, Pfizer/BioNTech, Sinopharm/Beijing, Sputnik V",https://ikon.mn/,4346550,2242768,2103782,
Mongolia,2021-09-06,"Oxford/AstraZeneca, Pfizer/BioNTech, Sinopharm/Beijing, Sputnik V",https://ikon.mn/,4349057,2243338,2105719,
Mongolia,2021-09-07,"Oxford/AstraZeneca, Pfizer/BioNTech, Sinopharm/Beijing, Sputnik V",https://ikon.mn/,4352131,2244222,2107909,
Mongolia,2021-09-08,"Oxford/AstraZeneca, Pfizer/BioNTech, Sinopharm/Beijing, Sputnik V",https://ikon.mn/,4355047,2245049,2109998,
Mongolia,2021-09-09,"Oxford/AstraZeneca, Pfizer/BioNTech, Sinopharm/Beijing, Sputnik V",https://ikon.mn/,4356196,2245323,2110873,
Mongolia,2021-09-11,"Oxford/AstraZeneca, Pfizer/BioNTech, Sinopharm/Beijing, Sputnik V",https://ikon.mn/,4358822,2246005,2112817,
Mongolia,2021-09-13,"Oxford/AstraZeneca, Pfizer/BioNTech, Sinopharm/Beijing, Sputnik V",https://ikon.mn/,4362413,2246924,2115489,
Mongolia,2021-09-14,"Oxford/AstraZeneca, Pfizer/BioNTech, Sinopharm/Beijing, Sputnik V",https://ikon.mn/,4364524,2247390,2117134,
Mongolia,2021-09-15,"Oxford/AstraZeneca, Pfizer/BioNTech, Sinopharm/Beijing, Sputnik V",https://ikon.mn/,4366169,2247754,2118415,
Mongolia,2021-09-16,"Oxford/AstraZeneca, Pfizer/BioNTech, Sinopharm/Beijing, Sputnik V",https://ikon.mn/,4367512,2248058,2119454,
Mongolia,2021-09-17,"Oxford/AstraZeneca, Pfizer/BioNTech, Sinopharm/Beijing, Sputnik V",https://ikon.mn/,4369498,2248549,2120949,
Mongolia,2021-09-19,"Oxford/AstraZeneca, Pfizer/BioNTech, Sinopharm/Beijing, Sputnik V",https://ikon.mn/,4370453,2248757,2121696,
Mongolia,2021-09-20,"Oxford/AstraZeneca, Pfizer/BioNTech, Sinopharm/Beijing, Sputnik V",https://ikon.mn/,4371868,2249078,2122790,
Mongolia,2021-09-21,"Oxford/AstraZeneca, Pfizer/BioNTech, Sinopharm/Beijing, Sputnik V",https://ikon.mn/,4372991,2249289,2123702,
Mongolia,2021-09-22,"Oxford/AstraZeneca, Pfizer/BioNTech, Sinopharm/Beijing, Sputnik V",https://ikon.mn/,4374191,2249607,2124584,
Mongolia,2021-09-23,"Oxford/AstraZeneca, Pfizer/BioNTech, Sinopharm/Beijing, Sputnik V",https://ikon.mn/,4375211,2249848,2125363,
Mongolia,2021-09-24,"Oxford/AstraZeneca, Pfizer/BioNTech, Sinopharm/Beijing, Sputnik V",https://ikon.mn/,4376377,2250137,2126240,
Mongolia,2021-09-26,"Oxford/AstraZeneca, Pfizer/BioNTech, Sinopharm/Beijing, Sputnik V",https://ikon.mn/,4376793,2250218,2126575,
Mongolia,2021-09-27,"Oxford/AstraZeneca, Pfizer/BioNTech, Sinopharm/Beijing, Sputnik V",https://ikon.mn/,4378071,2250537,2127534,
Mongolia,2021-09-28,"Oxford/AstraZeneca, Pfizer/BioNTech, Sinopharm/Beijing, Sputnik V",https://ikon.mn/,4379100,2250797,2128303,
Mongolia,2021-09-29,"Oxford/AstraZeneca, Pfizer/BioNTech, Sinopharm/Beijing, Sputnik V",https://ikon.mn/,4380175,2251069,2129106,
Mongolia,2021-09-30,"Oxford/AstraZeneca, Pfizer/BioNTech, Sinopharm/Beijing, Sputnik V",https://ikon.mn/,4381268,2251392,2129876,
Mongolia,2021-10-01,"Oxford/AstraZeneca, Pfizer/BioNTech, Sinopharm/Beijing, Sputnik V",https://ikon.mn/,4381911,2251542,2130369,
Mongolia,2021-10-02,"Oxford/AstraZeneca, Pfizer/BioNTech, Sinopharm/Beijing, Sputnik V",https://ikon.mn/,4382393,2251684,2130709,
Mongolia,2021-10-03,"Oxford/AstraZeneca, Pfizer/BioNTech, Sinopharm/Beijing, Sputnik V",https://ikon.mn/,4382486,2251699,2130787,
Mongolia,2021-10-04,"Oxford/AstraZeneca, Pfizer/BioNTech, Sinopharm/Beijing, Sputnik V",https://ikon.mn/,4383409,2251944,2131465,
Mongolia,2021-10-05,"Oxford/AstraZeneca, Pfizer/BioNTech, Sinopharm/Beijing, Sputnik V",https://ikon.mn/,4384114,2252136,2131978,
Mongolia,2021-10-06,"Oxford/AstraZeneca, Pfizer/BioNTech, Sinopharm/Beijing, Sputnik V",https://ikon.mn/,4384825,2252313,2132512,
Mongolia,2021-10-07,"Oxford/AstraZeneca, Pfizer/BioNTech, Sinopharm/Beijing, Sputnik V",https://ikon.mn/,4385371,2252459,2132912,
Mongolia,2021-10-10,"Oxford/AstraZeneca, Pfizer/BioNTech, Sinopharm/Beijing, Sputnik V",https://ikon.mn/,4386477,2252748,2133729,
Mongolia,2021-10-11,"Oxford/AstraZeneca, Pfizer/BioNTech, Sinopharm/Beijing, Sputnik V",https://ikon.mn/,4387025,2252914,2134111,
Mongolia,2021-10-12,"Oxford/AstraZeneca, Pfizer/BioNTech, Sinopharm/Beijing, Sputnik V",https://ikon.mn/,4387627,2253082,2134545,
Mongolia,2021-10-13,"Oxford/AstraZeneca, Pfizer/BioNTech, Sinopharm/Beijing, Sputnik V",https://ikon.mn/,4388414,2253306,2135108,
Mongolia,2021-10-14,"Oxford/AstraZeneca, Pfizer/BioNTech, Sinopharm/Beijing, Sputnik V",https://ikon.mn/,4389002,2253472,2135530,
Mongolia,2021-10-15,"Oxford/AstraZeneca, Pfizer/BioNTech, Sinopharm/Beijing, Sputnik V",https://ikon.mn/,4389528,2253658,2135870,
Mongolia,2021-10-17,"Oxford/AstraZeneca, Pfizer/BioNTech, Sinopharm/Beijing, Sputnik V",https://ikon.mn/,4389824,2253761,2136063,
Mongolia,2021-10-18,"Oxford/AstraZeneca, Pfizer/BioNTech, Sinopharm/Beijing, Sputnik V",https://ikon.mn/,4390301,2253925,2136376,
Mongolia,2021-10-19,"Oxford/AstraZeneca, Pfizer/BioNTech, Sinopharm/Beijing, Sputnik V",https://ikon.mn/,4390773,2254074,2136699,
Mongolia,2021-10-20,"Oxford/AstraZeneca, Pfizer/BioNTech, Sinopharm/Beijing, Sputnik V",https://ikon.mn/,4391183,2254204,2136979,
Mongolia,2021-10-24,"Oxford/AstraZeneca, Pfizer/BioNTech, Sinopharm/Beijing, Sputnik V",https://ikon.mn/,4392350,2254570,2137780,
Mongolia,2021-10-26,"Oxford/AstraZeneca, Pfizer/BioNTech, Sinopharm/Beijing, Sputnik V",https://ikon.mn/,4393356,2254866,2138490,
Mongolia,2021-10-28,"Oxford/AstraZeneca, Pfizer/BioNTech, Sinopharm/Beijing, Sputnik V",https://ikon.mn/,4394377,2255155,2139222,
Mongolia,2021-10-31,"Oxford/AstraZeneca, Pfizer/BioNTech, Sinopharm/Beijing, Sputnik V",https://ikon.mn/,4395278,2255448,2139830,
Mongolia,2021-11-05,"Oxford/AstraZeneca, Pfizer/BioNTech, Sinopharm/Beijing, Sputnik V",https://ikon.mn/,4397188,2256014,2141174,
Mongolia,2021-11-06,"Oxford/AstraZeneca, Pfizer/BioNTech, Sinopharm/Beijing, Sputnik V",https://ikon.mn/,4397342,2256066,2141276,
Mongolia,2021-11-08,"Oxford/AstraZeneca, Pfizer/BioNTech, Sinopharm/Beijing, Sputnik V",https://ikon.mn/,4398356,2256273,2142083,
Mongolia,2021-11-10,"Oxford/AstraZeneca, Pfizer/BioNTech, Sinopharm/Beijing, Sputnik V",https://ikon.mn/,4399820,2256788,2143032,
Mongolia,2021-11-11,"Oxford/AstraZeneca, Pfizer/BioNTech, Sinopharm/Beijing, Sputnik V",https://ikon.mn/,4400422,2256958,2143464,
Mongolia,2021-11-12,"Oxford/AstraZeneca, Pfizer/BioNTech, Sinopharm/Beijing, Sputnik V",https://ikon.mn/,4401882,2257457,2144425,
Mongolia,2021-11-14,"Oxford/AstraZeneca, Pfizer/BioNTech, Sinopharm/Beijing, Sputnik V",https://ikon.mn/,4402207,2257590,2144617,
Mongolia,2021-11-15,"Oxford/AstraZeneca, Pfizer/BioNTech, Sinopharm/Beijing, Sputnik V",https://ikon.mn/,4402983,2257845,2145138,
Mongolia,2021-11-16,"Oxford/AstraZeneca, Pfizer/BioNTech, Sinopharm/Beijing, Sputnik V",https://ikon.mn/,4403763,2258055,2145708,
Mongolia,2021-11-18,"Oxford/AstraZeneca, Pfizer/BioNTech, Sinopharm/Beijing, Sputnik V",https://ikon.mn/,4405032,2258443,2146589,
Mongolia,2021-11-19,"Oxford/AstraZeneca, Pfizer/BioNTech, Sinopharm/Beijing, Sputnik V",https://ikon.mn/,4405665,2258631,2147034,
Mongolia,2021-11-21,"Oxford/AstraZeneca, Pfizer/BioNTech, Sinopharm/Beijing, Sputnik V",https://ikon.mn/,4406086,2258752,2147334,
Mongolia,2021-11-22,"Oxford/AstraZeneca, Pfizer/BioNTech, Sinopharm/Beijing, Sputnik V",https://ikon.mn/,4406703,2258938,2147765,
Mongolia,2021-11-23,"Oxford/AstraZeneca, Pfizer/BioNTech, Sinopharm/Beijing, Sputnik V",https://ikon.mn/,4407363,2259157,2148206,
Mongolia,2021-11-24,"Oxford/AstraZeneca, Pfizer/BioNTech, Sinopharm/Beijing, Sputnik V",https://ikon.mn/,4408200,2259393,2148807,
Mongolia,2021-11-25,"Oxford/AstraZeneca, Pfizer/BioNTech, Sinopharm/Beijing, Sputnik V",https://ikon.mn/,4408998,2259619,2149379,
Mongolia,2021-11-27,"Oxford/AstraZeneca, Pfizer/BioNTech, Sinopharm/Beijing, Sputnik V",https://ikon.mn/,4409480,2259763,2149717,
Mongolia,2021-11-28,"Oxford/AstraZeneca, Pfizer/BioNTech, Sinopharm/Beijing, Sputnik V",https://ikon.mn/,4409756,2259870,2149886,
Mongolia,2021-11-29,"Oxford/AstraZeneca, Pfizer/BioNTech, Sinopharm/Beijing, Sputnik V",https://ikon.mn/,4410657,2260178,2150479,
Mongolia,2021-12-01,"Oxford/AstraZeneca, Pfizer/BioNTech, Sinopharm/Beijing, Sputnik V",https://ikon.mn/,4412537,2260835,2151702,
Mongolia,2021-12-02,"Oxford/AstraZeneca, Pfizer/BioNTech, Sinopharm/Beijing, Sputnik V",https://ikon.mn/,4413469,2261082,2152387,
Mongolia,2021-12-03,"Oxford/AstraZeneca, Pfizer/BioNTech, Sinopharm/Beijing, Sputnik V",https://ikon.mn/,4414208,2261289,2152919,
Mongolia,2021-12-04,"Oxford/AstraZeneca, Pfizer/BioNTech, Sinopharm/Beijing, Sputnik V",https://ikon.mn/,4414696,2261462,2153234,
Mongolia,2021-12-05,"Oxford/AstraZeneca, Pfizer/BioNTech, Sinopharm/Beijing, Sputnik V",https://ikon.mn/,4414941,2261533,2153408,
Mongolia,2021-12-06,"Oxford/AstraZeneca, Pfizer/BioNTech, Sinopharm/Beijing, Sputnik V",https://ikon.mn/,4415784,2261816,2153968,
Mongolia,2021-12-08,"Oxford/AstraZeneca, Pfizer/BioNTech, Sinopharm/Beijing, Sputnik V",https://ikon.mn/,4417349,2262343,2155006,
Mongolia,2021-12-09,"Oxford/AstraZeneca, Pfizer/BioNTech, Sinopharm/Beijing, Sputnik V",https://ikon.mn/,4417715,2262458,2155257,
Mongolia,2021-12-11,"Oxford/AstraZeneca, Pfizer/BioNTech, Sinopharm/Beijing, Sputnik V",https://ikon.mn/,4418587,2262711,2155876,
Mongolia,2021-12-12,"Oxford/AstraZeneca, Pfizer/BioNTech, Sinopharm/Beijing, Sputnik V",https://ikon.mn/,4418882,2262825,2156057,
Mongolia,2021-12-13,"Oxford/AstraZeneca, Pfizer/BioNTech, Sinopharm/Beijing, Sputnik V",https://ikon.mn/,4419007,2262883,2156124,
Mongolia,2021-12-14,"Oxford/AstraZeneca, Pfizer/BioNTech, Sinopharm/Beijing, Sputnik V",https://ikon.mn/,4419779,2263123,2156656,
Mongolia,2021-12-15,"Oxford/AstraZeneca, Pfizer/BioNTech, Sinopharm/Beijing, Sputnik V",https://ikon.mn/,5246981,2263912,2159006,824063
Mongolia,2021-12-16,"Oxford/AstraZeneca, Pfizer/BioNTech, Sinopharm/Beijing, Sputnik V",https://ikon.mn/,,2264125,2159483,
Mongolia,2021-12-17,"Oxford/AstraZeneca, Pfizer/BioNTech, Sinopharm/Beijing, Sputnik V",https://ikon.mn/,,2264299,2159905,
Mongolia,2021-12-18,"Oxford/AstraZeneca, Pfizer/BioNTech, Sinopharm/Beijing, Sputnik V",https://ikon.mn/,,2264410,2160122,
Mongolia,2021-12-19,"Oxford/AstraZeneca, Pfizer/BioNTech, Sinopharm/Beijing, Sputnik V",https://ikon.mn/,,2264437,2160217,
Mongolia,2021-12-21,"Oxford/AstraZeneca, Pfizer/BioNTech, Sinopharm/Beijing, Sputnik V",https://ikon.mn/,,2264713,2160782,
Mongolia,2021-12-22,"Oxford/AstraZeneca, Pfizer/BioNTech, Sinopharm/Beijing, Sputnik V",https://ikon.mn/,5296465,2264962,2161328,870175
Mongolia,2021-12-23,"Oxford/AstraZeneca, Pfizer/BioNTech, Sinopharm/Beijing, Sputnik V",https://ikon.mn/,5303769,2265155,2161678,876936
Mongolia,2021-12-24,"Oxford/AstraZeneca, Pfizer/BioNTech, Sinopharm/Beijing, Sputnik V",https://ikon.mn/,5313055,2265391,2162201,885463
Mongolia,2021-12-25,"Oxford/AstraZeneca, Pfizer/BioNTech, Sinopharm/Beijing, Sputnik V",https://ikon.mn/,5321817,2265616,2162721,893480
Mongolia,2021-12-27,"Oxford/AstraZeneca, Pfizer/BioNTech, Sinopharm/Beijing, Sputnik V",https://ikon.mn/,5325526,2265683,2162885,896958
Mongolia,2021-12-28,"Oxford/AstraZeneca, Pfizer/BioNTech, Sinopharm/Beijing, Sputnik V",https://ikon.mn/,5332165,2265849,2163214,903102
Mongolia,2021-12-29,"Oxford/AstraZeneca, Pfizer/BioNTech, Sinopharm/Beijing, Sputnik V",https://ikon.mn/,5337594,2265951,2163528,908115
Mongolia,2021-12-31,"Oxford/AstraZeneca, Pfizer/BioNTech, Sinopharm/Beijing, Sputnik V",https://ikon.mn/,5340605,2265984,2163572,911049
Mongolia,2022-01-01,"Oxford/AstraZeneca, Pfizer/BioNTech, Sinopharm/Beijing, Sputnik V",https://ikon.mn/,5346343,2266150,2164097,916096
Mongolia,2022-01-02,"Oxford/AstraZeneca, Pfizer/BioNTech, Sinopharm/Beijing, Sputnik V",https://ikon.mn/,5348124,2266151,,917048
Mongolia,2022-01-04,"Oxford/AstraZeneca, Pfizer/BioNTech, Sinopharm/Beijing, Sputnik V",https://ikon.mn/,5350066,2266225,2164363,919478
Mongolia,2022-01-05,"Oxford/AstraZeneca, Pfizer/BioNTech, Sinopharm/Beijing, Sputnik V",https://ikon.mn/,5353583,2266323,2164579,922681
Mongolia,2022-01-06,"Oxford/AstraZeneca, Pfizer/BioNTech, Sinopharm/Beijing, Sputnik V",https://ikon.mn/,5357450,2266446,2164820,926184
Mongolia,2022-01-07,"Oxford/AstraZeneca, Pfizer/BioNTech, Sinopharm/Beijing, Sputnik V",https://ikon.mn/,5362315,2266748,2165862,929705
Mongolia,2022-01-08,"Oxford/AstraZeneca, Pfizer/BioNTech, Sinopharm/Beijing, Sputnik V",https://ikon.mn/,5367157,2266911,2166126,934120
Mongolia,2022-01-09,"Oxford/AstraZeneca, Pfizer/BioNTech, Sinopharm/Beijing, Sputnik V",https://ikon.mn/,5369265,2266964,2166235,936066
Mongolia,2022-01-10,"Oxford/AstraZeneca, Pfizer/BioNTech, Sinopharm/Beijing, Sputnik V",https://ikon.mn/,5370194,2266992,2166296,936906
Mongolia,2022-01-11,"Oxford/AstraZeneca, Pfizer/BioNTech, Sinopharm/Beijing, Sputnik V",https://ikon.mn/,5374811,2267136,2166556,941119
Mongolia,2022-01-12,"Oxford/AstraZeneca, Pfizer/BioNTech, Sinopharm/Beijing, Sputnik V",https://ikon.mn/,5380649,2267296,2166817,946536
Mongolia,2022-01-13,"Oxford/AstraZeneca, Pfizer/BioNTech, Sinopharm/Beijing, Sputnik V",https://ikon.mn/,5387539,2267482,2167156,952901
Mongolia,2022-01-14,"Oxford/AstraZeneca, Pfizer/BioNTech, Sinopharm/Beijing, Sputnik V",https://ikon.mn/,5389933,2267546,2167267,955120
Mongolia,2022-01-16,"Oxford/AstraZeneca, Pfizer/BioNTech, Sinopharm/Beijing, Sputnik V",https://ikon.mn/,5403042,2267934,2168053,967055
Mongolia,2022-01-17,"Oxford/AstraZeneca, Pfizer/BioNTech, Sinopharm/Beijing, Sputnik V",https://ikon.mn/,5404572,2267969,2168125,968478
Mongolia,2022-01-18,"Oxford/AstraZeneca, Pfizer/BioNTech, Sinopharm/Beijing, Sputnik V",https://ikon.mn/,5411741,2268196,2168532,975013
Mongolia,2022-01-19,"Oxford/AstraZeneca, Pfizer/BioNTech, Sinopharm/Beijing, Sputnik V",https://ikon.mn/,5416594,2268377,2168827,979390
Mongolia,2022-01-20,"Oxford/AstraZeneca, Pfizer/BioNTech, Sinopharm/Beijing, Sputnik V",https://ikon.mn/,5421108,2268525,2168965,983618
Mongolia,2022-01-21,"Oxford/AstraZeneca, Pfizer/BioNTech, Sinopharm/Beijing, Sputnik V",https://ikon.mn/,5426161,2268689,2169197,988275
Mongolia,2022-01-22,"Oxford/AstraZeneca, Pfizer/BioNTech, Sinopharm/Beijing, Sputnik V",https://ikon.mn/,5430683,2268810,2169354,992519
Mongolia,2022-01-23,"Oxford/AstraZeneca, Pfizer/BioNTech, Sinopharm/Beijing, Sputnik V",https://ikon.mn/,5432373,2268885,,994004
Mongolia,2022-01-24,"Oxford/AstraZeneca, Pfizer/BioNTech, Sinopharm/Beijing, Sputnik V",https://ikon.mn/,5433063,2268905,2169467,994691
Mongolia,2022-01-25,"Oxford/AstraZeneca, Pfizer/BioNTech, Sinopharm/Beijing, Sputnik V",https://ikon.mn/,5436704,2269055,2169694,997955
Mongolia,2022-01-26,"Oxford/AstraZeneca, Pfizer/BioNTech, Sinopharm/Beijing, Sputnik V",https://ikon.mn/,5439337,2269170,2169823,1000344
Mongolia,2022-01-27,"Oxford/AstraZeneca, Pfizer/BioNTech, Sinopharm/Beijing, Sputnik V",https://ikon.mn/,5442017,2269389,2170005,1002623
Mongolia,2022-01-28,"Oxford/AstraZeneca, Pfizer/BioNTech, Sinopharm/Beijing, Sputnik V",https://ikon.mn/,5444192,2269541,2170323,1004328
Mongolia,2022-01-29,"Oxford/AstraZeneca, Pfizer/BioNTech, Sinopharm/Beijing, Sputnik V",https://ikon.mn/,5446296,2269702,2170516,1006078
Mongolia,2022-01-30,"Oxford/AstraZeneca, Pfizer/BioNTech, Sinopharm/Beijing, Sputnik V",https://ikon.mn/,5446692,2269723,2170556,1006413
Mongolia,2022-01-31,"Oxford/AstraZeneca, Pfizer/BioNTech, Sinopharm/Beijing, Sputnik V",https://ikon.mn/,5446952,2269737,2170575,1006640
Mongolia,2022-02-01,"Oxford/AstraZeneca, Pfizer/BioNTech, Sinopharm/Beijing, Sputnik V",https://ikon.mn/,5448205,2269816,2170691,1007698
Mongolia,2022-02-03,"Oxford/AstraZeneca, Pfizer/BioNTech, Sinopharm/Beijing, Sputnik V",https://ikon.mn/,5448682,2269843,2170723,1008116
Mongolia,2022-02-09,"Oxford/AstraZeneca, Pfizer/BioNTech, Sinopharm/Beijing, Sputnik V",https://ikon.mn/,5451403,2270031,2171053,1010319
Mongolia,2022-02-10,"Oxford/AstraZeneca, Pfizer/BioNTech, Sinopharm/Beijing, Sputnik V",https://ikon.mn/,5452668,2270107,2171173,1011388
Mongolia,2022-02-11,"Oxford/AstraZeneca, Pfizer/BioNTech, Sinopharm/Beijing, Sputnik V",https://ikon.mn/,5454241,2270250,2171433,1012558
Mongolia,2022-02-13,"Oxford/AstraZeneca, Pfizer/BioNTech, Sinopharm/Beijing, Sputnik V",https://ikon.mn/,5455980,2270372,2171612,1013996
Mongolia,2022-02-14,"Oxford/AstraZeneca, Pfizer/BioNTech, Sinopharm/Beijing, Sputnik V",https://ikon.mn/,5456193,2270398,2171647,1014148
Mongolia,2022-02-15,"Oxford/AstraZeneca, Pfizer/BioNTech, Sinopharm/Beijing, Sputnik V",https://ikon.mn/,5457368,2270478,2171771,1015119
Mongolia,2022-02-16,"Oxford/AstraZeneca, Pfizer/BioNTech, Sinopharm/Beijing, Sputnik V",https://ikon.mn/,5458041,2270545,2171826,1015670
Mongolia,2022-02-18,"Oxford/AstraZeneca, Pfizer/BioNTech, Sinopharm/Beijing, Sputnik V",https://ikon.mn/,5460660,2270828,2172141,1017691
Mongolia,2022-02-20,"Oxford/AstraZeneca, Pfizer/BioNTech, Sinopharm/Beijing, Sputnik V",https://ikon.mn/,5461677,2270897,2172253,1018527
Mongolia,2022-02-22,"Oxford/AstraZeneca, Pfizer/BioNTech, Sinopharm/Beijing, Sputnik V",https://ikon.mn/,5463421,2271053,2172432,1019936
Mongolia,2022-02-24,"Oxford/AstraZeneca, Pfizer/BioNTech, Sinopharm/Beijing, Sputnik V",https://ikon.mn/,5465967,2271377,2172714,1021876
Mongolia,2022-02-25,"Oxford/AstraZeneca, Pfizer/BioNTech, Sinopharm/Beijing, Sputnik V",https://ikon.mn/,5466733,2271447,2172814,1022472
Mongolia,2022-02-26,"Oxford/AstraZeneca, Pfizer/BioNTech, Sinopharm/Beijing, Sputnik V",https://ikon.mn/,5467728,2271548,2172909,1023271
