location,date,vaccine,source_url,total_vaccinations,people_vaccinated,people_fully_vaccinated,total_boosters
Netherlands,2021-01-09,Pfizer/BioNTech,https://github.com/mzelst/covid-19,33759,33759,0,0
Netherlands,2021-01-16,Pfizer/BioNTech,https://github.com/mzelst/covid-19,76962,76962,0,0
Netherlands,2021-01-23,"Moderna, Pfizer/BioNTech",https://github.com/mzelst/covid-19,166317,166317,0,0
Netherlands,2021-01-30,"Moderna, Pfizer/BioNTech",https://github.com/mzelst/covid-19,351301,348871,2430,0
Netherlands,2021-02-06,"Moderna, Pfizer/BioNTech",https://github.com/mzelst/covid-19,571229,544791,26438,0
Netherlands,2021-02-13,"Moderna, Oxford/AstraZeneca, Pfizer/BioNTech",https://github.com/mzelst/covid-19,788064,690512,97552,0
Netherlands,2021-02-20,"Moderna, Oxford/AstraZeneca, Pfizer/BioNTech",https://github.com/mzelst/covid-19,1037872,873658,164214,0
Netherlands,2021-02-27,"Moderna, Oxford/AstraZeneca, Pfizer/BioNTech",https://github.com/mzelst/covid-19,1382494,1105099,277395,0
Netherlands,2021-03-06,"Moderna, Oxford/AstraZeneca, Pfizer/BioNTech",https://github.com/mzelst/covid-19,1676580,1314745,361835,0
Netherlands,2021-03-13,"Moderna, Oxford/AstraZeneca, Pfizer/BioNTech",https://github.com/mzelst/covid-19,1961790,1512220,449570,0
Netherlands,2021-03-20,"Moderna, Oxford/AstraZeneca, Pfizer/BioNTech",https://github.com/mzelst/covid-19,2176230,1599098,577132,0
Netherlands,2021-03-27,"Moderna, Oxford/AstraZeneca, Pfizer/BioNTech",https://github.com/mzelst/covid-19,2474252,1798508,675744,0
Netherlands,2021-04-03,"Moderna, Oxford/AstraZeneca, Pfizer/BioNTech",https://github.com/mzelst/covid-19,2925237,2139950,785287,0
Netherlands,2021-04-10,"Moderna, Oxford/AstraZeneca, Pfizer/BioNTech",https://github.com/mzelst/covid-19,3568320,2654036,914284,0
Netherlands,2021-04-17,"Moderna, Oxford/AstraZeneca, Pfizer/BioNTech",https://github.com/mzelst/covid-19,4374586,3369028,1005558,0
Netherlands,2021-04-24,"Johnson&Johnson, Moderna, Oxford/AstraZeneca, Pfizer/BioNTech",https://github.com/mzelst/covid-19,5027703,3903940,1132650,0
Netherlands,2021-05-01,"Johnson&Johnson, Moderna, Oxford/AstraZeneca, Pfizer/BioNTech",https://github.com/mzelst/covid-19,5714489,4498098,1264902,0
Netherlands,2021-05-08,"Johnson&Johnson, Moderna, Oxford/AstraZeneca, Pfizer/BioNTech",https://github.com/mzelst/covid-19,6558442,5068019,1585903,0
Netherlands,2021-05-15,"Johnson&Johnson, Moderna, Oxford/AstraZeneca, Pfizer/BioNTech",https://github.com/mzelst/covid-19,7566757,5759861,1931295,0
Netherlands,2021-05-22,"Johnson&Johnson, Moderna, Oxford/AstraZeneca, Pfizer/BioNTech",https://github.com/mzelst/covid-19,8599405,6269561,2471970,0
Netherlands,2021-05-29,"Johnson&Johnson, Moderna, Oxford/AstraZeneca, Pfizer/BioNTech",https://github.com/mzelst/covid-19,9609684,6760850,3089178,0
Netherlands,2021-06-05,"Johnson&Johnson, Moderna, Oxford/AstraZeneca, Pfizer/BioNTech",https://github.com/mzelst/covid-19,10793726,7341004,3842356,0
Netherlands,2021-06-12,"Johnson&Johnson, Moderna, Oxford/AstraZeneca, Pfizer/BioNTech",https://github.com/mzelst/covid-19,12452633,8358497,4532701,0
Netherlands,2021-06-19,"Johnson&Johnson, Moderna, Oxford/AstraZeneca, Pfizer/BioNTech",https://github.com/mzelst/covid-19,13868180,9102387,5224446,0
Netherlands,2021-06-26,"Johnson&Johnson, Moderna, Oxford/AstraZeneca, Pfizer/BioNTech",https://github.com/mzelst/covid-19,15299848,9919608,5921801,0
Netherlands,2021-07-03,"Johnson&Johnson, Moderna, Oxford/AstraZeneca, Pfizer/BioNTech",https://github.com/mzelst/covid-19,16772698,10860670,6584554,0
Netherlands,2021-07-10,"Johnson&Johnson, Moderna, Oxford/AstraZeneca, Pfizer/BioNTech",https://github.com/mzelst/covid-19,18018910,11690948,7069670,0
Netherlands,2021-07-17,"Johnson&Johnson, Moderna, Oxford/AstraZeneca, Pfizer/BioNTech",https://github.com/mzelst/covid-19,19121108,11918496,7958278,0
Netherlands,2021-07-24,"Johnson&Johnson, Moderna, Oxford/AstraZeneca, Pfizer/BioNTech",https://github.com/mzelst/covid-19,19971456,12113408,8622855,0
Netherlands,2021-07-31,"Johnson&Johnson, Moderna, Oxford/AstraZeneca, Pfizer/BioNTech",https://github.com/mzelst/covid-19,20782227,12268367,9285972,0
Netherlands,2021-08-07,"Johnson&Johnson, Moderna, Oxford/AstraZeneca, Pfizer/BioNTech",https://github.com/mzelst/covid-19,21610467,12360337,10027676,0
Netherlands,2021-08-14,"Johnson&Johnson, Moderna, Oxford/AstraZeneca, Pfizer/BioNTech",https://github.com/mzelst/covid-19,22334956,12436829,10680212,0
Netherlands,2021-08-21,"Johnson&Johnson, Moderna, Oxford/AstraZeneca, Pfizer/BioNTech",https://github.com/mzelst/covid-19,22632126,12509005,10908983,0
Netherlands,2021-08-28,"Johnson&Johnson, Moderna, Oxford/AstraZeneca, Pfizer/BioNTech",https://github.com/mzelst/covid-19,22899987,12572753,11116410,0
Netherlands,2021-09-04,"Johnson&Johnson, Moderna, Oxford/AstraZeneca, Pfizer/BioNTech",https://github.com/mzelst/covid-19,23110213,12625485,11277085,0
Netherlands,2021-09-11,"Johnson&Johnson, Moderna, Oxford/AstraZeneca, Pfizer/BioNTech",https://github.com/mzelst/covid-19,23239849,12672948,11362420,0
Netherlands,2021-09-18,"Johnson&Johnson, Moderna, Oxford/AstraZeneca, Pfizer/BioNTech",https://github.com/mzelst/covid-19,23388602,12741517,11449221,0
Netherlands,2021-09-25,"Johnson&Johnson, Moderna, Oxford/AstraZeneca, Pfizer/BioNTech",https://github.com/mzelst/covid-19,23529611,12812225,11533180,0
Netherlands,2021-10-02,"Johnson&Johnson, Moderna, Oxford/AstraZeneca, Pfizer/BioNTech",https://github.com/mzelst/covid-19,23653512,12877054,11605657,0
Netherlands,2021-10-09,"Johnson&Johnson, Moderna, Oxford/AstraZeneca, Pfizer/BioNTech",https://github.com/mzelst/covid-19,23757749,12919498,11669411,2477
Netherlands,2021-10-16,"Johnson&Johnson, Moderna, Oxford/AstraZeneca, Pfizer/BioNTech",https://github.com/mzelst/covid-19,23864229,12951963,11730509,19352
Netherlands,2021-10-23,"Johnson&Johnson, Moderna, Oxford/AstraZeneca, Pfizer/BioNTech",https://github.com/mzelst/covid-19,23972596,12987165,11784249,42156
Netherlands,2021-10-30,"Johnson&Johnson, Moderna, Oxford/AstraZeneca, Pfizer/BioNTech",https://github.com/mzelst/covid-19,24085168,13031118,11837843,61771
Netherlands,2021-11-06,"Johnson&Johnson, Moderna, Oxford/AstraZeneca, Pfizer/BioNTech",https://github.com/mzelst/covid-19,24210316,13102051,11886829,75491
Netherlands,2021-11-13,"Johnson&Johnson, Moderna, Oxford/AstraZeneca, Pfizer/BioNTech",https://github.com/mzelst/covid-19,24334311,13169049,11935154,89046
Netherlands,2021-11-20,"Johnson&Johnson, Moderna, Oxford/AstraZeneca, Pfizer/BioNTech",https://github.com/mzelst/covid-19,24449730,13218302,11983073,110395
Netherlands,2021-11-27,"Johnson&Johnson, Moderna, Oxford/AstraZeneca, Pfizer/BioNTech",https://github.com/mzelst/covid-19,24726181,13251137,12041429,297857
Netherlands,2021-12-04,"Johnson&Johnson, Moderna, Oxford/AstraZeneca, Pfizer/BioNTech",https://github.com/mzelst/covid-19,25141816,13275782,12099235,632287
Netherlands,2021-12-11,"Johnson&Johnson, Moderna, Oxford/AstraZeneca, Pfizer/BioNTech",https://github.com/mzelst/covid-19,25756604,13294161,12154378,1174474
Netherlands,2021-12-18,"Johnson&Johnson, Moderna, Oxford/AstraZeneca, Pfizer/BioNTech",https://github.com/mzelst/covid-19,26681779,13309422,12199382,2040001
Netherlands,2021-12-25,"Johnson&Johnson, Moderna, Oxford/AstraZeneca, Pfizer/BioNTech",https://github.com/mzelst/covid-19,27982661,13317939,12225791,3306121
Netherlands,2022-01-01,"Johnson&Johnson, Moderna, Oxford/AstraZeneca, Pfizer/BioNTech",https://github.com/mzelst/covid-19,29617371,13326469,12249631,4908662
Netherlands,2022-01-08,"Johnson&Johnson, Moderna, Oxford/AstraZeneca, Pfizer/BioNTech",https://github.com/mzelst/covid-19,31517542,13339630,12275008,6770497
Netherlands,2022-01-15,"Johnson&Johnson, Moderna, Oxford/AstraZeneca, Pfizer/BioNTech",https://github.com/mzelst/covid-19,32661217,13349600,12294816,7884616
Netherlands,2022-01-22,"Johnson&Johnson, Moderna, Oxford/AstraZeneca, Pfizer/BioNTech",https://github.com/mzelst/covid-19,33134926,13371596,12310140,8321127
Netherlands,2022-01-29,"Johnson&Johnson, Moderna, Oxford/AstraZeneca, Pfizer/BioNTech",https://github.com/mzelst/covid-19,33427127,13416190,12324690,8554375
Netherlands,2022-02-05,"Johnson&Johnson, Moderna, Oxford/AstraZeneca, Pfizer/BioNTech",https://github.com/mzelst/covid-19,33650545,13434600,12336940,8747234
Netherlands,2022-02-12,"Johnson&Johnson, Moderna, Oxford/AstraZeneca, Pfizer/BioNTech",https://github.com/mzelst/covid-19,33787999,13443551,12346402,8866361
Netherlands,2022-02-19,"Johnson&Johnson, Moderna, Oxford/AstraZeneca, Pfizer/BioNTech",https://github.com/mzelst/covid-19,33861813,13447277,12351533,8931338
Netherlands,2022-02-26,"Johnson&Johnson, Moderna, Oxford/AstraZeneca, Pfizer/BioNTech",https://github.com/mzelst/covid-19,33889026,13448390,12353273,8955710
