location,date,vaccine,source_url,total_vaccinations,people_vaccinated,people_fully_vaccinated,total_boosters
New Zealand,2021-02-14,Pfizer/BioNTech,https://www.health.govt.nz/our-work/diseases-and-conditions/covid-19-novel-coronavirus/covid-19-data-and-statistics/covid-19-vaccine-data,1,1,0,0
New Zealand,2021-02-15,Pfizer/BioNTech,https://www.health.govt.nz/our-work/diseases-and-conditions/covid-19-novel-coronavirus/covid-19-data-and-statistics/covid-19-vaccine-data,2,2,0,0
New Zealand,2021-02-17,Pfizer/BioNTech,https://www.health.govt.nz/our-work/diseases-and-conditions/covid-19-novel-coronavirus/covid-19-data-and-statistics/covid-19-vaccine-data,3,3,0,0
New Zealand,2021-02-18,Pfizer/BioNTech,https://www.health.govt.nz/our-work/diseases-and-conditions/covid-19-novel-coronavirus/covid-19-data-and-statistics/covid-19-vaccine-data,4,4,0,0
New Zealand,2021-02-19,Pfizer/BioNTech,https://www.health.govt.nz/our-work/diseases-and-conditions/covid-19-novel-coronavirus/covid-19-data-and-statistics/covid-19-vaccine-data,33,33,0,0
New Zealand,2021-02-20,Pfizer/BioNTech,https://www.health.govt.nz/our-work/diseases-and-conditions/covid-19-novel-coronavirus/covid-19-data-and-statistics/covid-19-vaccine-data,98,98,0,0
New Zealand,2021-02-21,Pfizer/BioNTech,https://www.health.govt.nz/our-work/diseases-and-conditions/covid-19-novel-coronavirus/covid-19-data-and-statistics/covid-19-vaccine-data,168,167,1,0
New Zealand,2021-02-22,Pfizer/BioNTech,https://www.health.govt.nz/our-work/diseases-and-conditions/covid-19-novel-coronavirus/covid-19-data-and-statistics/covid-19-vaccine-data,616,615,1,0
New Zealand,2021-02-23,Pfizer/BioNTech,https://www.health.govt.nz/our-work/diseases-and-conditions/covid-19-novel-coronavirus/covid-19-data-and-statistics/covid-19-vaccine-data,973,972,1,0
New Zealand,2021-02-24,Pfizer/BioNTech,https://www.health.govt.nz/our-work/diseases-and-conditions/covid-19-novel-coronavirus/covid-19-data-and-statistics/covid-19-vaccine-data,1786,1785,1,0
New Zealand,2021-02-25,Pfizer/BioNTech,https://www.health.govt.nz/our-work/diseases-and-conditions/covid-19-novel-coronavirus/covid-19-data-and-statistics/covid-19-vaccine-data,2886,2885,1,0
New Zealand,2021-02-26,Pfizer/BioNTech,https://www.health.govt.nz/our-work/diseases-and-conditions/covid-19-novel-coronavirus/covid-19-data-and-statistics/covid-19-vaccine-data,4490,4489,1,0
New Zealand,2021-02-27,Pfizer/BioNTech,https://www.health.govt.nz/our-work/diseases-and-conditions/covid-19-novel-coronavirus/covid-19-data-and-statistics/covid-19-vaccine-data,5828,5827,1,0
New Zealand,2021-02-28,Pfizer/BioNTech,https://www.health.govt.nz/our-work/diseases-and-conditions/covid-19-novel-coronavirus/covid-19-data-and-statistics/covid-19-vaccine-data,6713,6712,1,0
New Zealand,2021-03-01,Pfizer/BioNTech,https://www.health.govt.nz/our-work/diseases-and-conditions/covid-19-novel-coronavirus/covid-19-data-and-statistics/covid-19-vaccine-data,8124,8123,1,0
New Zealand,2021-03-02,Pfizer/BioNTech,https://www.health.govt.nz/our-work/diseases-and-conditions/covid-19-novel-coronavirus/covid-19-data-and-statistics/covid-19-vaccine-data,9609,9608,1,0
New Zealand,2021-03-03,Pfizer/BioNTech,https://www.health.govt.nz/our-work/diseases-and-conditions/covid-19-novel-coronavirus/covid-19-data-and-statistics/covid-19-vaccine-data,11589,11588,1,0
New Zealand,2021-03-04,Pfizer/BioNTech,https://www.health.govt.nz/our-work/diseases-and-conditions/covid-19-novel-coronavirus/covid-19-data-and-statistics/covid-19-vaccine-data,13223,13222,1,0
New Zealand,2021-03-05,Pfizer/BioNTech,https://www.health.govt.nz/our-work/diseases-and-conditions/covid-19-novel-coronavirus/covid-19-data-and-statistics/covid-19-vaccine-data,14503,14501,2,0
New Zealand,2021-03-06,Pfizer/BioNTech,https://www.health.govt.nz/our-work/diseases-and-conditions/covid-19-novel-coronavirus/covid-19-data-and-statistics/covid-19-vaccine-data,15107,15104,3,0
New Zealand,2021-03-07,Pfizer/BioNTech,https://www.health.govt.nz/our-work/diseases-and-conditions/covid-19-novel-coronavirus/covid-19-data-and-statistics/covid-19-vaccine-data,15618,15615,3,0
New Zealand,2021-03-08,Pfizer/BioNTech,https://www.health.govt.nz/our-work/diseases-and-conditions/covid-19-novel-coronavirus/covid-19-data-and-statistics/covid-19-vaccine-data,16691,16688,3,0
New Zealand,2021-03-09,Pfizer/BioNTech,https://www.health.govt.nz/our-work/diseases-and-conditions/covid-19-novel-coronavirus/covid-19-data-and-statistics/covid-19-vaccine-data,18115,18112,3,0
New Zealand,2021-03-10,Pfizer/BioNTech,https://www.health.govt.nz/our-work/diseases-and-conditions/covid-19-novel-coronavirus/covid-19-data-and-statistics/covid-19-vaccine-data,19431,19428,3,0
New Zealand,2021-03-11,Pfizer/BioNTech,https://www.health.govt.nz/our-work/diseases-and-conditions/covid-19-novel-coronavirus/covid-19-data-and-statistics/covid-19-vaccine-data,20765,20762,3,0
New Zealand,2021-03-12,Pfizer/BioNTech,https://www.health.govt.nz/our-work/diseases-and-conditions/covid-19-novel-coronavirus/covid-19-data-and-statistics/covid-19-vaccine-data,21814,21805,9,0
New Zealand,2021-03-13,Pfizer/BioNTech,https://www.health.govt.nz/our-work/diseases-and-conditions/covid-19-novel-coronavirus/covid-19-data-and-statistics/covid-19-vaccine-data,22571,22556,15,0
New Zealand,2021-03-14,Pfizer/BioNTech,https://www.health.govt.nz/our-work/diseases-and-conditions/covid-19-novel-coronavirus/covid-19-data-and-statistics/covid-19-vaccine-data,23162,23133,29,0
New Zealand,2021-03-15,Pfizer/BioNTech,https://www.health.govt.nz/our-work/diseases-and-conditions/covid-19-novel-coronavirus/covid-19-data-and-statistics/covid-19-vaccine-data,25043,24747,296,0
New Zealand,2021-03-16,Pfizer/BioNTech,https://www.health.govt.nz/our-work/diseases-and-conditions/covid-19-novel-coronavirus/covid-19-data-and-statistics/covid-19-vaccine-data,27205,26676,529,0
New Zealand,2021-03-17,Pfizer/BioNTech,https://www.health.govt.nz/our-work/diseases-and-conditions/covid-19-novel-coronavirus/covid-19-data-and-statistics/covid-19-vaccine-data,29213,28319,894,0
New Zealand,2021-03-18,Pfizer/BioNTech,https://www.health.govt.nz/our-work/diseases-and-conditions/covid-19-novel-coronavirus/covid-19-data-and-statistics/covid-19-vaccine-data,31281,29913,1368,0
New Zealand,2021-03-19,Pfizer/BioNTech,https://www.health.govt.nz/our-work/diseases-and-conditions/covid-19-novel-coronavirus/covid-19-data-and-statistics/covid-19-vaccine-data,33746,31605,2141,0
New Zealand,2021-03-20,Pfizer/BioNTech,https://www.health.govt.nz/our-work/diseases-and-conditions/covid-19-novel-coronavirus/covid-19-data-and-statistics/covid-19-vaccine-data,35018,32161,2857,0
New Zealand,2021-03-21,Pfizer/BioNTech,https://www.health.govt.nz/our-work/diseases-and-conditions/covid-19-novel-coronavirus/covid-19-data-and-statistics/covid-19-vaccine-data,36607,33104,3503,0
New Zealand,2021-03-22,Pfizer/BioNTech,https://www.health.govt.nz/our-work/diseases-and-conditions/covid-19-novel-coronavirus/covid-19-data-and-statistics/covid-19-vaccine-data,38863,34140,4723,0
New Zealand,2021-03-23,Pfizer/BioNTech,https://www.health.govt.nz/our-work/diseases-and-conditions/covid-19-novel-coronavirus/covid-19-data-and-statistics/covid-19-vaccine-data,41559,35729,5830,0
New Zealand,2021-03-24,Pfizer/BioNTech,https://www.health.govt.nz/our-work/diseases-and-conditions/covid-19-novel-coronavirus/covid-19-data-and-statistics/covid-19-vaccine-data,45116,37698,7416,2
New Zealand,2021-03-25,Pfizer/BioNTech,https://www.health.govt.nz/our-work/diseases-and-conditions/covid-19-novel-coronavirus/covid-19-data-and-statistics/covid-19-vaccine-data,48472,39519,8951,2
New Zealand,2021-03-26,Pfizer/BioNTech,https://www.health.govt.nz/our-work/diseases-and-conditions/covid-19-novel-coronavirus/covid-19-data-and-statistics/covid-19-vaccine-data,53142,42898,10242,2
New Zealand,2021-03-27,Pfizer/BioNTech,https://www.health.govt.nz/our-work/diseases-and-conditions/covid-19-novel-coronavirus/covid-19-data-and-statistics/covid-19-vaccine-data,55175,44058,11115,2
New Zealand,2021-03-28,Pfizer/BioNTech,https://www.health.govt.nz/our-work/diseases-and-conditions/covid-19-novel-coronavirus/covid-19-data-and-statistics/covid-19-vaccine-data,56351,44743,11606,2
New Zealand,2021-03-29,Pfizer/BioNTech,https://www.health.govt.nz/our-work/diseases-and-conditions/covid-19-novel-coronavirus/covid-19-data-and-statistics/covid-19-vaccine-data,61287,48550,12735,2
New Zealand,2021-03-30,Pfizer/BioNTech,https://www.health.govt.nz/our-work/diseases-and-conditions/covid-19-novel-coronavirus/covid-19-data-and-statistics/covid-19-vaccine-data,66956,52716,14238,2
New Zealand,2021-03-31,Pfizer/BioNTech,https://www.health.govt.nz/our-work/diseases-and-conditions/covid-19-novel-coronavirus/covid-19-data-and-statistics/covid-19-vaccine-data,73757,58169,15586,2
New Zealand,2021-04-01,Pfizer/BioNTech,https://www.health.govt.nz/our-work/diseases-and-conditions/covid-19-novel-coronavirus/covid-19-data-and-statistics/covid-19-vaccine-data,80212,63371,16839,2
New Zealand,2021-04-02,Pfizer/BioNTech,https://www.health.govt.nz/our-work/diseases-and-conditions/covid-19-novel-coronavirus/covid-19-data-and-statistics/covid-19-vaccine-data,82232,65096,17134,2
New Zealand,2021-04-03,Pfizer/BioNTech,https://www.health.govt.nz/our-work/diseases-and-conditions/covid-19-novel-coronavirus/covid-19-data-and-statistics/covid-19-vaccine-data,83980,66509,17469,2
New Zealand,2021-04-04,Pfizer/BioNTech,https://www.health.govt.nz/our-work/diseases-and-conditions/covid-19-novel-coronavirus/covid-19-data-and-statistics/covid-19-vaccine-data,84936,67269,17665,2
New Zealand,2021-04-05,Pfizer/BioNTech,https://www.health.govt.nz/our-work/diseases-and-conditions/covid-19-novel-coronavirus/covid-19-data-and-statistics/covid-19-vaccine-data,86150,68192,17956,2
New Zealand,2021-04-06,Pfizer/BioNTech,https://www.health.govt.nz/our-work/diseases-and-conditions/covid-19-novel-coronavirus/covid-19-data-and-statistics/covid-19-vaccine-data,91112,71712,19398,2
New Zealand,2021-04-07,Pfizer/BioNTech,https://www.health.govt.nz/our-work/diseases-and-conditions/covid-19-novel-coronavirus/covid-19-data-and-statistics/covid-19-vaccine-data,98385,76836,21547,2
New Zealand,2021-04-08,Pfizer/BioNTech,https://www.health.govt.nz/our-work/diseases-and-conditions/covid-19-novel-coronavirus/covid-19-data-and-statistics/covid-19-vaccine-data,106617,83302,23313,2
New Zealand,2021-04-09,Pfizer/BioNTech,https://www.health.govt.nz/our-work/diseases-and-conditions/covid-19-novel-coronavirus/covid-19-data-and-statistics/covid-19-vaccine-data,113975,88726,25247,2
New Zealand,2021-04-10,Pfizer/BioNTech,https://www.health.govt.nz/our-work/diseases-and-conditions/covid-19-novel-coronavirus/covid-19-data-and-statistics/covid-19-vaccine-data,117934,91993,25939,2
New Zealand,2021-04-11,Pfizer/BioNTech,https://www.health.govt.nz/our-work/diseases-and-conditions/covid-19-novel-coronavirus/covid-19-data-and-statistics/covid-19-vaccine-data,121494,94472,27020,2
New Zealand,2021-04-12,Pfizer/BioNTech,https://www.health.govt.nz/our-work/diseases-and-conditions/covid-19-novel-coronavirus/covid-19-data-and-statistics/covid-19-vaccine-data,129265,100519,28744,2
New Zealand,2021-04-13,Pfizer/BioNTech,https://www.health.govt.nz/our-work/diseases-and-conditions/covid-19-novel-coronavirus/covid-19-data-and-statistics/covid-19-vaccine-data,137707,107332,30372,3
New Zealand,2021-04-14,Pfizer/BioNTech,https://www.health.govt.nz/our-work/diseases-and-conditions/covid-19-novel-coronavirus/covid-19-data-and-statistics/covid-19-vaccine-data,145864,113965,31896,3
New Zealand,2021-04-15,Pfizer/BioNTech,https://www.health.govt.nz/our-work/diseases-and-conditions/covid-19-novel-coronavirus/covid-19-data-and-statistics/covid-19-vaccine-data,154598,120855,33740,3
New Zealand,2021-04-16,Pfizer/BioNTech,https://www.health.govt.nz/our-work/diseases-and-conditions/covid-19-novel-coronavirus/covid-19-data-and-statistics/covid-19-vaccine-data,164101,127722,36376,3
New Zealand,2021-04-17,Pfizer/BioNTech,https://www.health.govt.nz/our-work/diseases-and-conditions/covid-19-novel-coronavirus/covid-19-data-and-statistics/covid-19-vaccine-data,169152,131617,37532,3
New Zealand,2021-04-18,Pfizer/BioNTech,https://www.health.govt.nz/our-work/diseases-and-conditions/covid-19-novel-coronavirus/covid-19-data-and-statistics/covid-19-vaccine-data,171224,133097,38124,3
New Zealand,2021-04-19,Pfizer/BioNTech,https://www.health.govt.nz/our-work/diseases-and-conditions/covid-19-novel-coronavirus/covid-19-data-and-statistics/covid-19-vaccine-data,178356,138192,40161,3
New Zealand,2021-04-20,Pfizer/BioNTech,https://www.health.govt.nz/our-work/diseases-and-conditions/covid-19-novel-coronavirus/covid-19-data-and-statistics/covid-19-vaccine-data,187440,144289,43148,3
New Zealand,2021-04-21,Pfizer/BioNTech,https://www.health.govt.nz/our-work/diseases-and-conditions/covid-19-novel-coronavirus/covid-19-data-and-statistics/covid-19-vaccine-data,197626,151045,46578,3
New Zealand,2021-04-22,Pfizer/BioNTech,https://www.health.govt.nz/our-work/diseases-and-conditions/covid-19-novel-coronavirus/covid-19-data-and-statistics/covid-19-vaccine-data,208047,157584,50460,3
New Zealand,2021-04-23,Pfizer/BioNTech,https://www.health.govt.nz/our-work/diseases-and-conditions/covid-19-novel-coronavirus/covid-19-data-and-statistics/covid-19-vaccine-data,219743,165732,54008,3
New Zealand,2021-04-24,Pfizer/BioNTech,https://www.health.govt.nz/our-work/diseases-and-conditions/covid-19-novel-coronavirus/covid-19-data-and-statistics/covid-19-vaccine-data,224400,169007,55390,3
New Zealand,2021-04-25,Pfizer/BioNTech,https://www.health.govt.nz/our-work/diseases-and-conditions/covid-19-novel-coronavirus/covid-19-data-and-statistics/covid-19-vaccine-data,226781,170479,56299,3
New Zealand,2021-04-26,Pfizer/BioNTech,https://www.health.govt.nz/our-work/diseases-and-conditions/covid-19-novel-coronavirus/covid-19-data-and-statistics/covid-19-vaccine-data,229032,171868,57161,3
New Zealand,2021-04-27,Pfizer/BioNTech,https://www.health.govt.nz/our-work/diseases-and-conditions/covid-19-novel-coronavirus/covid-19-data-and-statistics/covid-19-vaccine-data,239044,178668,60373,3
New Zealand,2021-04-28,Pfizer/BioNTech,https://www.health.govt.nz/our-work/diseases-and-conditions/covid-19-novel-coronavirus/covid-19-data-and-statistics/covid-19-vaccine-data,250022,185973,64046,3
New Zealand,2021-04-29,Pfizer/BioNTech,https://www.health.govt.nz/our-work/diseases-and-conditions/covid-19-novel-coronavirus/covid-19-data-and-statistics/covid-19-vaccine-data,262510,193502,69005,3
New Zealand,2021-04-30,Pfizer/BioNTech,https://www.health.govt.nz/our-work/diseases-and-conditions/covid-19-novel-coronavirus/covid-19-data-and-statistics/covid-19-vaccine-data,275918,201877,74038,3
New Zealand,2021-05-01,Pfizer/BioNTech,https://www.health.govt.nz/our-work/diseases-and-conditions/covid-19-novel-coronavirus/covid-19-data-and-statistics/covid-19-vaccine-data,281401,205368,76030,3
New Zealand,2021-05-02,Pfizer/BioNTech,https://www.health.govt.nz/our-work/diseases-and-conditions/covid-19-novel-coronavirus/covid-19-data-and-statistics/covid-19-vaccine-data,284945,206992,77950,3
New Zealand,2021-05-03,Pfizer/BioNTech,https://www.health.govt.nz/our-work/diseases-and-conditions/covid-19-novel-coronavirus/covid-19-data-and-statistics/covid-19-vaccine-data,295688,213245,82440,3
New Zealand,2021-05-04,Pfizer/BioNTech,https://www.health.govt.nz/our-work/diseases-and-conditions/covid-19-novel-coronavirus/covid-19-data-and-statistics/covid-19-vaccine-data,309336,221590,87743,3
New Zealand,2021-05-05,Pfizer/BioNTech,https://www.health.govt.nz/our-work/diseases-and-conditions/covid-19-novel-coronavirus/covid-19-data-and-statistics/covid-19-vaccine-data,324105,230800,93302,3
New Zealand,2021-05-06,Pfizer/BioNTech,https://www.health.govt.nz/our-work/diseases-and-conditions/covid-19-novel-coronavirus/covid-19-data-and-statistics/covid-19-vaccine-data,339137,240001,99133,3
New Zealand,2021-05-07,Pfizer/BioNTech,https://www.health.govt.nz/our-work/diseases-and-conditions/covid-19-novel-coronavirus/covid-19-data-and-statistics/covid-19-vaccine-data,356028,250134,105891,3
New Zealand,2021-05-08,Pfizer/BioNTech,https://www.health.govt.nz/our-work/diseases-and-conditions/covid-19-novel-coronavirus/covid-19-data-and-statistics/covid-19-vaccine-data,363283,254533,108747,3
New Zealand,2021-05-09,Pfizer/BioNTech,https://www.health.govt.nz/our-work/diseases-and-conditions/covid-19-novel-coronavirus/covid-19-data-and-statistics/covid-19-vaccine-data,366633,256267,110363,3
New Zealand,2021-05-10,Pfizer/BioNTech,https://www.health.govt.nz/our-work/diseases-and-conditions/covid-19-novel-coronavirus/covid-19-data-and-statistics/covid-19-vaccine-data,378636,263149,115484,3
New Zealand,2021-05-11,Pfizer/BioNTech,https://www.health.govt.nz/our-work/diseases-and-conditions/covid-19-novel-coronavirus/covid-19-data-and-statistics/covid-19-vaccine-data,393765,272377,121385,3
New Zealand,2021-05-12,Pfizer/BioNTech,https://www.health.govt.nz/our-work/diseases-and-conditions/covid-19-novel-coronavirus/covid-19-data-and-statistics/covid-19-vaccine-data,409061,281899,127158,4
New Zealand,2021-05-13,Pfizer/BioNTech,https://www.health.govt.nz/our-work/diseases-and-conditions/covid-19-novel-coronavirus/covid-19-data-and-statistics/covid-19-vaccine-data,424858,291677,133177,4
New Zealand,2021-05-14,Pfizer/BioNTech,https://www.health.govt.nz/our-work/diseases-and-conditions/covid-19-novel-coronavirus/covid-19-data-and-statistics/covid-19-vaccine-data,440934,300637,140293,4
New Zealand,2021-05-15,Pfizer/BioNTech,https://www.health.govt.nz/our-work/diseases-and-conditions/covid-19-novel-coronavirus/covid-19-data-and-statistics/covid-19-vaccine-data,447171,304056,143111,4
New Zealand,2021-05-16,Pfizer/BioNTech,https://www.health.govt.nz/our-work/diseases-and-conditions/covid-19-novel-coronavirus/covid-19-data-and-statistics/covid-19-vaccine-data,451393,306471,144918,4
New Zealand,2021-05-17,Pfizer/BioNTech,https://www.health.govt.nz/our-work/diseases-and-conditions/covid-19-novel-coronavirus/covid-19-data-and-statistics/covid-19-vaccine-data,462448,313767,148677,4
New Zealand,2021-05-18,Pfizer/BioNTech,https://www.health.govt.nz/our-work/diseases-and-conditions/covid-19-novel-coronavirus/covid-19-data-and-statistics/covid-19-vaccine-data,477243,323044,154195,4
New Zealand,2021-05-19,Pfizer/BioNTech,https://www.health.govt.nz/our-work/diseases-and-conditions/covid-19-novel-coronavirus/covid-19-data-and-statistics/covid-19-vaccine-data,492703,332100,160598,5
New Zealand,2021-05-20,Pfizer/BioNTech,https://www.health.govt.nz/our-work/diseases-and-conditions/covid-19-novel-coronavirus/covid-19-data-and-statistics/covid-19-vaccine-data,508186,340828,167352,6
New Zealand,2021-05-21,Pfizer/BioNTech,https://www.health.govt.nz/our-work/diseases-and-conditions/covid-19-novel-coronavirus/covid-19-data-and-statistics/covid-19-vaccine-data,523752,349093,174653,6
New Zealand,2021-05-22,Pfizer/BioNTech,https://www.health.govt.nz/our-work/diseases-and-conditions/covid-19-novel-coronavirus/covid-19-data-and-statistics/covid-19-vaccine-data,531726,353500,178220,6
New Zealand,2021-05-23,Pfizer/BioNTech,https://www.health.govt.nz/our-work/diseases-and-conditions/covid-19-novel-coronavirus/covid-19-data-and-statistics/covid-19-vaccine-data,535537,355765,179764,8
New Zealand,2021-05-24,Pfizer/BioNTech,https://www.health.govt.nz/our-work/diseases-and-conditions/covid-19-novel-coronavirus/covid-19-data-and-statistics/covid-19-vaccine-data,548543,362995,185540,8
New Zealand,2021-05-25,Pfizer/BioNTech,https://www.health.govt.nz/our-work/diseases-and-conditions/covid-19-novel-coronavirus/covid-19-data-and-statistics/covid-19-vaccine-data,565865,372835,193022,8
New Zealand,2021-05-26,Pfizer/BioNTech,https://www.health.govt.nz/our-work/diseases-and-conditions/covid-19-novel-coronavirus/covid-19-data-and-statistics/covid-19-vaccine-data,584595,383795,200792,8
New Zealand,2021-05-27,Pfizer/BioNTech,https://www.health.govt.nz/our-work/diseases-and-conditions/covid-19-novel-coronavirus/covid-19-data-and-statistics/covid-19-vaccine-data,601492,393660,207823,9
New Zealand,2021-05-28,Pfizer/BioNTech,https://www.health.govt.nz/our-work/diseases-and-conditions/covid-19-novel-coronavirus/covid-19-data-and-statistics/covid-19-vaccine-data,622197,404486,217702,9
New Zealand,2021-05-29,Pfizer/BioNTech,https://www.health.govt.nz/our-work/diseases-and-conditions/covid-19-novel-coronavirus/covid-19-data-and-statistics/covid-19-vaccine-data,632434,410427,221998,9
New Zealand,2021-05-30,Pfizer/BioNTech,https://www.health.govt.nz/our-work/diseases-and-conditions/covid-19-novel-coronavirus/covid-19-data-and-statistics/covid-19-vaccine-data,637639,413748,223882,9
New Zealand,2021-05-31,Pfizer/BioNTech,https://www.health.govt.nz/our-work/diseases-and-conditions/covid-19-novel-coronavirus/covid-19-data-and-statistics/covid-19-vaccine-data,652109,422649,229450,10
New Zealand,2021-06-01,Pfizer/BioNTech,https://www.health.govt.nz/our-work/diseases-and-conditions/covid-19-novel-coronavirus/covid-19-data-and-statistics/covid-19-vaccine-data,672054,434667,237376,11
New Zealand,2021-06-02,Pfizer/BioNTech,https://www.health.govt.nz/our-work/diseases-and-conditions/covid-19-novel-coronavirus/covid-19-data-and-statistics/covid-19-vaccine-data,693033,447226,245795,12
New Zealand,2021-06-03,Pfizer/BioNTech,https://www.health.govt.nz/our-work/diseases-and-conditions/covid-19-novel-coronavirus/covid-19-data-and-statistics/covid-19-vaccine-data,716207,461362,254831,14
New Zealand,2021-06-04,Pfizer/BioNTech,https://www.health.govt.nz/our-work/diseases-and-conditions/covid-19-novel-coronavirus/covid-19-data-and-statistics/covid-19-vaccine-data,736664,473461,263189,14
New Zealand,2021-06-05,Pfizer/BioNTech,https://www.health.govt.nz/our-work/diseases-and-conditions/covid-19-novel-coronavirus/covid-19-data-and-statistics/covid-19-vaccine-data,746215,479661,266540,14
New Zealand,2021-06-06,Pfizer/BioNTech,https://www.health.govt.nz/our-work/diseases-and-conditions/covid-19-novel-coronavirus/covid-19-data-and-statistics/covid-19-vaccine-data,751433,483195,268224,14
New Zealand,2021-06-07,Pfizer/BioNTech,https://www.health.govt.nz/our-work/diseases-and-conditions/covid-19-novel-coronavirus/covid-19-data-and-statistics/covid-19-vaccine-data,756743,487132,269597,14
New Zealand,2021-06-08,Pfizer/BioNTech,https://www.health.govt.nz/our-work/diseases-and-conditions/covid-19-novel-coronavirus/covid-19-data-and-statistics/covid-19-vaccine-data,778601,500231,278356,14
New Zealand,2021-06-09,Pfizer/BioNTech,https://www.health.govt.nz/our-work/diseases-and-conditions/covid-19-novel-coronavirus/covid-19-data-and-statistics/covid-19-vaccine-data,790034,507343,282676,15
New Zealand,2021-06-10,Pfizer/BioNTech,https://www.health.govt.nz/our-work/diseases-and-conditions/covid-19-novel-coronavirus/covid-19-data-and-statistics/covid-19-vaccine-data,813453,521285,292153,15
New Zealand,2021-06-11,Pfizer/BioNTech,https://www.health.govt.nz/our-work/diseases-and-conditions/covid-19-novel-coronavirus/covid-19-data-and-statistics/covid-19-vaccine-data,835024,533265,301744,15
New Zealand,2021-06-12,Pfizer/BioNTech,https://www.health.govt.nz/our-work/diseases-and-conditions/covid-19-novel-coronavirus/covid-19-data-and-statistics/covid-19-vaccine-data,846968,540714,306239,15
New Zealand,2021-06-13,Pfizer/BioNTech,https://www.health.govt.nz/our-work/diseases-and-conditions/covid-19-novel-coronavirus/covid-19-data-and-statistics/covid-19-vaccine-data,854280,545118,309145,17
New Zealand,2021-06-14,Pfizer/BioNTech,https://www.health.govt.nz/our-work/diseases-and-conditions/covid-19-novel-coronavirus/covid-19-data-and-statistics/covid-19-vaccine-data,872197,555471,316709,17
New Zealand,2021-06-15,Pfizer/BioNTech,https://www.health.govt.nz/our-work/diseases-and-conditions/covid-19-novel-coronavirus/covid-19-data-and-statistics/covid-19-vaccine-data,894437,568550,325869,18
New Zealand,2021-06-16,Pfizer/BioNTech,https://www.health.govt.nz/our-work/diseases-and-conditions/covid-19-novel-coronavirus/covid-19-data-and-statistics/covid-19-vaccine-data,918873,582951,335904,18
New Zealand,2021-06-17,Pfizer/BioNTech,https://www.health.govt.nz/our-work/diseases-and-conditions/covid-19-novel-coronavirus/covid-19-data-and-statistics/covid-19-vaccine-data,942167,595935,346214,18
New Zealand,2021-06-18,Pfizer/BioNTech,https://www.health.govt.nz/our-work/diseases-and-conditions/covid-19-novel-coronavirus/covid-19-data-and-statistics/covid-19-vaccine-data,962990,607294,355678,18
New Zealand,2021-06-19,Pfizer/BioNTech,https://www.health.govt.nz/our-work/diseases-and-conditions/covid-19-novel-coronavirus/covid-19-data-and-statistics/covid-19-vaccine-data,975281,614677,360586,18
New Zealand,2021-06-20,Pfizer/BioNTech,https://www.health.govt.nz/our-work/diseases-and-conditions/covid-19-novel-coronavirus/covid-19-data-and-statistics/covid-19-vaccine-data,982591,618639,363934,18
New Zealand,2021-06-21,Pfizer/BioNTech,https://www.health.govt.nz/our-work/diseases-and-conditions/covid-19-novel-coronavirus/covid-19-data-and-statistics/covid-19-vaccine-data,1000108,627707,372383,18
New Zealand,2021-06-22,Pfizer/BioNTech,https://www.health.govt.nz/our-work/diseases-and-conditions/covid-19-novel-coronavirus/covid-19-data-and-statistics/covid-19-vaccine-data,1022845,639155,383672,18
New Zealand,2021-06-23,Pfizer/BioNTech,https://www.health.govt.nz/our-work/diseases-and-conditions/covid-19-novel-coronavirus/covid-19-data-and-statistics/covid-19-vaccine-data,1047853,652267,395568,18
New Zealand,2021-06-24,Pfizer/BioNTech,https://www.health.govt.nz/our-work/diseases-and-conditions/covid-19-novel-coronavirus/covid-19-data-and-statistics/covid-19-vaccine-data,1072292,663706,408567,19
New Zealand,2021-06-25,Pfizer/BioNTech,https://www.health.govt.nz/our-work/diseases-and-conditions/covid-19-novel-coronavirus/covid-19-data-and-statistics/covid-19-vaccine-data,1094035,673729,420287,19
New Zealand,2021-06-26,Pfizer/BioNTech,https://www.health.govt.nz/our-work/diseases-and-conditions/covid-19-novel-coronavirus/covid-19-data-and-statistics/covid-19-vaccine-data,1108680,682086,426575,19
New Zealand,2021-06-27,Pfizer/BioNTech,https://www.health.govt.nz/our-work/diseases-and-conditions/covid-19-novel-coronavirus/covid-19-data-and-statistics/covid-19-vaccine-data,1115717,685678,430020,19
New Zealand,2021-06-28,Pfizer/BioNTech,https://www.health.govt.nz/our-work/diseases-and-conditions/covid-19-novel-coronavirus/covid-19-data-and-statistics/covid-19-vaccine-data,1132104,695606,436479,19
New Zealand,2021-06-29,Pfizer/BioNTech,https://www.health.govt.nz/our-work/diseases-and-conditions/covid-19-novel-coronavirus/covid-19-data-and-statistics/covid-19-vaccine-data,1153084,706538,446527,19
New Zealand,2021-06-30,Pfizer/BioNTech,https://www.health.govt.nz/our-work/diseases-and-conditions/covid-19-novel-coronavirus/covid-19-data-and-statistics/covid-19-vaccine-data,1175984,719479,456486,19
New Zealand,2021-07-01,Pfizer/BioNTech,https://www.health.govt.nz/our-work/diseases-and-conditions/covid-19-novel-coronavirus/covid-19-data-and-statistics/covid-19-vaccine-data,1198947,732584,466344,19
New Zealand,2021-07-02,Pfizer/BioNTech,https://www.health.govt.nz/our-work/diseases-and-conditions/covid-19-novel-coronavirus/covid-19-data-and-statistics/covid-19-vaccine-data,1219033,742353,476661,19
New Zealand,2021-07-03,Pfizer/BioNTech,https://www.health.govt.nz/our-work/diseases-and-conditions/covid-19-novel-coronavirus/covid-19-data-and-statistics/covid-19-vaccine-data,1231752,749740,481993,19
New Zealand,2021-07-04,Pfizer/BioNTech,https://www.health.govt.nz/our-work/diseases-and-conditions/covid-19-novel-coronavirus/covid-19-data-and-statistics/covid-19-vaccine-data,1238169,753231,484919,19
New Zealand,2021-07-05,Pfizer/BioNTech,https://www.health.govt.nz/our-work/diseases-and-conditions/covid-19-novel-coronavirus/covid-19-data-and-statistics/covid-19-vaccine-data,1253921,761012,492890,19
New Zealand,2021-07-06,Pfizer/BioNTech,https://www.health.govt.nz/our-work/diseases-and-conditions/covid-19-novel-coronavirus/covid-19-data-and-statistics/covid-19-vaccine-data,1274848,770603,504225,20
New Zealand,2021-07-07,Pfizer/BioNTech,https://www.health.govt.nz/our-work/diseases-and-conditions/covid-19-novel-coronavirus/covid-19-data-and-statistics/covid-19-vaccine-data,1298008,781887,516101,20
New Zealand,2021-07-08,Pfizer/BioNTech,https://www.health.govt.nz/our-work/diseases-and-conditions/covid-19-novel-coronavirus/covid-19-data-and-statistics/covid-19-vaccine-data,1322625,794602,528002,21
New Zealand,2021-07-09,Pfizer/BioNTech,https://www.health.govt.nz/our-work/diseases-and-conditions/covid-19-novel-coronavirus/covid-19-data-and-statistics/covid-19-vaccine-data,1344234,805688,538525,21
New Zealand,2021-07-10,Pfizer/BioNTech,https://www.health.govt.nz/our-work/diseases-and-conditions/covid-19-novel-coronavirus/covid-19-data-and-statistics/covid-19-vaccine-data,1360048,815014,545013,21
New Zealand,2021-07-11,Pfizer/BioNTech,https://www.health.govt.nz/our-work/diseases-and-conditions/covid-19-novel-coronavirus/covid-19-data-and-statistics/covid-19-vaccine-data,1367686,819409,548256,21
New Zealand,2021-07-12,Pfizer/BioNTech,https://www.health.govt.nz/our-work/diseases-and-conditions/covid-19-novel-coronavirus/covid-19-data-and-statistics/covid-19-vaccine-data,1385353,828964,556368,21
New Zealand,2021-07-13,Pfizer/BioNTech,https://www.health.govt.nz/our-work/diseases-and-conditions/covid-19-novel-coronavirus/covid-19-data-and-statistics/covid-19-vaccine-data,1407913,841033,566858,22
New Zealand,2021-07-14,Pfizer/BioNTech,https://www.health.govt.nz/our-work/diseases-and-conditions/covid-19-novel-coronavirus/covid-19-data-and-statistics/covid-19-vaccine-data,1432786,854454,578310,22
New Zealand,2021-07-15,Pfizer/BioNTech,https://www.health.govt.nz/our-work/diseases-and-conditions/covid-19-novel-coronavirus/covid-19-data-and-statistics/covid-19-vaccine-data,1456567,867319,589225,23
New Zealand,2021-07-16,Pfizer/BioNTech,https://www.health.govt.nz/our-work/diseases-and-conditions/covid-19-novel-coronavirus/covid-19-data-and-statistics/covid-19-vaccine-data,1478428,879259,599146,23
New Zealand,2021-07-17,Pfizer/BioNTech,https://www.health.govt.nz/our-work/diseases-and-conditions/covid-19-novel-coronavirus/covid-19-data-and-statistics/covid-19-vaccine-data,1494969,888717,606229,23
New Zealand,2021-07-18,Pfizer/BioNTech,https://www.health.govt.nz/our-work/diseases-and-conditions/covid-19-novel-coronavirus/covid-19-data-and-statistics/covid-19-vaccine-data,1503700,894373,609304,23
New Zealand,2021-07-19,Pfizer/BioNTech,https://www.health.govt.nz/our-work/diseases-and-conditions/covid-19-novel-coronavirus/covid-19-data-and-statistics/covid-19-vaccine-data,1526046,907530,618493,23
New Zealand,2021-07-20,Pfizer/BioNTech,https://www.health.govt.nz/our-work/diseases-and-conditions/covid-19-novel-coronavirus/covid-19-data-and-statistics/covid-19-vaccine-data,1556734,926290,630420,24
New Zealand,2021-07-21,Pfizer/BioNTech,https://www.health.govt.nz/our-work/diseases-and-conditions/covid-19-novel-coronavirus/covid-19-data-and-statistics/covid-19-vaccine-data,1590732,947098,643610,24
New Zealand,2021-07-22,Pfizer/BioNTech,https://www.health.govt.nz/our-work/diseases-and-conditions/covid-19-novel-coronavirus/covid-19-data-and-statistics/covid-19-vaccine-data,1623094,966936,656134,24
New Zealand,2021-07-23,Pfizer/BioNTech,https://www.health.govt.nz/our-work/diseases-and-conditions/covid-19-novel-coronavirus/covid-19-data-and-statistics/covid-19-vaccine-data,1654181,986704,667453,24
New Zealand,2021-07-24,Pfizer/BioNTech,https://www.health.govt.nz/our-work/diseases-and-conditions/covid-19-novel-coronavirus/covid-19-data-and-statistics/covid-19-vaccine-data,1679031,1003816,675191,24
New Zealand,2021-07-25,Pfizer/BioNTech,https://www.health.govt.nz/our-work/diseases-and-conditions/covid-19-novel-coronavirus/covid-19-data-and-statistics/covid-19-vaccine-data,1693019,1012870,680125,24
New Zealand,2021-07-26,Pfizer/BioNTech,https://www.health.govt.nz/our-work/diseases-and-conditions/covid-19-novel-coronavirus/covid-19-data-and-statistics/covid-19-vaccine-data,1723557,1033425,690107,25
New Zealand,2021-07-27,Pfizer/BioNTech,https://www.health.govt.nz/our-work/diseases-and-conditions/covid-19-novel-coronavirus/covid-19-data-and-statistics/covid-19-vaccine-data,1762554,1061039,701490,25
New Zealand,2021-07-28,Pfizer/BioNTech,https://www.health.govt.nz/our-work/diseases-and-conditions/covid-19-novel-coronavirus/covid-19-data-and-statistics/covid-19-vaccine-data,1804160,1090468,713667,25
New Zealand,2021-07-29,Pfizer/BioNTech,https://www.health.govt.nz/our-work/diseases-and-conditions/covid-19-novel-coronavirus/covid-19-data-and-statistics/covid-19-vaccine-data,1844394,1118705,725663,26
New Zealand,2021-07-30,Pfizer/BioNTech,https://www.health.govt.nz/our-work/diseases-and-conditions/covid-19-novel-coronavirus/covid-19-data-and-statistics/covid-19-vaccine-data,1886571,1150230,736314,27
New Zealand,2021-07-31,Pfizer/BioNTech,https://www.health.govt.nz/our-work/diseases-and-conditions/covid-19-novel-coronavirus/covid-19-data-and-statistics/covid-19-vaccine-data,1925174,1179750,745396,28
New Zealand,2021-08-01,Pfizer/BioNTech,https://www.health.govt.nz/our-work/diseases-and-conditions/covid-19-novel-coronavirus/covid-19-data-and-statistics/covid-19-vaccine-data,1947837,1197734,750075,28
New Zealand,2021-08-02,Pfizer/BioNTech,https://www.health.govt.nz/our-work/diseases-and-conditions/covid-19-novel-coronavirus/covid-19-data-and-statistics/covid-19-vaccine-data,1982989,1223440,759519,30
New Zealand,2021-08-03,Pfizer/BioNTech,https://www.health.govt.nz/our-work/diseases-and-conditions/covid-19-novel-coronavirus/covid-19-data-and-statistics/covid-19-vaccine-data,2025843,1253749,772064,30
New Zealand,2021-08-04,Pfizer/BioNTech,https://www.health.govt.nz/our-work/diseases-and-conditions/covid-19-novel-coronavirus/covid-19-data-and-statistics/covid-19-vaccine-data,2071347,1286317,784999,31
New Zealand,2021-08-05,Pfizer/BioNTech,https://www.health.govt.nz/our-work/diseases-and-conditions/covid-19-novel-coronavirus/covid-19-data-and-statistics/covid-19-vaccine-data,2113655,1315588,798036,31
New Zealand,2021-08-06,Pfizer/BioNTech,https://www.health.govt.nz/our-work/diseases-and-conditions/covid-19-novel-coronavirus/covid-19-data-and-statistics/covid-19-vaccine-data,2155762,1345982,809747,33
New Zealand,2021-08-07,Pfizer/BioNTech,https://www.health.govt.nz/our-work/diseases-and-conditions/covid-19-novel-coronavirus/covid-19-data-and-statistics/covid-19-vaccine-data,2192596,1373917,818645,34
New Zealand,2021-08-08,Pfizer/BioNTech,https://www.health.govt.nz/our-work/diseases-and-conditions/covid-19-novel-coronavirus/covid-19-data-and-statistics/covid-19-vaccine-data,2213105,1389788,823282,35
New Zealand,2021-08-09,Pfizer/BioNTech,https://www.health.govt.nz/our-work/diseases-and-conditions/covid-19-novel-coronavirus/covid-19-data-and-statistics/covid-19-vaccine-data,2251672,1416695,834941,36
New Zealand,2021-08-10,Pfizer/BioNTech,https://www.health.govt.nz/our-work/diseases-and-conditions/covid-19-novel-coronavirus/covid-19-data-and-statistics/covid-19-vaccine-data,2298763,1447817,850908,38
New Zealand,2021-08-11,Pfizer/BioNTech,https://www.health.govt.nz/our-work/diseases-and-conditions/covid-19-novel-coronavirus/covid-19-data-and-statistics/covid-19-vaccine-data,2347757,1479866,867852,39
New Zealand,2021-08-12,Pfizer/BioNTech,https://www.health.govt.nz/our-work/diseases-and-conditions/covid-19-novel-coronavirus/covid-19-data-and-statistics/covid-19-vaccine-data,2396836,1512387,884409,40
New Zealand,2021-08-13,Pfizer/BioNTech,https://www.health.govt.nz/our-work/diseases-and-conditions/covid-19-novel-coronavirus/covid-19-data-and-statistics/covid-19-vaccine-data,2443918,1543799,900078,41
New Zealand,2021-08-14,Pfizer/BioNTech,https://www.health.govt.nz/our-work/diseases-and-conditions/covid-19-novel-coronavirus/covid-19-data-and-statistics/covid-19-vaccine-data,2487682,1574227,913413,42
New Zealand,2021-08-15,Pfizer/BioNTech,https://www.health.govt.nz/our-work/diseases-and-conditions/covid-19-novel-coronavirus/covid-19-data-and-statistics/covid-19-vaccine-data,2513379,1592515,920822,42
New Zealand,2021-08-16,Pfizer/BioNTech,https://www.health.govt.nz/our-work/diseases-and-conditions/covid-19-novel-coronavirus/covid-19-data-and-statistics/covid-19-vaccine-data,2559819,1622887,936889,43
New Zealand,2021-08-17,Pfizer/BioNTech,https://www.health.govt.nz/our-work/diseases-and-conditions/covid-19-novel-coronavirus/covid-19-data-and-statistics/covid-19-vaccine-data,2616119,1658746,957328,45
New Zealand,2021-08-18,Pfizer/BioNTech,https://www.health.govt.nz/our-work/diseases-and-conditions/covid-19-novel-coronavirus/covid-19-data-and-statistics/covid-19-vaccine-data,2616632,1659157,957430,45
New Zealand,2021-08-19,Pfizer/BioNTech,https://www.health.govt.nz/our-work/diseases-and-conditions/covid-19-novel-coronavirus/covid-19-data-and-statistics/covid-19-vaccine-data,2647005,1680748,966212,45
New Zealand,2021-08-20,Pfizer/BioNTech,https://www.health.govt.nz/our-work/diseases-and-conditions/covid-19-novel-coronavirus/covid-19-data-and-statistics/covid-19-vaccine-data,2706051,1719565,986440,46
New Zealand,2021-08-21,Pfizer/BioNTech,https://www.health.govt.nz/our-work/diseases-and-conditions/covid-19-novel-coronavirus/covid-19-data-and-statistics/covid-19-vaccine-data,2760370,1757972,1002349,49
New Zealand,2021-08-22,Pfizer/BioNTech,https://www.health.govt.nz/our-work/diseases-and-conditions/covid-19-novel-coronavirus/covid-19-data-and-statistics/covid-19-vaccine-data,2797976,1786476,1011451,49
New Zealand,2021-08-23,Pfizer/BioNTech,https://www.health.govt.nz/our-work/diseases-and-conditions/covid-19-novel-coronavirus/covid-19-data-and-statistics/covid-19-vaccine-data,2864368,1833283,1031032,53
New Zealand,2021-08-24,Pfizer/BioNTech,https://www.health.govt.nz/our-work/diseases-and-conditions/covid-19-novel-coronavirus/covid-19-data-and-statistics/covid-19-vaccine-data,2947476,1892700,1054722,54
New Zealand,2021-08-25,Pfizer/BioNTech,https://www.health.govt.nz/our-work/diseases-and-conditions/covid-19-novel-coronavirus/covid-19-data-and-statistics/covid-19-vaccine-data,3037452,1956152,1081243,57
New Zealand,2021-08-26,Pfizer/BioNTech,https://www.health.govt.nz/our-work/diseases-and-conditions/covid-19-novel-coronavirus/covid-19-data-and-statistics/covid-19-vaccine-data,3130914,2024082,1106774,58
New Zealand,2021-08-27,Pfizer/BioNTech,https://www.health.govt.nz/our-work/diseases-and-conditions/covid-19-novel-coronavirus/covid-19-data-and-statistics/covid-19-vaccine-data,3223092,2091514,1131517,61
New Zealand,2021-08-28,Pfizer/BioNTech,https://www.health.govt.nz/our-work/diseases-and-conditions/covid-19-novel-coronavirus/covid-19-data-and-statistics/covid-19-vaccine-data,3302398,2148400,1153934,64
New Zealand,2021-08-29,Pfizer/BioNTech,https://www.health.govt.nz/our-work/diseases-and-conditions/covid-19-novel-coronavirus/covid-19-data-and-statistics/covid-19-vaccine-data,3351002,2185511,1165426,65
New Zealand,2021-08-30,Pfizer/BioNTech,https://www.health.govt.nz/our-work/diseases-and-conditions/covid-19-novel-coronavirus/covid-19-data-and-statistics/covid-19-vaccine-data,3429722,2240441,1189213,68
New Zealand,2021-08-31,Pfizer/BioNTech,https://www.health.govt.nz/our-work/diseases-and-conditions/covid-19-novel-coronavirus/covid-19-data-and-statistics/covid-19-vaccine-data,3516579,2299777,1216732,70
New Zealand,2021-09-01,Pfizer/BioNTech,https://www.health.govt.nz/our-work/diseases-and-conditions/covid-19-novel-coronavirus/covid-19-data-and-statistics/covid-19-vaccine-data,3607914,2363386,1244455,73
New Zealand,2021-09-02,Pfizer/BioNTech,https://www.health.govt.nz/our-work/diseases-and-conditions/covid-19-novel-coronavirus/covid-19-data-and-statistics/covid-19-vaccine-data,3698518,2428644,1269800,74
New Zealand,2021-09-03,Pfizer/BioNTech,https://www.health.govt.nz/our-work/diseases-and-conditions/covid-19-novel-coronavirus/covid-19-data-and-statistics/covid-19-vaccine-data,3786413,2490609,1295727,77
New Zealand,2021-09-04,Pfizer/BioNTech,https://www.health.govt.nz/our-work/diseases-and-conditions/covid-19-novel-coronavirus/covid-19-data-and-statistics/covid-19-vaccine-data,3865160,2546752,1318327,81
New Zealand,2021-09-05,Pfizer/BioNTech,https://www.health.govt.nz/our-work/diseases-and-conditions/covid-19-novel-coronavirus/covid-19-data-and-statistics/covid-19-vaccine-data,3904232,2573794,1330356,82
New Zealand,2021-09-06,Pfizer/BioNTech,https://www.health.govt.nz/our-work/diseases-and-conditions/covid-19-novel-coronavirus/covid-19-data-and-statistics/covid-19-vaccine-data,3971405,2619127,1352193,85
New Zealand,2021-09-07,Pfizer/BioNTech,https://www.health.govt.nz/our-work/diseases-and-conditions/covid-19-novel-coronavirus/covid-19-data-and-statistics/covid-19-vaccine-data,4044918,2669151,1375680,87
New Zealand,2021-09-08,Pfizer/BioNTech,https://www.health.govt.nz/our-work/diseases-and-conditions/covid-19-novel-coronavirus/covid-19-data-and-statistics/covid-19-vaccine-data,4112382,2718016,1394274,92
New Zealand,2021-09-09,Pfizer/BioNTech,https://www.health.govt.nz/our-work/diseases-and-conditions/covid-19-novel-coronavirus/covid-19-data-and-statistics/covid-19-vaccine-data,4174584,2764575,1409915,94
New Zealand,2021-09-10,Pfizer/BioNTech,https://www.health.govt.nz/our-work/diseases-and-conditions/covid-19-novel-coronavirus/covid-19-data-and-statistics/covid-19-vaccine-data,4239990,2808771,1431120,99
New Zealand,2021-09-11,Pfizer/BioNTech,https://www.health.govt.nz/our-work/diseases-and-conditions/covid-19-novel-coronavirus/covid-19-data-and-statistics/covid-19-vaccine-data,4302388,2847826,1454462,100
New Zealand,2021-09-12,Pfizer/BioNTech,https://www.health.govt.nz/our-work/diseases-and-conditions/covid-19-novel-coronavirus/covid-19-data-and-statistics/covid-19-vaccine-data,4336543,2868503,1467940,100
New Zealand,2021-09-13,Pfizer/BioNTech,https://www.health.govt.nz/our-work/diseases-and-conditions/covid-19-novel-coronavirus/covid-19-data-and-statistics/covid-19-vaccine-data,4392087,2903044,1488940,103
New Zealand,2021-09-14,Pfizer/BioNTech,https://www.health.govt.nz/our-work/diseases-and-conditions/covid-19-novel-coronavirus/covid-19-data-and-statistics/covid-19-vaccine-data,4454765,2942809,1511848,108
New Zealand,2021-09-15,Pfizer/BioNTech,https://www.health.govt.nz/our-work/diseases-and-conditions/covid-19-novel-coronavirus/covid-19-data-and-statistics/covid-19-vaccine-data,4518054,2982847,1535092,115
New Zealand,2021-09-16,Pfizer/BioNTech,https://www.health.govt.nz/our-work/diseases-and-conditions/covid-19-novel-coronavirus/covid-19-data-and-statistics/covid-19-vaccine-data,4579545,3020147,1559276,122
New Zealand,2021-09-17,Pfizer/BioNTech,https://www.health.govt.nz/our-work/diseases-and-conditions/covid-19-novel-coronavirus/covid-19-data-and-statistics/covid-19-vaccine-data,4640670,3053539,1586997,134
New Zealand,2021-09-18,Pfizer/BioNTech,https://www.health.govt.nz/our-work/diseases-and-conditions/covid-19-novel-coronavirus/covid-19-data-and-statistics/covid-19-vaccine-data,4694663,3082878,1611650,135
New Zealand,2021-09-19,Pfizer/BioNTech,https://www.health.govt.nz/our-work/diseases-and-conditions/covid-19-novel-coronavirus/covid-19-data-and-statistics/covid-19-vaccine-data,4721587,3097193,1624255,139
New Zealand,2021-09-20,Pfizer/BioNTech,https://www.health.govt.nz/our-work/diseases-and-conditions/covid-19-novel-coronavirus/covid-19-data-and-statistics/covid-19-vaccine-data,4772376,3122011,1650218,147
New Zealand,2021-09-21,Pfizer/BioNTech,https://www.health.govt.nz/our-work/diseases-and-conditions/covid-19-novel-coronavirus/covid-19-data-and-statistics/covid-19-vaccine-data,4826803,3149809,1676840,154
New Zealand,2021-09-22,Pfizer/BioNTech,https://www.health.govt.nz/our-work/diseases-and-conditions/covid-19-novel-coronavirus/covid-19-data-and-statistics/covid-19-vaccine-data,4876966,3174370,1702438,158
New Zealand,2021-09-23,Pfizer/BioNTech,https://www.health.govt.nz/our-work/diseases-and-conditions/covid-19-novel-coronavirus/covid-19-data-and-statistics/covid-19-vaccine-data,4926815,3195635,1731019,161
New Zealand,2021-09-24,Pfizer/BioNTech,https://www.health.govt.nz/our-work/diseases-and-conditions/covid-19-novel-coronavirus/covid-19-data-and-statistics/covid-19-vaccine-data,4977829,3214802,1762860,167
New Zealand,2021-09-25,Pfizer/BioNTech,https://www.health.govt.nz/our-work/diseases-and-conditions/covid-19-novel-coronavirus/covid-19-data-and-statistics/covid-19-vaccine-data,5029719,3234346,1795204,169
New Zealand,2021-09-26,Pfizer/BioNTech,https://www.health.govt.nz/our-work/diseases-and-conditions/covid-19-novel-coronavirus/covid-19-data-and-statistics/covid-19-vaccine-data,5054634,3242626,1811839,169
New Zealand,2021-09-27,Pfizer/BioNTech,https://www.health.govt.nz/our-work/diseases-and-conditions/covid-19-novel-coronavirus/covid-19-data-and-statistics/covid-19-vaccine-data,5095698,3255368,1840156,174
New Zealand,2021-09-28,Pfizer/BioNTech,https://www.health.govt.nz/our-work/diseases-and-conditions/covid-19-novel-coronavirus/covid-19-data-and-statistics/covid-19-vaccine-data,5140627,3268993,1871452,182
New Zealand,2021-09-29,Pfizer/BioNTech,https://www.health.govt.nz/our-work/diseases-and-conditions/covid-19-novel-coronavirus/covid-19-data-and-statistics/covid-19-vaccine-data,5181862,3283056,1898621,185
New Zealand,2021-09-30,Pfizer/BioNTech,https://www.health.govt.nz/our-work/diseases-and-conditions/covid-19-novel-coronavirus/covid-19-data-and-statistics/covid-19-vaccine-data,5228489,3297233,1931064,192
New Zealand,2021-10-01,Pfizer/BioNTech,https://www.health.govt.nz/our-work/diseases-and-conditions/covid-19-novel-coronavirus/covid-19-data-and-statistics/covid-19-vaccine-data,5276432,3309640,1966596,196
New Zealand,2021-10-02,Pfizer/BioNTech,https://www.health.govt.nz/our-work/diseases-and-conditions/covid-19-novel-coronavirus/covid-19-data-and-statistics/covid-19-vaccine-data,5326866,3322581,2004084,201
New Zealand,2021-10-03,Pfizer/BioNTech,https://www.health.govt.nz/our-work/diseases-and-conditions/covid-19-novel-coronavirus/covid-19-data-and-statistics/covid-19-vaccine-data,5354068,3329712,2024153,203
New Zealand,2021-10-04,Pfizer/BioNTech,https://www.health.govt.nz/our-work/diseases-and-conditions/covid-19-novel-coronavirus/covid-19-data-and-statistics/covid-19-vaccine-data,5410341,3344721,2065414,206
New Zealand,2021-10-05,Pfizer/BioNTech,https://www.health.govt.nz/our-work/diseases-and-conditions/covid-19-novel-coronavirus/covid-19-data-and-statistics/covid-19-vaccine-data,5474544,3362480,2111852,212
New Zealand,2021-10-06,Pfizer/BioNTech,https://www.health.govt.nz/our-work/diseases-and-conditions/covid-19-novel-coronavirus/covid-19-data-and-statistics/covid-19-vaccine-data,5545370,3381577,2163567,226
New Zealand,2021-10-07,Pfizer/BioNTech,https://www.health.govt.nz/our-work/diseases-and-conditions/covid-19-novel-coronavirus/covid-19-data-and-statistics/covid-19-vaccine-data,5628357,3401452,2226668,237
New Zealand,2021-10-08,Pfizer/BioNTech,https://www.health.govt.nz/our-work/diseases-and-conditions/covid-19-novel-coronavirus/covid-19-data-and-statistics/covid-19-vaccine-data,5714746,3420206,2294296,244
New Zealand,2021-10-09,Pfizer/BioNTech,https://www.health.govt.nz/our-work/diseases-and-conditions/covid-19-novel-coronavirus/covid-19-data-and-statistics/covid-19-vaccine-data,5797048,3438663,2358136,249
New Zealand,2021-10-10,Pfizer/BioNTech,https://www.health.govt.nz/our-work/diseases-and-conditions/covid-19-novel-coronavirus/covid-19-data-and-statistics/covid-19-vaccine-data,5839436,3447773,2391411,252
New Zealand,2021-10-11,Pfizer/BioNTech,https://www.health.govt.nz/our-work/diseases-and-conditions/covid-19-novel-coronavirus/covid-19-data-and-statistics/covid-19-vaccine-data,5909188,3463112,2445817,259
New Zealand,2021-10-12,Pfizer/BioNTech,https://www.health.govt.nz/our-work/diseases-and-conditions/covid-19-novel-coronavirus/covid-19-data-and-statistics/covid-19-vaccine-data,5982683,3480791,2501630,262
New Zealand,2021-10-13,Pfizer/BioNTech,https://www.health.govt.nz/our-work/diseases-and-conditions/covid-19-novel-coronavirus/covid-19-data-and-statistics/covid-19-vaccine-data,6052100,3496667,2555163,270
New Zealand,2021-10-14,Pfizer/BioNTech,https://www.health.govt.nz/our-work/diseases-and-conditions/covid-19-novel-coronavirus/covid-19-data-and-statistics/covid-19-vaccine-data,6120476,3511883,2608315,278
New Zealand,2021-10-15,Pfizer/BioNTech,https://www.health.govt.nz/our-work/diseases-and-conditions/covid-19-novel-coronavirus/covid-19-data-and-statistics/covid-19-vaccine-data,6190428,3525999,2664141,288
New Zealand,2021-10-16,Pfizer/BioNTech,https://www.health.govt.nz/our-work/diseases-and-conditions/covid-19-novel-coronavirus/covid-19-data-and-statistics/covid-19-vaccine-data,6321914,3565711,2755886,317
New Zealand,2021-10-17,Pfizer/BioNTech,https://www.health.govt.nz/our-work/diseases-and-conditions/covid-19-novel-coronavirus/covid-19-data-and-statistics/covid-19-vaccine-data,6351710,3571998,2779393,319
New Zealand,2021-10-18,Pfizer/BioNTech,https://www.health.govt.nz/our-work/diseases-and-conditions/covid-19-novel-coronavirus/covid-19-data-and-statistics/covid-19-vaccine-data,6394683,3582066,2812288,329
New Zealand,2021-10-19,Pfizer/BioNTech,https://www.health.govt.nz/our-work/diseases-and-conditions/covid-19-novel-coronavirus/covid-19-data-and-statistics/covid-19-vaccine-data,6437757,3592587,2844835,335
New Zealand,2021-10-20,Pfizer/BioNTech,https://www.health.govt.nz/our-work/diseases-and-conditions/covid-19-novel-coronavirus/covid-19-data-and-statistics/covid-19-vaccine-data,6481154,3603113,2877697,344
New Zealand,2021-10-21,Pfizer/BioNTech,https://www.health.govt.nz/our-work/diseases-and-conditions/covid-19-novel-coronavirus/covid-19-data-and-statistics/covid-19-vaccine-data,6522842,3613279,2909185,378
New Zealand,2021-10-22,Pfizer/BioNTech,https://www.health.govt.nz/our-work/diseases-and-conditions/covid-19-novel-coronavirus/covid-19-data-and-statistics/covid-19-vaccine-data,6567960,3624804,2942733,423
New Zealand,2021-10-23,Pfizer/BioNTech,https://www.health.govt.nz/our-work/diseases-and-conditions/covid-19-novel-coronavirus/covid-19-data-and-statistics/covid-19-vaccine-data,6610725,3636707,2973568,450
New Zealand,2021-10-24,Pfizer/BioNTech,https://www.health.govt.nz/our-work/diseases-and-conditions/covid-19-novel-coronavirus/covid-19-data-and-statistics/covid-19-vaccine-data,6629849,3642084,2987309,456
New Zealand,2021-10-25,Pfizer/BioNTech,https://www.health.govt.nz/our-work/diseases-and-conditions/covid-19-novel-coronavirus/covid-19-data-and-statistics/covid-19-vaccine-data,6640592,3645614,2994515,463
New Zealand,2021-10-26,Pfizer/BioNTech,https://www.health.govt.nz/our-work/diseases-and-conditions/covid-19-novel-coronavirus/covid-19-data-and-statistics/covid-19-vaccine-data,6683034,3656546,3025921,567
New Zealand,2021-10-27,Pfizer/BioNTech,https://www.health.govt.nz/our-work/diseases-and-conditions/covid-19-novel-coronavirus/covid-19-data-and-statistics/covid-19-vaccine-data,6722572,3667485,3054401,686
New Zealand,2021-10-28,Pfizer/BioNTech,https://www.health.govt.nz/our-work/diseases-and-conditions/covid-19-novel-coronavirus/covid-19-data-and-statistics/covid-19-vaccine-data,6768113,3680357,3086853,903
New Zealand,2021-10-29,Pfizer/BioNTech,https://www.health.govt.nz/our-work/diseases-and-conditions/covid-19-novel-coronavirus/covid-19-data-and-statistics/covid-19-vaccine-data,6811574,3691490,3118940,1144
New Zealand,2021-10-30,Pfizer/BioNTech,https://www.health.govt.nz/our-work/diseases-and-conditions/covid-19-novel-coronavirus/covid-19-data-and-statistics/covid-19-vaccine-data,6854610,3702305,3151049,1256
New Zealand,2021-10-31,Pfizer/BioNTech,https://www.health.govt.nz/our-work/diseases-and-conditions/covid-19-novel-coronavirus/covid-19-data-and-statistics/covid-19-vaccine-data,6874901,3707205,3166422,1274
New Zealand,2021-11-01,Pfizer/BioNTech,https://www.health.govt.nz/our-work/diseases-and-conditions/covid-19-novel-coronavirus/covid-19-data-and-statistics/covid-19-vaccine-data,6902754,3714435,3186829,1490
New Zealand,2021-11-02,Pfizer/BioNTech,https://www.health.govt.nz/our-work/diseases-and-conditions/covid-19-novel-coronavirus/covid-19-data-and-statistics/covid-19-vaccine-data,6932156,3722048,3208319,1789
New Zealand,2021-11-03,Pfizer/BioNTech,https://www.health.govt.nz/our-work/diseases-and-conditions/covid-19-novel-coronavirus/covid-19-data-and-statistics/covid-19-vaccine-data,6959870,3728847,3228897,2126
New Zealand,2021-11-04,Pfizer/BioNTech,https://www.health.govt.nz/our-work/diseases-and-conditions/covid-19-novel-coronavirus/covid-19-data-and-statistics/covid-19-vaccine-data,6986620,3735502,3248570,2548
New Zealand,2021-11-05,Pfizer/BioNTech,https://www.health.govt.nz/our-work/diseases-and-conditions/covid-19-novel-coronavirus/covid-19-data-and-statistics/covid-19-vaccine-data,7015181,3741983,3270241,2957
New Zealand,2021-11-06,Pfizer/BioNTech,https://www.health.govt.nz/our-work/diseases-and-conditions/covid-19-novel-coronavirus/covid-19-data-and-statistics/covid-19-vaccine-data,7049389,3749430,3296858,3101
New Zealand,2021-11-07,Pfizer/BioNTech,https://www.health.govt.nz/our-work/diseases-and-conditions/covid-19-novel-coronavirus/covid-19-data-and-statistics/covid-19-vaccine-data,7063759,3752720,3307896,3143
New Zealand,2021-11-08,Pfizer/BioNTech,https://www.health.govt.nz/our-work/diseases-and-conditions/covid-19-novel-coronavirus/covid-19-data-and-statistics/covid-19-vaccine-data,7085583,3757914,3324189,3480
New Zealand,2021-11-09,Pfizer/BioNTech,https://www.health.govt.nz/our-work/diseases-and-conditions/covid-19-novel-coronavirus/covid-19-data-and-statistics/covid-19-vaccine-data,7108489,3763856,3340686,3947
New Zealand,2021-11-10,Pfizer/BioNTech,https://www.health.govt.nz/our-work/diseases-and-conditions/covid-19-novel-coronavirus/covid-19-data-and-statistics/covid-19-vaccine-data,7131194,3769966,3356775,4453
New Zealand,2021-11-11,Pfizer/BioNTech,https://www.health.govt.nz/our-work/diseases-and-conditions/covid-19-novel-coronavirus/covid-19-data-and-statistics/covid-19-vaccine-data,7154818,3776390,3373440,4988
New Zealand,2021-11-12,Pfizer/BioNTech,https://www.health.govt.nz/our-work/diseases-and-conditions/covid-19-novel-coronavirus/covid-19-data-and-statistics/covid-19-vaccine-data,7178507,3782803,3390290,5414
New Zealand,2021-11-13,Pfizer/BioNTech,https://www.health.govt.nz/our-work/diseases-and-conditions/covid-19-novel-coronavirus/covid-19-data-and-statistics/covid-19-vaccine-data,7205972,3790047,3410332,5593
New Zealand,2021-11-14,Pfizer/BioNTech,https://www.health.govt.nz/our-work/diseases-and-conditions/covid-19-novel-coronavirus/covid-19-data-and-statistics/covid-19-vaccine-data,7220712,3794718,3420351,5643
New Zealand,2021-11-15,Pfizer/BioNTech,https://www.health.govt.nz/our-work/diseases-and-conditions/covid-19-novel-coronavirus/covid-19-data-and-statistics/covid-19-vaccine-data,7242744,3802529,3434107,6108
New Zealand,2021-11-16,Pfizer/BioNTech,https://www.health.govt.nz/our-work/diseases-and-conditions/covid-19-novel-coronavirus/covid-19-data-and-statistics/covid-19-vaccine-data,7264469,3809238,3448613,6618
New Zealand,2021-11-17,Pfizer/BioNTech,https://www.health.govt.nz/our-work/diseases-and-conditions/covid-19-novel-coronavirus/covid-19-data-and-statistics/covid-19-vaccine-data,7285573,3815496,3462923,7154
New Zealand,2021-11-18,Pfizer/BioNTech,https://www.health.govt.nz/our-work/diseases-and-conditions/covid-19-novel-coronavirus/covid-19-data-and-statistics/covid-19-vaccine-data,7307029,3822225,3477087,7717
New Zealand,2021-11-19,Pfizer/BioNTech,https://www.health.govt.nz/our-work/diseases-and-conditions/covid-19-novel-coronavirus/covid-19-data-and-statistics/covid-19-vaccine-data,7330290,3829075,3492951,8264
New Zealand,2021-11-20,Pfizer/BioNTech,https://www.health.govt.nz/our-work/diseases-and-conditions/covid-19-novel-coronavirus/covid-19-data-and-statistics/covid-19-vaccine-data,7352146,3835132,3508566,8448
New Zealand,2021-11-21,Pfizer/BioNTech,https://www.health.govt.nz/our-work/diseases-and-conditions/covid-19-novel-coronavirus/covid-19-data-and-statistics/covid-19-vaccine-data,7362209,3838243,3515354,8612
New Zealand,2021-11-22,Pfizer/BioNTech,https://www.health.govt.nz/our-work/diseases-and-conditions/covid-19-novel-coronavirus/covid-19-data-and-statistics/covid-19-vaccine-data,7378209,3843070,3525909,9230
New Zealand,2021-11-23,Pfizer/BioNTech,https://www.health.govt.nz/our-work/diseases-and-conditions/covid-19-novel-coronavirus/covid-19-data-and-statistics/covid-19-vaccine-data,7397965,3849672,3538409,9884
New Zealand,2021-11-24,Pfizer/BioNTech,https://www.health.govt.nz/our-work/diseases-and-conditions/covid-19-novel-coronavirus/covid-19-data-and-statistics/covid-19-vaccine-data,7417569,3856319,3550555,10695
New Zealand,2021-11-25,Pfizer/BioNTech,https://www.health.govt.nz/our-work/diseases-and-conditions/covid-19-novel-coronavirus/covid-19-data-and-statistics/covid-19-vaccine-data,7436764,3862764,3562446,11554
New Zealand,2021-11-26,"Oxford/AstraZeneca, Pfizer/BioNTech",https://www.health.govt.nz/our-work/diseases-and-conditions/covid-19-novel-coronavirus/covid-19-data-and-statistics/covid-19-vaccine-data,7459984,3868509,3574746,16729
New Zealand,2021-11-27,"Oxford/AstraZeneca, Pfizer/BioNTech",https://www.health.govt.nz/our-work/diseases-and-conditions/covid-19-novel-coronavirus/covid-19-data-and-statistics/covid-19-vaccine-data,7485675,3874941,3589294,21440
New Zealand,2021-11-28,"Oxford/AstraZeneca, Pfizer/BioNTech",https://www.health.govt.nz/our-work/diseases-and-conditions/covid-19-novel-coronavirus/covid-19-data-and-statistics/covid-19-vaccine-data,7499815,3878653,3597382,23780
New Zealand,2021-11-29,"Oxford/AstraZeneca, Pfizer/BioNTech",https://www.health.govt.nz/our-work/diseases-and-conditions/covid-19-novel-coronavirus/covid-19-data-and-statistics/covid-19-vaccine-data,7541642,3884913,3609339,47390
New Zealand,2021-11-30,"Oxford/AstraZeneca, Pfizer/BioNTech",https://www.health.govt.nz/our-work/diseases-and-conditions/covid-19-novel-coronavirus/covid-19-data-and-statistics/covid-19-vaccine-data,7583472,3892483,3623792,67197
New Zealand,2021-12-01,"Oxford/AstraZeneca, Pfizer/BioNTech",https://www.health.govt.nz/our-work/diseases-and-conditions/covid-19-novel-coronavirus/covid-19-data-and-statistics/covid-19-vaccine-data,7623844,3900431,3638168,85245
New Zealand,2021-12-02,"Oxford/AstraZeneca, Pfizer/BioNTech",https://www.health.govt.nz/our-work/diseases-and-conditions/covid-19-novel-coronavirus/covid-19-data-and-statistics/covid-19-vaccine-data,7663977,3909150,3654959,99868
New Zealand,2021-12-03,"Oxford/AstraZeneca, Pfizer/BioNTech",https://www.health.govt.nz/our-work/diseases-and-conditions/covid-19-novel-coronavirus/covid-19-data-and-statistics/covid-19-vaccine-data,7703546,3916605,3672434,114507
New Zealand,2021-12-04,"Oxford/AstraZeneca, Pfizer/BioNTech",https://www.health.govt.nz/our-work/diseases-and-conditions/covid-19-novel-coronavirus/covid-19-data-and-statistics/covid-19-vaccine-data,7730888,3922290,3686513,122085
New Zealand,2021-12-05,"Oxford/AstraZeneca, Pfizer/BioNTech",https://www.health.govt.nz/our-work/diseases-and-conditions/covid-19-novel-coronavirus/covid-19-data-and-statistics/covid-19-vaccine-data,7742882,3925030,3693285,124567
New Zealand,2021-12-06,"Oxford/AstraZeneca, Pfizer/BioNTech",https://www.health.govt.nz/our-work/diseases-and-conditions/covid-19-novel-coronavirus/covid-19-data-and-statistics/covid-19-vaccine-data,7768180,3929652,3704003,134525
New Zealand,2021-12-07,"Oxford/AstraZeneca, Pfizer/BioNTech",https://www.health.govt.nz/our-work/diseases-and-conditions/covid-19-novel-coronavirus/covid-19-data-and-statistics/covid-19-vaccine-data,7792566,3934078,3714213,144275
New Zealand,2021-12-08,"Oxford/AstraZeneca, Pfizer/BioNTech",https://www.health.govt.nz/our-work/diseases-and-conditions/covid-19-novel-coronavirus/covid-19-data-and-statistics/covid-19-vaccine-data,7815840,3937899,3723646,154295
New Zealand,2021-12-09,"Oxford/AstraZeneca, Pfizer/BioNTech",https://www.health.govt.nz/our-work/diseases-and-conditions/covid-19-novel-coronavirus/covid-19-data-and-statistics/covid-19-vaccine-data,7837719,3941296,3732908,163515
New Zealand,2021-12-10,"Oxford/AstraZeneca, Pfizer/BioNTech",https://www.health.govt.nz/our-work/diseases-and-conditions/covid-19-novel-coronavirus/covid-19-data-and-statistics/covid-19-vaccine-data,7858858,3944193,3742199,172466
New Zealand,2021-12-11,"Oxford/AstraZeneca, Pfizer/BioNTech",https://www.health.govt.nz/our-work/diseases-and-conditions/covid-19-novel-coronavirus/covid-19-data-and-statistics/covid-19-vaccine-data,7875110,3946965,3750733,177412
New Zealand,2021-12-12,"Oxford/AstraZeneca, Pfizer/BioNTech",https://www.health.govt.nz/our-work/diseases-and-conditions/covid-19-novel-coronavirus/covid-19-data-and-statistics/covid-19-vaccine-data,7882639,3948154,3755004,179481
New Zealand,2021-12-13,"Oxford/AstraZeneca, Pfizer/BioNTech",https://www.health.govt.nz/our-work/diseases-and-conditions/covid-19-novel-coronavirus/covid-19-data-and-statistics/covid-19-vaccine-data,7901467,3950578,3761905,188984
New Zealand,2021-12-14,"Oxford/AstraZeneca, Pfizer/BioNTech",https://www.health.govt.nz/our-work/diseases-and-conditions/covid-19-novel-coronavirus/covid-19-data-and-statistics/covid-19-vaccine-data,7922118,3953074,3769811,199233
New Zealand,2021-12-15,"Oxford/AstraZeneca, Pfizer/BioNTech",https://www.health.govt.nz/our-work/diseases-and-conditions/covid-19-novel-coronavirus/covid-19-data-and-statistics/covid-19-vaccine-data,7943079,3955517,3778029,209533
New Zealand,2021-12-16,"Oxford/AstraZeneca, Pfizer/BioNTech",https://www.health.govt.nz/our-work/diseases-and-conditions/covid-19-novel-coronavirus/covid-19-data-and-statistics/covid-19-vaccine-data,7964679,3957966,3786382,220331
New Zealand,2021-12-17,"Oxford/AstraZeneca, Pfizer/BioNTech",https://www.health.govt.nz/our-work/diseases-and-conditions/covid-19-novel-coronavirus/covid-19-data-and-statistics/covid-19-vaccine-data,7986277,3960025,3794016,232236
New Zealand,2021-12-18,"Oxford/AstraZeneca, Pfizer/BioNTech",https://www.health.govt.nz/our-work/diseases-and-conditions/covid-19-novel-coronavirus/covid-19-data-and-statistics/covid-19-vaccine-data,8001863,3961782,3800683,239398
New Zealand,2021-12-19,"Oxford/AstraZeneca, Pfizer/BioNTech",https://www.health.govt.nz/our-work/diseases-and-conditions/covid-19-novel-coronavirus/covid-19-data-and-statistics/covid-19-vaccine-data,8009121,3962569,3804061,242491
New Zealand,2021-12-20,"Oxford/AstraZeneca, Pfizer/BioNTech",https://www.health.govt.nz/our-work/diseases-and-conditions/covid-19-novel-coronavirus/covid-19-data-and-statistics/covid-19-vaccine-data,8029670,3964438,3810366,254866
New Zealand,2021-12-21,"Oxford/AstraZeneca, Pfizer/BioNTech",https://www.health.govt.nz/our-work/diseases-and-conditions/covid-19-novel-coronavirus/covid-19-data-and-statistics/covid-19-vaccine-data,8051629,3966191,3817659,267779
New Zealand,2021-12-22,"Oxford/AstraZeneca, Pfizer/BioNTech",https://www.health.govt.nz/our-work/diseases-and-conditions/covid-19-novel-coronavirus/covid-19-data-and-statistics/covid-19-vaccine-data,8074816,3967770,3824974,282072
New Zealand,2021-12-23,"Oxford/AstraZeneca, Pfizer/BioNTech",https://www.health.govt.nz/our-work/diseases-and-conditions/covid-19-novel-coronavirus/covid-19-data-and-statistics/covid-19-vaccine-data,8096278,3969173,3832145,294960
New Zealand,2021-12-24,"Oxford/AstraZeneca, Pfizer/BioNTech",https://www.health.govt.nz/our-work/diseases-and-conditions/covid-19-novel-coronavirus/covid-19-data-and-statistics/covid-19-vaccine-data,8109835,3969879,3836622,303334
New Zealand,2021-12-25,"Oxford/AstraZeneca, Pfizer/BioNTech",https://www.health.govt.nz/our-work/diseases-and-conditions/covid-19-novel-coronavirus/covid-19-data-and-statistics/covid-19-vaccine-data,8109944,3969884,3836674,303386
New Zealand,2021-12-26,"Oxford/AstraZeneca, Pfizer/BioNTech",https://www.health.govt.nz/our-work/diseases-and-conditions/covid-19-novel-coronavirus/covid-19-data-and-statistics/covid-19-vaccine-data,8111698,3969982,3837415,304301
New Zealand,2021-12-27,"Oxford/AstraZeneca, Pfizer/BioNTech",https://www.health.govt.nz/our-work/diseases-and-conditions/covid-19-novel-coronavirus/covid-19-data-and-statistics/covid-19-vaccine-data,8115861,3970182,3838978,306701
New Zealand,2021-12-28,"Oxford/AstraZeneca, Pfizer/BioNTech",https://www.health.govt.nz/our-work/diseases-and-conditions/covid-19-novel-coronavirus/covid-19-data-and-statistics/covid-19-vaccine-data,8121011,3970458,3840896,309657
New Zealand,2021-12-29,"Oxford/AstraZeneca, Pfizer/BioNTech",https://www.health.govt.nz/our-work/diseases-and-conditions/covid-19-novel-coronavirus/covid-19-data-and-statistics/covid-19-vaccine-data,8145004,3971595,3847540,325869
New Zealand,2021-12-30,"Oxford/AstraZeneca, Pfizer/BioNTech",https://www.health.govt.nz/our-work/diseases-and-conditions/covid-19-novel-coronavirus/covid-19-data-and-statistics/covid-19-vaccine-data,8168458,3972553,3852464,343441
New Zealand,2021-12-31,"Oxford/AstraZeneca, Pfizer/BioNTech",https://www.health.govt.nz/our-work/diseases-and-conditions/covid-19-novel-coronavirus/covid-19-data-and-statistics/covid-19-vaccine-data,8186161,3973220,3856001,356940
New Zealand,2022-01-01,"Oxford/AstraZeneca, Pfizer/BioNTech",https://www.health.govt.nz/our-work/diseases-and-conditions/covid-19-novel-coronavirus/covid-19-data-and-statistics/covid-19-vaccine-data,8187614,3973275,3856358,357981
New Zealand,2022-01-02,"Oxford/AstraZeneca, Pfizer/BioNTech",https://www.health.govt.nz/our-work/diseases-and-conditions/covid-19-novel-coronavirus/covid-19-data-and-statistics/covid-19-vaccine-data,8190617,3973410,3856982,360225
New Zealand,2022-01-03,"Oxford/AstraZeneca, Pfizer/BioNTech",https://www.health.govt.nz/our-work/diseases-and-conditions/covid-19-novel-coronavirus/covid-19-data-and-statistics/covid-19-vaccine-data,8196828,3973774,3858298,364756
New Zealand,2022-01-04,"Oxford/AstraZeneca, Pfizer/BioNTech",https://www.health.govt.nz/our-work/diseases-and-conditions/covid-19-novel-coronavirus/covid-19-data-and-statistics/covid-19-vaccine-data,8203997,3974178,3859711,370108
New Zealand,2022-01-05,"Oxford/AstraZeneca, Pfizer/BioNTech",https://www.health.govt.nz/our-work/diseases-and-conditions/covid-19-novel-coronavirus/covid-19-data-and-statistics/covid-19-vaccine-data,8251806,3975477,3864338,411991
New Zealand,2022-01-06,"Oxford/AstraZeneca, Pfizer/BioNTech",https://www.health.govt.nz/our-work/diseases-and-conditions/covid-19-novel-coronavirus/covid-19-data-and-statistics/covid-19-vaccine-data,8301625,3976844,3868443,456338
New Zealand,2022-01-07,"Oxford/AstraZeneca, Pfizer/BioNTech",https://www.health.govt.nz/our-work/diseases-and-conditions/covid-19-novel-coronavirus/covid-19-data-and-statistics/covid-19-vaccine-data,8352214,3978131,3872391,501692
New Zealand,2022-01-08,"Oxford/AstraZeneca, Pfizer/BioNTech",https://www.health.govt.nz/our-work/diseases-and-conditions/covid-19-novel-coronavirus/covid-19-data-and-statistics/covid-19-vaccine-data,8377368,3978886,3874752,523730
New Zealand,2022-01-09,"Oxford/AstraZeneca, Pfizer/BioNTech",https://www.health.govt.nz/our-work/diseases-and-conditions/covid-19-novel-coronavirus/covid-19-data-and-statistics/covid-19-vaccine-data,8390052,3979348,3876138,534566
New Zealand,2022-01-10,"Oxford/AstraZeneca, Pfizer/BioNTech",https://www.health.govt.nz/our-work/diseases-and-conditions/covid-19-novel-coronavirus/covid-19-data-and-statistics/covid-19-vaccine-data,8444143,3980748,3880140,583255
New Zealand,2022-01-11,"Oxford/AstraZeneca, Pfizer/BioNTech",https://www.health.govt.nz/our-work/diseases-and-conditions/covid-19-novel-coronavirus/covid-19-data-and-statistics/covid-19-vaccine-data,8496541,3982256,3883977,630308
New Zealand,2022-01-12,"Oxford/AstraZeneca, Pfizer/BioNTech",https://www.health.govt.nz/our-work/diseases-and-conditions/covid-19-novel-coronavirus/covid-19-data-and-statistics/covid-19-vaccine-data,8544684,3983703,3887832,673149
New Zealand,2022-01-13,"Oxford/AstraZeneca, Pfizer/BioNTech",https://www.health.govt.nz/our-work/diseases-and-conditions/covid-19-novel-coronavirus/covid-19-data-and-statistics/covid-19-vaccine-data,8592092,3985125,3891432,715535
New Zealand,2022-01-14,"Oxford/AstraZeneca, Pfizer/BioNTech",https://www.health.govt.nz/our-work/diseases-and-conditions/covid-19-novel-coronavirus/covid-19-data-and-statistics/covid-19-vaccine-data,8638441,3986588,3894783,757070
New Zealand,2022-01-15,"Oxford/AstraZeneca, Pfizer/BioNTech",https://www.health.govt.nz/our-work/diseases-and-conditions/covid-19-novel-coronavirus/covid-19-data-and-statistics/covid-19-vaccine-data,8663796,3987519,3896732,779545
New Zealand,2022-01-16,"Oxford/AstraZeneca, Pfizer/BioNTech",https://www.health.govt.nz/our-work/diseases-and-conditions/covid-19-novel-coronavirus/covid-19-data-and-statistics/covid-19-vaccine-data,8675166,3988082,3897823,789261
New Zealand,2022-01-17,"Oxford/AstraZeneca, Pfizer/BioNTech",https://www.health.govt.nz/our-work/diseases-and-conditions/covid-19-novel-coronavirus/covid-19-data-and-statistics/covid-19-vaccine-data,8731081,4003822,3900310,826949
New Zealand,2022-01-18,"Oxford/AstraZeneca, Pfizer/BioNTech",https://www.health.govt.nz/our-work/diseases-and-conditions/covid-19-novel-coronavirus/covid-19-data-and-statistics/covid-19-vaccine-data,8787343,4018119,3902644,866580
New Zealand,2022-01-19,"Oxford/AstraZeneca, Pfizer/BioNTech",https://www.health.govt.nz/our-work/diseases-and-conditions/covid-19-novel-coronavirus/covid-19-data-and-statistics/covid-19-vaccine-data,8840174,4031462,3905112,903600
New Zealand,2022-01-20,"Oxford/AstraZeneca, Pfizer/BioNTech",https://www.health.govt.nz/our-work/diseases-and-conditions/covid-19-novel-coronavirus/covid-19-data-and-statistics/covid-19-vaccine-data,8894076,4044454,3907439,942183
New Zealand,2022-01-21,"Oxford/AstraZeneca, Pfizer/BioNTech",https://www.health.govt.nz/our-work/diseases-and-conditions/covid-19-novel-coronavirus/covid-19-data-and-statistics/covid-19-vaccine-data,8952772,4057988,3909623,985161
New Zealand,2022-01-22,"Oxford/AstraZeneca, Pfizer/BioNTech",https://www.health.govt.nz/our-work/diseases-and-conditions/covid-19-novel-coronavirus/covid-19-data-and-statistics/covid-19-vaccine-data,8993498,4068774,3911054,1013670
New Zealand,2022-01-23,"Oxford/AstraZeneca, Pfizer/BioNTech",https://www.health.govt.nz/our-work/diseases-and-conditions/covid-19-novel-coronavirus/covid-19-data-and-statistics/covid-19-vaccine-data,9022689,4075708,3911911,1035070
New Zealand,2022-01-24,"Oxford/AstraZeneca, Pfizer/BioNTech",https://www.health.govt.nz/our-work/diseases-and-conditions/covid-19-novel-coronavirus/covid-19-data-and-statistics/covid-19-vaccine-data,9097620,4091397,3913808,1092415
New Zealand,2022-01-25,"Oxford/AstraZeneca, Pfizer/BioNTech",https://www.health.govt.nz/our-work/diseases-and-conditions/covid-19-novel-coronavirus/covid-19-data-and-statistics/covid-19-vaccine-data,9174169,4108019,3916008,1150142
New Zealand,2022-01-26,"Oxford/AstraZeneca, Pfizer/BioNTech",https://www.health.govt.nz/our-work/diseases-and-conditions/covid-19-novel-coronavirus/covid-19-data-and-statistics/covid-19-vaccine-data,9243735,4123490,3918350,1201895
New Zealand,2022-01-27,"Oxford/AstraZeneca, Pfizer/BioNTech",https://www.health.govt.nz/our-work/diseases-and-conditions/covid-19-novel-coronavirus/covid-19-data-and-statistics/covid-19-vaccine-data,9308113,4137938,3920688,1249487
New Zealand,2022-01-28,"Oxford/AstraZeneca, Pfizer/BioNTech",https://www.health.govt.nz/our-work/diseases-and-conditions/covid-19-novel-coronavirus/covid-19-data-and-statistics/covid-19-vaccine-data,9371372,4152070,3922914,1296388
New Zealand,2022-01-29,"Oxford/AstraZeneca, Pfizer/BioNTech",https://www.health.govt.nz/our-work/diseases-and-conditions/covid-19-novel-coronavirus/covid-19-data-and-statistics/covid-19-vaccine-data,9412946,4161962,3924216,1326768
New Zealand,2022-01-30,"Oxford/AstraZeneca, Pfizer/BioNTech",https://www.health.govt.nz/our-work/diseases-and-conditions/covid-19-novel-coronavirus/covid-19-data-and-statistics/covid-19-vaccine-data,9431702,4166577,3924927,1340198
New Zealand,2022-01-31,"Oxford/AstraZeneca, Pfizer/BioNTech",https://www.health.govt.nz/our-work/diseases-and-conditions/covid-19-novel-coronavirus/covid-19-data-and-statistics/covid-19-vaccine-data,9462117,4173118,3926077,1362922
New Zealand,2022-02-01,"Oxford/AstraZeneca, Pfizer/BioNTech",https://www.health.govt.nz/our-work/diseases-and-conditions/covid-19-novel-coronavirus/covid-19-data-and-statistics/covid-19-vaccine-data,9513145,4183006,3928337,1401802
New Zealand,2022-02-02,"Oxford/AstraZeneca, Pfizer/BioNTech",https://www.health.govt.nz/our-work/diseases-and-conditions/covid-19-novel-coronavirus/covid-19-data-and-statistics/covid-19-vaccine-data,9558717,4189861,3930377,1438479
New Zealand,2022-02-03,"Oxford/AstraZeneca, Pfizer/BioNTech",https://www.health.govt.nz/our-work/diseases-and-conditions/covid-19-novel-coronavirus/covid-19-data-and-statistics/covid-19-vaccine-data,9612535,4195262,3932215,1485058
New Zealand,2022-02-04,"Oxford/AstraZeneca, Pfizer/BioNTech",https://www.health.govt.nz/our-work/diseases-and-conditions/covid-19-novel-coronavirus/covid-19-data-and-statistics/covid-19-vaccine-data,9687079,4200595,3934016,1552468
New Zealand,2022-02-05,"Oxford/AstraZeneca, Pfizer/BioNTech",https://www.health.govt.nz/our-work/diseases-and-conditions/covid-19-novel-coronavirus/covid-19-data-and-statistics/covid-19-vaccine-data,9742794,4205967,3935124,1601703
New Zealand,2022-02-06,"Oxford/AstraZeneca, Pfizer/BioNTech",https://www.health.govt.nz/our-work/diseases-and-conditions/covid-19-novel-coronavirus/covid-19-data-and-statistics/covid-19-vaccine-data,9770308,4207962,3935644,1626702
New Zealand,2022-02-07,"Oxford/AstraZeneca, Pfizer/BioNTech",https://www.health.govt.nz/our-work/diseases-and-conditions/covid-19-novel-coronavirus/covid-19-data-and-statistics/covid-19-vaccine-data,9791260,4209644,3936204,1645412
New Zealand,2022-02-08,"Oxford/AstraZeneca, Pfizer/BioNTech",https://www.health.govt.nz/our-work/diseases-and-conditions/covid-19-novel-coronavirus/covid-19-data-and-statistics/covid-19-vaccine-data,9857130,4212682,3938110,1706338
New Zealand,2022-02-09,"Oxford/AstraZeneca, Pfizer/BioNTech",https://www.health.govt.nz/our-work/diseases-and-conditions/covid-19-novel-coronavirus/covid-19-data-and-statistics/covid-19-vaccine-data,9918485,4215458,3939779,1763248
New Zealand,2022-02-10,"Oxford/AstraZeneca, Pfizer/BioNTech",https://www.health.govt.nz/our-work/diseases-and-conditions/covid-19-novel-coronavirus/covid-19-data-and-statistics/covid-19-vaccine-data,9973794,4218212,3941412,1814170
New Zealand,2022-02-11,"Oxford/AstraZeneca, Pfizer/BioNTech",https://www.health.govt.nz/our-work/diseases-and-conditions/covid-19-novel-coronavirus/covid-19-data-and-statistics/covid-19-vaccine-data,10036251,4221378,3943044,1871829
New Zealand,2022-02-12,"Oxford/AstraZeneca, Pfizer/BioNTech",https://www.health.govt.nz/our-work/diseases-and-conditions/covid-19-novel-coronavirus/covid-19-data-and-statistics/covid-19-vaccine-data,10092563,4226194,3944379,1921990
New Zealand,2022-02-13,"Oxford/AstraZeneca, Pfizer/BioNTech",https://www.health.govt.nz/our-work/diseases-and-conditions/covid-19-novel-coronavirus/covid-19-data-and-statistics/covid-19-vaccine-data,10115507,4227716,3944924,1942867
New Zealand,2022-02-14,"Oxford/AstraZeneca, Pfizer/BioNTech",https://www.health.govt.nz/our-work/diseases-and-conditions/covid-19-novel-coronavirus/covid-19-data-and-statistics/covid-19-vaccine-data,10166699,4229768,3946285,1990646
New Zealand,2022-02-15,"Oxford/AstraZeneca, Pfizer/BioNTech",https://www.health.govt.nz/our-work/diseases-and-conditions/covid-19-novel-coronavirus/covid-19-data-and-statistics/covid-19-vaccine-data,10217145,4232160,3947848,2037137
New Zealand,2022-02-16,"Oxford/AstraZeneca, Pfizer/BioNTech",https://www.health.govt.nz/our-work/diseases-and-conditions/covid-19-novel-coronavirus/covid-19-data-and-statistics/covid-19-vaccine-data,10261848,4234496,3949348,2078004
New Zealand,2022-02-17,"Oxford/AstraZeneca, Pfizer/BioNTech",https://www.health.govt.nz/our-work/diseases-and-conditions/covid-19-novel-coronavirus/covid-19-data-and-statistics/covid-19-vaccine-data,10301778,4236800,3950761,2114217
New Zealand,2022-02-18,"Oxford/AstraZeneca, Pfizer/BioNTech",https://www.health.govt.nz/our-work/diseases-and-conditions/covid-19-novel-coronavirus/covid-19-data-and-statistics/covid-19-vaccine-data,10345801,4239656,3952282,2153863
New Zealand,2022-02-19,"Oxford/AstraZeneca, Pfizer/BioNTech",https://www.health.govt.nz/our-work/diseases-and-conditions/covid-19-novel-coronavirus/covid-19-data-and-statistics/covid-19-vaccine-data,10384154,4243363,3953533,2187258
New Zealand,2022-02-20,"Oxford/AstraZeneca, Pfizer/BioNTech",https://www.health.govt.nz/our-work/diseases-and-conditions/covid-19-novel-coronavirus/covid-19-data-and-statistics/covid-19-vaccine-data,10401616,4244709,3954185,2202722
New Zealand,2022-02-21,"Oxford/AstraZeneca, Pfizer/BioNTech",https://www.health.govt.nz/our-work/diseases-and-conditions/covid-19-novel-coronavirus/covid-19-data-and-statistics/covid-19-vaccine-data,10432338,4246459,3955290,2230589
New Zealand,2022-02-22,"Oxford/AstraZeneca, Pfizer/BioNTech",https://www.health.govt.nz/our-work/diseases-and-conditions/covid-19-novel-coronavirus/covid-19-data-and-statistics/covid-19-vaccine-data,10461175,4248393,3956647,2256135
New Zealand,2022-02-28,"Oxford/AstraZeneca, Pfizer/BioNTech",https://www.health.govt.nz/our-work/diseases-and-conditions/covid-19-novel-coronavirus/covid-19-data-and-statistics/covid-19-vaccine-data,10629966,4261507,3963606,2404853
