location,date,vaccine,source_url,total_vaccinations,people_vaccinated,people_fully_vaccinated,total_boosters
New Caledonia,2021-02-02,Pfizer/BioNTech,https://stats.pacificdata.org/vis?tm=covid&pg=0&df[ds]=SPC2&df[id]=DF_COVID_VACCINATION&df[ag]=SPC&df[vs]=1.0,1118,1118,0,
New Caledonia,2021-02-10,Pfizer/BioNTech,https://stats.pacificdata.org/vis?tm=covid&pg=0&df[ds]=SPC2&df[id]=DF_COVID_VACCINATION&df[ag]=SPC&df[vs]=1.0,1672,1672,0,
New Caledonia,2021-02-16,Pfizer/BioNTech,https://stats.pacificdata.org/vis?tm=covid&pg=0&df[ds]=SPC2&df[id]=DF_COVID_VACCINATION&df[ag]=SPC&df[vs]=1.0,2726,2454,272,
New Caledonia,2021-02-23,Pfizer/BioNTech,https://stats.pacificdata.org/vis?tm=covid&pg=0&df[ds]=SPC2&df[id]=DF_COVID_VACCINATION&df[ag]=SPC&df[vs]=1.0,4457,3432,1025,
New Caledonia,2021-03-09,Pfizer/BioNTech,https://stats.pacificdata.org/vis?tm=covid&pg=0&df[ds]=SPC2&df[id]=DF_COVID_VACCINATION&df[ag]=SPC&df[vs]=1.0,9765,7343,2422,
New Caledonia,2021-03-16,Pfizer/BioNTech,https://stats.pacificdata.org/vis?tm=covid&pg=0&df[ds]=SPC2&df[id]=DF_COVID_VACCINATION&df[ag]=SPC&df[vs]=1.0,15767,12133,3634,
New Caledonia,2021-03-23,Pfizer/BioNTech,https://stats.pacificdata.org/vis?tm=covid&pg=0&df[ds]=SPC2&df[id]=DF_COVID_VACCINATION&df[ag]=SPC&df[vs]=1.0,22707,17564,5143,
New Caledonia,2021-03-30,Pfizer/BioNTech,https://stats.pacificdata.org/vis?tm=covid&pg=0&df[ds]=SPC2&df[id]=DF_COVID_VACCINATION&df[ag]=SPC&df[vs]=1.0,28913,21192,7721,
New Caledonia,2021-04-07,Pfizer/BioNTech,https://stats.pacificdata.org/vis?tm=covid&pg=0&df[ds]=SPC2&df[id]=DF_COVID_VACCINATION&df[ag]=SPC&df[vs]=1.0,37258,24679,12579,
New Caledonia,2021-04-13,Pfizer/BioNTech,https://stats.pacificdata.org/vis?tm=covid&pg=0&df[ds]=SPC2&df[id]=DF_COVID_VACCINATION&df[ag]=SPC&df[vs]=1.0,44210,26584,17626,
New Caledonia,2021-04-20,Pfizer/BioNTech,https://stats.pacificdata.org/vis?tm=covid&pg=0&df[ds]=SPC2&df[id]=DF_COVID_VACCINATION&df[ag]=SPC&df[vs]=1.0,52881,32071,20810,
New Caledonia,2021-04-27,Pfizer/BioNTech,https://stats.pacificdata.org/vis?tm=covid&pg=0&df[ds]=SPC2&df[id]=DF_COVID_VACCINATION&df[ag]=SPC&df[vs]=1.0,60916,37070,23846,
New Caledonia,2021-05-04,Pfizer/BioNTech,https://stats.pacificdata.org/vis?tm=covid&pg=0&df[ds]=SPC2&df[id]=DF_COVID_VACCINATION&df[ag]=SPC&df[vs]=1.0,67755,41364,26391,
New Caledonia,2021-05-11,Pfizer/BioNTech,https://stats.pacificdata.org/vis?tm=covid&pg=0&df[ds]=SPC2&df[id]=DF_COVID_VACCINATION&df[ag]=SPC&df[vs]=1.0,75580,43941,31639,
New Caledonia,2021-05-18,Pfizer/BioNTech,https://stats.pacificdata.org/vis?tm=covid&pg=0&df[ds]=SPC2&df[id]=DF_COVID_VACCINATION&df[ag]=SPC&df[vs]=1.0,80734,45104,35630,
New Caledonia,2021-05-25,Pfizer/BioNTech,https://stats.pacificdata.org/vis?tm=covid&pg=0&df[ds]=SPC2&df[id]=DF_COVID_VACCINATION&df[ag]=SPC&df[vs]=1.0,86639,46508,40131,
New Caledonia,2021-06-01,Pfizer/BioNTech,https://stats.pacificdata.org/vis?tm=covid&pg=0&df[ds]=SPC2&df[id]=DF_COVID_VACCINATION&df[ag]=SPC&df[vs]=1.0,92594,49881,42713,
New Caledonia,2021-06-08,Pfizer/BioNTech,https://stats.pacificdata.org/vis?tm=covid&pg=0&df[ds]=SPC2&df[id]=DF_COVID_VACCINATION&df[ag]=SPC&df[vs]=1.0,98747,53838,44909,
New Caledonia,2021-06-15,Pfizer/BioNTech,https://stats.pacificdata.org/vis?tm=covid&pg=0&df[ds]=SPC2&df[id]=DF_COVID_VACCINATION&df[ag]=SPC&df[vs]=1.0,101168,55277,45891,
New Caledonia,2021-06-21,Pfizer/BioNTech,https://stats.pacificdata.org/vis?tm=covid&pg=0&df[ds]=SPC2&df[id]=DF_COVID_VACCINATION&df[ag]=SPC&df[vs]=1.0,104683,56691,47992,
New Caledonia,2021-06-29,Pfizer/BioNTech,https://stats.pacificdata.org/vis?tm=covid&pg=0&df[ds]=SPC2&df[id]=DF_COVID_VACCINATION&df[ag]=SPC&df[vs]=1.0,111259,59316,51943,
New Caledonia,2021-07-06,Pfizer/BioNTech,https://stats.pacificdata.org/vis?tm=covid&pg=0&df[ds]=SPC2&df[id]=DF_COVID_VACCINATION&df[ag]=SPC&df[vs]=1.0,115218,60764,54454,
New Caledonia,2021-07-20,Pfizer/BioNTech,https://stats.pacificdata.org/vis?tm=covid&pg=0&df[ds]=SPC2&df[id]=DF_COVID_VACCINATION&df[ag]=SPC&df[vs]=1.0,123185,64904,58281,
New Caledonia,2021-07-27,Pfizer/BioNTech,https://stats.pacificdata.org/vis?tm=covid&pg=0&df[ds]=SPC2&df[id]=DF_COVID_VACCINATION&df[ag]=SPC&df[vs]=1.0,125742,66159,59583,
New Caledonia,2021-08-02,Pfizer/BioNTech,https://stats.pacificdata.org/vis?tm=covid&pg=0&df[ds]=SPC2&df[id]=DF_COVID_VACCINATION&df[ag]=SPC&df[vs]=1.0,130078,68509,61569,
New Caledonia,2021-08-09,Pfizer/BioNTech,https://stats.pacificdata.org/vis?tm=covid&pg=0&df[ds]=SPC2&df[id]=DF_COVID_VACCINATION&df[ag]=SPC&df[vs]=1.0,133804,70773,63031,
New Caledonia,2021-08-16,Pfizer/BioNTech,https://stats.pacificdata.org/vis?tm=covid&pg=0&df[ds]=SPC2&df[id]=DF_COVID_VACCINATION&df[ag]=SPC&df[vs]=1.0,139022,73556,65466,
New Caledonia,2021-08-23,Pfizer/BioNTech,https://stats.pacificdata.org/vis?tm=covid&pg=0&df[ds]=SPC2&df[id]=DF_COVID_VACCINATION&df[ag]=SPC&df[vs]=1.0,144974,77705,67269,
New Caledonia,2021-08-31,Pfizer/BioNTech,https://stats.pacificdata.org/vis?tm=covid&pg=0&df[ds]=SPC2&df[id]=DF_COVID_VACCINATION&df[ag]=SPC&df[vs]=1.0,151912,82172,69740,
New Caledonia,2021-09-07,Pfizer/BioNTech,https://stats.pacificdata.org/vis?tm=covid&pg=0&df[ds]=SPC2&df[id]=DF_COVID_VACCINATION&df[ag]=SPC&df[vs]=1.0,158270,86125,72145,
New Caledonia,2021-09-14,Pfizer/BioNTech,https://stats.pacificdata.org/vis?tm=covid&pg=0&df[ds]=SPC2&df[id]=DF_COVID_VACCINATION&df[ag]=SPC&df[vs]=1.0,176813,101168,75645,
New Caledonia,2021-09-21,Pfizer/BioNTech,https://stats.pacificdata.org/vis?tm=covid&pg=0&df[ds]=SPC2&df[id]=DF_COVID_VACCINATION&df[ag]=SPC&df[vs]=1.0,206784,127322,79462,
New Caledonia,2021-09-28,Pfizer/BioNTech,https://stats.pacificdata.org/vis?tm=covid&pg=0&df[ds]=SPC2&df[id]=DF_COVID_VACCINATION&df[ag]=SPC&df[vs]=1.0,223735,141094,82641,
New Caledonia,2021-10-05,Pfizer/BioNTech,https://stats.pacificdata.org/vis?tm=covid&pg=0&df[ds]=SPC2&df[id]=DF_COVID_VACCINATION&df[ag]=SPC&df[vs]=1.0,251551,153060,98491,
New Caledonia,2021-10-12,Pfizer/BioNTech,https://stats.pacificdata.org/vis?tm=covid&pg=0&df[ds]=SPC2&df[id]=DF_COVID_VACCINATION&df[ag]=SPC&df[vs]=1.0,286813,163236,123577,
New Caledonia,2021-10-18,Pfizer/BioNTech,https://stats.pacificdata.org/vis?tm=covid&pg=0&df[ds]=SPC2&df[id]=DF_COVID_VACCINATION&df[ag]=SPC&df[vs]=1.0,312524,171401,141123,
New Caledonia,2021-10-25,Pfizer/BioNTech,https://stats.pacificdata.org/vis?tm=covid&pg=0&df[ds]=SPC2&df[id]=DF_COVID_VACCINATION&df[ag]=SPC&df[vs]=1.0,324466,174092,150374,
New Caledonia,2021-11-01,Pfizer/BioNTech,https://stats.pacificdata.org/vis?tm=covid&pg=0&df[ds]=SPC2&df[id]=DF_COVID_VACCINATION&df[ag]=SPC&df[vs]=1.0,333948,176189,157759,
New Caledonia,2021-11-08,Pfizer/BioNTech,https://stats.pacificdata.org/vis?tm=covid&pg=0&df[ds]=SPC2&df[id]=DF_COVID_VACCINATION&df[ag]=SPC&df[vs]=1.0,340002,177450,162552,
New Caledonia,2021-11-15,Pfizer/BioNTech,https://stats.pacificdata.org/vis?tm=covid&pg=0&df[ds]=SPC2&df[id]=DF_COVID_VACCINATION&df[ag]=SPC&df[vs]=1.0,342806,178199,164607,
New Caledonia,2021-11-22,Pfizer/BioNTech,https://stats.pacificdata.org/vis?tm=covid&pg=0&df[ds]=SPC2&df[id]=DF_COVID_VACCINATION&df[ag]=SPC&df[vs]=1.0,347129,179591,167538,
New Caledonia,2021-11-30,Pfizer/BioNTech,https://stats.pacificdata.org/vis?tm=covid&pg=0&df[ds]=SPC2&df[id]=DF_COVID_VACCINATION&df[ag]=SPC&df[vs]=1.0,350362,181074,169288,
New Caledonia,2021-12-06,Pfizer/BioNTech,https://stats.pacificdata.org/vis?tm=covid&pg=0&df[ds]=SPC2&df[id]=DF_COVID_VACCINATION&df[ag]=SPC&df[vs]=1.0,351941,181108,170833,
New Caledonia,2021-12-13,Pfizer/BioNTech,https://stats.pacificdata.org/vis?tm=covid&pg=0&df[ds]=SPC2&df[id]=DF_COVID_VACCINATION&df[ag]=SPC&df[vs]=1.0,354333,182049,172284,
New Caledonia,2021-12-20,Pfizer/BioNTech,https://stats.pacificdata.org/vis?tm=covid&pg=0&df[ds]=SPC2&df[id]=DF_COVID_VACCINATION&df[ag]=SPC&df[vs]=1.0,355717,182486,173231,
New Caledonia,2022-01-04,Pfizer/BioNTech,https://stats.pacificdata.org/vis?tm=covid&pg=0&df[ds]=SPC2&df[id]=DF_COVID_VACCINATION&df[ag]=SPC&df[vs]=1.0,358459,183604,174855,
New Caledonia,2022-01-11,Pfizer/BioNTech,https://stats.pacificdata.org/vis?tm=covid&pg=0&df[ds]=SPC2&df[id]=DF_COVID_VACCINATION&df[ag]=SPC&df[vs]=1.0,359372,184033,175339,
New Caledonia,2022-01-18,Pfizer/BioNTech,https://stats.pacificdata.org/vis?tm=covid&pg=0&df[ds]=SPC2&df[id]=DF_COVID_VACCINATION&df[ag]=SPC&df[vs]=1.0,360890,184796,176094,
New Caledonia,2022-01-24,Pfizer/BioNTech,https://stats.pacificdata.org/vis?tm=covid&pg=0&df[ds]=SPC2&df[id]=DF_COVID_VACCINATION&df[ag]=SPC&df[vs]=1.0,362095,185508,176587,
New Caledonia,2022-01-31,Pfizer/BioNTech,https://stats.pacificdata.org/vis?tm=covid&pg=0&df[ds]=SPC2&df[id]=DF_COVID_VACCINATION&df[ag]=SPC&df[vs]=1.0,363290,186200,177090,
New Caledonia,2022-02-07,Pfizer/BioNTech,https://stats.pacificdata.org/vis?tm=covid&pg=0&df[ds]=SPC2&df[id]=DF_COVID_VACCINATION&df[ag]=SPC&df[vs]=1.0,363926,186403,177523,
New Caledonia,2022-02-14,Pfizer/BioNTech,https://stats.pacificdata.org/vis?tm=covid&pg=0&df[ds]=SPC2&df[id]=DF_COVID_VACCINATION&df[ag]=SPC&df[vs]=1.0,365039,186918,178121,
New Caledonia,2022-02-21,Pfizer/BioNTech,https://stats.pacificdata.org/vis?tm=covid&pg=0&df[ds]=SPC2&df[id]=DF_COVID_VACCINATION&df[ag]=SPC&df[vs]=1.0,366169,187385,178784,
New Caledonia,2022-02-28,Pfizer/BioNTech,https://stats.pacificdata.org/vis?tm=covid&pg=0&df[ds]=SPC2&df[id]=DF_COVID_VACCINATION&df[ag]=SPC&df[vs]=1.0,366924,187685,179239,
