location,date,vaccine,source_url,total_vaccinations,people_vaccinated,people_fully_vaccinated,total_boosters
Peru,2021-02-08,Sinopharm/Beijing,https://www.datosabiertos.gob.pe/dataset/vacunacion,7,5,2,0
Peru,2021-02-09,Sinopharm/Beijing,https://www.datosabiertos.gob.pe/dataset/vacunacion,3759,3754,5,0
Peru,2021-02-10,Sinopharm/Beijing,https://www.datosabiertos.gob.pe/dataset/vacunacion,20360,20338,22,0
Peru,2021-02-11,Sinopharm/Beijing,https://www.datosabiertos.gob.pe/dataset/vacunacion,54481,54457,24,0
Peru,2021-02-12,Sinopharm/Beijing,https://www.datosabiertos.gob.pe/dataset/vacunacion,86856,86832,24,0
Peru,2021-02-13,Sinopharm/Beijing,https://www.datosabiertos.gob.pe/dataset/vacunacion,105728,105702,25,1
Peru,2021-02-14,Sinopharm/Beijing,https://www.datosabiertos.gob.pe/dataset/vacunacion,111011,110985,25,1
Peru,2021-02-15,Sinopharm/Beijing,https://www.datosabiertos.gob.pe/dataset/vacunacion,122489,122463,25,1
Peru,2021-02-16,Sinopharm/Beijing,https://www.datosabiertos.gob.pe/dataset/vacunacion,129992,129965,26,1
Peru,2021-02-17,Sinopharm/Beijing,https://www.datosabiertos.gob.pe/dataset/vacunacion,133937,133910,26,1
Peru,2021-02-18,Sinopharm/Beijing,https://www.datosabiertos.gob.pe/dataset/vacunacion,141341,141313,27,1
Peru,2021-02-19,Sinopharm/Beijing,https://www.datosabiertos.gob.pe/dataset/vacunacion,171864,171836,27,1
Peru,2021-02-20,Sinopharm/Beijing,https://www.datosabiertos.gob.pe/dataset/vacunacion,197982,197954,27,1
Peru,2021-02-21,Sinopharm/Beijing,https://www.datosabiertos.gob.pe/dataset/vacunacion,202538,202509,28,1
Peru,2021-02-22,Sinopharm/Beijing,https://www.datosabiertos.gob.pe/dataset/vacunacion,233006,232969,36,1
Peru,2021-02-23,Sinopharm/Beijing,https://www.datosabiertos.gob.pe/dataset/vacunacion,260261,260223,37,1
Peru,2021-02-24,Sinopharm/Beijing,https://www.datosabiertos.gob.pe/dataset/vacunacion,283151,283109,41,1
Peru,2021-02-25,Sinopharm/Beijing,https://www.datosabiertos.gob.pe/dataset/vacunacion,298953,298909,43,1
Peru,2021-02-26,Sinopharm/Beijing,https://www.datosabiertos.gob.pe/dataset/vacunacion,314594,314546,47,1
Peru,2021-02-27,Sinopharm/Beijing,https://www.datosabiertos.gob.pe/dataset/vacunacion,321363,321315,47,1
Peru,2021-02-28,Sinopharm/Beijing,https://www.datosabiertos.gob.pe/dataset/vacunacion,322359,322311,47,1
Peru,2021-03-01,Sinopharm/Beijing,https://www.datosabiertos.gob.pe/dataset/vacunacion,331649,331596,52,1
Peru,2021-03-02,Sinopharm/Beijing,https://www.datosabiertos.gob.pe/dataset/vacunacion,340897,338704,2192,1
Peru,2021-03-03,Sinopharm/Beijing,https://www.datosabiertos.gob.pe/dataset/vacunacion,359330,345080,14249,1
Peru,2021-03-04,"Pfizer/BioNTech, Sinopharm/Beijing",https://www.datosabiertos.gob.pe/dataset/vacunacion,392341,348853,43487,1
Peru,2021-03-05,"Pfizer/BioNTech, Sinopharm/Beijing",https://www.datosabiertos.gob.pe/dataset/vacunacion,429298,353477,75819,2
Peru,2021-03-06,"Pfizer/BioNTech, Sinopharm/Beijing",https://www.datosabiertos.gob.pe/dataset/vacunacion,449329,356500,92827,2
Peru,2021-03-07,"Pfizer/BioNTech, Sinopharm/Beijing",https://www.datosabiertos.gob.pe/dataset/vacunacion,451943,356640,95301,2
Peru,2021-03-08,"Pfizer/BioNTech, Sinopharm/Beijing",https://www.datosabiertos.gob.pe/dataset/vacunacion,482601,374608,107991,2
Peru,2021-03-09,"Pfizer/BioNTech, Sinopharm/Beijing",https://www.datosabiertos.gob.pe/dataset/vacunacion,509732,394220,115509,3
Peru,2021-03-10,"Pfizer/BioNTech, Sinopharm/Beijing",https://www.datosabiertos.gob.pe/dataset/vacunacion,527725,407137,120585,3
Peru,2021-03-11,"Pfizer/BioNTech, Sinopharm/Beijing",https://www.datosabiertos.gob.pe/dataset/vacunacion,542178,415683,126492,3
Peru,2021-03-12,"Pfizer/BioNTech, Sinopharm/Beijing",https://www.datosabiertos.gob.pe/dataset/vacunacion,568667,424430,144234,3
Peru,2021-03-13,"Pfizer/BioNTech, Sinopharm/Beijing",https://www.datosabiertos.gob.pe/dataset/vacunacion,604301,430617,173681,3
Peru,2021-03-14,"Pfizer/BioNTech, Sinopharm/Beijing",https://www.datosabiertos.gob.pe/dataset/vacunacion,607726,431327,176396,3
Peru,2021-03-15,"Pfizer/BioNTech, Sinopharm/Beijing",https://www.datosabiertos.gob.pe/dataset/vacunacion,655670,449459,206208,3
Peru,2021-03-16,"Pfizer/BioNTech, Sinopharm/Beijing",https://www.datosabiertos.gob.pe/dataset/vacunacion,703270,472116,231150,4
Peru,2021-03-17,"Pfizer/BioNTech, Sinopharm/Beijing",https://www.datosabiertos.gob.pe/dataset/vacunacion,750136,494531,255601,4
Peru,2021-03-18,"Pfizer/BioNTech, Sinopharm/Beijing",https://www.datosabiertos.gob.pe/dataset/vacunacion,792974,520745,272225,4
Peru,2021-03-19,"Pfizer/BioNTech, Sinopharm/Beijing",https://www.datosabiertos.gob.pe/dataset/vacunacion,834478,546418,288056,4
Peru,2021-03-20,"Pfizer/BioNTech, Sinopharm/Beijing",https://www.datosabiertos.gob.pe/dataset/vacunacion,859034,564585,294445,4
Peru,2021-03-21,"Pfizer/BioNTech, Sinopharm/Beijing",https://www.datosabiertos.gob.pe/dataset/vacunacion,860748,565270,295474,4
Peru,2021-03-22,"Pfizer/BioNTech, Sinopharm/Beijing",https://www.datosabiertos.gob.pe/dataset/vacunacion,878201,573966,304231,4
Peru,2021-03-23,"Pfizer/BioNTech, Sinopharm/Beijing",https://www.datosabiertos.gob.pe/dataset/vacunacion,903137,589604,313529,4
Peru,2021-03-24,"Pfizer/BioNTech, Sinopharm/Beijing",https://www.datosabiertos.gob.pe/dataset/vacunacion,925214,604288,320922,4
Peru,2021-03-25,"Pfizer/BioNTech, Sinopharm/Beijing",https://www.datosabiertos.gob.pe/dataset/vacunacion,942980,617248,325728,4
Peru,2021-03-26,"Pfizer/BioNTech, Sinopharm/Beijing",https://www.datosabiertos.gob.pe/dataset/vacunacion,964382,633884,330494,4
Peru,2021-03-27,"Pfizer/BioNTech, Sinopharm/Beijing",https://www.datosabiertos.gob.pe/dataset/vacunacion,978783,645181,333598,4
Peru,2021-03-28,"Pfizer/BioNTech, Sinopharm/Beijing",https://www.datosabiertos.gob.pe/dataset/vacunacion,981081,647277,333800,4
Peru,2021-03-29,"Pfizer/BioNTech, Sinopharm/Beijing",https://www.datosabiertos.gob.pe/dataset/vacunacion,998475,652179,346292,4
Peru,2021-03-30,"Pfizer/BioNTech, Sinopharm/Beijing",https://www.datosabiertos.gob.pe/dataset/vacunacion,1025079,656829,368246,4
Peru,2021-03-31,"Pfizer/BioNTech, Sinopharm/Beijing",https://www.datosabiertos.gob.pe/dataset/vacunacion,1050319,664464,385851,4
Peru,2021-04-01,"Pfizer/BioNTech, Sinopharm/Beijing",https://www.datosabiertos.gob.pe/dataset/vacunacion,1057056,666897,390155,4
Peru,2021-04-02,"Pfizer/BioNTech, Sinopharm/Beijing",https://www.datosabiertos.gob.pe/dataset/vacunacion,1061001,668038,392959,4
Peru,2021-04-03,"Pfizer/BioNTech, Sinopharm/Beijing",https://www.datosabiertos.gob.pe/dataset/vacunacion,1069906,670743,399159,4
Peru,2021-04-04,"Pfizer/BioNTech, Sinopharm/Beijing",https://www.datosabiertos.gob.pe/dataset/vacunacion,1071503,671020,400479,4
Peru,2021-04-05,"Pfizer/BioNTech, Sinopharm/Beijing",https://www.datosabiertos.gob.pe/dataset/vacunacion,1087991,677167,410820,4
Peru,2021-04-06,"Pfizer/BioNTech, Sinopharm/Beijing",https://www.datosabiertos.gob.pe/dataset/vacunacion,1118418,688934,429480,4
Peru,2021-04-07,"Pfizer/BioNTech, Sinopharm/Beijing",https://www.datosabiertos.gob.pe/dataset/vacunacion,1149295,702800,446490,5
Peru,2021-04-08,"Pfizer/BioNTech, Sinopharm/Beijing",https://www.datosabiertos.gob.pe/dataset/vacunacion,1195103,719798,475300,5
Peru,2021-04-09,"Pfizer/BioNTech, Sinopharm/Beijing",https://www.datosabiertos.gob.pe/dataset/vacunacion,1230158,736434,493719,5
Peru,2021-04-10,"Pfizer/BioNTech, Sinopharm/Beijing",https://www.datosabiertos.gob.pe/dataset/vacunacion,1243125,740620,502500,5
Peru,2021-04-11,"Pfizer/BioNTech, Sinopharm/Beijing",https://www.datosabiertos.gob.pe/dataset/vacunacion,1243229,740645,502579,5
Peru,2021-04-12,"Pfizer/BioNTech, Sinopharm/Beijing",https://www.datosabiertos.gob.pe/dataset/vacunacion,1257374,741549,515818,7
Peru,2021-04-13,"Pfizer/BioNTech, Sinopharm/Beijing",https://www.datosabiertos.gob.pe/dataset/vacunacion,1279382,743433,535942,7
Peru,2021-04-14,"Pfizer/BioNTech, Sinopharm/Beijing",https://www.datosabiertos.gob.pe/dataset/vacunacion,1302794,746160,556627,7
Peru,2021-04-15,"Pfizer/BioNTech, Sinopharm/Beijing",https://www.datosabiertos.gob.pe/dataset/vacunacion,1326184,748000,578177,7
Peru,2021-04-16,"Pfizer/BioNTech, Sinopharm/Beijing",https://www.datosabiertos.gob.pe/dataset/vacunacion,1367751,767693,600051,7
Peru,2021-04-17,"Pfizer/BioNTech, Sinopharm/Beijing",https://www.datosabiertos.gob.pe/dataset/vacunacion,1411998,797338,614653,7
Peru,2021-04-18,"Pfizer/BioNTech, Sinopharm/Beijing",https://www.datosabiertos.gob.pe/dataset/vacunacion,1443108,825273,617828,7
Peru,2021-04-19,"Pfizer/BioNTech, Sinopharm/Beijing",https://www.datosabiertos.gob.pe/dataset/vacunacion,1454089,832237,621845,7
Peru,2021-04-20,"Oxford/AstraZeneca, Pfizer/BioNTech, Sinopharm/Beijing",https://www.datosabiertos.gob.pe/dataset/vacunacion,1470506,843505,626994,7
Peru,2021-04-21,"Oxford/AstraZeneca, Pfizer/BioNTech, Sinopharm/Beijing",https://www.datosabiertos.gob.pe/dataset/vacunacion,1490587,853341,637239,7
Peru,2021-04-22,"Oxford/AstraZeneca, Pfizer/BioNTech, Sinopharm/Beijing",https://www.datosabiertos.gob.pe/dataset/vacunacion,1501335,861562,639766,7
Peru,2021-04-23,"Oxford/AstraZeneca, Pfizer/BioNTech, Sinopharm/Beijing",https://www.datosabiertos.gob.pe/dataset/vacunacion,1530338,887970,642361,7
Peru,2021-04-24,"Oxford/AstraZeneca, Pfizer/BioNTech, Sinopharm/Beijing",https://www.datosabiertos.gob.pe/dataset/vacunacion,1560485,915652,644826,7
Peru,2021-04-25,"Oxford/AstraZeneca, Pfizer/BioNTech, Sinopharm/Beijing",https://www.datosabiertos.gob.pe/dataset/vacunacion,1576173,931212,644954,7
Peru,2021-04-26,"Oxford/AstraZeneca, Pfizer/BioNTech, Sinopharm/Beijing",https://www.datosabiertos.gob.pe/dataset/vacunacion,1596048,946577,649464,7
Peru,2021-04-27,"Oxford/AstraZeneca, Pfizer/BioNTech, Sinopharm/Beijing",https://www.datosabiertos.gob.pe/dataset/vacunacion,1626589,966285,660295,9
Peru,2021-04-28,"Oxford/AstraZeneca, Pfizer/BioNTech, Sinopharm/Beijing",https://www.datosabiertos.gob.pe/dataset/vacunacion,1677959,1005811,672137,11
Peru,2021-04-29,"Oxford/AstraZeneca, Pfizer/BioNTech, Sinopharm/Beijing",https://www.datosabiertos.gob.pe/dataset/vacunacion,1735594,1050550,685031,13
Peru,2021-04-30,"Oxford/AstraZeneca, Pfizer/BioNTech, Sinopharm/Beijing",https://www.datosabiertos.gob.pe/dataset/vacunacion,1835195,1131841,703341,13
Peru,2021-05-01,"Oxford/AstraZeneca, Pfizer/BioNTech, Sinopharm/Beijing",https://www.datosabiertos.gob.pe/dataset/vacunacion,1901334,1194983,706338,13
Peru,2021-05-02,"Oxford/AstraZeneca, Pfizer/BioNTech, Sinopharm/Beijing",https://www.datosabiertos.gob.pe/dataset/vacunacion,1950370,1242942,707415,13
Peru,2021-05-03,"Oxford/AstraZeneca, Pfizer/BioNTech, Sinopharm/Beijing",https://www.datosabiertos.gob.pe/dataset/vacunacion,2014681,1302208,712460,13
Peru,2021-05-04,"Oxford/AstraZeneca, Pfizer/BioNTech, Sinopharm/Beijing",https://www.datosabiertos.gob.pe/dataset/vacunacion,2039079,1325093,713973,13
Peru,2021-05-05,"Oxford/AstraZeneca, Pfizer/BioNTech, Sinopharm/Beijing",https://www.datosabiertos.gob.pe/dataset/vacunacion,2064120,1345572,718535,13
Peru,2021-05-06,"Oxford/AstraZeneca, Pfizer/BioNTech, Sinopharm/Beijing",https://www.datosabiertos.gob.pe/dataset/vacunacion,2105424,1384812,720598,14
Peru,2021-05-07,"Oxford/AstraZeneca, Pfizer/BioNTech, Sinopharm/Beijing",https://www.datosabiertos.gob.pe/dataset/vacunacion,2153770,1418330,735425,15
Peru,2021-05-08,"Oxford/AstraZeneca, Pfizer/BioNTech, Sinopharm/Beijing",https://www.datosabiertos.gob.pe/dataset/vacunacion,2237645,1479458,758172,15
Peru,2021-05-09,"Oxford/AstraZeneca, Pfizer/BioNTech, Sinopharm/Beijing",https://www.datosabiertos.gob.pe/dataset/vacunacion,2296431,1512780,783636,15
Peru,2021-05-10,"Oxford/AstraZeneca, Pfizer/BioNTech, Sinopharm/Beijing",https://www.datosabiertos.gob.pe/dataset/vacunacion,2352998,1560305,792678,15
Peru,2021-05-11,"Oxford/AstraZeneca, Pfizer/BioNTech, Sinopharm/Beijing",https://www.datosabiertos.gob.pe/dataset/vacunacion,2408358,1603099,805244,15
Peru,2021-05-12,"Oxford/AstraZeneca, Pfizer/BioNTech, Sinopharm/Beijing",https://www.datosabiertos.gob.pe/dataset/vacunacion,2477473,1660816,816642,15
Peru,2021-05-13,"Oxford/AstraZeneca, Pfizer/BioNTech, Sinopharm/Beijing",https://www.datosabiertos.gob.pe/dataset/vacunacion,2559338,1734248,825074,16
Peru,2021-05-14,"Oxford/AstraZeneca, Pfizer/BioNTech, Sinopharm/Beijing",https://www.datosabiertos.gob.pe/dataset/vacunacion,2668285,1822249,846020,16
Peru,2021-05-15,"Oxford/AstraZeneca, Pfizer/BioNTech, Sinopharm/Beijing",https://www.datosabiertos.gob.pe/dataset/vacunacion,2743286,1875244,868026,16
Peru,2021-05-16,"Oxford/AstraZeneca, Pfizer/BioNTech, Sinopharm/Beijing",https://www.datosabiertos.gob.pe/dataset/vacunacion,2781469,1898887,882566,16
Peru,2021-05-17,"Oxford/AstraZeneca, Pfizer/BioNTech, Sinopharm/Beijing",https://www.datosabiertos.gob.pe/dataset/vacunacion,2840933,1950031,890886,16
Peru,2021-05-18,"Oxford/AstraZeneca, Pfizer/BioNTech, Sinopharm/Beijing",https://www.datosabiertos.gob.pe/dataset/vacunacion,2910387,2009583,900788,16
Peru,2021-05-19,"Oxford/AstraZeneca, Pfizer/BioNTech, Sinopharm/Beijing",https://www.datosabiertos.gob.pe/dataset/vacunacion,2991121,2069950,921155,16
Peru,2021-05-20,"Oxford/AstraZeneca, Pfizer/BioNTech, Sinopharm/Beijing",https://www.datosabiertos.gob.pe/dataset/vacunacion,3077873,2140270,937587,16
Peru,2021-05-21,"Oxford/AstraZeneca, Pfizer/BioNTech, Sinopharm/Beijing",https://www.datosabiertos.gob.pe/dataset/vacunacion,3240775,2249468,991291,16
Peru,2021-05-22,"Oxford/AstraZeneca, Pfizer/BioNTech, Sinopharm/Beijing",https://www.datosabiertos.gob.pe/dataset/vacunacion,3372488,2328883,1043589,16
Peru,2021-05-23,"Oxford/AstraZeneca, Pfizer/BioNTech, Sinopharm/Beijing",https://www.datosabiertos.gob.pe/dataset/vacunacion,3460731,2374229,1086485,17
Peru,2021-05-24,"Oxford/AstraZeneca, Pfizer/BioNTech, Sinopharm/Beijing",https://www.datosabiertos.gob.pe/dataset/vacunacion,3582647,2443840,1138789,18
Peru,2021-05-25,"Oxford/AstraZeneca, Pfizer/BioNTech, Sinopharm/Beijing",https://www.datosabiertos.gob.pe/dataset/vacunacion,3684115,2521650,1162447,18
Peru,2021-05-26,"Oxford/AstraZeneca, Pfizer/BioNTech, Sinopharm/Beijing",https://www.datosabiertos.gob.pe/dataset/vacunacion,3780222,2604961,1175242,19
Peru,2021-05-27,"Oxford/AstraZeneca, Pfizer/BioNTech, Sinopharm/Beijing",https://www.datosabiertos.gob.pe/dataset/vacunacion,3897674,2695339,1202316,19
Peru,2021-05-28,"Oxford/AstraZeneca, Pfizer/BioNTech, Sinopharm/Beijing",https://www.datosabiertos.gob.pe/dataset/vacunacion,4050206,2820033,1230153,20
Peru,2021-05-29,"Oxford/AstraZeneca, Pfizer/BioNTech, Sinopharm/Beijing",https://www.datosabiertos.gob.pe/dataset/vacunacion,4181744,2895412,1286312,20
Peru,2021-05-30,"Oxford/AstraZeneca, Pfizer/BioNTech, Sinopharm/Beijing",https://www.datosabiertos.gob.pe/dataset/vacunacion,4247192,2929276,1317896,20
Peru,2021-05-31,"Oxford/AstraZeneca, Pfizer/BioNTech, Sinopharm/Beijing",https://www.datosabiertos.gob.pe/dataset/vacunacion,4359578,2998262,1361296,20
Peru,2021-06-01,"Oxford/AstraZeneca, Pfizer/BioNTech, Sinopharm/Beijing",https://www.datosabiertos.gob.pe/dataset/vacunacion,4473398,3074046,1399330,22
Peru,2021-06-02,"Oxford/AstraZeneca, Pfizer/BioNTech, Sinopharm/Beijing",https://www.datosabiertos.gob.pe/dataset/vacunacion,4588160,3152324,1435812,24
Peru,2021-06-03,"Oxford/AstraZeneca, Pfizer/BioNTech, Sinopharm/Beijing",https://www.datosabiertos.gob.pe/dataset/vacunacion,4653840,3191094,1462722,24
Peru,2021-06-04,"Oxford/AstraZeneca, Pfizer/BioNTech, Sinopharm/Beijing",https://www.datosabiertos.gob.pe/dataset/vacunacion,4691598,3207264,1484310,24
Peru,2021-06-05,"Oxford/AstraZeneca, Pfizer/BioNTech, Sinopharm/Beijing",https://www.datosabiertos.gob.pe/dataset/vacunacion,4712888,3214832,1498032,24
Peru,2021-06-06,"Oxford/AstraZeneca, Pfizer/BioNTech, Sinopharm/Beijing",https://www.datosabiertos.gob.pe/dataset/vacunacion,4715049,3216689,1498336,24
Peru,2021-06-07,"Oxford/AstraZeneca, Pfizer/BioNTech, Sinopharm/Beijing",https://www.datosabiertos.gob.pe/dataset/vacunacion,4746545,3224683,1521838,24
Peru,2021-06-08,"Oxford/AstraZeneca, Pfizer/BioNTech, Sinopharm/Beijing",https://www.datosabiertos.gob.pe/dataset/vacunacion,4964886,3326236,1638618,32
Peru,2021-06-09,"Oxford/AstraZeneca, Pfizer/BioNTech, Sinopharm/Beijing",https://www.datosabiertos.gob.pe/dataset/vacunacion,5172332,3441365,1730933,34
Peru,2021-06-10,"Oxford/AstraZeneca, Pfizer/BioNTech, Sinopharm/Beijing",https://www.datosabiertos.gob.pe/dataset/vacunacion,5403650,3566022,1837593,35
Peru,2021-06-11,"Oxford/AstraZeneca, Pfizer/BioNTech, Sinopharm/Beijing",https://www.datosabiertos.gob.pe/dataset/vacunacion,5629833,3656875,1972922,36
Peru,2021-06-12,"Oxford/AstraZeneca, Pfizer/BioNTech, Sinopharm/Beijing",https://www.datosabiertos.gob.pe/dataset/vacunacion,5794645,3732446,2062160,39
Peru,2021-06-13,"Oxford/AstraZeneca, Pfizer/BioNTech, Sinopharm/Beijing",https://www.datosabiertos.gob.pe/dataset/vacunacion,5879010,3769790,2109180,40
Peru,2021-06-14,"Oxford/AstraZeneca, Pfizer/BioNTech, Sinopharm/Beijing",https://www.datosabiertos.gob.pe/dataset/vacunacion,5994112,3806218,2187852,42
Peru,2021-06-15,"Oxford/AstraZeneca, Pfizer/BioNTech, Sinopharm/Beijing",https://www.datosabiertos.gob.pe/dataset/vacunacion,6125807,3848387,2277376,44
Peru,2021-06-16,"Oxford/AstraZeneca, Pfizer/BioNTech, Sinopharm/Beijing",https://www.datosabiertos.gob.pe/dataset/vacunacion,6241150,3886598,2354508,44
Peru,2021-06-17,"Oxford/AstraZeneca, Pfizer/BioNTech, Sinopharm/Beijing",https://www.datosabiertos.gob.pe/dataset/vacunacion,6382463,3927252,2455167,44
Peru,2021-06-18,"Oxford/AstraZeneca, Pfizer/BioNTech, Sinopharm/Beijing",https://www.datosabiertos.gob.pe/dataset/vacunacion,6557566,3962997,2594522,47
Peru,2021-06-19,"Oxford/AstraZeneca, Pfizer/BioNTech, Sinopharm/Beijing",https://www.datosabiertos.gob.pe/dataset/vacunacion,6672283,3985691,2686542,50
Peru,2021-06-20,"Oxford/AstraZeneca, Pfizer/BioNTech, Sinopharm/Beijing",https://www.datosabiertos.gob.pe/dataset/vacunacion,6705789,3991935,2713801,53
Peru,2021-06-21,"Oxford/AstraZeneca, Pfizer/BioNTech, Sinopharm/Beijing",https://www.datosabiertos.gob.pe/dataset/vacunacion,6818920,4036274,2782592,54
Peru,2021-06-22,"Oxford/AstraZeneca, Pfizer/BioNTech, Sinopharm/Beijing",https://www.datosabiertos.gob.pe/dataset/vacunacion,6961000,4083329,2877617,54
Peru,2021-06-23,"Oxford/AstraZeneca, Pfizer/BioNTech, Sinopharm/Beijing",https://www.datosabiertos.gob.pe/dataset/vacunacion,7090060,4124597,2965406,57
Peru,2021-06-24,"Oxford/AstraZeneca, Pfizer/BioNTech, Sinopharm/Beijing",https://www.datosabiertos.gob.pe/dataset/vacunacion,7176464,4168890,3007517,57
Peru,2021-06-25,"Oxford/AstraZeneca, Pfizer/BioNTech, Sinopharm/Beijing",https://www.datosabiertos.gob.pe/dataset/vacunacion,7304189,4261673,3042459,57
Peru,2021-06-26,"Oxford/AstraZeneca, Pfizer/BioNTech, Sinopharm/Beijing",https://www.datosabiertos.gob.pe/dataset/vacunacion,7386730,4331271,3055402,57
Peru,2021-06-27,"Oxford/AstraZeneca, Pfizer/BioNTech, Sinopharm/Beijing",https://www.datosabiertos.gob.pe/dataset/vacunacion,7438127,4378679,3059389,59
Peru,2021-06-28,"Oxford/AstraZeneca, Pfizer/BioNTech, Sinopharm/Beijing",https://www.datosabiertos.gob.pe/dataset/vacunacion,7494730,4421276,3073394,60
Peru,2021-06-29,"Oxford/AstraZeneca, Pfizer/BioNTech, Sinopharm/Beijing",https://www.datosabiertos.gob.pe/dataset/vacunacion,7595880,4452539,3143279,62
Peru,2021-06-30,"Oxford/AstraZeneca, Pfizer/BioNTech, Sinopharm/Beijing",https://www.datosabiertos.gob.pe/dataset/vacunacion,7778737,4536641,3242030,66
Peru,2021-07-01,"Oxford/AstraZeneca, Pfizer/BioNTech, Sinopharm/Beijing",https://www.datosabiertos.gob.pe/dataset/vacunacion,7980833,4636952,3343813,68
Peru,2021-07-02,"Oxford/AstraZeneca, Pfizer/BioNTech, Sinopharm/Beijing",https://www.datosabiertos.gob.pe/dataset/vacunacion,8189079,4753673,3435335,71
Peru,2021-07-03,"Oxford/AstraZeneca, Pfizer/BioNTech, Sinopharm/Beijing",https://www.datosabiertos.gob.pe/dataset/vacunacion,8387114,4878408,3508634,72
Peru,2021-07-04,"Oxford/AstraZeneca, Pfizer/BioNTech, Sinopharm/Beijing",https://www.datosabiertos.gob.pe/dataset/vacunacion,8522872,4978680,3544120,72
Peru,2021-07-05,"Oxford/AstraZeneca, Pfizer/BioNTech, Sinopharm/Beijing",https://www.datosabiertos.gob.pe/dataset/vacunacion,8711350,5130091,3581187,72
Peru,2021-07-06,"Oxford/AstraZeneca, Pfizer/BioNTech, Sinopharm/Beijing",https://www.datosabiertos.gob.pe/dataset/vacunacion,8925646,5302465,3623107,74
Peru,2021-07-07,"Oxford/AstraZeneca, Pfizer/BioNTech, Sinopharm/Beijing",https://www.datosabiertos.gob.pe/dataset/vacunacion,9098119,5440298,3657745,76
Peru,2021-07-08,"Oxford/AstraZeneca, Pfizer/BioNTech, Sinopharm/Beijing",https://www.datosabiertos.gob.pe/dataset/vacunacion,9257666,5556090,3701498,78
Peru,2021-07-09,"Oxford/AstraZeneca, Pfizer/BioNTech, Sinopharm/Beijing",https://www.datosabiertos.gob.pe/dataset/vacunacion,9422186,5679305,3742803,78
Peru,2021-07-10,"Oxford/AstraZeneca, Pfizer/BioNTech, Sinopharm/Beijing",https://www.datosabiertos.gob.pe/dataset/vacunacion,9691253,5921192,3769977,84
Peru,2021-07-11,"Oxford/AstraZeneca, Pfizer/BioNTech, Sinopharm/Beijing",https://www.datosabiertos.gob.pe/dataset/vacunacion,9872582,6091487,3781003,92
Peru,2021-07-12,"Oxford/AstraZeneca, Pfizer/BioNTech, Sinopharm/Beijing",https://www.datosabiertos.gob.pe/dataset/vacunacion,9980335,6176348,3803895,92
Peru,2021-07-13,"Oxford/AstraZeneca, Pfizer/BioNTech, Sinopharm/Beijing",https://www.datosabiertos.gob.pe/dataset/vacunacion,10092828,6263243,3829491,94
Peru,2021-07-14,"Oxford/AstraZeneca, Pfizer/BioNTech, Sinopharm/Beijing",https://www.datosabiertos.gob.pe/dataset/vacunacion,10242645,6382846,3859704,95
Peru,2021-07-15,"Oxford/AstraZeneca, Pfizer/BioNTech, Sinopharm/Beijing",https://www.datosabiertos.gob.pe/dataset/vacunacion,10443349,6525300,3917954,95
Peru,2021-07-16,"Oxford/AstraZeneca, Pfizer/BioNTech, Sinopharm/Beijing",https://www.datosabiertos.gob.pe/dataset/vacunacion,10672285,6658918,4013270,97
Peru,2021-07-17,"Oxford/AstraZeneca, Pfizer/BioNTech, Sinopharm/Beijing",https://www.datosabiertos.gob.pe/dataset/vacunacion,10981840,6886833,4094906,101
Peru,2021-07-18,"Oxford/AstraZeneca, Pfizer/BioNTech, Sinopharm/Beijing",https://www.datosabiertos.gob.pe/dataset/vacunacion,11160827,7018777,4141945,105
Peru,2021-07-19,"Oxford/AstraZeneca, Pfizer/BioNTech, Sinopharm/Beijing",https://www.datosabiertos.gob.pe/dataset/vacunacion,11259529,7076555,4182868,106
Peru,2021-07-20,"Oxford/AstraZeneca, Pfizer/BioNTech, Sinopharm/Beijing",https://www.datosabiertos.gob.pe/dataset/vacunacion,11363195,7148272,4214816,107
Peru,2021-07-21,"Oxford/AstraZeneca, Pfizer/BioNTech, Sinopharm/Beijing",https://www.datosabiertos.gob.pe/dataset/vacunacion,11522949,7235158,4287684,107
Peru,2021-07-22,"Oxford/AstraZeneca, Pfizer/BioNTech, Sinopharm/Beijing",https://www.datosabiertos.gob.pe/dataset/vacunacion,11717496,7345805,4371580,111
Peru,2021-07-23,"Oxford/AstraZeneca, Pfizer/BioNTech, Sinopharm/Beijing",https://www.datosabiertos.gob.pe/dataset/vacunacion,11966163,7493381,4472668,114
Peru,2021-07-24,"Oxford/AstraZeneca, Pfizer/BioNTech, Sinopharm/Beijing",https://www.datosabiertos.gob.pe/dataset/vacunacion,12354758,7769907,4584735,116
Peru,2021-07-25,"Oxford/AstraZeneca, Pfizer/BioNTech, Sinopharm/Beijing",https://www.datosabiertos.gob.pe/dataset/vacunacion,12663126,7976923,4686084,119
Peru,2021-07-26,"Oxford/AstraZeneca, Pfizer/BioNTech, Sinopharm/Beijing",https://www.datosabiertos.gob.pe/dataset/vacunacion,12741292,8029537,4711636,119
Peru,2021-07-27,"Oxford/AstraZeneca, Pfizer/BioNTech, Sinopharm/Beijing",https://www.datosabiertos.gob.pe/dataset/vacunacion,12996767,8070517,4926127,123
Peru,2021-07-28,"Oxford/AstraZeneca, Pfizer/BioNTech, Sinopharm/Beijing",https://www.datosabiertos.gob.pe/dataset/vacunacion,13112992,8084652,5028214,126
Peru,2021-07-29,"Oxford/AstraZeneca, Pfizer/BioNTech, Sinopharm/Beijing",https://www.datosabiertos.gob.pe/dataset/vacunacion,13178319,8100357,5077834,128
Peru,2021-07-30,"Oxford/AstraZeneca, Pfizer/BioNTech, Sinopharm/Beijing",https://www.datosabiertos.gob.pe/dataset/vacunacion,13344754,8137991,5206629,134
Peru,2021-07-31,"Oxford/AstraZeneca, Pfizer/BioNTech, Sinopharm/Beijing",https://www.datosabiertos.gob.pe/dataset/vacunacion,13621097,8197215,5423740,142
Peru,2021-08-01,"Oxford/AstraZeneca, Pfizer/BioNTech, Sinopharm/Beijing",https://www.datosabiertos.gob.pe/dataset/vacunacion,13830710,8249992,5580571,147
Peru,2021-08-02,"Oxford/AstraZeneca, Pfizer/BioNTech, Sinopharm/Beijing",https://www.datosabiertos.gob.pe/dataset/vacunacion,13980084,8290957,5688979,148
Peru,2021-08-03,"Oxford/AstraZeneca, Pfizer/BioNTech, Sinopharm/Beijing",https://www.datosabiertos.gob.pe/dataset/vacunacion,14120276,8329368,5790758,150
Peru,2021-08-04,"Oxford/AstraZeneca, Pfizer/BioNTech, Sinopharm/Beijing",https://www.datosabiertos.gob.pe/dataset/vacunacion,14282293,8378792,5903349,152
Peru,2021-08-05,"Oxford/AstraZeneca, Pfizer/BioNTech, Sinopharm/Beijing",https://www.datosabiertos.gob.pe/dataset/vacunacion,14455354,8430204,6024998,152
Peru,2021-08-06,"Oxford/AstraZeneca, Pfizer/BioNTech, Sinopharm/Beijing",https://www.datosabiertos.gob.pe/dataset/vacunacion,14741008,8586240,6154613,155
Peru,2021-08-07,"Oxford/AstraZeneca, Pfizer/BioNTech, Sinopharm/Beijing",https://www.datosabiertos.gob.pe/dataset/vacunacion,15238342,8876602,6361582,158
Peru,2021-08-08,"Oxford/AstraZeneca, Pfizer/BioNTech, Sinopharm/Beijing",https://www.datosabiertos.gob.pe/dataset/vacunacion,15601333,9098947,6502222,164
Peru,2021-08-09,"Oxford/AstraZeneca, Pfizer/BioNTech, Sinopharm/Beijing",https://www.datosabiertos.gob.pe/dataset/vacunacion,15707388,9152543,6554681,164
Peru,2021-08-10,"Oxford/AstraZeneca, Pfizer/BioNTech, Sinopharm/Beijing",https://www.datosabiertos.gob.pe/dataset/vacunacion,15831953,9213276,6618510,167
Peru,2021-08-11,"Oxford/AstraZeneca, Pfizer/BioNTech, Sinopharm/Beijing",https://www.datosabiertos.gob.pe/dataset/vacunacion,15952131,9255354,6696609,168
Peru,2021-08-12,"Oxford/AstraZeneca, Pfizer/BioNTech, Sinopharm/Beijing",https://www.datosabiertos.gob.pe/dataset/vacunacion,16070336,9293273,6776894,169
Peru,2021-08-13,"Oxford/AstraZeneca, Pfizer/BioNTech, Sinopharm/Beijing",https://www.datosabiertos.gob.pe/dataset/vacunacion,16188478,9327895,6860413,170
Peru,2021-08-14,"Oxford/AstraZeneca, Pfizer/BioNTech, Sinopharm/Beijing",https://www.datosabiertos.gob.pe/dataset/vacunacion,16423489,9367905,7055408,176
Peru,2021-08-15,"Oxford/AstraZeneca, Pfizer/BioNTech, Sinopharm/Beijing",https://www.datosabiertos.gob.pe/dataset/vacunacion,16620807,9389154,7231474,179
Peru,2021-08-16,"Oxford/AstraZeneca, Pfizer/BioNTech, Sinopharm/Beijing",https://www.datosabiertos.gob.pe/dataset/vacunacion,16701340,9421963,7279194,183
Peru,2021-08-17,"Oxford/AstraZeneca, Pfizer/BioNTech, Sinopharm/Beijing",https://www.datosabiertos.gob.pe/dataset/vacunacion,16802483,9459555,7342742,186
Peru,2021-08-18,"Oxford/AstraZeneca, Pfizer/BioNTech, Sinopharm/Beijing",https://www.datosabiertos.gob.pe/dataset/vacunacion,16892212,9494373,7397648,191
Peru,2021-08-19,"Oxford/AstraZeneca, Pfizer/BioNTech, Sinopharm/Beijing",https://www.datosabiertos.gob.pe/dataset/vacunacion,16994537,9537791,7456552,194
Peru,2021-08-20,"Oxford/AstraZeneca, Pfizer/BioNTech, Sinopharm/Beijing",https://www.datosabiertos.gob.pe/dataset/vacunacion,17145858,9619751,7525911,196
Peru,2021-08-21,"Oxford/AstraZeneca, Pfizer/BioNTech, Sinopharm/Beijing",https://www.datosabiertos.gob.pe/dataset/vacunacion,17463059,9806493,7656364,202
Peru,2021-08-22,"Oxford/AstraZeneca, Pfizer/BioNTech, Sinopharm/Beijing",https://www.datosabiertos.gob.pe/dataset/vacunacion,17695145,9958528,7736409,208
Peru,2021-08-23,"Oxford/AstraZeneca, Pfizer/BioNTech, Sinopharm/Beijing",https://www.datosabiertos.gob.pe/dataset/vacunacion,17776318,9993448,7782657,213
Peru,2021-08-24,"Oxford/AstraZeneca, Pfizer/BioNTech, Sinopharm/Beijing",https://www.datosabiertos.gob.pe/dataset/vacunacion,17853764,10031281,7822267,216
Peru,2021-08-25,"Oxford/AstraZeneca, Pfizer/BioNTech, Sinopharm/Beijing",https://www.datosabiertos.gob.pe/dataset/vacunacion,17945414,10084843,7860353,218
Peru,2021-08-26,"Oxford/AstraZeneca, Pfizer/BioNTech, Sinopharm/Beijing",https://www.datosabiertos.gob.pe/dataset/vacunacion,18052490,10155519,7896749,222
Peru,2021-08-27,"Oxford/AstraZeneca, Pfizer/BioNTech, Sinopharm/Beijing",https://www.datosabiertos.gob.pe/dataset/vacunacion,18226351,10210662,8015460,229
Peru,2021-08-28,"Oxford/AstraZeneca, Pfizer/BioNTech, Sinopharm/Beijing",https://www.datosabiertos.gob.pe/dataset/vacunacion,18689826,10441662,8247924,240
Peru,2021-08-29,"Oxford/AstraZeneca, Pfizer/BioNTech, Sinopharm/Beijing",https://www.datosabiertos.gob.pe/dataset/vacunacion,19098570,10621135,8477188,247
Peru,2021-08-30,"Oxford/AstraZeneca, Pfizer/BioNTech, Sinopharm/Beijing",https://www.datosabiertos.gob.pe/dataset/vacunacion,19116574,10628982,8487344,248
Peru,2021-08-31,"Oxford/AstraZeneca, Pfizer/BioNTech, Sinopharm/Beijing",https://www.datosabiertos.gob.pe/dataset/vacunacion,19236832,10700077,8536501,254
Peru,2021-09-01,"Oxford/AstraZeneca, Pfizer/BioNTech, Sinopharm/Beijing",https://www.datosabiertos.gob.pe/dataset/vacunacion,19385657,10777666,8607735,256
Peru,2021-09-02,"Oxford/AstraZeneca, Pfizer/BioNTech, Sinopharm/Beijing",https://www.datosabiertos.gob.pe/dataset/vacunacion,19571696,10904779,8666659,258
Peru,2021-09-03,"Oxford/AstraZeneca, Pfizer/BioNTech, Sinopharm/Beijing",https://www.datosabiertos.gob.pe/dataset/vacunacion,19786591,11051163,8735165,263
Peru,2021-09-04,"Oxford/AstraZeneca, Pfizer/BioNTech, Sinopharm/Beijing",https://www.datosabiertos.gob.pe/dataset/vacunacion,20152171,11341215,8810688,268
Peru,2021-09-05,"Oxford/AstraZeneca, Pfizer/BioNTech, Sinopharm/Beijing",https://www.datosabiertos.gob.pe/dataset/vacunacion,20423865,11579257,8844333,275
Peru,2021-09-06,"Oxford/AstraZeneca, Pfizer/BioNTech, Sinopharm/Beijing",https://www.datosabiertos.gob.pe/dataset/vacunacion,20565394,11690575,8874542,277
Peru,2021-09-07,"Oxford/AstraZeneca, Pfizer/BioNTech, Sinopharm/Beijing",https://www.datosabiertos.gob.pe/dataset/vacunacion,20779025,11865714,8913032,279
Peru,2021-09-08,"Oxford/AstraZeneca, Pfizer/BioNTech, Sinopharm/Beijing",https://www.datosabiertos.gob.pe/dataset/vacunacion,21132873,12164998,8967594,281
Peru,2021-09-09,"Oxford/AstraZeneca, Pfizer/BioNTech, Sinopharm/Beijing",https://www.datosabiertos.gob.pe/dataset/vacunacion,21482935,12464117,9018528,290
Peru,2021-09-10,"Oxford/AstraZeneca, Pfizer/BioNTech, Sinopharm/Beijing",https://www.datosabiertos.gob.pe/dataset/vacunacion,21897447,12803036,9094113,298
Peru,2021-09-11,"Oxford/AstraZeneca, Pfizer/BioNTech, Sinopharm/Beijing",https://www.datosabiertos.gob.pe/dataset/vacunacion,22500344,13286414,9213621,309
Peru,2021-09-12,"Oxford/AstraZeneca, Pfizer/BioNTech, Sinopharm/Beijing",https://www.datosabiertos.gob.pe/dataset/vacunacion,22991573,13653390,9337867,316
Peru,2021-09-13,"Oxford/AstraZeneca, Pfizer/BioNTech, Sinopharm/Beijing",https://www.datosabiertos.gob.pe/dataset/vacunacion,23202128,13824603,9377207,318
Peru,2021-09-14,"Oxford/AstraZeneca, Pfizer/BioNTech, Sinopharm/Beijing",https://www.datosabiertos.gob.pe/dataset/vacunacion,23504225,14085665,9418233,327
Peru,2021-09-15,"Oxford/AstraZeneca, Pfizer/BioNTech, Sinopharm/Beijing",https://www.datosabiertos.gob.pe/dataset/vacunacion,23757776,14285363,9472080,333
Peru,2021-09-16,"Oxford/AstraZeneca, Pfizer/BioNTech, Sinopharm/Beijing",https://www.datosabiertos.gob.pe/dataset/vacunacion,24095380,14548423,9546618,339
Peru,2021-09-17,"Oxford/AstraZeneca, Pfizer/BioNTech, Sinopharm/Beijing",https://www.datosabiertos.gob.pe/dataset/vacunacion,24403117,14802453,9600314,350
Peru,2021-09-18,"Oxford/AstraZeneca, Pfizer/BioNTech, Sinopharm/Beijing",https://www.datosabiertos.gob.pe/dataset/vacunacion,24894216,15134136,9759716,364
Peru,2021-09-19,"Oxford/AstraZeneca, Pfizer/BioNTech, Sinopharm/Beijing",https://www.datosabiertos.gob.pe/dataset/vacunacion,25198604,15321896,9876335,373
Peru,2021-09-20,"Oxford/AstraZeneca, Pfizer/BioNTech, Sinopharm/Beijing",https://www.datosabiertos.gob.pe/dataset/vacunacion,25330394,15407423,9922586,385
Peru,2021-09-21,"Oxford/AstraZeneca, Pfizer/BioNTech, Sinopharm/Beijing",https://www.datosabiertos.gob.pe/dataset/vacunacion,25531597,15526269,10004932,396
Peru,2021-09-22,"Oxford/AstraZeneca, Pfizer/BioNTech, Sinopharm/Beijing",https://www.datosabiertos.gob.pe/dataset/vacunacion,25709064,15631343,10077320,401
Peru,2021-09-23,"Oxford/AstraZeneca, Pfizer/BioNTech, Sinopharm/Beijing",https://www.datosabiertos.gob.pe/dataset/vacunacion,25879132,15725765,10152957,410
Peru,2021-09-24,"Oxford/AstraZeneca, Pfizer/BioNTech, Sinopharm/Beijing",https://www.datosabiertos.gob.pe/dataset/vacunacion,26076774,15827423,10248938,413
Peru,2021-09-25,"Oxford/AstraZeneca, Pfizer/BioNTech, Sinopharm/Beijing",https://www.datosabiertos.gob.pe/dataset/vacunacion,26489121,15986702,10502001,418
Peru,2021-09-26,"Oxford/AstraZeneca, Pfizer/BioNTech, Sinopharm/Beijing",https://www.datosabiertos.gob.pe/dataset/vacunacion,26817089,16110888,10705775,426
Peru,2021-09-27,"Oxford/AstraZeneca, Pfizer/BioNTech, Sinopharm/Beijing",https://www.datosabiertos.gob.pe/dataset/vacunacion,27023660,16208820,10814408,432
Peru,2021-09-28,"Oxford/AstraZeneca, Pfizer/BioNTech, Sinopharm/Beijing",https://www.datosabiertos.gob.pe/dataset/vacunacion,27262594,16318752,10943405,437
Peru,2021-09-29,"Oxford/AstraZeneca, Pfizer/BioNTech, Sinopharm/Beijing",https://www.datosabiertos.gob.pe/dataset/vacunacion,27574391,16421897,11152035,459
Peru,2021-09-30,"Oxford/AstraZeneca, Pfizer/BioNTech, Sinopharm/Beijing",https://www.datosabiertos.gob.pe/dataset/vacunacion,27889237,16517760,11370991,486
Peru,2021-10-01,"Oxford/AstraZeneca, Pfizer/BioNTech, Sinopharm/Beijing",https://www.datosabiertos.gob.pe/dataset/vacunacion,28176920,16606556,11569859,505
Peru,2021-10-02,"Oxford/AstraZeneca, Pfizer/BioNTech, Sinopharm/Beijing",https://www.datosabiertos.gob.pe/dataset/vacunacion,28753678,16784216,11968901,561
Peru,2021-10-03,"Oxford/AstraZeneca, Pfizer/BioNTech, Sinopharm/Beijing",https://www.datosabiertos.gob.pe/dataset/vacunacion,29238193,16936994,12300617,582
Peru,2021-10-04,"Oxford/AstraZeneca, Pfizer/BioNTech, Sinopharm/Beijing",https://www.datosabiertos.gob.pe/dataset/vacunacion,29504003,17010578,12492829,596
Peru,2021-10-05,"Oxford/AstraZeneca, Pfizer/BioNTech, Sinopharm/Beijing",https://www.datosabiertos.gob.pe/dataset/vacunacion,29800447,17085067,12714762,618
Peru,2021-10-06,"Oxford/AstraZeneca, Pfizer/BioNTech, Sinopharm/Beijing",https://www.datosabiertos.gob.pe/dataset/vacunacion,30081997,17160145,12921220,632
Peru,2021-10-07,"Oxford/AstraZeneca, Pfizer/BioNTech, Sinopharm/Beijing",https://www.datosabiertos.gob.pe/dataset/vacunacion,30353186,17230437,13122109,640
Peru,2021-10-08,"Oxford/AstraZeneca, Pfizer/BioNTech, Sinopharm/Beijing",https://www.datosabiertos.gob.pe/dataset/vacunacion,30564005,17288389,13274940,676
Peru,2021-10-09,"Oxford/AstraZeneca, Pfizer/BioNTech, Sinopharm/Beijing",https://www.datosabiertos.gob.pe/dataset/vacunacion,30941256,17383384,13557177,695
Peru,2021-10-10,"Oxford/AstraZeneca, Pfizer/BioNTech, Sinopharm/Beijing",https://www.datosabiertos.gob.pe/dataset/vacunacion,31183440,17448169,13734549,722
Peru,2021-10-11,"Oxford/AstraZeneca, Pfizer/BioNTech, Sinopharm/Beijing",https://www.datosabiertos.gob.pe/dataset/vacunacion,31363417,17511781,13850899,737
Peru,2021-10-12,"Oxford/AstraZeneca, Pfizer/BioNTech, Sinopharm/Beijing",https://www.datosabiertos.gob.pe/dataset/vacunacion,31605028,17627485,13976747,796
Peru,2021-10-13,"Oxford/AstraZeneca, Pfizer/BioNTech, Sinopharm/Beijing",https://www.datosabiertos.gob.pe/dataset/vacunacion,31833426,17737479,14095139,808
Peru,2021-10-14,"Oxford/AstraZeneca, Pfizer/BioNTech, Sinopharm/Beijing",https://www.datosabiertos.gob.pe/dataset/vacunacion,32059049,17844324,14213899,826
Peru,2021-10-15,"Oxford/AstraZeneca, Pfizer/BioNTech, Sinopharm/Beijing",https://www.datosabiertos.gob.pe/dataset/vacunacion,32301286,17954675,14325348,21263
Peru,2021-10-16,"Oxford/AstraZeneca, Pfizer/BioNTech, Sinopharm/Beijing",https://www.datosabiertos.gob.pe/dataset/vacunacion,32650342,18132213,14471617,46512
Peru,2021-10-17,"Oxford/AstraZeneca, Pfizer/BioNTech, Sinopharm/Beijing",https://www.datosabiertos.gob.pe/dataset/vacunacion,32939196,18289210,14592557,57429
Peru,2021-10-18,"Oxford/AstraZeneca, Pfizer/BioNTech, Sinopharm/Beijing",https://www.datosabiertos.gob.pe/dataset/vacunacion,33145051,18381523,14679181,84347
Peru,2021-10-19,"Oxford/AstraZeneca, Pfizer/BioNTech, Sinopharm/Beijing",https://www.datosabiertos.gob.pe/dataset/vacunacion,33350648,18457941,14782562,110145
Peru,2021-10-20,"Oxford/AstraZeneca, Pfizer/BioNTech, Sinopharm/Beijing",https://www.datosabiertos.gob.pe/dataset/vacunacion,33531769,18515546,14880581,135642
Peru,2021-10-21,"Oxford/AstraZeneca, Pfizer/BioNTech, Sinopharm/Beijing",https://www.datosabiertos.gob.pe/dataset/vacunacion,33698729,18572773,14973501,152455
Peru,2021-10-22,"Oxford/AstraZeneca, Pfizer/BioNTech, Sinopharm/Beijing",https://www.datosabiertos.gob.pe/dataset/vacunacion,33851585,18621491,15062110,167984
Peru,2021-10-23,"Oxford/AstraZeneca, Pfizer/BioNTech, Sinopharm/Beijing",https://www.datosabiertos.gob.pe/dataset/vacunacion,34111823,18728397,15208135,175291
Peru,2021-10-24,"Oxford/AstraZeneca, Pfizer/BioNTech, Sinopharm/Beijing",https://www.datosabiertos.gob.pe/dataset/vacunacion,34314874,18802865,15334516,177493
Peru,2021-10-25,"Oxford/AstraZeneca, Pfizer/BioNTech, Sinopharm/Beijing",https://www.datosabiertos.gob.pe/dataset/vacunacion,34438519,18843341,15410704,184474
Peru,2021-10-26,"Oxford/AstraZeneca, Pfizer/BioNTech, Sinopharm/Beijing",https://www.datosabiertos.gob.pe/dataset/vacunacion,34557044,18881248,15485051,190745
Peru,2021-10-27,"Oxford/AstraZeneca, Pfizer/BioNTech, Sinopharm/Beijing",https://www.datosabiertos.gob.pe/dataset/vacunacion,34670752,18918819,15555400,196533
Peru,2021-10-28,"Oxford/AstraZeneca, Pfizer/BioNTech, Sinopharm/Beijing",https://www.datosabiertos.gob.pe/dataset/vacunacion,34798744,18963606,15627288,207850
Peru,2021-10-29,"Oxford/AstraZeneca, Pfizer/BioNTech, Sinopharm/Beijing",https://www.datosabiertos.gob.pe/dataset/vacunacion,34928504,19011292,15694179,223033
Peru,2021-10-30,"Oxford/AstraZeneca, Pfizer/BioNTech, Sinopharm/Beijing",https://www.datosabiertos.gob.pe/dataset/vacunacion,35238036,19220041,15780639,237356
Peru,2021-10-31,"Oxford/AstraZeneca, Pfizer/BioNTech, Sinopharm/Beijing",https://www.datosabiertos.gob.pe/dataset/vacunacion,35493131,19396564,15850171,246396
Peru,2021-11-01,"Oxford/AstraZeneca, Pfizer/BioNTech, Sinopharm/Beijing",https://www.datosabiertos.gob.pe/dataset/vacunacion,35596492,19471149,15874627,250716
Peru,2021-11-02,"Oxford/AstraZeneca, Pfizer/BioNTech, Sinopharm/Beijing",https://www.datosabiertos.gob.pe/dataset/vacunacion,35731533,19562752,15911334,257447
Peru,2021-11-03,"Oxford/AstraZeneca, Pfizer/BioNTech, Sinopharm/Beijing",https://www.datosabiertos.gob.pe/dataset/vacunacion,35900488,19671701,15961653,267134
Peru,2021-11-04,"Oxford/AstraZeneca, Pfizer/BioNTech, Sinopharm/Beijing",https://www.datosabiertos.gob.pe/dataset/vacunacion,36142741,19843077,16022674,276990
Peru,2021-11-05,"Oxford/AstraZeneca, Pfizer/BioNTech, Sinopharm/Beijing",https://www.datosabiertos.gob.pe/dataset/vacunacion,36435909,20067889,16082068,285952
Peru,2021-11-06,"Oxford/AstraZeneca, Pfizer/BioNTech, Sinopharm/Beijing",https://www.datosabiertos.gob.pe/dataset/vacunacion,36859982,20380995,16184054,294933
Peru,2021-11-07,"Oxford/AstraZeneca, Pfizer/BioNTech, Sinopharm/Beijing",https://www.datosabiertos.gob.pe/dataset/vacunacion,37173455,20593950,16278506,300999
Peru,2021-11-08,"Oxford/AstraZeneca, Pfizer/BioNTech, Sinopharm/Beijing",https://www.datosabiertos.gob.pe/dataset/vacunacion,37377103,20715804,16352777,308522
Peru,2021-11-09,"Oxford/AstraZeneca, Pfizer/BioNTech, Sinopharm/Beijing",https://www.datosabiertos.gob.pe/dataset/vacunacion,37596409,20827152,16450032,319225
Peru,2021-11-10,"Oxford/AstraZeneca, Pfizer/BioNTech, Sinopharm/Beijing",https://www.datosabiertos.gob.pe/dataset/vacunacion,37804174,20936073,16532255,335846
Peru,2021-11-11,"Oxford/AstraZeneca, Pfizer/BioNTech, Sinopharm/Beijing",https://www.datosabiertos.gob.pe/dataset/vacunacion,37997010,21030064,16611960,354986
Peru,2021-11-12,"Oxford/AstraZeneca, Pfizer/BioNTech, Sinopharm/Beijing",https://www.datosabiertos.gob.pe/dataset/vacunacion,38165574,21115778,16680521,369275
Peru,2021-11-13,"Oxford/AstraZeneca, Pfizer/BioNTech, Sinopharm/Beijing",https://www.datosabiertos.gob.pe/dataset/vacunacion,38408252,21229349,16798204,380699
Peru,2021-11-14,"Oxford/AstraZeneca, Pfizer/BioNTech, Sinopharm/Beijing",https://www.datosabiertos.gob.pe/dataset/vacunacion,38623459,21328186,16902682,392591
Peru,2021-11-15,"Oxford/AstraZeneca, Pfizer/BioNTech, Sinopharm/Beijing",https://www.datosabiertos.gob.pe/dataset/vacunacion,38791455,21413645,16975694,402116
Peru,2021-11-16,"Oxford/AstraZeneca, Pfizer/BioNTech, Sinopharm/Beijing",https://www.datosabiertos.gob.pe/dataset/vacunacion,38980051,21519644,17047448,412959
Peru,2021-11-17,"Oxford/AstraZeneca, Pfizer/BioNTech, Sinopharm/Beijing",https://www.datosabiertos.gob.pe/dataset/vacunacion,39164293,21623453,17117937,422903
Peru,2021-11-18,"Oxford/AstraZeneca, Pfizer/BioNTech, Sinopharm/Beijing",https://www.datosabiertos.gob.pe/dataset/vacunacion,39344552,21727203,17184194,433155
Peru,2021-11-19,"Oxford/AstraZeneca, Pfizer/BioNTech, Sinopharm/Beijing",https://www.datosabiertos.gob.pe/dataset/vacunacion,39522319,21831320,17246921,444078
Peru,2021-11-20,"Oxford/AstraZeneca, Pfizer/BioNTech, Sinopharm/Beijing",https://www.datosabiertos.gob.pe/dataset/vacunacion,39825349,21961574,17408279,455496
Peru,2021-11-21,"Oxford/AstraZeneca, Pfizer/BioNTech, Sinopharm/Beijing",https://www.datosabiertos.gob.pe/dataset/vacunacion,40115065,22070967,17574426,469672
Peru,2021-11-22,"Oxford/AstraZeneca, Pfizer/BioNTech, Sinopharm/Beijing",https://www.datosabiertos.gob.pe/dataset/vacunacion,40304801,22153641,17664542,486618
Peru,2021-11-23,"Oxford/AstraZeneca, Pfizer/BioNTech, Sinopharm/Beijing",https://www.datosabiertos.gob.pe/dataset/vacunacion,40506422,22237006,17764733,504683
Peru,2021-11-24,"Oxford/AstraZeneca, Pfizer/BioNTech, Sinopharm/Beijing",https://www.datosabiertos.gob.pe/dataset/vacunacion,40699476,22312481,17860993,526002
Peru,2021-11-25,"Oxford/AstraZeneca, Pfizer/BioNTech, Sinopharm/Beijing",https://www.datosabiertos.gob.pe/dataset/vacunacion,40928995,22385578,17995787,547630
Peru,2021-11-26,"Oxford/AstraZeneca, Pfizer/BioNTech, Sinopharm/Beijing",https://www.datosabiertos.gob.pe/dataset/vacunacion,41219401,22454254,18156341,608806
Peru,2021-11-27,"Oxford/AstraZeneca, Pfizer/BioNTech, Sinopharm/Beijing",https://www.datosabiertos.gob.pe/dataset/vacunacion,41651988,22538058,18400720,713210
Peru,2021-11-28,"Oxford/AstraZeneca, Pfizer/BioNTech, Sinopharm/Beijing",https://www.datosabiertos.gob.pe/dataset/vacunacion,42004843,22610977,18592483,801383
Peru,2021-11-29,"Oxford/AstraZeneca, Pfizer/BioNTech, Sinopharm/Beijing",https://www.datosabiertos.gob.pe/dataset/vacunacion,42275120,22667459,18710937,896724
Peru,2021-11-30,"Oxford/AstraZeneca, Pfizer/BioNTech, Sinopharm/Beijing",https://www.datosabiertos.gob.pe/dataset/vacunacion,42537067,22719666,18818634,998767
Peru,2021-12-01,"Oxford/AstraZeneca, Pfizer/BioNTech, Sinopharm/Beijing",https://www.datosabiertos.gob.pe/dataset/vacunacion,42791575,22774364,18916644,1100567
Peru,2021-12-02,"Oxford/AstraZeneca, Pfizer/BioNTech, Sinopharm/Beijing",https://www.datosabiertos.gob.pe/dataset/vacunacion,43063146,22837980,19014929,1210237
Peru,2021-12-03,"Oxford/AstraZeneca, Pfizer/BioNTech, Sinopharm/Beijing",https://www.datosabiertos.gob.pe/dataset/vacunacion,43327917,22902451,19110921,1314545
Peru,2021-12-04,"Oxford/AstraZeneca, Pfizer/BioNTech, Sinopharm/Beijing",https://www.datosabiertos.gob.pe/dataset/vacunacion,43648020,22980780,19240589,1426651
Peru,2021-12-05,"Oxford/AstraZeneca, Pfizer/BioNTech, Sinopharm/Beijing",https://www.datosabiertos.gob.pe/dataset/vacunacion,43894049,23044246,19348256,1501547
Peru,2021-12-06,"Oxford/AstraZeneca, Pfizer/BioNTech, Sinopharm/Beijing",https://www.datosabiertos.gob.pe/dataset/vacunacion,44114537,23102341,19434557,1577639
Peru,2021-12-07,"Oxford/AstraZeneca, Pfizer/BioNTech, Sinopharm/Beijing",https://www.datosabiertos.gob.pe/dataset/vacunacion,44339620,23159846,19527343,1652431
Peru,2021-12-08,"Oxford/AstraZeneca, Pfizer/BioNTech, Sinopharm/Beijing",https://www.datosabiertos.gob.pe/dataset/vacunacion,44504520,23204688,19598795,1701037
Peru,2021-12-09,"Oxford/AstraZeneca, Pfizer/BioNTech, Sinopharm/Beijing",https://www.datosabiertos.gob.pe/dataset/vacunacion,44750607,23271353,19704767,1774487
Peru,2021-12-10,"Oxford/AstraZeneca, Pfizer/BioNTech, Sinopharm/Beijing",https://www.datosabiertos.gob.pe/dataset/vacunacion,45084508,23381897,19848429,1854182
Peru,2021-12-11,"Oxford/AstraZeneca, Pfizer/BioNTech, Sinopharm/Beijing",https://www.datosabiertos.gob.pe/dataset/vacunacion,45481305,23518629,20029861,1932815
Peru,2021-12-12,"Oxford/AstraZeneca, Pfizer/BioNTech, Sinopharm/Beijing",https://www.datosabiertos.gob.pe/dataset/vacunacion,45795056,23622589,20181428,1991039
Peru,2021-12-13,"Oxford/AstraZeneca, Pfizer/BioNTech, Sinopharm/Beijing",https://www.datosabiertos.gob.pe/dataset/vacunacion,46095239,23735101,20306838,2053300
Peru,2021-12-14,"Oxford/AstraZeneca, Pfizer/BioNTech, Sinopharm/Beijing",https://www.datosabiertos.gob.pe/dataset/vacunacion,46409820,23846632,20446899,2116289
Peru,2021-12-15,"Oxford/AstraZeneca, Pfizer/BioNTech, Sinopharm/Beijing",https://www.datosabiertos.gob.pe/dataset/vacunacion,46697667,23947931,20575562,2174174
Peru,2021-12-16,"Oxford/AstraZeneca, Pfizer/BioNTech, Sinopharm/Beijing",https://www.datosabiertos.gob.pe/dataset/vacunacion,46929804,24022771,20681126,2225907
Peru,2021-12-17,"Oxford/AstraZeneca, Pfizer/BioNTech, Sinopharm/Beijing",https://www.datosabiertos.gob.pe/dataset/vacunacion,47158441,24096382,20784275,2277784
Peru,2021-12-18,"Oxford/AstraZeneca, Pfizer/BioNTech, Sinopharm/Beijing",https://www.datosabiertos.gob.pe/dataset/vacunacion,47381827,24163366,20889227,2329234
Peru,2021-12-19,"Oxford/AstraZeneca, Pfizer/BioNTech, Sinopharm/Beijing",https://www.datosabiertos.gob.pe/dataset/vacunacion,47556892,24208919,20975901,2372072
Peru,2021-12-20,"Oxford/AstraZeneca, Pfizer/BioNTech, Sinopharm/Beijing",https://www.datosabiertos.gob.pe/dataset/vacunacion,47816642,24262498,21056355,2497789
Peru,2021-12-21,"Oxford/AstraZeneca, Pfizer/BioNTech, Sinopharm/Beijing",https://www.datosabiertos.gob.pe/dataset/vacunacion,48187722,24311090,21134636,2741996
Peru,2021-12-22,"Oxford/AstraZeneca, Pfizer/BioNTech, Sinopharm/Beijing",https://www.datosabiertos.gob.pe/dataset/vacunacion,48516942,24351778,21206626,2958538
Peru,2021-12-23,"Oxford/AstraZeneca, Pfizer/BioNTech, Sinopharm/Beijing",https://www.datosabiertos.gob.pe/dataset/vacunacion,48754662,24384405,21267732,3102525
Peru,2021-12-24,"Oxford/AstraZeneca, Pfizer/BioNTech, Sinopharm/Beijing",https://www.datosabiertos.gob.pe/dataset/vacunacion,48832760,24396354,21290112,3146294
Peru,2021-12-25,"Oxford/AstraZeneca, Pfizer/BioNTech, Sinopharm/Beijing",https://www.datosabiertos.gob.pe/dataset/vacunacion,48866177,24399552,21295490,3171135
Peru,2021-12-26,"Oxford/AstraZeneca, Pfizer/BioNTech, Sinopharm/Beijing",https://www.datosabiertos.gob.pe/dataset/vacunacion,49050630,24415377,21336306,3298947
Peru,2021-12-27,"Oxford/AstraZeneca, Pfizer/BioNTech, Sinopharm/Beijing",https://www.datosabiertos.gob.pe/dataset/vacunacion,49361155,24449411,21411082,3500662
Peru,2021-12-28,"Oxford/AstraZeneca, Pfizer/BioNTech, Sinopharm/Beijing",https://www.datosabiertos.gob.pe/dataset/vacunacion,49684455,24485268,21488938,3710249
Peru,2021-12-29,"Oxford/AstraZeneca, Pfizer/BioNTech, Sinopharm/Beijing",https://www.datosabiertos.gob.pe/dataset/vacunacion,49963501,24518721,21556548,3888232
Peru,2021-12-30,"Oxford/AstraZeneca, Pfizer/BioNTech, Sinopharm/Beijing",https://www.datosabiertos.gob.pe/dataset/vacunacion,50177855,24547856,21615415,4014584
Peru,2021-12-31,"Oxford/AstraZeneca, Pfizer/BioNTech, Sinopharm/Beijing",https://www.datosabiertos.gob.pe/dataset/vacunacion,50246790,24557752,21639939,4049099
Peru,2022-01-01,"Oxford/AstraZeneca, Pfizer/BioNTech, Sinopharm/Beijing",https://www.datosabiertos.gob.pe/dataset/vacunacion,50266547,24559706,21643800,4063041
Peru,2022-01-02,"Oxford/AstraZeneca, Pfizer/BioNTech, Sinopharm/Beijing",https://www.datosabiertos.gob.pe/dataset/vacunacion,50379322,24568131,21672540,4138651
Peru,2022-01-03,"Oxford/AstraZeneca, Pfizer/BioNTech, Sinopharm/Beijing",https://www.datosabiertos.gob.pe/dataset/vacunacion,50623594,24593741,21742652,4287201
Peru,2022-01-04,"Oxford/AstraZeneca, Pfizer/BioNTech, Sinopharm/Beijing",https://www.datosabiertos.gob.pe/dataset/vacunacion,50894460,24620328,21818342,4455790
Peru,2022-01-05,"Oxford/AstraZeneca, Pfizer/BioNTech, Sinopharm/Beijing",https://www.datosabiertos.gob.pe/dataset/vacunacion,51208988,24650436,21895647,4662905
Peru,2022-01-06,"Oxford/AstraZeneca, Pfizer/BioNTech, Sinopharm/Beijing",https://www.datosabiertos.gob.pe/dataset/vacunacion,51526724,24679578,21969618,4877528
Peru,2022-01-07,"Oxford/AstraZeneca, Pfizer/BioNTech, Sinopharm/Beijing",https://www.datosabiertos.gob.pe/dataset/vacunacion,51845472,24707883,22043109,5094480
Peru,2022-01-08,"Oxford/AstraZeneca, Pfizer/BioNTech, Sinopharm/Beijing",https://www.datosabiertos.gob.pe/dataset/vacunacion,52176997,24733225,22111278,5332494
Peru,2022-01-09,"Oxford/AstraZeneca, Pfizer/BioNTech, Sinopharm/Beijing",https://www.datosabiertos.gob.pe/dataset/vacunacion,52378059,24749850,22155720,5472489
Peru,2022-01-10,"Oxford/AstraZeneca, Pfizer/BioNTech, Sinopharm/Beijing",https://www.datosabiertos.gob.pe/dataset/vacunacion,52653565,24777545,22222820,5653200
Peru,2022-01-11,"Oxford/AstraZeneca, Pfizer/BioNTech, Sinopharm/Beijing",https://www.datosabiertos.gob.pe/dataset/vacunacion,52912496,24802110,22282831,5827555
Peru,2022-01-12,"Oxford/AstraZeneca, Pfizer/BioNTech, Sinopharm/Beijing",https://www.datosabiertos.gob.pe/dataset/vacunacion,53154832,24826150,22340387,5988295
Peru,2022-01-13,"Oxford/AstraZeneca, Pfizer/BioNTech, Sinopharm/Beijing",https://www.datosabiertos.gob.pe/dataset/vacunacion,53401087,24848891,22394128,6158068
Peru,2022-01-14,"Oxford/AstraZeneca, Pfizer/BioNTech, Sinopharm/Beijing",https://www.datosabiertos.gob.pe/dataset/vacunacion,53630531,24870140,22441647,6318744
Peru,2022-01-15,"Oxford/AstraZeneca, Pfizer/BioNTech, Sinopharm/Beijing",https://www.datosabiertos.gob.pe/dataset/vacunacion,53853727,24887763,22478382,6487582
Peru,2022-01-16,"Oxford/AstraZeneca, Pfizer/BioNTech, Sinopharm/Beijing",https://www.datosabiertos.gob.pe/dataset/vacunacion,53984385,24898686,22503242,6582457
Peru,2022-01-17,"Oxford/AstraZeneca, Pfizer/BioNTech, Sinopharm/Beijing",https://www.datosabiertos.gob.pe/dataset/vacunacion,54167259,24918466,22544472,6704321
Peru,2022-01-18,"Oxford/AstraZeneca, Pfizer/BioNTech, Sinopharm/Beijing",https://www.datosabiertos.gob.pe/dataset/vacunacion,54334519,24934623,22581164,6818732
Peru,2022-01-19,"Oxford/AstraZeneca, Pfizer/BioNTech, Sinopharm/Beijing",https://www.datosabiertos.gob.pe/dataset/vacunacion,54497413,24951050,22617130,6929233
Peru,2022-01-20,"Oxford/AstraZeneca, Pfizer/BioNTech, Sinopharm/Beijing",https://www.datosabiertos.gob.pe/dataset/vacunacion,54642527,24966344,22650297,7025886
Peru,2022-01-21,"Oxford/AstraZeneca, Pfizer/BioNTech, Sinopharm/Beijing",https://www.datosabiertos.gob.pe/dataset/vacunacion,54781551,24980231,22680673,7120647
Peru,2022-01-22,"Oxford/AstraZeneca, Pfizer/BioNTech, Sinopharm/Beijing",https://www.datosabiertos.gob.pe/dataset/vacunacion,54925438,24993271,22704894,7227273
Peru,2022-01-23,"Oxford/AstraZeneca, Pfizer/BioNTech, Sinopharm/Beijing",https://www.datosabiertos.gob.pe/dataset/vacunacion,55035418,25003351,22724399,7307668
Peru,2022-01-24,"Oxford/AstraZeneca, Pfizer/BioNTech, Sinopharm/Beijing",https://www.datosabiertos.gob.pe/dataset/vacunacion,55201101,25056537,22752798,7391766
Peru,2022-01-25,"Oxford/AstraZeneca, Pfizer/BioNTech, Sinopharm/Beijing",https://www.datosabiertos.gob.pe/dataset/vacunacion,55367473,25112175,22779962,7475336
Peru,2022-01-26,"Oxford/AstraZeneca, Pfizer/BioNTech, Sinopharm/Beijing",https://www.datosabiertos.gob.pe/dataset/vacunacion,55546729,25185066,22807637,7554026
Peru,2022-01-27,"Oxford/AstraZeneca, Pfizer/BioNTech, Sinopharm/Beijing",https://www.datosabiertos.gob.pe/dataset/vacunacion,55737807,25271606,22834379,7631822
Peru,2022-01-28,"Oxford/AstraZeneca, Pfizer/BioNTech, Sinopharm/Beijing",https://www.datosabiertos.gob.pe/dataset/vacunacion,55931370,25366056,22859201,7706113
Peru,2022-01-29,"Oxford/AstraZeneca, Pfizer/BioNTech, Sinopharm/Beijing",https://www.datosabiertos.gob.pe/dataset/vacunacion,56191881,25514365,22882117,7795399
Peru,2022-01-30,"Oxford/AstraZeneca, Pfizer/BioNTech, Sinopharm/Beijing",https://www.datosabiertos.gob.pe/dataset/vacunacion,56391680,25626167,22898494,7867019
Peru,2022-01-31,"Oxford/AstraZeneca, Pfizer/BioNTech, Sinopharm/Beijing",https://www.datosabiertos.gob.pe/dataset/vacunacion,56613416,25742504,22923053,7947859
Peru,2022-02-01,"Oxford/AstraZeneca, Pfizer/BioNTech, Sinopharm/Beijing",https://www.datosabiertos.gob.pe/dataset/vacunacion,56830008,25850033,22946562,8033413
Peru,2022-02-02,"Oxford/AstraZeneca, Pfizer/BioNTech, Sinopharm/Beijing",https://www.datosabiertos.gob.pe/dataset/vacunacion,57028581,25941860,22970431,8116290
Peru,2022-02-03,"Oxford/AstraZeneca, Pfizer/BioNTech, Sinopharm/Beijing",https://www.datosabiertos.gob.pe/dataset/vacunacion,57237489,26045104,22994139,8198246
Peru,2022-02-04,"Oxford/AstraZeneca, Pfizer/BioNTech, Sinopharm/Beijing",https://www.datosabiertos.gob.pe/dataset/vacunacion,57454351,26154021,23017774,8282556
Peru,2022-02-05,"Oxford/AstraZeneca, Pfizer/BioNTech, Sinopharm/Beijing",https://www.datosabiertos.gob.pe/dataset/vacunacion,57679770,26260971,23039988,8378811
Peru,2022-02-06,"Oxford/AstraZeneca, Pfizer/BioNTech, Sinopharm/Beijing",https://www.datosabiertos.gob.pe/dataset/vacunacion,57816451,26322779,23054447,8439225
Peru,2022-02-07,"Oxford/AstraZeneca, Pfizer/BioNTech, Sinopharm/Beijing",https://www.datosabiertos.gob.pe/dataset/vacunacion,58005058,26411862,23077956,8515240
Peru,2022-02-08,"Oxford/AstraZeneca, Pfizer/BioNTech, Sinopharm/Beijing",https://www.datosabiertos.gob.pe/dataset/vacunacion,58193613,26497634,23100343,8595636
Peru,2022-02-09,"Oxford/AstraZeneca, Pfizer/BioNTech, Sinopharm/Beijing",https://www.datosabiertos.gob.pe/dataset/vacunacion,58377614,26579442,23121805,8676367
Peru,2022-02-10,"Oxford/AstraZeneca, Pfizer/BioNTech, Sinopharm/Beijing",https://www.datosabiertos.gob.pe/dataset/vacunacion,58553436,26653831,23143129,8756476
Peru,2022-02-11,"Oxford/AstraZeneca, Pfizer/BioNTech, Sinopharm/Beijing",https://www.datosabiertos.gob.pe/dataset/vacunacion,58741907,26740205,23164991,8836711
Peru,2022-02-12,"Oxford/AstraZeneca, Pfizer/BioNTech, Sinopharm/Beijing",https://www.datosabiertos.gob.pe/dataset/vacunacion,58911091,26809930,23183222,8917939
Peru,2022-02-13,"Oxford/AstraZeneca, Pfizer/BioNTech, Sinopharm/Beijing",https://www.datosabiertos.gob.pe/dataset/vacunacion,59017662,26851089,23194937,8971636
Peru,2022-02-14,"Oxford/AstraZeneca, Pfizer/BioNTech, Sinopharm/Beijing",https://www.datosabiertos.gob.pe/dataset/vacunacion,59154001,26898747,23227386,9027868
Peru,2022-02-15,"Oxford/AstraZeneca, Pfizer/BioNTech, Sinopharm/Beijing",https://www.datosabiertos.gob.pe/dataset/vacunacion,59317307,26951125,23265699,9100483
Peru,2022-02-16,"Oxford/AstraZeneca, Pfizer/BioNTech, Sinopharm/Beijing",https://www.datosabiertos.gob.pe/dataset/vacunacion,59491465,27007372,23310685,9173408
Peru,2022-02-17,"Oxford/AstraZeneca, Pfizer/BioNTech, Sinopharm/Beijing",https://www.datosabiertos.gob.pe/dataset/vacunacion,59662876,27057419,23363083,9242374
Peru,2022-02-18,"Oxford/AstraZeneca, Pfizer/BioNTech, Sinopharm/Beijing",https://www.datosabiertos.gob.pe/dataset/vacunacion,59843455,27106573,23426931,9309951
Peru,2022-02-19,"Oxford/AstraZeneca, Pfizer/BioNTech, Sinopharm/Beijing",https://www.datosabiertos.gob.pe/dataset/vacunacion,60048622,27156731,23508981,9382910
Peru,2022-02-20,"Oxford/AstraZeneca, Pfizer/BioNTech, Sinopharm/Beijing",https://www.datosabiertos.gob.pe/dataset/vacunacion,60200404,27194251,23567701,9438452
Peru,2022-02-21,"Oxford/AstraZeneca, Pfizer/BioNTech, Sinopharm/Beijing",https://www.datosabiertos.gob.pe/dataset/vacunacion,60391078,27240064,23643684,9507330
Peru,2022-02-22,"Oxford/AstraZeneca, Pfizer/BioNTech, Sinopharm/Beijing",https://www.datosabiertos.gob.pe/dataset/vacunacion,60584842,27283841,23724140,9576861
Peru,2022-02-23,"Oxford/AstraZeneca, Pfizer/BioNTech, Sinopharm/Beijing",https://www.datosabiertos.gob.pe/dataset/vacunacion,60755387,27321535,23788684,9645168
Peru,2022-02-24,"Oxford/AstraZeneca, Pfizer/BioNTech, Sinopharm/Beijing",https://www.datosabiertos.gob.pe/dataset/vacunacion,60910314,27354690,23853201,9702423
Peru,2022-02-25,"Oxford/AstraZeneca, Pfizer/BioNTech, Sinopharm/Beijing",https://www.datosabiertos.gob.pe/dataset/vacunacion,61046988,27382596,23912824,9751568
Peru,2022-02-26,"Oxford/AstraZeneca, Pfizer/BioNTech, Sinopharm/Beijing",https://www.datosabiertos.gob.pe/dataset/vacunacion,61131370,27398376,23947782,9785212
