location,date,vaccine,source_url,total_vaccinations,people_vaccinated,people_fully_vaccinated,total_boosters
Saint Lucia,2021-02-16,Oxford/AstraZeneca,https://www.loopslu.com/content/slmda-excited-vaccination-rollout-begin,0,0,0,
Saint Lucia,2021-03-04,Oxford/AstraZeneca,https://www.facebook.com/MinistryOfHealthSaintLucia/photos/a.2596703290449740/3920340978085958/,2094,2094,0,
Saint Lucia,2021-03-12,Oxford/AstraZeneca,https://www.facebook.com/MinistryOfHealthSaintLucia/photos/3943336199119769,17389,17389,0,
Saint Lucia,2021-03-19,Oxford/AstraZeneca,https://www.facebook.com/MinistryOfHealthSaintLucia/photos/a.2596703290449740/3960352537418135/,20247,20247,0,
Saint Lucia,2021-03-28,Oxford/AstraZeneca,https://www.covid19response.lc/,21494,,,
Saint Lucia,2021-03-30,Oxford/AstraZeneca,https://www.covid19response.lc/,22011,,,
Saint Lucia,2021-03-31,Oxford/AstraZeneca,https://www.covid19response.lc/,22357,,,
Saint Lucia,2021-04-01,Oxford/AstraZeneca,https://www.covid19response.lc/,22554,,,
Saint Lucia,2021-04-07,Oxford/AstraZeneca,https://www.covid19response.lc/,22839,,,
Saint Lucia,2021-04-08,Oxford/AstraZeneca,https://www.covid19response.lc/,22935,,,
Saint Lucia,2021-04-09,Oxford/AstraZeneca,https://www.covid19response.lc/,23150,,,
Saint Lucia,2021-04-10,Oxford/AstraZeneca,https://www.covid19response.lc/,23257,,,
Saint Lucia,2021-04-14,Oxford/AstraZeneca,https://www.covid19response.lc/,23345,,,
Saint Lucia,2021-04-16,Oxford/AstraZeneca,https://www.covid19response.lc/,23575,,,
Saint Lucia,2021-04-17,Oxford/AstraZeneca,https://www.covid19response.lc/,23664,,,
Saint Lucia,2021-04-19,Oxford/AstraZeneca,https://www.covid19response.lc/,23688,,,
Saint Lucia,2021-04-21,Oxford/AstraZeneca,https://www.covid19response.lc/,23829,,,
Saint Lucia,2021-04-23,Oxford/AstraZeneca,https://www.covid19response.lc/,23861,,,
Saint Lucia,2021-04-24,Oxford/AstraZeneca,https://www.covid19response.lc/,23941,,,
Saint Lucia,2021-04-27,Oxford/AstraZeneca,https://www.covid19response.lc/,24014,,,
Saint Lucia,2021-04-28,Oxford/AstraZeneca,https://www.covid19response.lc/,24123,,,
Saint Lucia,2021-04-29,Oxford/AstraZeneca,https://www.covid19response.lc/,24230,,,
Saint Lucia,2021-04-30,Oxford/AstraZeneca,https://www.covid19response.lc/,24266,,,
Saint Lucia,2021-05-01,Oxford/AstraZeneca,https://www.covid19response.lc/,24426,,,
Saint Lucia,2021-05-19,Oxford/AstraZeneca,https://www.covid19response.lc/,44206,26905,17301,
Saint Lucia,2021-05-20,Oxford/AstraZeneca,https://www.covid19response.lc/,44362,26975,17387,
Saint Lucia,2021-05-21,Oxford/AstraZeneca,https://www.covid19response.lc/,44868,27165,17703,
Saint Lucia,2021-05-22,Oxford/AstraZeneca,https://www.covid19response.lc/,45297,27395,17902,
Saint Lucia,2021-05-25,Oxford/AstraZeneca,https://www.covid19response.lc/,45476,27507,17969,
Saint Lucia,2021-05-26,Oxford/AstraZeneca,https://www.covid19response.lc/,45739,27588,18151,
Saint Lucia,2021-05-27,Oxford/AstraZeneca,https://www.covid19response.lc/,45986,27709,18277,
Saint Lucia,2021-05-29,Oxford/AstraZeneca,https://www.covid19response.lc/,46571,27995,18576,
Saint Lucia,2021-05-30,Oxford/AstraZeneca,https://www.covid19response.lc/,46771,28118,18653,
Saint Lucia,2021-06-01,Oxford/AstraZeneca,https://www.covid19response.lc/,47124,28262,18862,
Saint Lucia,2021-06-02,Oxford/AstraZeneca,https://www.covid19response.lc/,47542,28477,19065,
Saint Lucia,2021-06-03,Oxford/AstraZeneca,https://www.covid19response.lc/,47828,28587,19241,
Saint Lucia,2021-06-07,Oxford/AstraZeneca,https://www.covid19response.lc/,48257,28724,19533,
Saint Lucia,2021-06-08,Oxford/AstraZeneca,https://www.covid19response.lc/,48666,28914,19752,
Saint Lucia,2021-06-09,Oxford/AstraZeneca,https://www.covid19response.lc/,49065,29023,20042,
Saint Lucia,2021-06-10,Oxford/AstraZeneca,https://www.covid19response.lc/,49369,29147,20222,
Saint Lucia,2021-06-11,Oxford/AstraZeneca,https://www.covid19response.lc/,49735,29366,20369,
Saint Lucia,2021-06-12,Oxford/AstraZeneca,https://www.covid19response.lc/,50132,29580,20552,
Saint Lucia,2021-06-14,Oxford/AstraZeneca,https://www.covid19response.lc/,50244,29655,20589,
Saint Lucia,2021-06-16,Oxford/AstraZeneca,https://www.covid19response.lc/,50706,29798,20908,
Saint Lucia,2021-06-17,Oxford/AstraZeneca,https://www.covid19response.lc/,50869,29874,20995,
Saint Lucia,2021-06-18,Oxford/AstraZeneca,https://www.covid19response.lc/,51061,30024,21037,
Saint Lucia,2021-06-19,Oxford/AstraZeneca,https://www.covid19response.lc/,51178,30063,21115,
Saint Lucia,2021-06-22,Oxford/AstraZeneca,https://www.covid19response.lc/,51337,30123,21214,
Saint Lucia,2021-06-23,Oxford/AstraZeneca,https://www.covid19response.lc/,51563,30270,21293,
Saint Lucia,2021-06-25,Oxford/AstraZeneca,https://www.covid19response.lc/,52030,30462,21568,
Saint Lucia,2021-06-27,Oxford/AstraZeneca,https://www.covid19response.lc/,52355,30623,21732,
Saint Lucia,2021-06-29,Oxford/AstraZeneca,https://www.covid19response.lc/,52596,30746,21850,
Saint Lucia,2021-06-30,Oxford/AstraZeneca,https://www.covid19response.lc/,52771,30815,21956,
Saint Lucia,2021-07-01,Oxford/AstraZeneca,https://www.covid19response.lc/,52921,30902,22019,
Saint Lucia,2021-07-05,Oxford/AstraZeneca,https://www.covid19response.lc/,53092,30989,22103,
Saint Lucia,2021-07-06,Oxford/AstraZeneca,https://www.covid19response.lc/,53189,31037,22152,
Saint Lucia,2021-07-07,Oxford/AstraZeneca,https://www.covid19response.lc/,53323,31083,22240,
Saint Lucia,2021-07-08,Oxford/AstraZeneca,https://www.covid19response.lc/,53513,31127,22386,
Saint Lucia,2021-07-09,Oxford/AstraZeneca,https://www.covid19response.lc/,53699,31229,22470,
Saint Lucia,2021-07-12,Oxford/AstraZeneca,https://www.covid19response.lc/,53855,31286,22569,
Saint Lucia,2021-07-13,Oxford/AstraZeneca,https://www.covid19response.lc/,53993,31340,22653,
Saint Lucia,2021-07-14,Oxford/AstraZeneca,https://www.covid19response.lc/,54152,31400,22752,
Saint Lucia,2021-07-15,Oxford/AstraZeneca,https://www.covid19response.lc/,54361,31461,22900,
Saint Lucia,2021-07-16,Oxford/AstraZeneca,https://www.covid19response.lc/,54694,31581,23113,
Saint Lucia,2021-07-18,Oxford/AstraZeneca,https://www.covid19response.lc/,54870,31657,23213,
Saint Lucia,2021-07-20,Oxford/AstraZeneca,https://www.covid19response.lc/,55052,31723,23329,
Saint Lucia,2021-07-21,Oxford/AstraZeneca,https://www.covid19response.lc/,55798,31977,23821,
Saint Lucia,2021-07-24,Oxford/AstraZeneca,https://www.covid19response.lc/,55939,32001,23938,
Saint Lucia,2021-07-27,Oxford/AstraZeneca,https://www.covid19response.lc/,56036,32027,24009,
Saint Lucia,2021-07-28,Oxford/AstraZeneca,https://www.covid19response.lc/,56239,32068,24171,
Saint Lucia,2021-07-29,Oxford/AstraZeneca,https://www.covid19response.lc/,56551,32133,24418,
Saint Lucia,2021-07-30,Oxford/AstraZeneca,https://www.covid19response.lc/,56839,32237,24602,
Saint Lucia,2021-07-31,Oxford/AstraZeneca,https://www.covid19response.lc/,57066,32291,24775,
Saint Lucia,2021-08-05,Oxford/AstraZeneca,https://www.covid19response.lc/,57509,32448,25061,
Saint Lucia,2021-08-06,Oxford/AstraZeneca,https://www.covid19response.lc/,57858,32583,25275,
Saint Lucia,2021-08-07,Oxford/AstraZeneca,https://www.covid19response.lc/,58309,32787,25522,
Saint Lucia,2021-08-09,Oxford/AstraZeneca,https://www.covid19response.lc/,58353,32810,25543,
Saint Lucia,2021-08-10,Oxford/AstraZeneca,https://www.covid19response.lc/,58569,32898,25671,
Saint Lucia,2021-08-11,Oxford/AstraZeneca,https://www.covid19response.lc/,59051,33120,25931,
Saint Lucia,2021-08-12,Oxford/AstraZeneca,https://www.covid19response.lc/,59319,33256,26063,
Saint Lucia,2021-08-13,Oxford/AstraZeneca,https://www.covid19response.lc/,59537,33474,26063,
Saint Lucia,2021-08-17,Oxford/AstraZeneca,https://www.covid19response.lc/,60032,33702,26330,
Saint Lucia,2021-08-19,"Oxford/AstraZeneca, Pfizer/BioNTech",https://www.covid19response.lc/,61015,34195,26820,
Saint Lucia,2021-08-20,"Oxford/AstraZeneca, Pfizer/BioNTech",https://www.covid19response.lc/,61566,34464,27102,
Saint Lucia,2021-08-21,"Oxford/AstraZeneca, Pfizer/BioNTech",https://www.covid19response.lc/,61823,34601,27222,
Saint Lucia,2021-08-22,"Oxford/AstraZeneca, Pfizer/BioNTech",https://www.covid19response.lc/,61857,34621,27236,
Saint Lucia,2021-08-24,"Oxford/AstraZeneca, Pfizer/BioNTech",https://www.covid19response.lc/,62165,34888,27277,
Saint Lucia,2021-08-26,"Oxford/AstraZeneca, Pfizer/BioNTech",https://www.covid19response.lc/,63262,35707,27555,
Saint Lucia,2021-08-27,"Oxford/AstraZeneca, Pfizer/BioNTech",https://www.covid19response.lc/,63874,36203,27671,
Saint Lucia,2021-08-28,"Oxford/AstraZeneca, Pfizer/BioNTech",https://www.covid19response.lc/,64382,36623,27759,
Saint Lucia,2021-08-30,"Oxford/AstraZeneca, Pfizer/BioNTech",https://www.covid19response.lc/,64523,36750,27773,
Saint Lucia,2021-09-15,"Oxford/AstraZeneca, Pfizer/BioNTech",https://www.covid19response.lc/,70929,42145,28784,
Saint Lucia,2021-09-16,"Oxford/AstraZeneca, Pfizer/BioNTech",https://www.covid19response.lc/,71517,42594,28923,
Saint Lucia,2021-09-18,"Oxford/AstraZeneca, Pfizer/BioNTech",https://www.covid19response.lc/,72370,43264,29106,
Saint Lucia,2021-09-19,"Oxford/AstraZeneca, Pfizer/BioNTech",https://www.covid19response.lc/,72577,43431,29146,
Saint Lucia,2021-09-21,"Oxford/AstraZeneca, Pfizer/BioNTech",https://www.covid19response.lc/,72947,43582,29365,
Saint Lucia,2021-09-22,"Oxford/AstraZeneca, Pfizer/BioNTech",https://www.covid19response.lc/,73738,43946,29792,
Saint Lucia,2021-09-23,"Oxford/AstraZeneca, Pfizer/BioNTech",https://www.covid19response.lc/,74492,44292,30200,
Saint Lucia,2021-09-24,"Oxford/AstraZeneca, Pfizer/BioNTech",https://www.covid19response.lc/,74999,44516,30483,
Saint Lucia,2021-09-25,"Oxford/AstraZeneca, Pfizer/BioNTech",https://www.covid19response.lc/,75827,44872,30955,
Saint Lucia,2021-09-27,"Oxford/AstraZeneca, Pfizer/BioNTech",https://www.covid19response.lc/,76224,45063,31161,
Saint Lucia,2021-09-29,"Oxford/AstraZeneca, Pfizer/BioNTech",https://www.covid19response.lc/,76712,45551,31161,
Saint Lucia,2021-09-30,"Oxford/AstraZeneca, Pfizer/BioNTech",https://www.covid19response.lc/,78510,45972,32538,
Saint Lucia,2021-10-02,"Oxford/AstraZeneca, Pfizer/BioNTech",https://www.covid19response.lc/,80077,46620,33457,
Saint Lucia,2021-10-03,"Oxford/AstraZeneca, Pfizer/BioNTech",https://www.covid19response.lc/,80323,46732,33591,
Saint Lucia,2021-10-06,"Oxford/AstraZeneca, Pfizer/BioNTech",https://www.covid19response.lc/,81199,46994,34205,
Saint Lucia,2021-10-07,"Oxford/AstraZeneca, Pfizer/BioNTech",https://www.covid19response.lc/,82051,47238,34813,
Saint Lucia,2021-10-08,"Oxford/AstraZeneca, Pfizer/BioNTech",https://www.covid19response.lc/,82462,47352,35110,
Saint Lucia,2021-10-09,"Oxford/AstraZeneca, Pfizer/BioNTech",https://www.covid19response.lc/,83448,47703,35745,
Saint Lucia,2021-10-12,"Oxford/AstraZeneca, Pfizer/BioNTech",https://www.covid19response.lc/,84304,48051,36253,
Saint Lucia,2021-10-13,"Oxford/AstraZeneca, Pfizer/BioNTech",https://www.covid19response.lc/,84799,48222,36577,
Saint Lucia,2021-10-15,"Oxford/AstraZeneca, Pfizer/BioNTech",https://www.covid19response.lc/,86700,49083,37617,
Saint Lucia,2021-10-18,"Oxford/AstraZeneca, Pfizer/BioNTech",https://www.covid19response.lc/,87012,49234,37778,
Saint Lucia,2021-10-19,"Oxford/AstraZeneca, Pfizer/BioNTech",https://www.covid19response.lc/,87446,49423,38023,
Saint Lucia,2021-11-03,"Oxford/AstraZeneca, Pfizer/BioNTech",https://www.covid19response.lc/,94200,51725,42475,
Saint Lucia,2021-11-05,"Oxford/AstraZeneca, Pfizer/BioNTech",https://www.covid19response.lc/,94486,51864,42622,
Saint Lucia,2021-11-09,"Oxford/AstraZeneca, Pfizer/BioNTech",https://www.covid19response.lc/,95620,52331,43289,
Saint Lucia,2021-11-10,"Oxford/AstraZeneca, Pfizer/BioNTech",https://www.covid19response.lc/,95720,52389,43331,
Saint Lucia,2021-11-11,"Oxford/AstraZeneca, Pfizer/BioNTech",https://www.covid19response.lc/,95807,52439,43368,
Saint Lucia,2021-11-12,"Oxford/AstraZeneca, Pfizer/BioNTech",https://www.covid19response.lc/,96183,52563,43620,
Saint Lucia,2021-11-14,"Oxford/AstraZeneca, Pfizer/BioNTech",https://www.covid19response.lc/,96913,52851,44062,
Saint Lucia,2021-11-16,"Oxford/AstraZeneca, Pfizer/BioNTech",https://www.covid19response.lc/,97176,52937,44239,
Saint Lucia,2021-11-18,"Oxford/AstraZeneca, Pfizer/BioNTech",https://www.covid19response.lc/,98111,53322,44789,
Saint Lucia,2021-11-20,"Oxford/AstraZeneca, Pfizer/BioNTech",https://www.covid19response.lc/,98882,53634,45248,
Saint Lucia,2021-11-21,"Oxford/AstraZeneca, Pfizer/BioNTech",https://www.covid19response.lc/,99119,53710,45409,
Saint Lucia,2021-11-23,"Oxford/AstraZeneca, Pfizer/BioNTech",https://www.covid19response.lc/,99339,53818,45521,
Saint Lucia,2021-11-26,"Oxford/AstraZeneca, Pfizer/BioNTech",https://www.covid19response.lc/,100165,54167,45998,
Saint Lucia,2021-11-28,"Oxford/AstraZeneca, Pfizer/BioNTech",https://www.covid19response.lc/,100621,54299,46322,
Saint Lucia,2021-11-30,"Oxford/AstraZeneca, Pfizer/BioNTech",https://www.covid19response.lc/,100779,54362,46417,
Saint Lucia,2021-12-01,"Oxford/AstraZeneca, Pfizer/BioNTech",https://www.covid19response.lc/,101057,54450,46607,
Saint Lucia,2021-12-02,"Oxford/AstraZeneca, Pfizer/BioNTech",https://www.covid19response.lc/,101345,54548,46797,
Saint Lucia,2021-12-03,"Oxford/AstraZeneca, Pfizer/BioNTech",https://www.covid19response.lc/,101504,54623,46881,
Saint Lucia,2021-12-05,"Oxford/AstraZeneca, Pfizer/BioNTech",https://www.covid19response.lc/,102072,54804,47268,
Saint Lucia,2021-12-07,"Oxford/AstraZeneca, Pfizer/BioNTech",https://www.covid19response.lc/,102175,54833,47342,
Saint Lucia,2021-12-08,"Oxford/AstraZeneca, Pfizer/BioNTech",https://www.covid19response.lc/,102370,54930,47440,
Saint Lucia,2021-12-10,"Oxford/AstraZeneca, Pfizer/BioNTech",https://www.covid19response.lc/,102696,55063,47633,
Saint Lucia,2021-12-15,"Oxford/AstraZeneca, Pfizer/BioNTech",https://www.covid19response.lc/,103290,55218,48072,
Saint Lucia,2021-12-16,"Oxford/AstraZeneca, Pfizer/BioNTech",https://www.covid19response.lc/,103501,55278,48223,
Saint Lucia,2021-12-19,"Oxford/AstraZeneca, Pfizer/BioNTech",https://www.covid19response.lc/,103802,55346,48456,
Saint Lucia,2021-12-20,"Oxford/AstraZeneca, Pfizer/BioNTech",https://www.covid19response.lc/,103960,55387,48573,
Saint Lucia,2021-12-21,"Oxford/AstraZeneca, Pfizer/BioNTech",https://www.covid19response.lc/,104073,55423,48650,
Saint Lucia,2021-12-23,"Oxford/AstraZeneca, Pfizer/BioNTech",https://www.covid19response.lc/,104417,55509,48908,
Saint Lucia,2021-12-24,"Oxford/AstraZeneca, Pfizer/BioNTech",https://www.covid19response.lc/,104462,55518,48944,
Saint Lucia,2021-12-28,"Oxford/AstraZeneca, Pfizer/BioNTech",https://www.covid19response.lc/,104729,55598,49131,
Saint Lucia,2021-12-30,"Oxford/AstraZeneca, Pfizer/BioNTech",https://www.covid19response.lc/,104871,55639,49232,
Saint Lucia,2021-12-31,"Oxford/AstraZeneca, Pfizer/BioNTech",https://www.covid19response.lc/,104994,55681,49313,
Saint Lucia,2022-01-02,"Oxford/AstraZeneca, Pfizer/BioNTech",https://www.covid19response.lc/,105192,55757,49435,
Saint Lucia,2022-01-05,"Oxford/AstraZeneca, Pfizer/BioNTech",https://www.covid19response.lc/,105409,55851,49558,
Saint Lucia,2022-01-07,"Oxford/AstraZeneca, Pfizer/BioNTech",https://www.covid19response.lc/,105697,55964,49733,
Saint Lucia,2022-01-09,"Oxford/AstraZeneca, Pfizer/BioNTech",https://www.covid19response.lc/,105945,56060,49885,
Saint Lucia,2022-01-11,"Oxford/AstraZeneca, Pfizer/BioNTech",https://www.covid19response.lc/,106184,56162,50022,
Saint Lucia,2022-01-13,"Oxford/AstraZeneca, Pfizer/BioNTech",https://www.covid19response.lc/,106507,56296,50211,
Saint Lucia,2022-01-14,"Oxford/AstraZeneca, Pfizer/BioNTech",https://www.covid19response.lc/,106583,56339,50244,
Saint Lucia,2022-01-16,"Oxford/AstraZeneca, Pfizer/BioNTech",https://www.covid19response.lc/,106913,56499,50414,
Saint Lucia,2022-01-19,"Oxford/AstraZeneca, Pfizer/BioNTech",https://www.covid19response.lc/,107220,56633,50587,
Saint Lucia,2022-01-20,"Oxford/AstraZeneca, Pfizer/BioNTech",https://www.covid19response.lc/,107352,56684,50668,
Saint Lucia,2022-01-21,"Oxford/AstraZeneca, Pfizer/BioNTech",https://www.covid19response.lc/,107399,56707,50692,
Saint Lucia,2022-01-22,"Oxford/AstraZeneca, Pfizer/BioNTech",https://www.covid19response.lc/,107540,56788,50752,
Saint Lucia,2022-01-23,"Oxford/AstraZeneca, Pfizer/BioNTech",https://www.covid19response.lc/,107573,56799,50774,
Saint Lucia,2022-01-28,"Oxford/AstraZeneca, Pfizer/BioNTech",https://www.covid19response.lc/,107873,56922,50951,
Saint Lucia,2022-01-31,"Oxford/AstraZeneca, Pfizer/BioNTech",https://www.covid19response.lc/,108090,57018,51072,
Saint Lucia,2022-02-04,"Oxford/AstraZeneca, Pfizer/BioNTech",https://www.covid19response.lc/,108444,57193,51251,
Saint Lucia,2022-02-07,"Oxford/AstraZeneca, Pfizer/BioNTech",https://www.covid19response.lc/,108566,57233,51333,
Saint Lucia,2022-02-08,"Oxford/AstraZeneca, Pfizer/BioNTech",https://www.covid19response.lc/,108663,57268,51395,
Saint Lucia,2022-02-09,"Oxford/AstraZeneca, Pfizer/BioNTech",https://www.covid19response.lc/,108777,57323,51454,
Saint Lucia,2022-02-11,"Oxford/AstraZeneca, Pfizer/BioNTech",https://www.covid19response.lc/,108880,57367,51513,
Saint Lucia,2022-02-12,"Oxford/AstraZeneca, Pfizer/BioNTech",https://www.covid19response.lc/,109014,57418,51596,
Saint Lucia,2022-02-13,"Oxford/AstraZeneca, Pfizer/BioNTech",https://www.covid19response.lc/,109044,57428,51616,
Saint Lucia,2022-02-16,"Oxford/AstraZeneca, Pfizer/BioNTech",https://www.covid19response.lc/,109255,57517,51738,
Saint Lucia,2022-02-17,"Oxford/AstraZeneca, Pfizer/BioNTech",https://www.covid19response.lc/,109326,57543,51783,
Saint Lucia,2022-02-21,"Oxford/AstraZeneca, Pfizer/BioNTech",https://www.covid19response.lc/,109497,57608,51889,
Saint Lucia,2022-02-23,"Oxford/AstraZeneca, Pfizer/BioNTech",https://www.covid19response.lc/,109534,57622,51912,
