location,date,vaccine,source_url,total_vaccinations,people_vaccinated,people_fully_vaccinated,total_boosters
Sweden,2021-01-03,"Moderna, Oxford/AstraZeneca, Pfizer/BioNTech",https://fohm.se/smittskydd-beredskap/utbrott/aktuella-utbrott/covid-19/statistik-och-analyser/statistik-over-registrerade-vaccinationer-covid-19/,2477,1887,0,
Sweden,2021-01-17,"Moderna, Oxford/AstraZeneca, Pfizer/BioNTech",https://fohm.se/smittskydd-beredskap/utbrott/aktuella-utbrott/covid-19/statistik-och-analyser/statistik-over-registrerade-vaccinationer-covid-19/,133294,113486,452,
Sweden,2021-01-24,"Moderna, Oxford/AstraZeneca, Pfizer/BioNTech",https://fohm.se/smittskydd-beredskap/utbrott/aktuella-utbrott/covid-19/statistik-och-analyser/statistik-over-registrerade-vaccinationer-covid-19/,250053,213098,9615,
Sweden,2021-01-31,"Moderna, Oxford/AstraZeneca, Pfizer/BioNTech",https://fohm.se/smittskydd-beredskap/utbrott/aktuella-utbrott/covid-19/statistik-och-analyser/statistik-over-registrerade-vaccinationer-covid-19/,341521,274796,31280,
Sweden,2021-02-07,"Moderna, Oxford/AstraZeneca, Pfizer/BioNTech",https://fohm.se/smittskydd-beredskap/utbrott/aktuella-utbrott/covid-19/statistik-och-analyser/statistik-over-registrerade-vaccinationer-covid-19/,442048,315681,82164,
Sweden,2021-02-14,"Moderna, Oxford/AstraZeneca, Pfizer/BioNTech",https://fohm.se/smittskydd-beredskap/utbrott/aktuella-utbrott/covid-19/statistik-och-analyser/statistik-over-registrerade-vaccinationer-covid-19/,560442,359954,148802,
Sweden,2021-02-21,"Moderna, Oxford/AstraZeneca, Pfizer/BioNTech",https://fohm.se/smittskydd-beredskap/utbrott/aktuella-utbrott/covid-19/statistik-och-analyser/statistik-over-registrerade-vaccinationer-covid-19/,715532,427358,229896,
Sweden,2021-02-28,"Moderna, Oxford/AstraZeneca, Pfizer/BioNTech",https://fohm.se/smittskydd-beredskap/utbrott/aktuella-utbrott/covid-19/statistik-och-analyser/statistik-over-registrerade-vaccinationer-covid-19/,872610,525571,282951,
Sweden,2021-03-07,"Moderna, Oxford/AstraZeneca, Pfizer/BioNTech",https://fohm.se/smittskydd-beredskap/utbrott/aktuella-utbrott/covid-19/statistik-och-analyser/statistik-over-registrerade-vaccinationer-covid-19/,1063128,674336,319212,
Sweden,2021-03-14,"Moderna, Oxford/AstraZeneca, Pfizer/BioNTech",https://fohm.se/smittskydd-beredskap/utbrott/aktuella-utbrott/covid-19/statistik-och-analyser/statistik-over-registrerade-vaccinationer-covid-19/,1285101,853175,356461,
Sweden,2021-03-21,"Moderna, Oxford/AstraZeneca, Pfizer/BioNTech",https://fohm.se/smittskydd-beredskap/utbrott/aktuella-utbrott/covid-19/statistik-och-analyser/statistik-over-registrerade-vaccinationer-covid-19/,1460139,969793,409444,
Sweden,2021-03-28,"Moderna, Oxford/AstraZeneca, Pfizer/BioNTech",https://fohm.se/smittskydd-beredskap/utbrott/aktuella-utbrott/covid-19/statistik-och-analyser/statistik-over-registrerade-vaccinationer-covid-19/,1659223,1096684,476515,
Sweden,2021-04-04,"Moderna, Oxford/AstraZeneca, Pfizer/BioNTech",https://fohm.se/smittskydd-beredskap/utbrott/aktuella-utbrott/covid-19/statistik-och-analyser/statistik-over-registrerade-vaccinationer-covid-19/,1925600,1291750,543312,
Sweden,2021-04-11,"Moderna, Oxford/AstraZeneca, Pfizer/BioNTech",https://fohm.se/smittskydd-beredskap/utbrott/aktuella-utbrott/covid-19/statistik-och-analyser/statistik-over-registrerade-vaccinationer-covid-19/,2272549,1541854,635731,
Sweden,2021-04-18,"Moderna, Oxford/AstraZeneca, Pfizer/BioNTech",https://fohm.se/smittskydd-beredskap/utbrott/aktuella-utbrott/covid-19/statistik-och-analyser/statistik-over-registrerade-vaccinationer-covid-19/,2748846,1948524,701370,
Sweden,2021-04-25,"Moderna, Oxford/AstraZeneca, Pfizer/BioNTech",https://fohm.se/smittskydd-beredskap/utbrott/aktuella-utbrott/covid-19/statistik-och-analyser/statistik-over-registrerade-vaccinationer-covid-19/,3190692,2349740,739178,
Sweden,2021-05-02,"Moderna, Oxford/AstraZeneca, Pfizer/BioNTech",https://fohm.se/smittskydd-beredskap/utbrott/aktuella-utbrott/covid-19/statistik-och-analyser/statistik-over-registrerade-vaccinationer-covid-19/,3591780,2721563,766613,
Sweden,2021-05-09,"Moderna, Oxford/AstraZeneca, Pfizer/BioNTech",https://fohm.se/smittskydd-beredskap/utbrott/aktuella-utbrott/covid-19/statistik-och-analyser/statistik-over-registrerade-vaccinationer-covid-19/,4051547,3064104,881622,
Sweden,2021-05-16,"Moderna, Oxford/AstraZeneca, Pfizer/BioNTech",https://fohm.se/smittskydd-beredskap/utbrott/aktuella-utbrott/covid-19/statistik-och-analyser/statistik-over-registrerade-vaccinationer-covid-19/,4478912,3342525,1028668,
Sweden,2021-05-23,"Moderna, Oxford/AstraZeneca, Pfizer/BioNTech",https://fohm.se/smittskydd-beredskap/utbrott/aktuella-utbrott/covid-19/statistik-och-analyser/statistik-over-registrerade-vaccinationer-covid-19/,4934654,3591864,1233440,
Sweden,2021-05-30,"Moderna, Oxford/AstraZeneca, Pfizer/BioNTech",https://fohm.se/smittskydd-beredskap/utbrott/aktuella-utbrott/covid-19/statistik-och-analyser/statistik-over-registrerade-vaccinationer-covid-19/,5420403,3787494,1521944,
Sweden,2021-06-06,"Moderna, Oxford/AstraZeneca, Pfizer/BioNTech",https://fohm.se/smittskydd-beredskap/utbrott/aktuella-utbrott/covid-19/statistik-och-analyser/statistik-over-registrerade-vaccinationer-covid-19/,6006592,4003845,1890175,
Sweden,2021-06-13,"Moderna, Oxford/AstraZeneca, Pfizer/BioNTech",https://fohm.se/smittskydd-beredskap/utbrott/aktuella-utbrott/covid-19/statistik-och-analyser/statistik-over-registrerade-vaccinationer-covid-19/,6688558,4273098,2301488,
Sweden,2021-06-20,"Moderna, Oxford/AstraZeneca, Pfizer/BioNTech",https://fohm.se/smittskydd-beredskap/utbrott/aktuella-utbrott/covid-19/statistik-och-analyser/statistik-over-registrerade-vaccinationer-covid-19/,7462558,4576104,2771009,
Sweden,2021-06-27,"Moderna, Oxford/AstraZeneca, Pfizer/BioNTech",https://fohm.se/smittskydd-beredskap/utbrott/aktuella-utbrott/covid-19/statistik-och-analyser/statistik-over-registrerade-vaccinationer-covid-19/,8100528,4864940,3119076,
Sweden,2021-07-04,"Moderna, Oxford/AstraZeneca, Pfizer/BioNTech",https://fohm.se/smittskydd-beredskap/utbrott/aktuella-utbrott/covid-19/statistik-och-analyser/statistik-over-registrerade-vaccinationer-covid-19/,8834844,5276208,3441334,
Sweden,2021-07-11,"Moderna, Oxford/AstraZeneca, Pfizer/BioNTech",https://fohm.se/smittskydd-beredskap/utbrott/aktuella-utbrott/covid-19/statistik-och-analyser/statistik-over-registrerade-vaccinationer-covid-19/,9432904,5663290,3651815,
Sweden,2021-07-18,"Moderna, Oxford/AstraZeneca, Pfizer/BioNTech",https://fohm.se/smittskydd-beredskap/utbrott/aktuella-utbrott/covid-19/statistik-och-analyser/statistik-over-registrerade-vaccinationer-covid-19/,9943941,6013906,3811914,
Sweden,2021-07-25,"Moderna, Oxford/AstraZeneca, Pfizer/BioNTech",https://fohm.se/smittskydd-beredskap/utbrott/aktuella-utbrott/covid-19/statistik-och-analyser/statistik-over-registrerade-vaccinationer-covid-19/,10388810,6253204,4017224,
Sweden,2021-08-01,"Moderna, Oxford/AstraZeneca, Pfizer/BioNTech",https://fohm.se/smittskydd-beredskap/utbrott/aktuella-utbrott/covid-19/statistik-och-analyser/statistik-over-registrerade-vaccinationer-covid-19/,10788459,6392954,4276914,
Sweden,2021-08-08,"Moderna, Oxford/AstraZeneca, Pfizer/BioNTech",https://fohm.se/smittskydd-beredskap/utbrott/aktuella-utbrott/covid-19/statistik-och-analyser/statistik-over-registrerade-vaccinationer-covid-19/,11193032,6501416,4572855,
Sweden,2021-08-15,"Moderna, Oxford/AstraZeneca, Pfizer/BioNTech",https://fohm.se/smittskydd-beredskap/utbrott/aktuella-utbrott/covid-19/statistik-och-analyser/statistik-over-registrerade-vaccinationer-covid-19/,11664993,6636194,4909885,
Sweden,2021-08-22,"Moderna, Oxford/AstraZeneca, Pfizer/BioNTech",https://fohm.se/smittskydd-beredskap/utbrott/aktuella-utbrott/covid-19/statistik-och-analyser/statistik-over-registrerade-vaccinationer-covid-19/,12188853,6745894,5323908,
Sweden,2021-08-29,"Moderna, Oxford/AstraZeneca, Pfizer/BioNTech",https://fohm.se/smittskydd-beredskap/utbrott/aktuella-utbrott/covid-19/statistik-och-analyser/statistik-over-registrerade-vaccinationer-covid-19/,12665314,6834875,5711260,
Sweden,2021-09-05,"Moderna, Oxford/AstraZeneca, Pfizer/BioNTech",https://fohm.se/smittskydd-beredskap/utbrott/aktuella-utbrott/covid-19/statistik-och-analyser/statistik-over-registrerade-vaccinationer-covid-19/,13039247,6909922,6009899,
Sweden,2021-09-12,"Moderna, Oxford/AstraZeneca, Pfizer/BioNTech",https://fohm.se/smittskydd-beredskap/utbrott/aktuella-utbrott/covid-19/statistik-och-analyser/statistik-over-registrerade-vaccinationer-covid-19/,13323342,6975467,6227539,
Sweden,2021-09-19,"Moderna, Oxford/AstraZeneca, Pfizer/BioNTech",https://fohm.se/smittskydd-beredskap/utbrott/aktuella-utbrott/covid-19/statistik-och-analyser/statistik-over-registrerade-vaccinationer-covid-19/,13559202,7031950,6403908,
Sweden,2021-09-26,"Moderna, Oxford/AstraZeneca, Pfizer/BioNTech",https://fohm.se/smittskydd-beredskap/utbrott/aktuella-utbrott/covid-19/statistik-och-analyser/statistik-over-registrerade-vaccinationer-covid-19/,13739717,7076551,6535027,
Sweden,2021-10-03,"Moderna, Oxford/AstraZeneca, Pfizer/BioNTech",https://fohm.se/smittskydd-beredskap/utbrott/aktuella-utbrott/covid-19/statistik-och-analyser/statistik-over-registrerade-vaccinationer-covid-19/,13891877,7110695,6644006,
Sweden,2021-10-10,"Moderna, Oxford/AstraZeneca, Pfizer/BioNTech",https://fohm.se/smittskydd-beredskap/utbrott/aktuella-utbrott/covid-19/statistik-och-analyser/statistik-over-registrerade-vaccinationer-covid-19/,14033804,7144171,6720098,
Sweden,2021-10-17,"Moderna, Oxford/AstraZeneca, Pfizer/BioNTech",https://fohm.se/smittskydd-beredskap/utbrott/aktuella-utbrott/covid-19/statistik-och-analyser/statistik-over-registrerade-vaccinationer-covid-19/,14236068,7221169,6780735,
Sweden,2021-10-24,"Moderna, Oxford/AstraZeneca, Pfizer/BioNTech",https://fohm.se/smittskydd-beredskap/utbrott/aktuella-utbrott/covid-19/statistik-och-analyser/statistik-over-registrerade-vaccinationer-covid-19/,14434954,7302770,6828698,
Sweden,2021-10-31,"Moderna, Oxford/AstraZeneca, Pfizer/BioNTech",https://fohm.se/smittskydd-beredskap/utbrott/aktuella-utbrott/covid-19/statistik-och-analyser/statistik-over-registrerade-vaccinationer-covid-19/,14636415,7370564,6876511,
Sweden,2021-11-07,"Moderna, Oxford/AstraZeneca, Pfizer/BioNTech",https://fohm.se/smittskydd-beredskap/utbrott/aktuella-utbrott/covid-19/statistik-och-analyser/statistik-over-registrerade-vaccinationer-covid-19/,14766134,7389022,6907863,
Sweden,2021-11-14,"Moderna, Oxford/AstraZeneca, Pfizer/BioNTech",https://fohm.se/smittskydd-beredskap/utbrott/aktuella-utbrott/covid-19/statistik-och-analyser/statistik-over-registrerade-vaccinationer-covid-19/,15078939,7431426,6962455,
Sweden,2021-11-21,"Moderna, Oxford/AstraZeneca, Pfizer/BioNTech",https://fohm.se/smittskydd-beredskap/utbrott/aktuella-utbrott/covid-19/statistik-och-analyser/statistik-over-registrerade-vaccinationer-covid-19/,15482259,7474515,7027316,
Sweden,2021-11-28,"Moderna, Oxford/AstraZeneca, Pfizer/BioNTech",https://fohm.se/smittskydd-beredskap/utbrott/aktuella-utbrott/covid-19/statistik-och-analyser/statistik-over-registrerade-vaccinationer-covid-19/,15908718,7519871,7104167,
Sweden,2021-12-05,"Moderna, Oxford/AstraZeneca, Pfizer/BioNTech",https://fohm.se/smittskydd-beredskap/utbrott/aktuella-utbrott/covid-19/statistik-och-analyser/statistik-over-registrerade-vaccinationer-covid-19/,16341383,7565906,7175180,
Sweden,2021-12-12,"Moderna, Oxford/AstraZeneca, Pfizer/BioNTech",https://fohm.se/smittskydd-beredskap/utbrott/aktuella-utbrott/covid-19/statistik-och-analyser/statistik-over-registrerade-vaccinationer-covid-19/,16808459,7613158,7246008,
Sweden,2021-12-19,"Moderna, Oxford/AstraZeneca, Pfizer/BioNTech",https://fohm.se/smittskydd-beredskap/utbrott/aktuella-utbrott/covid-19/statistik-och-analyser/statistik-over-registrerade-vaccinationer-covid-19/,17344327,7656040,7309186,
Sweden,2021-12-26,"Moderna, Oxford/AstraZeneca, Pfizer/BioNTech",https://fohm.se/smittskydd-beredskap/utbrott/aktuella-utbrott/covid-19/statistik-och-analyser/statistik-over-registrerade-vaccinationer-covid-19/,17573202,7673509,7335357,
Sweden,2022-01-02,"Moderna, Oxford/AstraZeneca, Pfizer/BioNTech",https://fohm.se/smittskydd-beredskap/utbrott/aktuella-utbrott/covid-19/statistik-och-analyser/statistik-over-registrerade-vaccinationer-covid-19/,17724036,7685399,7352708,
Sweden,2022-01-09,"Moderna, Oxford/AstraZeneca, Pfizer/BioNTech",https://fohm.se/smittskydd-beredskap/utbrott/aktuella-utbrott/covid-19/statistik-och-analyser/statistik-over-registrerade-vaccinationer-covid-19/,17958987,7701021,7379655,
Sweden,2022-01-16,"Moderna, Oxford/AstraZeneca, Pfizer/BioNTech",https://fohm.se/smittskydd-beredskap/utbrott/aktuella-utbrott/covid-19/statistik-och-analyser/statistik-over-registrerade-vaccinationer-covid-19/,18430541,7726161,7432978,
Sweden,2022-01-23,"Moderna, Oxford/AstraZeneca, Pfizer/BioNTech",https://fohm.se/smittskydd-beredskap/utbrott/aktuella-utbrott/covid-19/statistik-och-analyser/statistik-over-registrerade-vaccinationer-covid-19/,18976199,7748438,7476510,
Sweden,2022-01-30,"Moderna, Oxford/AstraZeneca, Pfizer/BioNTech",https://fohm.se/smittskydd-beredskap/utbrott/aktuella-utbrott/covid-19/statistik-och-analyser/statistik-over-registrerade-vaccinationer-covid-19/,19442493,7762802,7503126,
Sweden,2022-02-06,"Moderna, Oxford/AstraZeneca, Pfizer/BioNTech",https://fohm.se/smittskydd-beredskap/utbrott/aktuella-utbrott/covid-19/statistik-och-analyser/statistik-over-registrerade-vaccinationer-covid-19/,19831420,7772523,7524099,
Sweden,2022-02-13,"Moderna, Oxford/AstraZeneca, Pfizer/BioNTech",https://fohm.se/smittskydd-beredskap/utbrott/aktuella-utbrott/covid-19/statistik-och-analyser/statistik-over-registrerade-vaccinationer-covid-19/,20126543,7780162,7545026,
Sweden,2022-02-17,"Moderna, Oxford/AstraZeneca, Pfizer/BioNTech",https://fohm.se/smittskydd-beredskap/utbrott/aktuella-utbrott/covid-19/statistik-och-analyser/statistik-over-registrerade-vaccinationer-covid-19/,20220099,7797458,7562165,4724809
Sweden,2022-02-18,"Moderna, Oxford/AstraZeneca, Pfizer/BioNTech",https://fohm.se/smittskydd-beredskap/utbrott/aktuella-utbrott/covid-19/statistik-och-analyser/statistik-over-registrerade-vaccinationer-covid-19/,20269583,7798800,7566261,4768427
Sweden,2022-02-22,"Moderna, Oxford/AstraZeneca, Pfizer/BioNTech",https://fohm.se/smittskydd-beredskap/utbrott/aktuella-utbrott/covid-19/statistik-och-analyser/statistik-over-registrerade-vaccinationer-covid-19/,20350561,7801398,7574097,4838182
Sweden,2022-02-24,"Moderna, Oxford/AstraZeneca, Pfizer/BioNTech",https://fohm.se/smittskydd-beredskap/utbrott/aktuella-utbrott/covid-19/statistik-och-analyser/statistik-over-registrerade-vaccinationer-covid-19/,20399153,7803088,7579223,4879284
Sweden,2022-02-25,"Moderna, Oxford/AstraZeneca, Pfizer/BioNTech",https://fohm.se/smittskydd-beredskap/utbrott/aktuella-utbrott/covid-19/statistik-och-analyser/statistik-over-registrerade-vaccinationer-covid-19/,20429623,7804146,7582633,4904779
