location,date,vaccine,source_url,total_vaccinations,people_vaccinated,people_fully_vaccinated,total_boosters
Tajikistan,2021-05-07,Oxford/AstraZeneca,http://moh.tj/?p=28162,69229,69229,0,
Tajikistan,2021-05-09,Oxford/AstraZeneca,https://covid19.who.int/,70517,70517,0,
Tajikistan,2021-05-16,Oxford/AstraZeneca,https://covid19.who.int/,72347,72347,0,
Tajikistan,2021-05-23,Oxford/AstraZeneca,https://covid19.who.int/,74403,74403,0,
Tajikistan,2021-05-30,Oxford/AstraZeneca,https://covid19.who.int/,91775,79376,12399,
Tajikistan,2021-06-06,Oxford/AstraZeneca,https://covid19.who.int/,97290,83743,13547,
Tajikistan,2021-06-13,Oxford/AstraZeneca,https://covid19.who.int/,102711,89121,13590,
Tajikistan,2021-06-20,Oxford/AstraZeneca,https://covid19.who.int/,132075,116341,15734,
Tajikistan,2021-06-27,"Oxford/AstraZeneca, Sinovac",https://covid19.who.int/,223648,205619,18029,
Tajikistan,2021-07-02,"Oxford/AstraZeneca, Sinovac",http://moh.tj/?p=29338,298578,280000,18578,
Tajikistan,2021-07-04,"Oxford/AstraZeneca, Sinovac",https://covid19.who.int/,322907,304039,18868,
Tajikistan,2021-07-06,"Oxford/AstraZeneca, Sinovac",http://moh.tj/?p=29379,347405,328405,19000,
Tajikistan,2021-07-07,"Oxford/AstraZeneca, Sinovac",http://moh.tj/?p=29405,358885,339749,19136,
Tajikistan,2021-07-09,"Oxford/AstraZeneca, Sinovac",http://moh.tj/?p=29462,380940,361000,19940,
Tajikistan,2021-07-11,"Oxford/AstraZeneca, Sinovac",https://covid19.who.int/,397694,377744,19950,
Tajikistan,2021-07-16,"Oxford/AstraZeneca, Sinovac",http://moh.tj/?p=29592,442022,421832,20190,
Tajikistan,2021-07-18,"Oxford/AstraZeneca, Sinovac",https://www.euro.who.int/en/covid19dashboard,452362,431058,21034,
Tajikistan,2021-07-21,"Oxford/AstraZeneca, Sinovac",http://moh.tj/?p=29665,469356,447114,22242,
Tajikistan,2021-07-25,"Oxford/AstraZeneca, Sinovac",https://covid19.who.int/,492066,462542,29524,
Tajikistan,2021-07-28,"Moderna, Oxford/AstraZeneca, Sinovac",http://moh.tj/?p=29770,564922,524472,40450,
Tajikistan,2021-08-01,"Moderna, Oxford/AstraZeneca, Sinovac",https://covid19.who.int/,806815,750514,56301,
Tajikistan,2021-08-04,"Moderna, Oxford/AstraZeneca, Sinovac",http://moh.tj/?p=29875,1094058,1013808,80250,
Tajikistan,2021-08-11,"Moderna, Oxford/AstraZeneca, Sinovac",http://moh.tj/?p=29960,1671475,1541475,130000,
Tajikistan,2021-08-15,"Moderna, Oxford/AstraZeneca, Sinovac",https://who.maps.arcgis.com/apps/dashboards/ead3c6475654481ca51c248d52ab9c61,1830528,1699552,130976,
Tajikistan,2021-08-17,"Moderna, Oxford/AstraZeneca, Sinovac",http://moh.tj/?p=30111,1967958,1755958,212000,
Tajikistan,2021-08-23,"Moderna, Oxford/AstraZeneca, Sinovac",http://moh.tj/?p=30169,2255745,1891850,363895,
Tajikistan,2021-08-31,"Moderna, Oxford/AstraZeneca, Sinovac",http://moh.tj/?p=30240,2808056,2009748,798308,
Tajikistan,2021-09-05,"Moderna, Oxford/AstraZeneca, Sinovac",https://who.maps.arcgis.com/apps/dashboards/ead3c6475654481ca51c248d52ab9c61,3061270,2080138,981132,
Tajikistan,2021-09-06,"Moderna, Oxford/AstraZeneca, Sinovac",http://moh.tj/?p=30322,3174535,2097435,1077100,
Tajikistan,2021-09-13,"Moderna, Oxford/AstraZeneca, Sinovac",http://moh.tj/?p=30406,3446777,2168537,1278240,
Tajikistan,2021-09-17,"Moderna, Oxford/AstraZeneca, Sinovac",http://moh.tj/?p=30450,3749109,2268602,1480507,
Tajikistan,2021-09-20,"Moderna, Oxford/AstraZeneca, Sinovac",http://moh.tj/?p=30502,3872421,2307140,1565281,
Tajikistan,2021-09-27,"Moderna, Oxford/AstraZeneca, Sinovac",http://moh.tj/?p=30565,4139385,2398703,1740682,
Tajikistan,2021-10-03,"Moderna, Oxford/AstraZeneca, Sinovac",http://moh.tj/?p=30697,4362853,2464077,1898776,
Tajikistan,2021-10-10,"Moderna, Oxford/AstraZeneca, Sinovac",http://moh.tj/?p=30827,4525937,2513950,2011987,
Tajikistan,2021-10-17,"Moderna, Oxford/AstraZeneca, Pfizer/BioNTech, Sinovac, Sputnik V",https://covid19.who.int/,4631515,2592147,2039368,
Tajikistan,2021-10-20,"Moderna, Oxford/AstraZeneca, Pfizer/BioNTech, Sinovac, Sputnik V",http://moh.tj/?p=30996,4738865,2632058,2106807,
Tajikistan,2021-10-27,"Moderna, Oxford/AstraZeneca, Pfizer/BioNTech, Sinovac, Sputnik V",http://moh.tj/?p=31143,4819257,2678569,,
Tajikistan,2021-11-07,"Moderna, Oxford/AstraZeneca, Pfizer/BioNTech, Sinovac, Sputnik V",https://covid19.who.int/,4852034,2714911,2137123,
Tajikistan,2021-11-14,"Moderna, Oxford/AstraZeneca, Pfizer/BioNTech, Sinovac, Sputnik V",https://covid19.who.int/,5059324,2788171,2271153,
Tajikistan,2021-11-21,"Moderna, Oxford/AstraZeneca, Pfizer/BioNTech, Sinovac, Sputnik V",https://covid19.who.int/,5291837,2880326,2411511,
Tajikistan,2021-11-28,"Moderna, Oxford/AstraZeneca, Pfizer/BioNTech, Sinovac, Sputnik V",https://covid19.who.int/,5579193,3024020,2555173,
Tajikistan,2021-12-05,"Moderna, Oxford/AstraZeneca, Pfizer/BioNTech, Sinovac, Sputnik V",https://covid19.who.int/,5711036,3118206,2592830,
Tajikistan,2021-12-19,"Moderna, Oxford/AstraZeneca, Pfizer/BioNTech, Sinovac, Sputnik V",https://covid19.who.int/,6287345,3520397,2766948,
Tajikistan,2021-12-26,"Moderna, Oxford/AstraZeneca, Pfizer/BioNTech, Sinovac, Sputnik V",https://covid19.who.int/,6605225,3709690,2895535,
Tajikistan,2022-01-02,"Moderna, Oxford/AstraZeneca, Pfizer/BioNTech, Sinovac, Sputnik V",https://worldhealthorg.shinyapps.io/EURO_COVID-19_vaccine_monitor/,6893099,3844805,3048294,
Tajikistan,2022-01-16,"Moderna, Oxford/AstraZeneca, Pfizer/BioNTech, Sinovac, Sputnik V",https://worldhealthorg.shinyapps.io/EURO_COVID-19_vaccine_monitor/,7804380,,3399653,2386
Tajikistan,2022-01-23,"Moderna, Oxford/AstraZeneca, Pfizer/BioNTech, Sinovac, Sputnik V",https://covid19.who.int/,7978262,4372260,3601882,
Tajikistan,2022-01-30,"Moderna, Oxford/AstraZeneca, Pfizer/BioNTech, Sinovac, Sputnik V",https://covid19.who.int/,8305260,4522962,3759499,
Tajikistan,2022-02-06,"Moderna, Oxford/AstraZeneca, Pfizer/BioNTech, Sinovac, Sputnik V",https://covid19.who.int/,8600703,4659726,3871743,
Tajikistan,2022-02-20,"Moderna, Oxford/AstraZeneca, Pfizer/BioNTech, Sinovac, Sputnik V",https://covid19.who.int/,9279471,4916961,4107682,
