location,date,vaccine,source_url,total_vaccinations,people_vaccinated,people_fully_vaccinated,total_boosters
United States,2020-12-13,Pfizer/BioNTech,https://data.cdc.gov/Vaccinations/COVID-19-Vaccination-Trends-in-the-United-States-N/rh2h-3yt2,28582,23870,5469,0
United States,2020-12-14,Pfizer/BioNTech,https://data.cdc.gov/Vaccinations/COVID-19-Vaccination-Trends-in-the-United-States-N/rh2h-3yt2,33126,28257,5586,0
United States,2020-12-15,Pfizer/BioNTech,https://data.cdc.gov/Vaccinations/COVID-19-Vaccination-Trends-in-the-United-States-N/rh2h-3yt2,82777,75582,5845,0
United States,2020-12-16,Pfizer/BioNTech,https://data.cdc.gov/Vaccinations/COVID-19-Vaccination-Trends-in-the-United-States-N/rh2h-3yt2,242477,229894,6308,0
United States,2020-12-17,Pfizer/BioNTech,https://data.cdc.gov/Vaccinations/COVID-19-Vaccination-Trends-in-the-United-States-N/rh2h-3yt2,514798,495119,7040,0
United States,2020-12-18,Pfizer/BioNTech,https://data.cdc.gov/Vaccinations/COVID-19-Vaccination-Trends-in-the-United-States-N/rh2h-3yt2,930741,902533,8230,0
United States,2020-12-19,Pfizer/BioNTech,https://data.cdc.gov/Vaccinations/COVID-19-Vaccination-Trends-in-the-United-States-N/rh2h-3yt2,1112444,1080327,9270,0
United States,2020-12-20,Pfizer/BioNTech,https://data.cdc.gov/Vaccinations/COVID-19-Vaccination-Trends-in-the-United-States-N/rh2h-3yt2,1217539,1183518,9960,0
United States,2020-12-21,Pfizer/BioNTech,https://data.cdc.gov/Vaccinations/COVID-19-Vaccination-Trends-in-the-United-States-N/rh2h-3yt2,1599038,1558528,11431,0
United States,2020-12-22,Pfizer/BioNTech,https://data.cdc.gov/Vaccinations/COVID-19-Vaccination-Trends-in-the-United-States-N/rh2h-3yt2,2046307,1997354,14277,0
United States,2020-12-23,"Moderna, Pfizer/BioNTech",https://data.cdc.gov/Vaccinations/COVID-19-Vaccination-Trends-in-the-United-States-N/rh2h-3yt2,2620895,2559527,17168,0
United States,2020-12-24,"Moderna, Pfizer/BioNTech",https://data.cdc.gov/Vaccinations/COVID-19-Vaccination-Trends-in-the-United-States-N/rh2h-3yt2,2816664,2750289,18257,0
United States,2020-12-25,"Moderna, Pfizer/BioNTech",https://data.cdc.gov/Vaccinations/COVID-19-Vaccination-Trends-in-the-United-States-N/rh2h-3yt2,2829304,2762777,18358,0
United States,2020-12-26,"Moderna, Pfizer/BioNTech",https://data.cdc.gov/Vaccinations/COVID-19-Vaccination-Trends-in-the-United-States-N/rh2h-3yt2,2971128,2900670,19316,0
United States,2020-12-27,"Moderna, Pfizer/BioNTech",https://data.cdc.gov/Vaccinations/COVID-19-Vaccination-Trends-in-the-United-States-N/rh2h-3yt2,3067756,2994037,20031,0
United States,2020-12-28,"Moderna, Pfizer/BioNTech",https://data.cdc.gov/Vaccinations/COVID-19-Vaccination-Trends-in-the-United-States-N/rh2h-3yt2,3658173,3570142,24112,0
United States,2020-12-29,"Moderna, Pfizer/BioNTech",https://data.cdc.gov/Vaccinations/COVID-19-Vaccination-Trends-in-the-United-States-N/rh2h-3yt2,4379426,4272473,29291,0
United States,2020-12-30,"Moderna, Pfizer/BioNTech",https://data.cdc.gov/Vaccinations/COVID-19-Vaccination-Trends-in-the-United-States-N/rh2h-3yt2,5221842,5095184,36980,0
United States,2020-12-31,"Moderna, Pfizer/BioNTech",https://data.cdc.gov/Vaccinations/COVID-19-Vaccination-Trends-in-the-United-States-N/rh2h-3yt2,5641529,5505089,40074,0
United States,2021-01-01,"Moderna, Pfizer/BioNTech",https://data.cdc.gov/Vaccinations/COVID-19-Vaccination-Trends-in-the-United-States-N/rh2h-3yt2,5740753,5595324,46602,0
United States,2021-01-02,"Moderna, Pfizer/BioNTech",https://data.cdc.gov/Vaccinations/COVID-19-Vaccination-Trends-in-the-United-States-N/rh2h-3yt2,6004803,5850578,49418,0
United States,2021-01-03,"Moderna, Pfizer/BioNTech",https://data.cdc.gov/Vaccinations/COVID-19-Vaccination-Trends-in-the-United-States-N/rh2h-3yt2,6143406,5982225,51845,0
United States,2021-01-04,"Moderna, Pfizer/BioNTech",https://data.cdc.gov/Vaccinations/COVID-19-Vaccination-Trends-in-the-United-States-N/rh2h-3yt2,6799927,6579673,97478,0
United States,2021-01-05,"Moderna, Pfizer/BioNTech",https://data.cdc.gov/Vaccinations/COVID-19-Vaccination-Trends-in-the-United-States-N/rh2h-3yt2,7630422,7308439,185695,0
United States,2021-01-06,"Moderna, Pfizer/BioNTech",https://data.cdc.gov/Vaccinations/COVID-19-Vaccination-Trends-in-the-United-States-N/rh2h-3yt2,8650592,8138476,357621,0
United States,2021-01-07,"Moderna, Pfizer/BioNTech",https://data.cdc.gov/Vaccinations/COVID-19-Vaccination-Trends-in-the-United-States-N/rh2h-3yt2,9819611,9004205,637797,0
United States,2021-01-08,"Moderna, Pfizer/BioNTech",https://data.cdc.gov/Vaccinations/COVID-19-Vaccination-Trends-in-the-United-States-N/rh2h-3yt2,11054974,9851066,1000383,0
United States,2021-01-09,"Moderna, Pfizer/BioNTech",https://data.cdc.gov/Vaccinations/COVID-19-Vaccination-Trends-in-the-United-States-N/rh2h-3yt2,11563519,10221270,1128672,0
United States,2021-01-10,"Moderna, Pfizer/BioNTech",https://data.cdc.gov/Vaccinations/COVID-19-Vaccination-Trends-in-the-United-States-N/rh2h-3yt2,11814377,10397466,1198075,0
United States,2021-01-11,"Moderna, Pfizer/BioNTech",https://data.cdc.gov/Vaccinations/COVID-19-Vaccination-Trends-in-the-United-States-N/rh2h-3yt2,12884057,11120522,1520111,0
United States,2021-01-12,"Moderna, Pfizer/BioNTech",https://data.cdc.gov/Vaccinations/COVID-19-Vaccination-Trends-in-the-United-States-N/rh2h-3yt2,14141342,12036601,1834032,0
United States,2021-01-13,"Moderna, Pfizer/BioNTech",https://data.cdc.gov/Vaccinations/COVID-19-Vaccination-Trends-in-the-United-States-N/rh2h-3yt2,15463819,13065275,2103997,0
United States,2021-01-14,"Moderna, Pfizer/BioNTech",https://data.cdc.gov/Vaccinations/COVID-19-Vaccination-Trends-in-the-United-States-N/rh2h-3yt2,16778981,14221174,2239444,0
United States,2021-01-15,"Moderna, Pfizer/BioNTech",https://data.cdc.gov/Vaccinations/COVID-19-Vaccination-Trends-in-the-United-States-N/rh2h-3yt2,18034518,15336795,2359722,0
United States,2021-01-16,"Moderna, Pfizer/BioNTech",https://data.cdc.gov/Vaccinations/COVID-19-Vaccination-Trends-in-the-United-States-N/rh2h-3yt2,18683163,15902458,2431499,0
United States,2021-01-17,"Moderna, Pfizer/BioNTech",https://data.cdc.gov/Vaccinations/COVID-19-Vaccination-Trends-in-the-United-States-N/rh2h-3yt2,18987853,16157810,2473495,0
United States,2021-01-18,"Moderna, Pfizer/BioNTech",https://data.cdc.gov/Vaccinations/COVID-19-Vaccination-Trends-in-the-United-States-N/rh2h-3yt2,19871599,16795588,2699674,0
United States,2021-01-19,"Moderna, Pfizer/BioNTech",https://data.cdc.gov/Vaccinations/COVID-19-Vaccination-Trends-in-the-United-States-N/rh2h-3yt2,21216567,17759971,3053648,0
United States,2021-01-20,"Moderna, Pfizer/BioNTech",https://data.cdc.gov/Vaccinations/COVID-19-Vaccination-Trends-in-the-United-States-N/rh2h-3yt2,22817325,18912703,3471749,0
United States,2021-01-21,"Moderna, Pfizer/BioNTech",https://data.cdc.gov/Vaccinations/COVID-19-Vaccination-Trends-in-the-United-States-N/rh2h-3yt2,24446336,20241247,3744820,0
United States,2021-01-22,"Moderna, Pfizer/BioNTech",https://data.cdc.gov/Vaccinations/COVID-19-Vaccination-Trends-in-the-United-States-N/rh2h-3yt2,26072423,21632733,3953300,0
United States,2021-01-23,"Moderna, Pfizer/BioNTech",https://data.cdc.gov/Vaccinations/COVID-19-Vaccination-Trends-in-the-United-States-N/rh2h-3yt2,26978637,22374936,4102782,0
United States,2021-01-24,"Moderna, Pfizer/BioNTech",https://data.cdc.gov/Vaccinations/COVID-19-Vaccination-Trends-in-the-United-States-N/rh2h-3yt2,27373228,22674282,4190232,0
United States,2021-01-25,"Moderna, Pfizer/BioNTech",https://data.cdc.gov/Vaccinations/COVID-19-Vaccination-Trends-in-the-United-States-N/rh2h-3yt2,28744859,23533324,4675817,0
United States,2021-01-26,"Moderna, Pfizer/BioNTech",https://data.cdc.gov/Vaccinations/COVID-19-Vaccination-Trends-in-the-United-States-N/rh2h-3yt2,30404773,24584906,5253427,0
United States,2021-01-27,"Moderna, Pfizer/BioNTech",https://data.cdc.gov/Vaccinations/COVID-19-Vaccination-Trends-in-the-United-States-N/rh2h-3yt2,32334225,25833714,5896642,0
United States,2021-01-28,"Moderna, Pfizer/BioNTech",https://data.cdc.gov/Vaccinations/COVID-19-Vaccination-Trends-in-the-United-States-N/rh2h-3yt2,34293641,27201916,6449390,0
United States,2021-01-29,"Moderna, Pfizer/BioNTech",https://data.cdc.gov/Vaccinations/COVID-19-Vaccination-Trends-in-the-United-States-N/rh2h-3yt2,36205829,28572893,6941154,0
United States,2021-01-30,"Moderna, Pfizer/BioNTech",https://data.cdc.gov/Vaccinations/COVID-19-Vaccination-Trends-in-the-United-States-N/rh2h-3yt2,37222962,29330396,7182375,0
United States,2021-01-31,"Moderna, Pfizer/BioNTech",https://data.cdc.gov/Vaccinations/COVID-19-Vaccination-Trends-in-the-United-States-N/rh2h-3yt2,37681304,29651432,7308325,0
United States,2021-02-01,"Moderna, Pfizer/BioNTech",https://data.cdc.gov/Vaccinations/COVID-19-Vaccination-Trends-in-the-United-States-N/rh2h-3yt2,39060864,30418373,7876437,0
United States,2021-02-02,"Moderna, Pfizer/BioNTech",https://data.cdc.gov/Vaccinations/COVID-19-Vaccination-Trends-in-the-United-States-N/rh2h-3yt2,40754726,31379446,8570500,0
United States,2021-02-03,"Moderna, Pfizer/BioNTech",https://data.cdc.gov/Vaccinations/COVID-19-Vaccination-Trends-in-the-United-States-N/rh2h-3yt2,42890317,32637302,9399140,0
United States,2021-02-04,"Moderna, Pfizer/BioNTech",https://data.cdc.gov/Vaccinations/COVID-19-Vaccination-Trends-in-the-United-States-N/rh2h-3yt2,45233579,34024052,10306806,0
United States,2021-02-05,"Moderna, Pfizer/BioNTech",https://data.cdc.gov/Vaccinations/COVID-19-Vaccination-Trends-in-the-United-States-N/rh2h-3yt2,47586164,35377154,11261032,0
United States,2021-02-06,"Moderna, Pfizer/BioNTech",https://data.cdc.gov/Vaccinations/COVID-19-Vaccination-Trends-in-the-United-States-N/rh2h-3yt2,48884795,36227667,11680614,0
United States,2021-02-07,"Moderna, Pfizer/BioNTech",https://data.cdc.gov/Vaccinations/COVID-19-Vaccination-Trends-in-the-United-States-N/rh2h-3yt2,49328330,36504070,11836366,0
United States,2021-02-08,"Moderna, Pfizer/BioNTech",https://data.cdc.gov/Vaccinations/COVID-19-Vaccination-Trends-in-the-United-States-N/rh2h-3yt2,50904975,37339629,12537731,0
United States,2021-02-09,"Moderna, Pfizer/BioNTech",https://data.cdc.gov/Vaccinations/COVID-19-Vaccination-Trends-in-the-United-States-N/rh2h-3yt2,52876674,38375514,13426670,0
United States,2021-02-10,"Moderna, Pfizer/BioNTech",https://data.cdc.gov/Vaccinations/COVID-19-Vaccination-Trends-in-the-United-States-N/rh2h-3yt2,55178032,39602639,14456000,0
United States,2021-02-11,"Moderna, Pfizer/BioNTech",https://data.cdc.gov/Vaccinations/COVID-19-Vaccination-Trends-in-the-United-States-N/rh2h-3yt2,57581445,40877477,15539814,0
United States,2021-02-12,"Moderna, Pfizer/BioNTech",https://data.cdc.gov/Vaccinations/COVID-19-Vaccination-Trends-in-the-United-States-N/rh2h-3yt2,60163405,42254411,16693126,0
United States,2021-02-13,"Moderna, Pfizer/BioNTech",https://data.cdc.gov/Vaccinations/COVID-19-Vaccination-Trends-in-the-United-States-N/rh2h-3yt2,61635134,43122145,17262271,0
United States,2021-02-14,"Moderna, Pfizer/BioNTech",https://data.cdc.gov/Vaccinations/COVID-19-Vaccination-Trends-in-the-United-States-N/rh2h-3yt2,62226462,43467982,17490497,0
United States,2021-02-15,"Moderna, Pfizer/BioNTech",https://data.cdc.gov/Vaccinations/COVID-19-Vaccination-Trends-in-the-United-States-N/rh2h-3yt2,63402984,44077096,18024105,0
United States,2021-02-16,"Moderna, Pfizer/BioNTech",https://data.cdc.gov/Vaccinations/COVID-19-Vaccination-Trends-in-the-United-States-N/rh2h-3yt2,65022544,44873006,18807525,0
United States,2021-02-17,"Moderna, Pfizer/BioNTech",https://data.cdc.gov/Vaccinations/COVID-19-Vaccination-Trends-in-the-United-States-N/rh2h-3yt2,66985509,45805379,19793903,0
United States,2021-02-18,"Moderna, Pfizer/BioNTech",https://data.cdc.gov/Vaccinations/COVID-19-Vaccination-Trends-in-the-United-States-N/rh2h-3yt2,68840550,46638287,20764136,0
United States,2021-02-19,"Moderna, Pfizer/BioNTech",https://data.cdc.gov/Vaccinations/COVID-19-Vaccination-Trends-in-the-United-States-N/rh2h-3yt2,70805821,47461415,21854883,0
United States,2021-02-20,"Moderna, Pfizer/BioNTech",https://data.cdc.gov/Vaccinations/COVID-19-Vaccination-Trends-in-the-United-States-N/rh2h-3yt2,72110269,48057877,22531940,0
United States,2021-02-21,"Moderna, Pfizer/BioNTech",https://data.cdc.gov/Vaccinations/COVID-19-Vaccination-Trends-in-the-United-States-N/rh2h-3yt2,72704661,48311968,22853132,0
United States,2021-02-22,"Moderna, Pfizer/BioNTech",https://data.cdc.gov/Vaccinations/COVID-19-Vaccination-Trends-in-the-United-States-N/rh2h-3yt2,74164550,48928395,23651432,0
United States,2021-02-23,"Moderna, Pfizer/BioNTech",https://data.cdc.gov/Vaccinations/COVID-19-Vaccination-Trends-in-the-United-States-N/rh2h-3yt2,76099487,49793865,24672269,0
United States,2021-02-24,"Moderna, Pfizer/BioNTech",https://data.cdc.gov/Vaccinations/COVID-19-Vaccination-Trends-in-the-United-States-N/rh2h-3yt2,78623527,51037676,25899887,0
United States,2021-02-25,"Moderna, Pfizer/BioNTech",https://data.cdc.gov/Vaccinations/COVID-19-Vaccination-Trends-in-the-United-States-N/rh2h-3yt2,81558358,52573445,27234064,0
United States,2021-02-26,"Moderna, Pfizer/BioNTech",https://data.cdc.gov/Vaccinations/COVID-19-Vaccination-Trends-in-the-United-States-N/rh2h-3yt2,84669238,54244991,28608110,0
United States,2021-02-27,"Moderna, Pfizer/BioNTech",https://data.cdc.gov/Vaccinations/COVID-19-Vaccination-Trends-in-the-United-States-N/rh2h-3yt2,86662215,55384844,29422029,0
United States,2021-02-28,"Moderna, Pfizer/BioNTech",https://data.cdc.gov/Vaccinations/COVID-19-Vaccination-Trends-in-the-United-States-N/rh2h-3yt2,87516257,55918988,29715898,0
United States,2021-03-01,"Moderna, Pfizer/BioNTech",https://data.cdc.gov/Vaccinations/COVID-19-Vaccination-Trends-in-the-United-States-N/rh2h-3yt2,89559148,57112918,30505208,0
United States,2021-03-02,"Moderna, Pfizer/BioNTech",https://data.cdc.gov/Vaccinations/COVID-19-Vaccination-Trends-in-the-United-States-N/rh2h-3yt2,92019525,58574444,31460056,0
United States,2021-03-03,"Moderna, Pfizer/BioNTech",https://data.cdc.gov/Vaccinations/COVID-19-Vaccination-Trends-in-the-United-States-N/rh2h-3yt2,94918765,60314479,32577269,0
United States,2021-03-04,"Moderna, Pfizer/BioNTech",https://data.cdc.gov/Vaccinations/COVID-19-Vaccination-Trends-in-the-United-States-N/rh2h-3yt2,98119291,62269428,33815301,0
United States,2021-03-05,"Johnson&Johnson, Moderna, Pfizer/BioNTech",https://data.cdc.gov/Vaccinations/COVID-19-Vaccination-Trends-in-the-United-States-N/rh2h-3yt2,101345173,64271706,35114237,0
United States,2021-03-06,"Johnson&Johnson, Moderna, Pfizer/BioNTech",https://data.cdc.gov/Vaccinations/COVID-19-Vaccination-Trends-in-the-United-States-N/rh2h-3yt2,103401824,65621096,35974594,0
United States,2021-03-07,"Johnson&Johnson, Moderna, Pfizer/BioNTech",https://data.cdc.gov/Vaccinations/COVID-19-Vaccination-Trends-in-the-United-States-N/rh2h-3yt2,104325344,66297956,36316563,0
United States,2021-03-08,"Johnson&Johnson, Moderna, Pfizer/BioNTech",https://data.cdc.gov/Vaccinations/COVID-19-Vaccination-Trends-in-the-United-States-N/rh2h-3yt2,106487253,67778833,37164595,0
United States,2021-03-09,"Johnson&Johnson, Moderna, Pfizer/BioNTech",https://data.cdc.gov/Vaccinations/COVID-19-Vaccination-Trends-in-the-United-States-N/rh2h-3yt2,109191551,69586242,38241070,0
United States,2021-03-10,"Johnson&Johnson, Moderna, Pfizer/BioNTech",https://data.cdc.gov/Vaccinations/COVID-19-Vaccination-Trends-in-the-United-States-N/rh2h-3yt2,112312180,71647076,39504597,0
United States,2021-03-11,"Johnson&Johnson, Moderna, Pfizer/BioNTech",https://data.cdc.gov/Vaccinations/COVID-19-Vaccination-Trends-in-the-United-States-N/rh2h-3yt2,115747728,73921958,40898305,0
United States,2021-03-12,"Johnson&Johnson, Moderna, Pfizer/BioNTech",https://data.cdc.gov/Vaccinations/COVID-19-Vaccination-Trends-in-the-United-States-N/rh2h-3yt2,119171698,76037515,42419840,0
United States,2021-03-13,"Johnson&Johnson, Moderna, Pfizer/BioNTech",https://data.cdc.gov/Vaccinations/COVID-19-Vaccination-Trends-in-the-United-States-N/rh2h-3yt2,121359410,77421008,43434670,0
United States,2021-03-14,"Johnson&Johnson, Moderna, Pfizer/BioNTech",https://data.cdc.gov/Vaccinations/COVID-19-Vaccination-Trends-in-the-United-States-N/rh2h-3yt2,122342188,78068560,43860193,0
United States,2021-03-15,"Johnson&Johnson, Moderna, Pfizer/BioNTech",https://data.cdc.gov/Vaccinations/COVID-19-Vaccination-Trends-in-the-United-States-N/rh2h-3yt2,124621052,79564631,44725472,0
United States,2021-03-16,"Johnson&Johnson, Moderna, Pfizer/BioNTech",https://data.cdc.gov/Vaccinations/COVID-19-Vaccination-Trends-in-the-United-States-N/rh2h-3yt2,127506086,81493335,45770002,0
United States,2021-03-17,"Johnson&Johnson, Moderna, Pfizer/BioNTech",https://data.cdc.gov/Vaccinations/COVID-19-Vaccination-Trends-in-the-United-States-N/rh2h-3yt2,130671600,83619595,46895552,0
United States,2021-03-18,"Johnson&Johnson, Moderna, Pfizer/BioNTech",https://data.cdc.gov/Vaccinations/COVID-19-Vaccination-Trends-in-the-United-States-N/rh2h-3yt2,134071033,85913403,48093886,0
United States,2021-03-19,"Johnson&Johnson, Moderna, Pfizer/BioNTech",https://data.cdc.gov/Vaccinations/COVID-19-Vaccination-Trends-in-the-United-States-N/rh2h-3yt2,137406683,88125945,49311320,0
United States,2021-03-20,"Johnson&Johnson, Moderna, Pfizer/BioNTech",https://data.cdc.gov/Vaccinations/COVID-19-Vaccination-Trends-in-the-United-States-N/rh2h-3yt2,139560087,89535796,50168692,0
United States,2021-03-21,"Johnson&Johnson, Moderna, Pfizer/BioNTech",https://data.cdc.gov/Vaccinations/COVID-19-Vaccination-Trends-in-the-United-States-N/rh2h-3yt2,140578052,90218169,50538780,0
United States,2021-03-22,"Johnson&Johnson, Moderna, Pfizer/BioNTech",https://data.cdc.gov/Vaccinations/COVID-19-Vaccination-Trends-in-the-United-States-N/rh2h-3yt2,142940177,91821205,51342061,0
United States,2021-03-23,"Johnson&Johnson, Moderna, Pfizer/BioNTech",https://data.cdc.gov/Vaccinations/COVID-19-Vaccination-Trends-in-the-United-States-N/rh2h-3yt2,146002697,93802749,52489320,0
United States,2021-03-24,"Johnson&Johnson, Moderna, Pfizer/BioNTech",https://data.cdc.gov/Vaccinations/COVID-19-Vaccination-Trends-in-the-United-States-N/rh2h-3yt2,149556529,96009550,53906196,0
United States,2021-03-25,"Johnson&Johnson, Moderna, Pfizer/BioNTech",https://data.cdc.gov/Vaccinations/COVID-19-Vaccination-Trends-in-the-United-States-N/rh2h-3yt2,153389115,98274718,55547365,0
United States,2021-03-26,"Johnson&Johnson, Moderna, Pfizer/BioNTech",https://data.cdc.gov/Vaccinations/COVID-19-Vaccination-Trends-in-the-United-States-N/rh2h-3yt2,157216455,100378066,57341087,0
United States,2021-03-27,"Johnson&Johnson, Moderna, Pfizer/BioNTech",https://data.cdc.gov/Vaccinations/COVID-19-Vaccination-Trends-in-the-United-States-N/rh2h-3yt2,159685962,101747302,58501814,0
United States,2021-03-28,"Johnson&Johnson, Moderna, Pfizer/BioNTech",https://data.cdc.gov/Vaccinations/COVID-19-Vaccination-Trends-in-the-United-States-N/rh2h-3yt2,160894777,102418256,59050997,0
United States,2021-03-29,"Johnson&Johnson, Moderna, Pfizer/BioNTech",https://data.cdc.gov/Vaccinations/COVID-19-Vaccination-Trends-in-the-United-States-N/rh2h-3yt2,163730437,104025276,60320760,0
United States,2021-03-30,"Johnson&Johnson, Moderna, Pfizer/BioNTech",https://data.cdc.gov/Vaccinations/COVID-19-Vaccination-Trends-in-the-United-States-N/rh2h-3yt2,167319668,106036808,61975134,0
United States,2021-03-31,"Johnson&Johnson, Moderna, Pfizer/BioNTech",https://data.cdc.gov/Vaccinations/COVID-19-Vaccination-Trends-in-the-United-States-N/rh2h-3yt2,171487276,108447377,63908211,0
United States,2021-04-01,"Johnson&Johnson, Moderna, Pfizer/BioNTech",https://data.cdc.gov/Vaccinations/COVID-19-Vaccination-Trends-in-the-United-States-N/rh2h-3yt2,176032261,110972328,66140269,0
United States,2021-04-02,"Johnson&Johnson, Moderna, Pfizer/BioNTech",https://data.cdc.gov/Vaccinations/COVID-19-Vaccination-Trends-in-the-United-States-N/rh2h-3yt2,179684428,113028532,67949496,0
United States,2021-04-03,"Johnson&Johnson, Moderna, Pfizer/BioNTech",https://data.cdc.gov/Vaccinations/COVID-19-Vaccination-Trends-in-the-United-States-N/rh2h-3yt2,181982383,114351135,69104460,0
United States,2021-04-04,"Johnson&Johnson, Moderna, Pfizer/BioNTech",https://data.cdc.gov/Vaccinations/COVID-19-Vaccination-Trends-in-the-United-States-N/rh2h-3yt2,182744700,114788364,69474800,0
United States,2021-04-05,"Johnson&Johnson, Moderna, Pfizer/BioNTech",https://data.cdc.gov/Vaccinations/COVID-19-Vaccination-Trends-in-the-United-States-N/rh2h-3yt2,185846157,116521036,71069687,0
United States,2021-04-06,"Johnson&Johnson, Moderna, Pfizer/BioNTech",https://data.cdc.gov/Vaccinations/COVID-19-Vaccination-Trends-in-the-United-States-N/rh2h-3yt2,189820314,118807892,73140159,0
United States,2021-04-07,"Johnson&Johnson, Moderna, Pfizer/BioNTech",https://data.cdc.gov/Vaccinations/COVID-19-Vaccination-Trends-in-the-United-States-N/rh2h-3yt2,194172061,121366603,75435740,0
United States,2021-04-08,"Johnson&Johnson, Moderna, Pfizer/BioNTech",https://data.cdc.gov/Vaccinations/COVID-19-Vaccination-Trends-in-the-United-States-N/rh2h-3yt2,198666647,123930354,77940261,0
United States,2021-04-09,"Johnson&Johnson, Moderna, Pfizer/BioNTech",https://data.cdc.gov/Vaccinations/COVID-19-Vaccination-Trends-in-the-United-States-N/rh2h-3yt2,202978647,126366392,80364767,0
United States,2021-04-10,"Johnson&Johnson, Moderna, Pfizer/BioNTech",https://data.cdc.gov/Vaccinations/COVID-19-Vaccination-Trends-in-the-United-States-N/rh2h-3yt2,205859879,128088344,82014459,0
United States,2021-04-11,"Johnson&Johnson, Moderna, Pfizer/BioNTech",https://data.cdc.gov/Vaccinations/COVID-19-Vaccination-Trends-in-the-United-States-N/rh2h-3yt2,207257612,128920217,82812804,0
United States,2021-04-12,"Johnson&Johnson, Moderna, Pfizer/BioNTech",https://data.cdc.gov/Vaccinations/COVID-19-Vaccination-Trends-in-the-United-States-N/rh2h-3yt2,210267342,130548220,84529107,0
United States,2021-04-13,"Johnson&Johnson, Moderna, Pfizer/BioNTech",https://data.cdc.gov/Vaccinations/COVID-19-Vaccination-Trends-in-the-United-States-N/rh2h-3yt2,213736876,132285249,86240220,0
United States,2021-04-14,"Johnson&Johnson, Moderna, Pfizer/BioNTech",https://data.cdc.gov/Vaccinations/COVID-19-Vaccination-Trends-in-the-United-States-N/rh2h-3yt2,217418679,134010136,88159888,0
United States,2021-04-15,"Johnson&Johnson, Moderna, Pfizer/BioNTech",https://data.cdc.gov/Vaccinations/COVID-19-Vaccination-Trends-in-the-United-States-N/rh2h-3yt2,221151638,135757400,90104444,0
United States,2021-04-16,"Johnson&Johnson, Moderna, Pfizer/BioNTech",https://data.cdc.gov/Vaccinations/COVID-19-Vaccination-Trends-in-the-United-States-N/rh2h-3yt2,224741922,137386452,92027142,0
United States,2021-04-17,"Johnson&Johnson, Moderna, Pfizer/BioNTech",https://data.cdc.gov/Vaccinations/COVID-19-Vaccination-Trends-in-the-United-States-N/rh2h-3yt2,227096121,138546207,93200751,0
United States,2021-04-18,"Johnson&Johnson, Moderna, Pfizer/BioNTech",https://data.cdc.gov/Vaccinations/COVID-19-Vaccination-Trends-in-the-United-States-N/rh2h-3yt2,228225270,139083052,93781748,0
United States,2021-04-19,"Johnson&Johnson, Moderna, Pfizer/BioNTech",https://data.cdc.gov/Vaccinations/COVID-19-Vaccination-Trends-in-the-United-States-N/rh2h-3yt2,230796971,140163510,95241986,0
United States,2021-04-20,"Johnson&Johnson, Moderna, Pfizer/BioNTech",https://data.cdc.gov/Vaccinations/COVID-19-Vaccination-Trends-in-the-United-States-N/rh2h-3yt2,234015141,141518156,97071469,0
United States,2021-04-21,"Johnson&Johnson, Moderna, Pfizer/BioNTech",https://data.cdc.gov/Vaccinations/COVID-19-Vaccination-Trends-in-the-United-States-N/rh2h-3yt2,237473714,142894558,99115394,0
United States,2021-04-22,"Johnson&Johnson, Moderna, Pfizer/BioNTech",https://data.cdc.gov/Vaccinations/COVID-19-Vaccination-Trends-in-the-United-States-N/rh2h-3yt2,240953728,144288231,101165455,0
United States,2021-04-23,"Johnson&Johnson, Moderna, Pfizer/BioNTech",https://data.cdc.gov/Vaccinations/COVID-19-Vaccination-Trends-in-the-United-States-N/rh2h-3yt2,244233853,145635850,103063289,0
United States,2021-04-24,"Johnson&Johnson, Moderna, Pfizer/BioNTech",https://data.cdc.gov/Vaccinations/COVID-19-Vaccination-Trends-in-the-United-States-N/rh2h-3yt2,246433133,146636545,104245456,0
United States,2021-04-25,"Johnson&Johnson, Moderna, Pfizer/BioNTech",https://data.cdc.gov/Vaccinations/COVID-19-Vaccination-Trends-in-the-United-States-N/rh2h-3yt2,247423024,147125625,104739741,0
United States,2021-04-26,"Johnson&Johnson, Moderna, Pfizer/BioNTech",https://data.cdc.gov/Vaccinations/COVID-19-Vaccination-Trends-in-the-United-States-N/rh2h-3yt2,249801163,148055300,106168108,0
United States,2021-04-27,"Johnson&Johnson, Moderna, Pfizer/BioNTech",https://data.cdc.gov/Vaccinations/COVID-19-Vaccination-Trends-in-the-United-States-N/rh2h-3yt2,252675497,149155962,107952979,0
United States,2021-04-28,"Johnson&Johnson, Moderna, Pfizer/BioNTech",https://data.cdc.gov/Vaccinations/COVID-19-Vaccination-Trends-in-the-United-States-N/rh2h-3yt2,255743367,150295390,109913914,0
United States,2021-04-29,"Johnson&Johnson, Moderna, Pfizer/BioNTech",https://data.cdc.gov/Vaccinations/COVID-19-Vaccination-Trends-in-the-United-States-N/rh2h-3yt2,258777385,151401704,111887242,0
United States,2021-04-30,"Johnson&Johnson, Moderna, Pfizer/BioNTech",https://data.cdc.gov/Vaccinations/COVID-19-Vaccination-Trends-in-the-United-States-N/rh2h-3yt2,261673201,152504954,113729841,0
United States,2021-05-01,"Johnson&Johnson, Moderna, Pfizer/BioNTech",https://data.cdc.gov/Vaccinations/COVID-19-Vaccination-Trends-in-the-United-States-N/rh2h-3yt2,263508878,153207357,114890055,0
United States,2021-05-02,"Johnson&Johnson, Moderna, Pfizer/BioNTech",https://data.cdc.gov/Vaccinations/COVID-19-Vaccination-Trends-in-the-United-States-N/rh2h-3yt2,264384860,153531604,115473346,0
United States,2021-05-03,"Johnson&Johnson, Moderna, Pfizer/BioNTech",https://data.cdc.gov/Vaccinations/COVID-19-Vaccination-Trends-in-the-United-States-N/rh2h-3yt2,266341268,154166332,116868964,0
United States,2021-05-04,"Johnson&Johnson, Moderna, Pfizer/BioNTech",https://data.cdc.gov/Vaccinations/COVID-19-Vaccination-Trends-in-the-United-States-N/rh2h-3yt2,268837396,154978511,118620001,0
United States,2021-05-05,"Johnson&Johnson, Moderna, Pfizer/BioNTech",https://data.cdc.gov/Vaccinations/COVID-19-Vaccination-Trends-in-the-United-States-N/rh2h-3yt2,271376800,155789748,120419800,0
United States,2021-05-06,"Johnson&Johnson, Moderna, Pfizer/BioNTech",https://data.cdc.gov/Vaccinations/COVID-19-Vaccination-Trends-in-the-United-States-N/rh2h-3yt2,273888534,156561830,122229520,0
United States,2021-05-07,"Johnson&Johnson, Moderna, Pfizer/BioNTech",https://data.cdc.gov/Vaccinations/COVID-19-Vaccination-Trends-in-the-United-States-N/rh2h-3yt2,276387120,157349212,124008665,0
United States,2021-05-08,"Johnson&Johnson, Moderna, Pfizer/BioNTech",https://data.cdc.gov/Vaccinations/COVID-19-Vaccination-Trends-in-the-United-States-N/rh2h-3yt2,277917398,157853625,125092304,0
United States,2021-05-09,"Johnson&Johnson, Moderna, Pfizer/BioNTech",https://data.cdc.gov/Vaccinations/COVID-19-Vaccination-Trends-in-the-United-States-N/rh2h-3yt2,278530591,158057731,125528297,0
United States,2021-05-10,"Johnson&Johnson, Moderna, Pfizer/BioNTech",https://data.cdc.gov/Vaccinations/COVID-19-Vaccination-Trends-in-the-United-States-N/rh2h-3yt2,280129829,158538058,126697511,0
United States,2021-05-11,"Johnson&Johnson, Moderna, Pfizer/BioNTech",https://data.cdc.gov/Vaccinations/COVID-19-Vaccination-Trends-in-the-United-States-N/rh2h-3yt2,282170867,159192128,128142577,0
United States,2021-05-12,"Johnson&Johnson, Moderna, Pfizer/BioNTech",https://data.cdc.gov/Vaccinations/COVID-19-Vaccination-Trends-in-the-United-States-N/rh2h-3yt2,284180268,159833585,129573815,0
United States,2021-05-13,"Johnson&Johnson, Moderna, Pfizer/BioNTech",https://data.cdc.gov/Vaccinations/COVID-19-Vaccination-Trends-in-the-United-States-N/rh2h-3yt2,286450367,160757408,130974662,0
United States,2021-05-14,"Johnson&Johnson, Moderna, Pfizer/BioNTech",https://data.cdc.gov/Vaccinations/COVID-19-Vaccination-Trends-in-the-United-States-N/rh2h-3yt2,288895286,161844939,132402396,0
United States,2021-05-15,"Johnson&Johnson, Moderna, Pfizer/BioNTech",https://data.cdc.gov/Vaccinations/COVID-19-Vaccination-Trends-in-the-United-States-N/rh2h-3yt2,290736484,162749332,133389187,0
United States,2021-05-16,"Johnson&Johnson, Moderna, Pfizer/BioNTech",https://data.cdc.gov/Vaccinations/COVID-19-Vaccination-Trends-in-the-United-States-N/rh2h-3yt2,291667009,163225376,133873957,0
United States,2021-05-17,"Johnson&Johnson, Moderna, Pfizer/BioNTech",https://data.cdc.gov/Vaccinations/COVID-19-Vaccination-Trends-in-the-United-States-N/rh2h-3yt2,293483160,164108261,134880305,0
United States,2021-05-18,"Johnson&Johnson, Moderna, Pfizer/BioNTech",https://data.cdc.gov/Vaccinations/COVID-19-Vaccination-Trends-in-the-United-States-N/rh2h-3yt2,295549580,165094591,136038331,0
United States,2021-05-19,"Johnson&Johnson, Moderna, Pfizer/BioNTech",https://data.cdc.gov/Vaccinations/COVID-19-Vaccination-Trends-in-the-United-States-N/rh2h-3yt2,297630476,166077032,137212385,0
United States,2021-05-20,"Johnson&Johnson, Moderna, Pfizer/BioNTech",https://data.cdc.gov/Vaccinations/COVID-19-Vaccination-Trends-in-the-United-States-N/rh2h-3yt2,299644089,166995999,138382139,0
United States,2021-05-21,"Johnson&Johnson, Moderna, Pfizer/BioNTech",https://data.cdc.gov/Vaccinations/COVID-19-Vaccination-Trends-in-the-United-States-N/rh2h-3yt2,301696000,167925189,139576414,0
United States,2021-05-22,"Johnson&Johnson, Moderna, Pfizer/BioNTech",https://data.cdc.gov/Vaccinations/COVID-19-Vaccination-Trends-in-the-United-States-N/rh2h-3yt2,303140638,168652725,140344159,0
United States,2021-05-23,"Johnson&Johnson, Moderna, Pfizer/BioNTech",https://data.cdc.gov/Vaccinations/COVID-19-Vaccination-Trends-in-the-United-States-N/rh2h-3yt2,303797068,168990494,140689547,0
United States,2021-05-24,"Johnson&Johnson, Moderna, Pfizer/BioNTech",https://data.cdc.gov/Vaccinations/COVID-19-Vaccination-Trends-in-the-United-States-N/rh2h-3yt2,305113970,169624483,141435557,0
United States,2021-05-25,"Johnson&Johnson, Moderna, Pfizer/BioNTech",https://data.cdc.gov/Vaccinations/COVID-19-Vaccination-Trends-in-the-United-States-N/rh2h-3yt2,306547142,170290443,142268929,0
United States,2021-05-26,"Johnson&Johnson, Moderna, Pfizer/BioNTech",https://data.cdc.gov/Vaccinations/COVID-19-Vaccination-Trends-in-the-United-States-N/rh2h-3yt2,307977041,170949056,143100222,0
United States,2021-05-27,"Johnson&Johnson, Moderna, Pfizer/BioNTech",https://data.cdc.gov/Vaccinations/COVID-19-Vaccination-Trends-in-the-United-States-N/rh2h-3yt2,309320112,171560893,143891771,0
United States,2021-05-28,"Johnson&Johnson, Moderna, Pfizer/BioNTech",https://data.cdc.gov/Vaccinations/COVID-19-Vaccination-Trends-in-the-United-States-N/rh2h-3yt2,310645153,172162724,144673613,0
United States,2021-05-29,"Johnson&Johnson, Moderna, Pfizer/BioNTech",https://data.cdc.gov/Vaccinations/COVID-19-Vaccination-Trends-in-the-United-States-N/rh2h-3yt2,311408511,172541934,145092719,0
United States,2021-05-30,"Johnson&Johnson, Moderna, Pfizer/BioNTech",https://data.cdc.gov/Vaccinations/COVID-19-Vaccination-Trends-in-the-United-States-N/rh2h-3yt2,311792257,172742391,145296630,0
United States,2021-05-31,"Johnson&Johnson, Moderna, Pfizer/BioNTech",https://data.cdc.gov/Vaccinations/COVID-19-Vaccination-Trends-in-the-United-States-N/rh2h-3yt2,311993519,172831275,145417921,0
United States,2021-06-01,"Johnson&Johnson, Moderna, Pfizer/BioNTech",https://data.cdc.gov/Vaccinations/COVID-19-Vaccination-Trends-in-the-United-States-N/rh2h-3yt2,313254082,173355406,146196200,0
United States,2021-06-02,"Johnson&Johnson, Moderna, Pfizer/BioNTech",https://data.cdc.gov/Vaccinations/COVID-19-Vaccination-Trends-in-the-United-States-N/rh2h-3yt2,314367726,173848608,146871697,0
United States,2021-06-03,"Johnson&Johnson, Moderna, Pfizer/BioNTech",https://data.cdc.gov/Vaccinations/COVID-19-Vaccination-Trends-in-the-United-States-N/rh2h-3yt2,315610494,174310478,147703085,0
United States,2021-06-04,"Johnson&Johnson, Moderna, Pfizer/BioNTech",https://data.cdc.gov/Vaccinations/COVID-19-Vaccination-Trends-in-the-United-States-N/rh2h-3yt2,317008711,174809052,148654421,0
United States,2021-06-05,"Johnson&Johnson, Moderna, Pfizer/BioNTech",https://data.cdc.gov/Vaccinations/COVID-19-Vaccination-Trends-in-the-United-States-N/rh2h-3yt2,318076554,175161284,149401843,0
United States,2021-06-06,"Johnson&Johnson, Moderna, Pfizer/BioNTech",https://data.cdc.gov/Vaccinations/COVID-19-Vaccination-Trends-in-the-United-States-N/rh2h-3yt2,318591370,175332138,149763253,0
United States,2021-06-07,"Johnson&Johnson, Moderna, Pfizer/BioNTech",https://data.cdc.gov/Vaccinations/COVID-19-Vaccination-Trends-in-the-United-States-N/rh2h-3yt2,319658358,175704043,150498525,0
United States,2021-06-08,"Johnson&Johnson, Moderna, Pfizer/BioNTech",https://data.cdc.gov/Vaccinations/COVID-19-Vaccination-Trends-in-the-United-States-N/rh2h-3yt2,320829163,176106892,151310868,0
United States,2021-06-09,"Johnson&Johnson, Moderna, Pfizer/BioNTech",https://data.cdc.gov/Vaccinations/COVID-19-Vaccination-Trends-in-the-United-States-N/rh2h-3yt2,321990666,176497242,152126891,0
United States,2021-06-10,"Johnson&Johnson, Moderna, Pfizer/BioNTech",https://data.cdc.gov/Vaccinations/COVID-19-Vaccination-Trends-in-the-United-States-N/rh2h-3yt2,323156563,176900732,152935180,0
United States,2021-06-11,"Johnson&Johnson, Moderna, Pfizer/BioNTech",https://data.cdc.gov/Vaccinations/COVID-19-Vaccination-Trends-in-the-United-States-N/rh2h-3yt2,324383494,177327383,153781421,0
United States,2021-06-12,"Johnson&Johnson, Moderna, Pfizer/BioNTech",https://data.cdc.gov/Vaccinations/COVID-19-Vaccination-Trends-in-the-United-States-N/rh2h-3yt2,325274186,177607280,154418931,0
United States,2021-06-13,"Johnson&Johnson, Moderna, Pfizer/BioNTech",https://data.cdc.gov/Vaccinations/COVID-19-Vaccination-Trends-in-the-United-States-N/rh2h-3yt2,325665940,177720449,154713498,0
United States,2021-06-14,"Johnson&Johnson, Moderna, Pfizer/BioNTech",https://data.cdc.gov/Vaccinations/COVID-19-Vaccination-Trends-in-the-United-States-N/rh2h-3yt2,326575953,178051964,155328707,0
United States,2021-06-15,"Johnson&Johnson, Moderna, Pfizer/BioNTech",https://data.cdc.gov/Vaccinations/COVID-19-Vaccination-Trends-in-the-United-States-N/rh2h-3yt2,327551097,178411831,155984919,0
United States,2021-06-16,"Johnson&Johnson, Moderna, Pfizer/BioNTech",https://data.cdc.gov/Vaccinations/COVID-19-Vaccination-Trends-in-the-United-States-N/rh2h-3yt2,328492570,178769413,156611543,0
United States,2021-06-17,"Johnson&Johnson, Moderna, Pfizer/BioNTech",https://data.cdc.gov/Vaccinations/COVID-19-Vaccination-Trends-in-the-United-States-N/rh2h-3yt2,329384145,179120411,157198280,0
United States,2021-06-18,"Johnson&Johnson, Moderna, Pfizer/BioNTech",https://data.cdc.gov/Vaccinations/COVID-19-Vaccination-Trends-in-the-United-States-N/rh2h-3yt2,330302434,179488144,157789755,0
United States,2021-06-19,"Johnson&Johnson, Moderna, Pfizer/BioNTech",https://data.cdc.gov/Vaccinations/COVID-19-Vaccination-Trends-in-the-United-States-N/rh2h-3yt2,330876377,179719027,158157112,0
United States,2021-06-20,"Johnson&Johnson, Moderna, Pfizer/BioNTech",https://data.cdc.gov/Vaccinations/COVID-19-Vaccination-Trends-in-the-United-States-N/rh2h-3yt2,331152271,179831138,158331893,0
United States,2021-06-21,"Johnson&Johnson, Moderna, Pfizer/BioNTech",https://data.cdc.gov/Vaccinations/COVID-19-Vaccination-Trends-in-the-United-States-N/rh2h-3yt2,331711347,180132318,158622648,0
United States,2021-06-22,"Johnson&Johnson, Moderna, Pfizer/BioNTech",https://data.cdc.gov/Vaccinations/COVID-19-Vaccination-Trends-in-the-United-States-N/rh2h-3yt2,332464976,180456218,159088023,0
United States,2021-06-23,"Johnson&Johnson, Moderna, Pfizer/BioNTech",https://data.cdc.gov/Vaccinations/COVID-19-Vaccination-Trends-in-the-United-States-N/rh2h-3yt2,333198989,180786572,159526014,0
United States,2021-06-24,"Johnson&Johnson, Moderna, Pfizer/BioNTech",https://data.cdc.gov/Vaccinations/COVID-19-Vaccination-Trends-in-the-United-States-N/rh2h-3yt2,333896797,181105379,159939769,0
United States,2021-06-25,"Johnson&Johnson, Moderna, Pfizer/BioNTech",https://data.cdc.gov/Vaccinations/COVID-19-Vaccination-Trends-in-the-United-States-N/rh2h-3yt2,334661828,181456350,160388207,0
United States,2021-06-26,"Johnson&Johnson, Moderna, Pfizer/BioNTech",https://data.cdc.gov/Vaccinations/COVID-19-Vaccination-Trends-in-the-United-States-N/rh2h-3yt2,335160077,181681591,160681268,0
United States,2021-06-27,"Johnson&Johnson, Moderna, Pfizer/BioNTech",https://data.cdc.gov/Vaccinations/COVID-19-Vaccination-Trends-in-the-United-States-N/rh2h-3yt2,335426773,181808612,160830648,0
United States,2021-06-28,"Johnson&Johnson, Moderna, Pfizer/BioNTech",https://data.cdc.gov/Vaccinations/COVID-19-Vaccination-Trends-in-the-United-States-N/rh2h-3yt2,335979220,182084329,161133313,0
United States,2021-06-29,"Johnson&Johnson, Moderna, Pfizer/BioNTech",https://data.cdc.gov/Vaccinations/COVID-19-Vaccination-Trends-in-the-United-States-N/rh2h-3yt2,336605932,182382112,161488390,0
United States,2021-06-30,"Johnson&Johnson, Moderna, Pfizer/BioNTech",https://data.cdc.gov/Vaccinations/COVID-19-Vaccination-Trends-in-the-United-States-N/rh2h-3yt2,337236052,182689913,161837015,0
United States,2021-07-01,"Johnson&Johnson, Moderna, Pfizer/BioNTech",https://data.cdc.gov/Vaccinations/COVID-19-Vaccination-Trends-in-the-United-States-N/rh2h-3yt2,337839991,182982411,162168602,0
United States,2021-07-02,"Johnson&Johnson, Moderna, Pfizer/BioNTech",https://data.cdc.gov/Vaccinations/COVID-19-Vaccination-Trends-in-the-United-States-N/rh2h-3yt2,338459768,183288958,162507716,0
United States,2021-07-03,"Johnson&Johnson, Moderna, Pfizer/BioNTech",https://data.cdc.gov/Vaccinations/COVID-19-Vaccination-Trends-in-the-United-States-N/rh2h-3yt2,338817020,183470866,162695340,0
United States,2021-07-04,"Johnson&Johnson, Moderna, Pfizer/BioNTech",https://data.cdc.gov/Vaccinations/COVID-19-Vaccination-Trends-in-the-United-States-N/rh2h-3yt2,338867357,183498684,162722477,0
United States,2021-07-05,"Johnson&Johnson, Moderna, Pfizer/BioNTech",https://data.cdc.gov/Vaccinations/COVID-19-Vaccination-Trends-in-the-United-States-N/rh2h-3yt2,339263492,183700131,162929779,0
United States,2021-07-06,"Johnson&Johnson, Moderna, Pfizer/BioNTech",https://data.cdc.gov/Vaccinations/COVID-19-Vaccination-Trends-in-the-United-States-N/rh2h-3yt2,339846989,183974606,163263372,0
United States,2021-07-07,"Johnson&Johnson, Moderna, Pfizer/BioNTech",https://data.cdc.gov/Vaccinations/COVID-19-Vaccination-Trends-in-the-United-States-N/rh2h-3yt2,340416798,184257341,163577595,0
United States,2021-07-08,"Johnson&Johnson, Moderna, Pfizer/BioNTech",https://data.cdc.gov/Vaccinations/COVID-19-Vaccination-Trends-in-the-United-States-N/rh2h-3yt2,340982404,184546515,163883208,0
United States,2021-07-09,"Johnson&Johnson, Moderna, Pfizer/BioNTech",https://data.cdc.gov/Vaccinations/COVID-19-Vaccination-Trends-in-the-United-States-N/rh2h-3yt2,341614281,184868873,164222944,0
United States,2021-07-10,"Johnson&Johnson, Moderna, Pfizer/BioNTech",https://data.cdc.gov/Vaccinations/COVID-19-Vaccination-Trends-in-the-United-States-N/rh2h-3yt2,342015136,185080305,164428430,0
United States,2021-07-11,"Johnson&Johnson, Moderna, Pfizer/BioNTech",https://data.cdc.gov/Vaccinations/COVID-19-Vaccination-Trends-in-the-United-States-N/rh2h-3yt2,342231662,185197099,164535690,0
United States,2021-07-12,"Johnson&Johnson, Moderna, Pfizer/BioNTech",https://data.cdc.gov/Vaccinations/COVID-19-Vaccination-Trends-in-the-United-States-N/rh2h-3yt2,342751172,185472263,164804369,0
United States,2021-07-13,"Johnson&Johnson, Moderna, Pfizer/BioNTech",https://data.cdc.gov/Vaccinations/COVID-19-Vaccination-Trends-in-the-United-States-N/rh2h-3yt2,343277507,185753745,165070202,0
United States,2021-07-14,"Johnson&Johnson, Moderna, Pfizer/BioNTech",https://data.cdc.gov/Vaccinations/COVID-19-Vaccination-Trends-in-the-United-States-N/rh2h-3yt2,343808028,186037793,165337108,0
United States,2021-07-15,"Johnson&Johnson, Moderna, Pfizer/BioNTech",https://data.cdc.gov/Vaccinations/COVID-19-Vaccination-Trends-in-the-United-States-N/rh2h-3yt2,344348734,186336238,165599586,0
United States,2021-07-16,"Johnson&Johnson, Moderna, Pfizer/BioNTech",https://data.cdc.gov/Vaccinations/COVID-19-Vaccination-Trends-in-the-United-States-N/rh2h-3yt2,344973442,186683842,165896590,0
United States,2021-07-17,"Johnson&Johnson, Moderna, Pfizer/BioNTech",https://data.cdc.gov/Vaccinations/COVID-19-Vaccination-Trends-in-the-United-States-N/rh2h-3yt2,345373328,186907786,166084432,0
United States,2021-07-18,"Johnson&Johnson, Moderna, Pfizer/BioNTech",https://data.cdc.gov/Vaccinations/COVID-19-Vaccination-Trends-in-the-United-States-N/rh2h-3yt2,345606948,187043246,166188887,0
United States,2021-07-19,"Johnson&Johnson, Moderna, Pfizer/BioNTech",https://data.cdc.gov/Vaccinations/COVID-19-Vaccination-Trends-in-the-United-States-N/rh2h-3yt2,346174652,187383168,166436655,0
United States,2021-07-20,"Johnson&Johnson, Moderna, Pfizer/BioNTech",https://data.cdc.gov/Vaccinations/COVID-19-Vaccination-Trends-in-the-United-States-N/rh2h-3yt2,346778326,187755471,166689503,0
United States,2021-07-21,"Johnson&Johnson, Moderna, Pfizer/BioNTech",https://data.cdc.gov/Vaccinations/COVID-19-Vaccination-Trends-in-the-United-States-N/rh2h-3yt2,347409110,188143032,166953409,0
United States,2021-07-22,"Johnson&Johnson, Moderna, Pfizer/BioNTech",https://data.cdc.gov/Vaccinations/COVID-19-Vaccination-Trends-in-the-United-States-N/rh2h-3yt2,348058577,188560066,167207232,0
United States,2021-07-23,"Johnson&Johnson, Moderna, Pfizer/BioNTech",https://data.cdc.gov/Vaccinations/COVID-19-Vaccination-Trends-in-the-United-States-N/rh2h-3yt2,348805832,189048266,167489958,0
United States,2021-07-24,"Johnson&Johnson, Moderna, Pfizer/BioNTech",https://data.cdc.gov/Vaccinations/COVID-19-Vaccination-Trends-in-the-United-States-N/rh2h-3yt2,349268941,189350258,167662769,0
United States,2021-07-25,"Johnson&Johnson, Moderna, Pfizer/BioNTech",https://data.cdc.gov/Vaccinations/COVID-19-Vaccination-Trends-in-the-United-States-N/rh2h-3yt2,349528065,189551956,167725268,0
United States,2021-07-26,"Johnson&Johnson, Moderna, Pfizer/BioNTech",https://data.cdc.gov/Vaccinations/COVID-19-Vaccination-Trends-in-the-United-States-N/rh2h-3yt2,350171096,189999254,167943239,0
United States,2021-07-27,"Johnson&Johnson, Moderna, Pfizer/BioNTech",https://data.cdc.gov/Vaccinations/COVID-19-Vaccination-Trends-in-the-United-States-N/rh2h-3yt2,350871835,190479534,168190240,0
United States,2021-07-28,"Johnson&Johnson, Moderna, Pfizer/BioNTech",https://data.cdc.gov/Vaccinations/COVID-19-Vaccination-Trends-in-the-United-States-N/rh2h-3yt2,351591316,190970451,168445392,0
United States,2021-07-29,"Johnson&Johnson, Moderna, Pfizer/BioNTech",https://data.cdc.gov/Vaccinations/COVID-19-Vaccination-Trends-in-the-United-States-N/rh2h-3yt2,352310861,191467763,168694276,0
United States,2021-07-30,"Johnson&Johnson, Moderna, Pfizer/BioNTech",https://data.cdc.gov/Vaccinations/COVID-19-Vaccination-Trends-in-the-United-States-N/rh2h-3yt2,353145364,192042786,168981923,0
United States,2021-07-31,"Johnson&Johnson, Moderna, Pfizer/BioNTech",https://data.cdc.gov/Vaccinations/COVID-19-Vaccination-Trends-in-the-United-States-N/rh2h-3yt2,353659839,192388890,169160880,0
United States,2021-08-01,"Johnson&Johnson, Moderna, Pfizer/BioNTech",https://data.cdc.gov/Vaccinations/COVID-19-Vaccination-Trends-in-the-United-States-N/rh2h-3yt2,353985597,192614326,169259018,0
United States,2021-08-02,"Johnson&Johnson, Moderna, Pfizer/BioNTech",https://data.cdc.gov/Vaccinations/COVID-19-Vaccination-Trends-in-the-United-States-N/rh2h-3yt2,354705101,193120093,169494916,0
United States,2021-08-03,"Johnson&Johnson, Moderna, Pfizer/BioNTech",https://data.cdc.gov/Vaccinations/COVID-19-Vaccination-Trends-in-the-United-States-N/rh2h-3yt2,355466694,193657497,169746244,0
United States,2021-08-04,"Johnson&Johnson, Moderna, Pfizer/BioNTech",https://data.cdc.gov/Vaccinations/COVID-19-Vaccination-Trends-in-the-United-States-N/rh2h-3yt2,356243786,194209095,169999617,0
United States,2021-08-05,"Johnson&Johnson, Moderna, Pfizer/BioNTech",https://data.cdc.gov/Vaccinations/COVID-19-Vaccination-Trends-in-the-United-States-N/rh2h-3yt2,357035641,194768286,170262196,0
United States,2021-08-06,"Johnson&Johnson, Moderna, Pfizer/BioNTech",https://data.cdc.gov/Vaccinations/COVID-19-Vaccination-Trends-in-the-United-States-N/rh2h-3yt2,357942522,195393727,170571936,0
United States,2021-08-07,"Johnson&Johnson, Moderna, Pfizer/BioNTech",https://data.cdc.gov/Vaccinations/COVID-19-Vaccination-Trends-in-the-United-States-N/rh2h-3yt2,358499714,195774935,170760829,0
United States,2021-08-08,"Johnson&Johnson, Moderna, Pfizer/BioNTech",https://data.cdc.gov/Vaccinations/COVID-19-Vaccination-Trends-in-the-United-States-N/rh2h-3yt2,358849544,196012346,170877905,0
United States,2021-08-09,"Johnson&Johnson, Moderna, Pfizer/BioNTech",https://data.cdc.gov/Vaccinations/COVID-19-Vaccination-Trends-in-the-United-States-N/rh2h-3yt2,359630766,196532213,171163281,0
United States,2021-08-10,"Johnson&Johnson, Moderna, Pfizer/BioNTech",https://data.cdc.gov/Vaccinations/COVID-19-Vaccination-Trends-in-the-United-States-N/rh2h-3yt2,360428727,197061796,171456223,0
United States,2021-08-11,"Johnson&Johnson, Moderna, Pfizer/BioNTech",https://data.cdc.gov/Vaccinations/COVID-19-Vaccination-Trends-in-the-United-States-N/rh2h-3yt2,361196608,197560181,171750541,0
United States,2021-08-12,"Johnson&Johnson, Moderna, Pfizer/BioNTech",https://data.cdc.gov/Vaccinations/COVID-19-Vaccination-Trends-in-the-United-States-N/rh2h-3yt2,361998282,198073655,172062370,0
United States,2021-08-13,"Johnson&Johnson, Moderna, Pfizer/BioNTech",https://data.cdc.gov/Vaccinations/COVID-19-Vaccination-Trends-in-the-United-States-N/rh2h-3yt2,362945096,198654209,172449934,13710
United States,2021-08-14,"Johnson&Johnson, Moderna, Pfizer/BioNTech",https://data.cdc.gov/Vaccinations/COVID-19-Vaccination-Trends-in-the-United-States-N/rh2h-3yt2,363569207,199016102,172691427,49668
United States,2021-08-15,"Johnson&Johnson, Moderna, Pfizer/BioNTech",https://data.cdc.gov/Vaccinations/COVID-19-Vaccination-Trends-in-the-United-States-N/rh2h-3yt2,363967774,199227553,172852228,82485
United States,2021-08-16,"Johnson&Johnson, Moderna, Pfizer/BioNTech",https://data.cdc.gov/Vaccinations/COVID-19-Vaccination-Trends-in-the-United-States-N/rh2h-3yt2,364836423,199691729,173204833,161915
United States,2021-08-17,"Johnson&Johnson, Moderna, Pfizer/BioNTech",https://data.cdc.gov/Vaccinations/COVID-19-Vaccination-Trends-in-the-United-States-N/rh2h-3yt2,365758264,200181250,173566783,260776
United States,2021-08-18,"Johnson&Johnson, Moderna, Pfizer/BioNTech",https://data.cdc.gov/Vaccinations/COVID-19-Vaccination-Trends-in-the-United-States-N/rh2h-3yt2,366709172,200667827,173943713,376271
United States,2021-08-19,"Johnson&Johnson, Moderna, Pfizer/BioNTech",https://data.cdc.gov/Vaccinations/COVID-19-Vaccination-Trends-in-the-United-States-N/rh2h-3yt2,367652247,201147511,174323061,489501
United States,2021-08-20,"Johnson&Johnson, Moderna, Pfizer/BioNTech",https://data.cdc.gov/Vaccinations/COVID-19-Vaccination-Trends-in-the-United-States-N/rh2h-3yt2,368757286,201685084,174799096,610263
United States,2021-08-21,"Johnson&Johnson, Moderna, Pfizer/BioNTech",https://data.cdc.gov/Vaccinations/COVID-19-Vaccination-Trends-in-the-United-States-N/rh2h-3yt2,369421624,202006227,175094823,671386
United States,2021-08-22,"Johnson&Johnson, Moderna, Pfizer/BioNTech",https://data.cdc.gov/Vaccinations/COVID-19-Vaccination-Trends-in-the-United-States-N/rh2h-3yt2,369809975,202189890,175273066,702777
United States,2021-08-23,"Johnson&Johnson, Moderna, Pfizer/BioNTech",https://data.cdc.gov/Vaccinations/COVID-19-Vaccination-Trends-in-the-United-States-N/rh2h-3yt2,370728362,202631473,175676240,798889
United States,2021-08-24,"Johnson&Johnson, Moderna, Pfizer/BioNTech",https://data.cdc.gov/Vaccinations/COVID-19-Vaccination-Trends-in-the-United-States-N/rh2h-3yt2,371676629,203093397,176088969,898448
United States,2021-08-25,"Johnson&Johnson, Moderna, Pfizer/BioNTech",https://data.cdc.gov/Vaccinations/COVID-19-Vaccination-Trends-in-the-United-States-N/rh2h-3yt2,372641284,203563043,176509005,1000903
United States,2021-08-26,"Johnson&Johnson, Moderna, Pfizer/BioNTech",https://data.cdc.gov/Vaccinations/COVID-19-Vaccination-Trends-in-the-United-States-N/rh2h-3yt2,373630093,204039976,176939578,1110937
United States,2021-08-27,"Johnson&Johnson, Moderna, Pfizer/BioNTech",https://data.cdc.gov/Vaccinations/COVID-19-Vaccination-Trends-in-the-United-States-N/rh2h-3yt2,374799181,204575034,177476465,1236285
United States,2021-08-28,"Johnson&Johnson, Moderna, Pfizer/BioNTech",https://data.cdc.gov/Vaccinations/COVID-19-Vaccination-Trends-in-the-United-States-N/rh2h-3yt2,375509510,204894127,177815161,1299935
United States,2021-08-29,"Johnson&Johnson, Moderna, Pfizer/BioNTech",https://data.cdc.gov/Vaccinations/COVID-19-Vaccination-Trends-in-the-United-States-N/rh2h-3yt2,375938666,205087700,178019490,1335425
United States,2021-08-30,"Johnson&Johnson, Moderna, Pfizer/BioNTech",https://data.cdc.gov/Vaccinations/COVID-19-Vaccination-Trends-in-the-United-States-N/rh2h-3yt2,376862638,205505241,178448344,1434759
United States,2021-08-31,"Johnson&Johnson, Moderna, Pfizer/BioNTech",https://data.cdc.gov/Vaccinations/COVID-19-Vaccination-Trends-in-the-United-States-N/rh2h-3yt2,377787738,205924348,178866639,1543574
United States,2021-09-01,"Johnson&Johnson, Moderna, Pfizer/BioNTech",https://data.cdc.gov/Vaccinations/COVID-19-Vaccination-Trends-in-the-United-States-N/rh2h-3yt2,378718839,206351321,179272434,1664316
United States,2021-09-02,"Johnson&Johnson, Moderna, Pfizer/BioNTech",https://data.cdc.gov/Vaccinations/COVID-19-Vaccination-Trends-in-the-United-States-N/rh2h-3yt2,379613080,206756160,179671230,1778067
United States,2021-09-03,"Johnson&Johnson, Moderna, Pfizer/BioNTech",https://data.cdc.gov/Vaccinations/COVID-19-Vaccination-Trends-in-the-United-States-N/rh2h-3yt2,380652527,207211365,180158779,1896796
United States,2021-09-04,"Johnson&Johnson, Moderna, Pfizer/BioNTech",https://data.cdc.gov/Vaccinations/COVID-19-Vaccination-Trends-in-the-United-States-N/rh2h-3yt2,381212133,207457960,180434731,1941197
United States,2021-09-05,"Johnson&Johnson, Moderna, Pfizer/BioNTech",https://data.cdc.gov/Vaccinations/COVID-19-Vaccination-Trends-in-the-United-States-N/rh2h-3yt2,381577833,207626337,180607113,1968691
United States,2021-09-06,"Johnson&Johnson, Moderna, Pfizer/BioNTech",https://data.cdc.gov/Vaccinations/COVID-19-Vaccination-Trends-in-the-United-States-N/rh2h-3yt2,381754898,207709169,180693443,1980360
United States,2021-09-07,"Johnson&Johnson, Moderna, Pfizer/BioNTech",https://data.cdc.gov/Vaccinations/COVID-19-Vaccination-Trends-in-the-United-States-N/rh2h-3yt2,382661402,208064811,181169990,2072387
United States,2021-09-08,"Johnson&Johnson, Moderna, Pfizer/BioNTech",https://data.cdc.gov/Vaccinations/COVID-19-Vaccination-Trends-in-the-United-States-N/rh2h-3yt2,383503276,208431562,181568515,2168030
United States,2021-09-09,"Johnson&Johnson, Moderna, Pfizer/BioNTech",https://data.cdc.gov/Vaccinations/COVID-19-Vaccination-Trends-in-the-United-States-N/rh2h-3yt2,384347450,208804569,181962958,2265116
United States,2021-09-10,"Johnson&Johnson, Moderna, Pfizer/BioNTech",https://data.cdc.gov/Vaccinations/COVID-19-Vaccination-Trends-in-the-United-States-N/rh2h-3yt2,385378075,209254797,182459483,2371575
United States,2021-09-11,"Johnson&Johnson, Moderna, Pfizer/BioNTech",https://data.cdc.gov/Vaccinations/COVID-19-Vaccination-Trends-in-the-United-States-N/rh2h-3yt2,385973552,209513507,182757509,2420189
United States,2021-09-12,"Johnson&Johnson, Moderna, Pfizer/BioNTech",https://data.cdc.gov/Vaccinations/COVID-19-Vaccination-Trends-in-the-United-States-N/rh2h-3yt2,386322649,209670721,182929748,2443084
United States,2021-09-13,"Johnson&Johnson, Moderna, Pfizer/BioNTech",https://data.cdc.gov/Vaccinations/COVID-19-Vaccination-Trends-in-the-United-States-N/rh2h-3yt2,387101515,210009427,183310725,2518629
United States,2021-09-14,"Johnson&Johnson, Moderna, Pfizer/BioNTech",https://data.cdc.gov/Vaccinations/COVID-19-Vaccination-Trends-in-the-United-States-N/rh2h-3yt2,387848550,210326161,183686171,2592659
United States,2021-09-15,"Johnson&Johnson, Moderna, Pfizer/BioNTech",https://data.cdc.gov/Vaccinations/COVID-19-Vaccination-Trends-in-the-United-States-N/rh2h-3yt2,388606804,210639424,184072675,2669977
United States,2021-09-16,"Johnson&Johnson, Moderna, Pfizer/BioNTech",https://data.cdc.gov/Vaccinations/COVID-19-Vaccination-Trends-in-the-United-States-N/rh2h-3yt2,389363846,210950794,184462181,2746878
United States,2021-09-17,"Johnson&Johnson, Moderna, Pfizer/BioNTech",https://data.cdc.gov/Vaccinations/COVID-19-Vaccination-Trends-in-the-United-States-N/rh2h-3yt2,390262782,211302722,184940581,2836492
United States,2021-09-18,"Johnson&Johnson, Moderna, Pfizer/BioNTech",https://data.cdc.gov/Vaccinations/COVID-19-Vaccination-Trends-in-the-United-States-N/rh2h-3yt2,390782627,211508542,185214447,2884830
United States,2021-09-19,"Johnson&Johnson, Moderna, Pfizer/BioNTech",https://data.cdc.gov/Vaccinations/COVID-19-Vaccination-Trends-in-the-United-States-N/rh2h-3yt2,391086239,211628047,185378156,2907982
United States,2021-09-20,"Johnson&Johnson, Moderna, Pfizer/BioNTech",https://data.cdc.gov/Vaccinations/COVID-19-Vaccination-Trends-in-the-United-States-N/rh2h-3yt2,391771151,211894289,185727229,2993424
United States,2021-09-21,"Johnson&Johnson, Moderna, Pfizer/BioNTech",https://data.cdc.gov/Vaccinations/COVID-19-Vaccination-Trends-in-the-United-States-N/rh2h-3yt2,392442615,212155461,186067741,3081754
United States,2021-09-22,"Johnson&Johnson, Moderna, Pfizer/BioNTech",https://data.cdc.gov/Vaccinations/COVID-19-Vaccination-Trends-in-the-United-States-N/rh2h-3yt2,393103515,212409343,186401767,3166864
United States,2021-09-23,"Johnson&Johnson, Moderna, Pfizer/BioNTech",https://data.cdc.gov/Vaccinations/COVID-19-Vaccination-Trends-in-the-United-States-N/rh2h-3yt2,393773966,212664394,186728838,3268870
United States,2021-09-24,"Johnson&Johnson, Moderna, Pfizer/BioNTech",https://data.cdc.gov/Vaccinations/COVID-19-Vaccination-Trends-in-the-United-States-N/rh2h-3yt2,394751463,212985800,187140388,3526751
United States,2021-09-25,"Johnson&Johnson, Moderna, Pfizer/BioNTech",https://data.cdc.gov/Vaccinations/COVID-19-Vaccination-Trends-in-the-United-States-N/rh2h-3yt2,395418872,213189426,187368426,3767264
United States,2021-09-26,"Johnson&Johnson, Moderna, Pfizer/BioNTech",https://data.cdc.gov/Vaccinations/COVID-19-Vaccination-Trends-in-the-United-States-N/rh2h-3yt2,395825101,213309812,187513316,3909888
United States,2021-09-27,"Johnson&Johnson, Moderna, Pfizer/BioNTech",https://data.cdc.gov/Vaccinations/COVID-19-Vaccination-Trends-in-the-United-States-N/rh2h-3yt2,396845235,213610059,187735606,4417036
United States,2021-09-28,"Johnson&Johnson, Moderna, Pfizer/BioNTech",https://data.cdc.gov/Vaccinations/COVID-19-Vaccination-Trends-in-the-United-States-N/rh2h-3yt2,397966396,213901982,188038003,4953670
United States,2021-09-29,"Johnson&Johnson, Moderna, Pfizer/BioNTech",https://data.cdc.gov/Vaccinations/COVID-19-Vaccination-Trends-in-the-United-States-N/rh2h-3yt2,399094372,214191901,188348047,5492376
United States,2021-09-30,"Johnson&Johnson, Moderna, Pfizer/BioNTech",https://data.cdc.gov/Vaccinations/COVID-19-Vaccination-Trends-in-the-United-States-N/rh2h-3yt2,400243336,214482317,188666329,6044752
United States,2021-10-01,"Johnson&Johnson, Moderna, Pfizer/BioNTech",https://data.cdc.gov/Vaccinations/COVID-19-Vaccination-Trends-in-the-United-States-N/rh2h-3yt2,401534933,214798404,189042567,6653260
United States,2021-10-02,"Johnson&Johnson, Moderna, Pfizer/BioNTech",https://data.cdc.gov/Vaccinations/COVID-19-Vaccination-Trends-in-the-United-States-N/rh2h-3yt2,402159846,214972815,189248878,6902593
United States,2021-10-03,"Johnson&Johnson, Moderna, Pfizer/BioNTech",https://data.cdc.gov/Vaccinations/COVID-19-Vaccination-Trends-in-the-United-States-N/rh2h-3yt2,402523323,215079573,189378696,7031100
United States,2021-10-04,"Johnson&Johnson, Moderna, Pfizer/BioNTech",https://data.cdc.gov/Vaccinations/COVID-19-Vaccination-Trends-in-the-United-States-N/rh2h-3yt2,403496025,215327892,189633964,7509511
United States,2021-10-05,"Johnson&Johnson, Moderna, Pfizer/BioNTech",https://data.cdc.gov/Vaccinations/COVID-19-Vaccination-Trends-in-the-United-States-N/rh2h-3yt2,404500620,215573137,189889361,8023412
United States,2021-10-06,"Johnson&Johnson, Moderna, Pfizer/BioNTech",https://data.cdc.gov/Vaccinations/COVID-19-Vaccination-Trends-in-the-United-States-N/rh2h-3yt2,405520239,215822296,190146736,8546482
United States,2021-10-07,"Johnson&Johnson, Moderna, Pfizer/BioNTech",https://data.cdc.gov/Vaccinations/COVID-19-Vaccination-Trends-in-the-United-States-N/rh2h-3yt2,406516324,216071956,190399070,9051706
United States,2021-10-08,"Johnson&Johnson, Moderna, Pfizer/BioNTech",https://data.cdc.gov/Vaccinations/COVID-19-Vaccination-Trends-in-the-United-States-N/rh2h-3yt2,407647567,216355822,190707556,9602228
United States,2021-10-09,"Johnson&Johnson, Moderna, Pfizer/BioNTech",https://data.cdc.gov/Vaccinations/COVID-19-Vaccination-Trends-in-the-United-States-N/rh2h-3yt2,408179467,216503891,190875017,9823871
United States,2021-10-10,"Johnson&Johnson, Moderna, Pfizer/BioNTech",https://data.cdc.gov/Vaccinations/COVID-19-Vaccination-Trends-in-the-United-States-N/rh2h-3yt2,408490986,216597374,190979255,9938967
United States,2021-10-11,"Johnson&Johnson, Moderna, Pfizer/BioNTech",https://data.cdc.gov/Vaccinations/COVID-19-Vaccination-Trends-in-the-United-States-N/rh2h-3yt2,409337834,216823691,191199276,10348528
United States,2021-10-12,"Johnson&Johnson, Moderna, Pfizer/BioNTech",https://data.cdc.gov/Vaccinations/COVID-19-Vaccination-Trends-in-the-United-States-N/rh2h-3yt2,410253748,217053238,191431699,10812808
United States,2021-10-13,"Johnson&Johnson, Moderna, Pfizer/BioNTech",https://data.cdc.gov/Vaccinations/COVID-19-Vaccination-Trends-in-the-United-States-N/rh2h-3yt2,411147613,217281087,191658643,11263230
United States,2021-10-14,"Johnson&Johnson, Moderna, Pfizer/BioNTech",https://data.cdc.gov/Vaccinations/COVID-19-Vaccination-Trends-in-the-United-States-N/rh2h-3yt2,412048787,217507779,191885711,11722126
United States,2021-10-15,"Johnson&Johnson, Moderna, Pfizer/BioNTech",https://data.cdc.gov/Vaccinations/COVID-19-Vaccination-Trends-in-the-United-States-N/rh2h-3yt2,413088197,217770029,192161191,12235977
United States,2021-10-16,"Johnson&Johnson, Moderna, Pfizer/BioNTech",https://data.cdc.gov/Vaccinations/COVID-19-Vaccination-Trends-in-the-United-States-N/rh2h-3yt2,413575449,217911110,192304698,12444111
United States,2021-10-17,"Johnson&Johnson, Moderna, Pfizer/BioNTech",https://data.cdc.gov/Vaccinations/COVID-19-Vaccination-Trends-in-the-United-States-N/rh2h-3yt2,413843068,217995396,192388500,12545172
United States,2021-10-18,"Johnson&Johnson, Moderna, Pfizer/BioNTech",https://data.cdc.gov/Vaccinations/COVID-19-Vaccination-Trends-in-the-United-States-N/rh2h-3yt2,414665866,218219410,192598518,12944399
United States,2021-10-19,"Johnson&Johnson, Moderna, Pfizer/BioNTech",https://data.cdc.gov/Vaccinations/COVID-19-Vaccination-Trends-in-the-United-States-N/rh2h-3yt2,415478842,218422056,192789978,13373316
United States,2021-10-20,"Johnson&Johnson, Moderna, Pfizer/BioNTech",https://data.cdc.gov/Vaccinations/COVID-19-Vaccination-Trends-in-the-United-States-N/rh2h-3yt2,416304407,218625998,192982970,13812614
United States,2021-10-21,"Johnson&Johnson, Moderna, Pfizer/BioNTech",https://data.cdc.gov/Vaccinations/COVID-19-Vaccination-Trends-in-the-United-States-N/rh2h-3yt2,417151385,218833537,193178813,14266916
United States,2021-10-22,"Johnson&Johnson, Moderna, Pfizer/BioNTech",https://data.cdc.gov/Vaccinations/COVID-19-Vaccination-Trends-in-the-United-States-N/rh2h-3yt2,418514657,219127676,193422892,15101590
United States,2021-10-23,"Johnson&Johnson, Moderna, Pfizer/BioNTech",https://data.cdc.gov/Vaccinations/COVID-19-Vaccination-Trends-in-the-United-States-N/rh2h-3yt2,419336772,219305938,193555785,15616424
United States,2021-10-24,"Johnson&Johnson, Moderna, Pfizer/BioNTech",https://data.cdc.gov/Vaccinations/COVID-19-Vaccination-Trends-in-the-United-States-N/rh2h-3yt2,419806426,219415719,193635662,15897498
United States,2021-10-25,"Johnson&Johnson, Moderna, Pfizer/BioNTech",https://data.cdc.gov/Vaccinations/COVID-19-Vaccination-Trends-in-the-United-States-N/rh2h-3yt2,421317116,219721117,193838903,16906171
United States,2021-10-26,"Johnson&Johnson, Moderna, Pfizer/BioNTech",https://data.cdc.gov/Vaccinations/COVID-19-Vaccination-Trends-in-the-United-States-N/rh2h-3yt2,422860139,220021741,194038781,17957762
United States,2021-10-27,"Johnson&Johnson, Moderna, Pfizer/BioNTech",https://data.cdc.gov/Vaccinations/COVID-19-Vaccination-Trends-in-the-United-States-N/rh2h-3yt2,424464812,220331736,194244432,19056150
United States,2021-10-28,"Johnson&Johnson, Moderna, Pfizer/BioNTech",https://data.cdc.gov/Vaccinations/COVID-19-Vaccination-Trends-in-the-United-States-N/rh2h-3yt2,426055727,220632266,194451584,20150030
United States,2021-10-29,"Johnson&Johnson, Moderna, Pfizer/BioNTech",https://data.cdc.gov/Vaccinations/COVID-19-Vaccination-Trends-in-the-United-States-N/rh2h-3yt2,427822162,220962056,194688018,21361273
United States,2021-10-30,"Johnson&Johnson, Moderna, Pfizer/BioNTech",https://data.cdc.gov/Vaccinations/COVID-19-Vaccination-Trends-in-the-United-States-N/rh2h-3yt2,428634768,221131454,194806400,21892616
United States,2021-10-31,"Johnson&Johnson, Moderna, Pfizer/BioNTech",https://data.cdc.gov/Vaccinations/COVID-19-Vaccination-Trends-in-the-United-States-N/rh2h-3yt2,429068023,221233162,194876421,22156534
United States,2021-11-01,"Johnson&Johnson, Moderna, Pfizer/BioNTech",https://data.cdc.gov/Vaccinations/COVID-19-Vaccination-Trends-in-the-United-States-N/rh2h-3yt2,430507152,221519182,195070137,23123102
United States,2021-11-02,"Johnson&Johnson, Moderna, Pfizer/BioNTech",https://data.cdc.gov/Vaccinations/COVID-19-Vaccination-Trends-in-the-United-States-N/rh2h-3yt2,431991995,221805393,195257447,24146326
United States,2021-11-03,"Johnson&Johnson, Moderna, Pfizer/BioNTech",https://data.cdc.gov/Vaccinations/COVID-19-Vaccination-Trends-in-the-United-States-N/rh2h-3yt2,433534440,222118306,195448023,25198054
United States,2021-11-04,"Johnson&Johnson, Moderna, Pfizer/BioNTech",https://data.cdc.gov/Vaccinations/COVID-19-Vaccination-Trends-in-the-United-States-N/rh2h-3yt2,435152520,222470355,195639737,26283299
United States,2021-11-05,"Johnson&Johnson, Moderna, Pfizer/BioNTech",https://data.cdc.gov/Vaccinations/COVID-19-Vaccination-Trends-in-the-United-States-N/rh2h-3yt2,437041987,222925015,195867258,27503827
United States,2021-11-06,"Johnson&Johnson, Moderna, Pfizer/BioNTech",https://data.cdc.gov/Vaccinations/COVID-19-Vaccination-Trends-in-the-United-States-N/rh2h-3yt2,438066845,223315337,195983802,28028144
United States,2021-11-07,"Johnson&Johnson, Moderna, Pfizer/BioNTech",https://data.cdc.gov/Vaccinations/COVID-19-Vaccination-Trends-in-the-United-States-N/rh2h-3yt2,438616489,223543377,196053722,28284197
United States,2021-11-08,"Johnson&Johnson, Moderna, Pfizer/BioNTech",https://data.cdc.gov/Vaccinations/COVID-19-Vaccination-Trends-in-the-United-States-N/rh2h-3yt2,440062970,224015014,196225487,29098373
United States,2021-11-09,"Johnson&Johnson, Moderna, Pfizer/BioNTech",https://data.cdc.gov/Vaccinations/COVID-19-Vaccination-Trends-in-the-United-States-N/rh2h-3yt2,441681324,224537961,196390512,30037133
United States,2021-11-10,"Johnson&Johnson, Moderna, Pfizer/BioNTech",https://data.cdc.gov/Vaccinations/COVID-19-Vaccination-Trends-in-the-United-States-N/rh2h-3yt2,443428465,225111188,196559577,31049677
United States,2021-11-11,"Johnson&Johnson, Moderna, Pfizer/BioNTech",https://data.cdc.gov/Vaccinations/COVID-19-Vaccination-Trends-in-the-United-States-N/rh2h-3yt2,445012619,225660403,196712209,31938954
United States,2021-11-12,"Johnson&Johnson, Moderna, Pfizer/BioNTech",https://data.cdc.gov/Vaccinations/COVID-19-Vaccination-Trends-in-the-United-States-N/rh2h-3yt2,446981881,226299401,196910411,33080735
United States,2021-11-13,"Johnson&Johnson, Moderna, Pfizer/BioNTech",https://data.cdc.gov/Vaccinations/COVID-19-Vaccination-Trends-in-the-United-States-N/rh2h-3yt2,448145549,226832413,197012588,33611819
United States,2021-11-14,"Johnson&Johnson, Moderna, Pfizer/BioNTech",https://data.cdc.gov/Vaccinations/COVID-19-Vaccination-Trends-in-the-United-States-N/rh2h-3yt2,448719216,227072794,197072854,33887518
United States,2021-11-15,"Johnson&Johnson, Moderna, Pfizer/BioNTech",https://data.cdc.gov/Vaccinations/COVID-19-Vaccination-Trends-in-the-United-States-N/rh2h-3yt2,450252309,227534373,197238818,34801420
United States,2021-11-16,"Johnson&Johnson, Moderna, Pfizer/BioNTech",https://data.cdc.gov/Vaccinations/COVID-19-Vaccination-Trends-in-the-United-States-N/rh2h-3yt2,451914873,228023303,197404812,35818740
United States,2021-11-17,"Johnson&Johnson, Moderna, Pfizer/BioNTech",https://data.cdc.gov/Vaccinations/COVID-19-Vaccination-Trends-in-the-United-States-N/rh2h-3yt2,453654007,228530464,197576048,36888574
United States,2021-11-18,"Johnson&Johnson, Moderna, Pfizer/BioNTech",https://data.cdc.gov/Vaccinations/COVID-19-Vaccination-Trends-in-the-United-States-N/rh2h-3yt2,455421013,229037908,197746292,37986910
United States,2021-11-19,"Johnson&Johnson, Moderna, Pfizer/BioNTech",https://data.cdc.gov/Vaccinations/COVID-19-Vaccination-Trends-in-the-United-States-N/rh2h-3yt2,457471029,229621266,197939792,39269149
United States,2021-11-20,"Johnson&Johnson, Moderna, Pfizer/BioNTech",https://data.cdc.gov/Vaccinations/COVID-19-Vaccination-Trends-in-the-United-States-N/rh2h-3yt2,458691633,230080369,198039954,39934284
United States,2021-11-21,"Johnson&Johnson, Moderna, Pfizer/BioNTech",https://data.cdc.gov/Vaccinations/COVID-19-Vaccination-Trends-in-the-United-States-N/rh2h-3yt2,459328089,230287051,198099523,40306680
United States,2021-11-22,"Johnson&Johnson, Moderna, Pfizer/BioNTech",https://data.cdc.gov/Vaccinations/COVID-19-Vaccination-Trends-in-the-United-States-N/rh2h-3yt2,461119596,230777305,198269683,41445116
United States,2021-11-23,"Johnson&Johnson, Moderna, Pfizer/BioNTech",https://data.cdc.gov/Vaccinations/COVID-19-Vaccination-Trends-in-the-United-States-N/rh2h-3yt2,462889314,231268723,198434251,42566992
United States,2021-11-24,"Johnson&Johnson, Moderna, Pfizer/BioNTech",https://data.cdc.gov/Vaccinations/COVID-19-Vaccination-Trends-in-the-United-States-N/rh2h-3yt2,464257129,231671931,198586707,43387520
United States,2021-11-25,"Johnson&Johnson, Moderna, Pfizer/BioNTech",https://data.cdc.gov/Vaccinations/COVID-19-Vaccination-Trends-in-the-United-States-N/rh2h-3yt2,464284021,231680921,198591639,43400507
United States,2021-11-26,"Johnson&Johnson, Moderna, Pfizer/BioNTech",https://data.cdc.gov/Vaccinations/COVID-19-Vaccination-Trends-in-the-United-States-N/rh2h-3yt2,465474448,231993415,198765669,44108894
United States,2021-11-27,"Johnson&Johnson, Moderna, Pfizer/BioNTech",https://data.cdc.gov/Vaccinations/COVID-19-Vaccination-Trends-in-the-United-States-N/rh2h-3yt2,466355201,232213819,198962202,44575942
United States,2021-11-28,"Johnson&Johnson, Moderna, Pfizer/BioNTech",https://data.cdc.gov/Vaccinations/COVID-19-Vaccination-Trends-in-the-United-States-N/rh2h-3yt2,466936137,232356482,199107664,44870629
United States,2021-11-29,"Johnson&Johnson, Moderna, Pfizer/BioNTech",https://data.cdc.gov/Vaccinations/COVID-19-Vaccination-Trends-in-the-United-States-N/rh2h-3yt2,468577258,232712257,199464738,45807195
United States,2021-11-30,"Johnson&Johnson, Moderna, Pfizer/BioNTech",https://data.cdc.gov/Vaccinations/COVID-19-Vaccination-Trends-in-the-United-States-N/rh2h-3yt2,470474541,233118762,199851863,46919978
United States,2021-12-01,"Johnson&Johnson, Moderna, Pfizer/BioNTech",https://data.cdc.gov/Vaccinations/COVID-19-Vaccination-Trends-in-the-United-States-N/rh2h-3yt2,472589458,233577675,200255946,48178175
United States,2021-12-02,"Johnson&Johnson, Moderna, Pfizer/BioNTech",https://data.cdc.gov/Vaccinations/COVID-19-Vaccination-Trends-in-the-United-States-N/rh2h-3yt2,474719549,234025319,200645929,49478461
United States,2021-12-03,"Johnson&Johnson, Moderna, Pfizer/BioNTech",https://data.cdc.gov/Vaccinations/COVID-19-Vaccination-Trends-in-the-United-States-N/rh2h-3yt2,477120519,234511885,201130862,50914942
United States,2021-12-04,"Johnson&Johnson, Moderna, Pfizer/BioNTech",https://data.cdc.gov/Vaccinations/COVID-19-Vaccination-Trends-in-the-United-States-N/rh2h-3yt2,478580684,234813508,201576416,51629872
United States,2021-12-05,"Johnson&Johnson, Moderna, Pfizer/BioNTech",https://data.cdc.gov/Vaccinations/COVID-19-Vaccination-Trends-in-the-United-States-N/rh2h-3yt2,479299645,234979001,201763834,51997306
United States,2021-12-06,"Johnson&Johnson, Moderna, Pfizer/BioNTech",https://data.cdc.gov/Vaccinations/COVID-19-Vaccination-Trends-in-the-United-States-N/rh2h-3yt2,481101376,235368962,202084871,53091457
United States,2021-12-07,"Johnson&Johnson, Moderna, Pfizer/BioNTech",https://data.cdc.gov/Vaccinations/COVID-19-Vaccination-Trends-in-the-United-States-N/rh2h-3yt2,482981279,235771281,202421896,54236238
United States,2021-12-08,"Johnson&Johnson, Moderna, Pfizer/BioNTech",https://data.cdc.gov/Vaccinations/COVID-19-Vaccination-Trends-in-the-United-States-N/rh2h-3yt2,484875486,236178395,202769754,55380672
United States,2021-12-09,"Johnson&Johnson, Moderna, Pfizer/BioNTech",https://data.cdc.gov/Vaccinations/COVID-19-Vaccination-Trends-in-the-United-States-N/rh2h-3yt2,486766476,236582439,203103761,56537453
United States,2021-12-10,"Johnson&Johnson, Moderna, Pfizer/BioNTech",https://data.cdc.gov/Vaccinations/COVID-19-Vaccination-Trends-in-the-United-States-N/rh2h-3yt2,488835944,237005441,203493360,57797859
United States,2021-12-11,"Johnson&Johnson, Moderna, Pfizer/BioNTech",https://data.cdc.gov/Vaccinations/COVID-19-Vaccination-Trends-in-the-United-States-N/rh2h-3yt2,490074202,237271727,203823660,58439635
United States,2021-12-12,"Johnson&Johnson, Moderna, Pfizer/BioNTech",https://data.cdc.gov/Vaccinations/COVID-19-Vaccination-Trends-in-the-United-States-N/rh2h-3yt2,490694967,237423825,203950410,58783253
United States,2021-12-13,"Johnson&Johnson, Moderna, Pfizer/BioNTech",https://data.cdc.gov/Vaccinations/COVID-19-Vaccination-Trends-in-the-United-States-N/rh2h-3yt2,492287027,237771097,204224740,59757556
United States,2021-12-14,"Johnson&Johnson, Moderna, Pfizer/BioNTech",https://data.cdc.gov/Vaccinations/COVID-19-Vaccination-Trends-in-the-United-States-N/rh2h-3yt2,493974515,238137386,204506694,60802038
United States,2021-12-15,"Johnson&Johnson, Moderna, Pfizer/BioNTech",https://data.cdc.gov/Vaccinations/COVID-19-Vaccination-Trends-in-the-United-States-N/rh2h-3yt2,495660614,238514270,204763212,61859716
United States,2021-12-16,"Johnson&Johnson, Moderna, Pfizer/BioNTech",https://data.cdc.gov/Vaccinations/COVID-19-Vaccination-Trends-in-the-United-States-N/rh2h-3yt2,497319036,238902179,204930666,62968626
United States,2021-12-17,"Johnson&Johnson, Moderna, Pfizer/BioNTech",https://data.cdc.gov/Vaccinations/COVID-19-Vaccination-Trends-in-the-United-States-N/rh2h-3yt2,499218099,239333557,205179345,64188608
United States,2021-12-18,"Johnson&Johnson, Moderna, Pfizer/BioNTech",https://data.cdc.gov/Vaccinations/COVID-19-Vaccination-Trends-in-the-United-States-N/rh2h-3yt2,500323504,239621344,205340087,64845407
United States,2021-12-19,"Johnson&Johnson, Moderna, Pfizer/BioNTech",https://data.cdc.gov/Vaccinations/COVID-19-Vaccination-Trends-in-the-United-States-N/rh2h-3yt2,500955566,239791063,205420856,65226859
United States,2021-12-20,"Johnson&Johnson, Moderna, Pfizer/BioNTech",https://data.cdc.gov/Vaccinations/COVID-19-Vaccination-Trends-in-the-United-States-N/rh2h-3yt2,502764786,240232322,205644224,66371696
United States,2021-12-21,"Johnson&Johnson, Moderna, Pfizer/BioNTech",https://data.cdc.gov/Vaccinations/COVID-19-Vaccination-Trends-in-the-United-States-N/rh2h-3yt2,504700290,240698353,205883131,67601539
United States,2021-12-22,"Johnson&Johnson, Moderna, Pfizer/BioNTech",https://data.cdc.gov/Vaccinations/COVID-19-Vaccination-Trends-in-the-United-States-N/rh2h-3yt2,506529474,241144651,206118615,68749885
United States,2021-12-23,"Johnson&Johnson, Moderna, Pfizer/BioNTech",https://data.cdc.gov/Vaccinations/COVID-19-Vaccination-Trends-in-the-United-States-N/rh2h-3yt2,507963723,241512150,206294083,69642105
United States,2021-12-24,"Johnson&Johnson, Moderna, Pfizer/BioNTech",https://data.cdc.gov/Vaccinations/COVID-19-Vaccination-Trends-in-the-United-States-N/rh2h-3yt2,508338442,241616018,206349971,69858294
United States,2021-12-25,"Johnson&Johnson, Moderna, Pfizer/BioNTech",https://data.cdc.gov/Vaccinations/COVID-19-Vaccination-Trends-in-the-United-States-N/rh2h-3yt2,508344532,241618001,206350849,69861500
United States,2021-12-26,"Johnson&Johnson, Moderna, Pfizer/BioNTech",https://data.cdc.gov/Vaccinations/COVID-19-Vaccination-Trends-in-the-United-States-N/rh2h-3yt2,508816833,241750250,206432723,70119457
United States,2021-12-27,"Johnson&Johnson, Moderna, Pfizer/BioNTech",https://data.cdc.gov/Vaccinations/COVID-19-Vaccination-Trends-in-the-United-States-N/rh2h-3yt2,510316355,242144428,206658777,70999546
United States,2021-12-28,"Johnson&Johnson, Moderna, Pfizer/BioNTech",https://data.cdc.gov/Vaccinations/COVID-19-Vaccination-Trends-in-the-United-States-N/rh2h-3yt2,511972870,242577792,206895930,71986504
United States,2021-12-29,"Johnson&Johnson, Moderna, Pfizer/BioNTech",https://data.cdc.gov/Vaccinations/COVID-19-Vaccination-Trends-in-the-United-States-N/rh2h-3yt2,513612298,243012052,207128804,72959699
United States,2021-12-30,"Johnson&Johnson, Moderna, Pfizer/BioNTech",https://data.cdc.gov/Vaccinations/COVID-19-Vaccination-Trends-in-the-United-States-N/rh2h-3yt2,515109596,243413599,207339754,73846107
United States,2021-12-31,"Johnson&Johnson, Moderna, Pfizer/BioNTech",https://data.cdc.gov/Vaccinations/COVID-19-Vaccination-Trends-in-the-United-States-N/rh2h-3yt2,515705756,243575051,207431464,74189860
United States,2022-01-01,"Johnson&Johnson, Moderna, Pfizer/BioNTech",https://data.cdc.gov/Vaccinations/COVID-19-Vaccination-Trends-in-the-United-States-N/rh2h-3yt2,515803917,243608092,207446971,74239293
United States,2022-01-02,"Johnson&Johnson, Moderna, Pfizer/BioNTech",https://data.cdc.gov/Vaccinations/COVID-19-Vaccination-Trends-in-the-United-States-N/rh2h-3yt2,516292600,243745238,207536032,74502123
United States,2022-01-03,"Johnson&Johnson, Moderna, Pfizer/BioNTech",https://data.cdc.gov/Vaccinations/COVID-19-Vaccination-Trends-in-the-United-States-N/rh2h-3yt2,517505125,244087082,207728759,75182807
United States,2022-01-04,"Johnson&Johnson, Moderna, Pfizer/BioNTech",https://data.cdc.gov/Vaccinations/COVID-19-Vaccination-Trends-in-the-United-States-N/rh2h-3yt2,518887335,244460185,207939306,75984032
United States,2022-01-05,"Johnson&Johnson, Moderna, Pfizer/BioNTech",https://data.cdc.gov/Vaccinations/COVID-19-Vaccination-Trends-in-the-United-States-N/rh2h-3yt2,520297887,244839857,208147661,76809551
United States,2022-01-06,"Johnson&Johnson, Moderna, Pfizer/BioNTech",https://data.cdc.gov/Vaccinations/COVID-19-Vaccination-Trends-in-the-United-States-N/rh2h-3yt2,521720430,245210031,208355774,77655937
United States,2022-01-07,"Johnson&Johnson, Moderna, Pfizer/BioNTech",https://data.cdc.gov/Vaccinations/COVID-19-Vaccination-Trends-in-the-United-States-N/rh2h-3yt2,523316592,245609227,208595233,78614851
United States,2022-01-08,"Johnson&Johnson, Moderna, Pfizer/BioNTech",https://data.cdc.gov/Vaccinations/COVID-19-Vaccination-Trends-in-the-United-States-N/rh2h-3yt2,524339034,245883670,208766387,79192149
United States,2022-01-09,"Johnson&Johnson, Moderna, Pfizer/BioNTech",https://data.cdc.gov/Vaccinations/COVID-19-Vaccination-Trends-in-the-United-States-N/rh2h-3yt2,524824883,246025749,208839579,79463206
United States,2022-01-10,"Johnson&Johnson, Moderna, Pfizer/BioNTech",https://data.cdc.gov/Vaccinations/COVID-19-Vaccination-Trends-in-the-United-States-N/rh2h-3yt2,526049859,246355858,209025745,80174698
United States,2022-01-11,"Johnson&Johnson, Moderna, Pfizer/BioNTech",https://data.cdc.gov/Vaccinations/COVID-19-Vaccination-Trends-in-the-United-States-N/rh2h-3yt2,527322918,246694571,209223094,80913758
United States,2022-01-12,"Johnson&Johnson, Moderna, Pfizer/BioNTech",https://data.cdc.gov/Vaccinations/COVID-19-Vaccination-Trends-in-the-United-States-N/rh2h-3yt2,528594477,247033826,209418739,81652849
United States,2022-01-13,"Johnson&Johnson, Moderna, Pfizer/BioNTech",https://data.cdc.gov/Vaccinations/COVID-19-Vaccination-Trends-in-the-United-States-N/rh2h-3yt2,529844002,247368349,209602621,82385042
United States,2022-01-14,"Johnson&Johnson, Moderna, Pfizer/BioNTech",https://data.cdc.gov/Vaccinations/COVID-19-Vaccination-Trends-in-the-United-States-N/rh2h-3yt2,531271556,247747489,209773414,83262351
United States,2022-01-15,"Johnson&Johnson, Moderna, Pfizer/BioNTech",https://data.cdc.gov/Vaccinations/COVID-19-Vaccination-Trends-in-the-United-States-N/rh2h-3yt2,532039899,247973292,209858634,83719082
United States,2022-01-16,"Johnson&Johnson, Moderna, Pfizer/BioNTech",https://data.cdc.gov/Vaccinations/COVID-19-Vaccination-Trends-in-the-United-States-N/rh2h-3yt2,532421479,248079596,209915227,83937415
United States,2022-01-17,"Johnson&Johnson, Moderna, Pfizer/BioNTech",https://data.cdc.gov/Vaccinations/COVID-19-Vaccination-Trends-in-the-United-States-N/rh2h-3yt2,533227490,248297353,210051808,84388037
United States,2022-01-18,"Johnson&Johnson, Moderna, Pfizer/BioNTech",https://data.cdc.gov/Vaccinations/COVID-19-Vaccination-Trends-in-the-United-States-N/rh2h-3yt2,534194306,248554578,210234262,84913912
United States,2022-01-19,"Johnson&Johnson, Moderna, Pfizer/BioNTech",https://data.cdc.gov/Vaccinations/COVID-19-Vaccination-Trends-in-the-United-States-N/rh2h-3yt2,535141706,248812427,210414707,85421913
United States,2022-01-20,"Johnson&Johnson, Moderna, Pfizer/BioNTech",https://data.cdc.gov/Vaccinations/COVID-19-Vaccination-Trends-in-the-United-States-N/rh2h-3yt2,536042657,249056151,210585243,85907095
United States,2022-01-21,"Johnson&Johnson, Moderna, Pfizer/BioNTech",https://data.cdc.gov/Vaccinations/COVID-19-Vaccination-Trends-in-the-United-States-N/rh2h-3yt2,537082442,249338282,210740879,86507044
United States,2022-01-22,"Johnson&Johnson, Moderna, Pfizer/BioNTech",https://data.cdc.gov/Vaccinations/COVID-19-Vaccination-Trends-in-the-United-States-N/rh2h-3yt2,537682259,249514558,210820617,86849277
United States,2022-01-23,"Johnson&Johnson, Moderna, Pfizer/BioNTech",https://data.cdc.gov/Vaccinations/COVID-19-Vaccination-Trends-in-the-United-States-N/rh2h-3yt2,538004526,249607407,210882892,87015905
United States,2022-01-24,"Johnson&Johnson, Moderna, Pfizer/BioNTech",https://data.cdc.gov/Vaccinations/COVID-19-Vaccination-Trends-in-the-United-States-N/rh2h-3yt2,538770013,249812785,211037786,87419171
United States,2022-01-25,"Johnson&Johnson, Moderna, Pfizer/BioNTech",https://data.cdc.gov/Vaccinations/COVID-19-Vaccination-Trends-in-the-United-States-N/rh2h-3yt2,539542856,250019011,211207484,87814077
United States,2022-01-26,"Johnson&Johnson, Moderna, Pfizer/BioNTech",https://data.cdc.gov/Vaccinations/COVID-19-Vaccination-Trends-in-the-United-States-N/rh2h-3yt2,540303482,250221455,211380520,88197237
United States,2022-01-27,"Johnson&Johnson, Moderna, Pfizer/BioNTech",https://data.cdc.gov/Vaccinations/COVID-19-Vaccination-Trends-in-the-United-States-N/rh2h-3yt2,541060052,250420385,211549219,88583121
United States,2022-01-28,"Johnson&Johnson, Moderna, Pfizer/BioNTech",https://data.cdc.gov/Vaccinations/COVID-19-Vaccination-Trends-in-the-United-States-N/rh2h-3yt2,541975614,250650559,211750664,89062121
United States,2022-01-29,"Johnson&Johnson, Moderna, Pfizer/BioNTech",https://data.cdc.gov/Vaccinations/COVID-19-Vaccination-Trends-in-the-United-States-N/rh2h-3yt2,542428656,250773031,211857863,89282973
United States,2022-01-30,"Johnson&Johnson, Moderna, Pfizer/BioNTech",https://data.cdc.gov/Vaccinations/COVID-19-Vaccination-Trends-in-the-United-States-N/rh2h-3yt2,542683815,250845052,211922428,89400332
United States,2022-01-31,"Johnson&Johnson, Moderna, Pfizer/BioNTech",https://data.cdc.gov/Vaccinations/COVID-19-Vaccination-Trends-in-the-United-States-N/rh2h-3yt2,543287762,251005613,212074344,89688952
United States,2022-02-01,"Johnson&Johnson, Moderna, Pfizer/BioNTech",https://data.cdc.gov/Vaccinations/COVID-19-Vaccination-Trends-in-the-United-States-N/rh2h-3yt2,543867181,251154437,212227059,89963500
United States,2022-02-02,"Johnson&Johnson, Moderna, Pfizer/BioNTech",https://data.cdc.gov/Vaccinations/COVID-19-Vaccination-Trends-in-the-United-States-N/rh2h-3yt2,544409074,251295735,212375000,90212356
United States,2022-02-03,"Johnson&Johnson, Moderna, Pfizer/BioNTech",https://data.cdc.gov/Vaccinations/COVID-19-Vaccination-Trends-in-the-United-States-N/rh2h-3yt2,544904158,251425163,212509158,90441073
United States,2022-02-04,"Johnson&Johnson, Moderna, Pfizer/BioNTech",https://data.cdc.gov/Vaccinations/COVID-19-Vaccination-Trends-in-the-United-States-N/rh2h-3yt2,545530313,251578900,212685955,90732829
United States,2022-02-05,"Johnson&Johnson, Moderna, Pfizer/BioNTech",https://data.cdc.gov/Vaccinations/COVID-19-Vaccination-Trends-in-the-United-States-N/rh2h-3yt2,545950463,251687858,212813463,90913749
United States,2022-02-06,"Johnson&Johnson, Moderna, Pfizer/BioNTech",https://data.cdc.gov/Vaccinations/COVID-19-Vaccination-Trends-in-the-United-States-N/rh2h-3yt2,546155216,251747324,212871376,90999770
United States,2022-02-07,"Johnson&Johnson, Moderna, Pfizer/BioNTech",https://data.cdc.gov/Vaccinations/COVID-19-Vaccination-Trends-in-the-United-States-N/rh2h-3yt2,546615460,251873817,212997682,91202882
United States,2022-02-08,"Johnson&Johnson, Moderna, Pfizer/BioNTech",https://data.cdc.gov/Vaccinations/COVID-19-Vaccination-Trends-in-the-United-States-N/rh2h-3yt2,547092240,251997581,213136916,91412125
United States,2022-02-09,"Johnson&Johnson, Moderna, Pfizer/BioNTech",https://data.cdc.gov/Vaccinations/COVID-19-Vaccination-Trends-in-the-United-States-N/rh2h-3yt2,547576925,252125161,213275689,91626391
United States,2022-02-10,"Johnson&Johnson, Moderna, Pfizer/BioNTech",https://data.cdc.gov/Vaccinations/COVID-19-Vaccination-Trends-in-the-United-States-N/rh2h-3yt2,548056788,252250670,213408739,91843252
United States,2022-02-11,"Johnson&Johnson, Moderna, Pfizer/BioNTech",https://data.cdc.gov/Vaccinations/COVID-19-Vaccination-Trends-in-the-United-States-N/rh2h-3yt2,548646043,252398324,213574013,92113939
United States,2022-02-12,"Johnson&Johnson, Moderna, Pfizer/BioNTech",https://data.cdc.gov/Vaccinations/COVID-19-Vaccination-Trends-in-the-United-States-N/rh2h-3yt2,548976996,252488209,213671690,92254206
United States,2022-02-13,"Johnson&Johnson, Moderna, Pfizer/BioNTech",https://data.cdc.gov/Vaccinations/COVID-19-Vaccination-Trends-in-the-United-States-N/rh2h-3yt2,549122005,252529754,213715511,92312152
United States,2022-02-14,"Johnson&Johnson, Moderna, Pfizer/BioNTech",https://data.cdc.gov/Vaccinations/COVID-19-Vaccination-Trends-in-the-United-States-N/rh2h-3yt2,549444649,252615726,213807489,92452616
United States,2022-02-15,"Johnson&Johnson, Moderna, Pfizer/BioNTech",https://data.cdc.gov/Vaccinations/COVID-19-Vaccination-Trends-in-the-United-States-N/rh2h-3yt2,549822546,252712914,213916470,92619317
United States,2022-02-16,"Johnson&Johnson, Moderna, Pfizer/BioNTech",https://data.cdc.gov/Vaccinations/COVID-19-Vaccination-Trends-in-the-United-States-N/rh2h-3yt2,550208367,252810910,214026066,92792578
United States,2022-02-17,"Johnson&Johnson, Moderna, Pfizer/BioNTech",https://data.cdc.gov/Vaccinations/COVID-19-Vaccination-Trends-in-the-United-States-N/rh2h-3yt2,550587744,252905290,214128781,92968655
United States,2022-02-18,"Johnson&Johnson, Moderna, Pfizer/BioNTech",https://data.cdc.gov/Vaccinations/COVID-19-Vaccination-Trends-in-the-United-States-N/rh2h-3yt2,551077941,253023956,214262253,93198801
United States,2022-02-19,"Johnson&Johnson, Moderna, Pfizer/BioNTech",https://data.cdc.gov/Vaccinations/COVID-19-Vaccination-Trends-in-the-United-States-N/rh2h-3yt2,551341660,253095786,214335136,93314297
United States,2022-02-20,"Johnson&Johnson, Moderna, Pfizer/BioNTech",https://data.cdc.gov/Vaccinations/COVID-19-Vaccination-Trends-in-the-United-States-N/rh2h-3yt2,551486407,253136904,214374502,93376456
United States,2022-02-21,"Johnson&Johnson, Moderna, Pfizer/BioNTech",https://data.cdc.gov/Vaccinations/COVID-19-Vaccination-Trends-in-the-United-States-N/rh2h-3yt2,551783852,253214884,214456879,93507796
United States,2022-02-22,"Johnson&Johnson, Moderna, Pfizer/BioNTech",https://data.cdc.gov/Vaccinations/COVID-19-Vaccination-Trends-in-the-United-States-N/rh2h-3yt2,552097325,253296016,214543760,93647166
United States,2022-02-23,"Johnson&Johnson, Moderna, Pfizer/BioNTech",https://data.cdc.gov/Vaccinations/COVID-19-Vaccination-Trends-in-the-United-States-N/rh2h-3yt2,552397253,253374215,214624377,93782592
United States,2022-02-24,"Johnson&Johnson, Moderna, Pfizer/BioNTech",https://data.cdc.gov/Vaccinations/COVID-19-Vaccination-Trends-in-the-United-States-N/rh2h-3yt2,552658631,253440747,214692581,93903621
United States,2022-02-25,"Johnson&Johnson, Moderna, Pfizer/BioNTech",https://data.cdc.gov/Vaccinations/COVID-19-Vaccination-Trends-in-the-United-States-N/rh2h-3yt2,552940061,253510065,214766447,94036087
United States,2022-02-26,"Johnson&Johnson, Moderna, Pfizer/BioNTech",https://data.cdc.gov/Vaccinations/COVID-19-Vaccination-Trends-in-the-United-States-N/rh2h-3yt2,553065556,253544426,214798050,94093552
United States,2022-02-27,"Johnson&Johnson, Moderna, Pfizer/BioNTech",https://data.cdc.gov/Vaccinations/COVID-19-Vaccination-Trends-in-the-United-States-N/rh2h-3yt2,553079296,253548597,214800782,94100021
United States,2022-02-28,"Johnson&Johnson, Moderna, Pfizer/BioNTech",https://data.cdc.gov/Vaccinations/COVID-19-Vaccination-Trends-in-the-United-States-N/rh2h-3yt2,553079296,253548597,214800782,94100021
