location,date,vaccine,source_url,total_vaccinations,people_vaccinated,people_fully_vaccinated,total_boosters
United Arab Emirates,2021-01-05,"Pfizer/BioNTech, Sinopharm/Beijing, Sinopharm/Wuhan",https://fcsc.gov.ae/en-us/Pages/Covid19/UAE-Covid-19-Updates.aspx,826301,,,
United Arab Emirates,2021-01-06,"Pfizer/BioNTech, Sinopharm/Beijing, Sinopharm/Wuhan",https://fcsc.gov.ae/en-us/Pages/Covid19/UAE-Covid-19-Updates.aspx,826301,,,
United Arab Emirates,2021-01-07,"Pfizer/BioNTech, Sinopharm/Beijing, Sinopharm/Wuhan",https://fcsc.gov.ae/en-us/Pages/Covid19/UAE-Covid-19-Updates.aspx,887697,,,
United Arab Emirates,2021-01-08,"Pfizer/BioNTech, Sinopharm/Beijing, Sinopharm/Wuhan",https://fcsc.gov.ae/en-us/Pages/Covid19/UAE-Covid-19-Updates.aspx,941556,,,
United Arab Emirates,2021-01-09,"Pfizer/BioNTech, Sinopharm/Beijing, Sinopharm/Wuhan",https://fcsc.gov.ae/en-us/Pages/Covid19/UAE-Covid-19-Updates.aspx,1020349,,,
United Arab Emirates,2021-01-10,"Pfizer/BioNTech, Sinopharm/Beijing, Sinopharm/Wuhan",https://twitter.com/NCEMAUAE/status/1348238179673976832,1086568,836568,250000,
United Arab Emirates,2021-01-11,"Pfizer/BioNTech, Sinopharm/Beijing, Sinopharm/Wuhan",https://fcsc.gov.ae/en-us/Pages/Covid19/UAE-Covid-19-Updates.aspx,1167251,,,
United Arab Emirates,2021-01-12,"Pfizer/BioNTech, Sinopharm/Beijing, Sinopharm/Wuhan",https://fcsc.gov.ae/en-us/Pages/Covid19/UAE-Covid-19-Updates.aspx,1275652,,,
United Arab Emirates,2021-01-13,"Pfizer/BioNTech, Sinopharm/Beijing, Sinopharm/Wuhan",https://fcsc.gov.ae/en-us/Pages/Covid19/UAE-Covid-19-Updates.aspx,1394580,,,
United Arab Emirates,2021-01-14,"Pfizer/BioNTech, Sinopharm/Beijing, Sinopharm/Wuhan",https://fcsc.gov.ae/en-us/Pages/Covid19/UAE-Covid-19-Updates.aspx,1527833,,,
United Arab Emirates,2021-01-15,"Pfizer/BioNTech, Sinopharm/Beijing, Sinopharm/Wuhan",https://fcsc.gov.ae/en-us/Pages/Covid19/UAE-Covid-19-Updates.aspx,1665987,,,
United Arab Emirates,2021-01-16,"Pfizer/BioNTech, Sinopharm/Beijing, Sinopharm/Wuhan",https://fcsc.gov.ae/en-us/Pages/Covid19/UAE-Covid-19-Updates.aspx,1797926,,,
United Arab Emirates,2021-01-17,"Pfizer/BioNTech, Sinopharm/Beijing, Sinopharm/Wuhan",https://fcsc.gov.ae/en-us/Pages/Covid19/UAE-Covid-19-Updates.aspx,1882778,,,
United Arab Emirates,2021-01-18,"Pfizer/BioNTech, Sinopharm/Beijing, Sinopharm/Wuhan",https://fcsc.gov.ae/en-us/Pages/Covid19/UAE-Covid-19-Updates.aspx,1971521,,,
United Arab Emirates,2021-01-19,"Pfizer/BioNTech, Sinopharm/Beijing, Sinopharm/Wuhan",https://fcsc.gov.ae/en-us/Pages/Covid19/UAE-Covid-19-Updates.aspx,2065367,,,
United Arab Emirates,2021-01-20,"Pfizer/BioNTech, Sinopharm/Beijing, Sinopharm/Wuhan",https://fcsc.gov.ae/en-us/Pages/Covid19/UAE-Covid-19-Updates.aspx,2161150,,,
United Arab Emirates,2021-01-21,"Pfizer/BioNTech, Sinopharm/Beijing, Sinopharm/Wuhan",https://fcsc.gov.ae/en-us/Pages/Covid19/UAE-Covid-19-Updates.aspx,2246069,,,
United Arab Emirates,2021-01-22,"Pfizer/BioNTech, Sinopharm/Beijing, Sinopharm/Wuhan",https://fcsc.gov.ae/en-us/Pages/Covid19/UAE-Covid-19-Updates.aspx,2339073,,,
United Arab Emirates,2021-01-23,"Pfizer/BioNTech, Sinopharm/Beijing, Sinopharm/Wuhan",https://fcsc.gov.ae/en-us/Pages/Covid19/UAE-Covid-19-Updates.aspx,2426793,,,
United Arab Emirates,2021-01-24,"Pfizer/BioNTech, Sinopharm/Beijing, Sinopharm/Wuhan",https://fcsc.gov.ae/en-us/Pages/Covid19/UAE-Covid-19-Updates.aspx,2487784,,,
United Arab Emirates,2021-01-25,"Pfizer/BioNTech, Sinopharm/Beijing, Sinopharm/Wuhan",https://fcsc.gov.ae/en-us/Pages/Covid19/UAE-Covid-19-Updates.aspx,2571086,,,
United Arab Emirates,2021-01-26,"Pfizer/BioNTech, Sinopharm/Beijing, Sinopharm/Wuhan",https://fcsc.gov.ae/en-us/Pages/Covid19/UAE-Covid-19-Updates.aspx,2677675,,,
United Arab Emirates,2021-01-27,"Pfizer/BioNTech, Sinopharm/Beijing, Sinopharm/Wuhan",https://fcsc.gov.ae/en-us/Pages/Covid19/UAE-Covid-19-Updates.aspx,2764445,,,
United Arab Emirates,2021-01-28,"Pfizer/BioNTech, Sinopharm/Beijing, Sinopharm/Wuhan",https://fcsc.gov.ae/en-us/Pages/Covid19/UAE-Covid-19-Updates.aspx,2868645,,,
United Arab Emirates,2021-01-29,"Pfizer/BioNTech, Sinopharm/Beijing, Sinopharm/Wuhan",https://fcsc.gov.ae/en-us/Pages/Covid19/UAE-Covid-19-Updates.aspx,3006601,,,
United Arab Emirates,2021-01-30,"Pfizer/BioNTech, Sinopharm/Beijing, Sinopharm/Wuhan",https://fcsc.gov.ae/en-us/Pages/Covid19/UAE-Covid-19-Updates.aspx,3114162,,,
United Arab Emirates,2021-01-31,"Pfizer/BioNTech, Sinopharm/Beijing, Sinopharm/Wuhan",https://fcsc.gov.ae/en-us/Pages/Covid19/UAE-Covid-19-Updates.aspx,3334162,,,
United Arab Emirates,2021-02-01,"Pfizer/BioNTech, Sinopharm/Beijing, Sinopharm/Wuhan",https://fcsc.gov.ae/en-us/Pages/Covid19/UAE-Covid-19-Updates.aspx,3440777,,,
United Arab Emirates,2021-02-02,"Pfizer/BioNTech, Sinopharm/Beijing, Sinopharm/Wuhan",https://fcsc.gov.ae/en-us/Pages/Covid19/UAE-Covid-19-Updates.aspx,3564517,,,
United Arab Emirates,2021-02-03,"Pfizer/BioNTech, Sinopharm/Beijing, Sinopharm/Wuhan",https://fcsc.gov.ae/en-us/Pages/Covid19/UAE-Covid-19-Updates.aspx,3691591,,,
United Arab Emirates,2021-02-04,"Pfizer/BioNTech, Sinopharm/Beijing, Sinopharm/Wuhan",https://fcsc.gov.ae/en-us/Pages/Covid19/UAE-Covid-19-Updates.aspx,3849374,,,
United Arab Emirates,2021-02-05,"Pfizer/BioNTech, Sinopharm/Beijing, Sinopharm/Wuhan",https://fcsc.gov.ae/en-us/Pages/Covid19/UAE-Covid-19-Updates.aspx,4008160,,,
United Arab Emirates,2021-02-06,"Pfizer/BioNTech, Sinopharm/Beijing, Sinopharm/Wuhan",https://fcsc.gov.ae/en-us/Pages/Covid19/UAE-Covid-19-Updates.aspx,4201347,,,
United Arab Emirates,2021-02-07,"Pfizer/BioNTech, Sinopharm/Beijing, Sinopharm/Wuhan",https://fcsc.gov.ae/en-us/Pages/Covid19/UAE-Covid-19-Updates.aspx,4313868,,,
United Arab Emirates,2021-02-08,"Oxford/AstraZeneca, Pfizer/BioNTech, Sinopharm/Beijing, Sinopharm/Wuhan, Sputnik V",https://fcsc.gov.ae/en-us/Pages/Covid19/UAE-Covid-19-Updates.aspx,4413649,,,
United Arab Emirates,2021-02-09,"Oxford/AstraZeneca, Pfizer/BioNTech, Sinopharm/Beijing, Sinopharm/Wuhan, Sputnik V",https://fcsc.gov.ae/en-us/Pages/Covid19/UAE-Covid-19-Updates.aspx,4527144,,,
United Arab Emirates,2021-02-10,"Oxford/AstraZeneca, Pfizer/BioNTech, Sinopharm/Beijing, Sinopharm/Wuhan, Sputnik V",https://fcsc.gov.ae/en-us/Pages/Covid19/UAE-Covid-19-Updates.aspx,4684658,,,
United Arab Emirates,2021-02-11,"Oxford/AstraZeneca, Pfizer/BioNTech, Sinopharm/Beijing, Sinopharm/Wuhan, Sputnik V",https://fcsc.gov.ae/en-us/Pages/Covid19/UAE-Covid-19-Updates.aspx,4792208,,,
United Arab Emirates,2021-02-12,"Oxford/AstraZeneca, Pfizer/BioNTech, Sinopharm/Beijing, Sinopharm/Wuhan, Sputnik V",https://fcsc.gov.ae/en-us/Pages/Covid19/UAE-Covid-19-Updates.aspx,4901795,,,
United Arab Emirates,2021-02-13,"Oxford/AstraZeneca, Pfizer/BioNTech, Sinopharm/Beijing, Sinopharm/Wuhan, Sputnik V",https://fcsc.gov.ae/en-us/Pages/Covid19/UAE-Covid-19-Updates.aspx,5005264,,,
United Arab Emirates,2021-02-14,"Oxford/AstraZeneca, Pfizer/BioNTech, Sinopharm/Beijing, Sinopharm/Wuhan, Sputnik V",https://fcsc.gov.ae/en-us/Pages/Covid19/UAE-Covid-19-Updates.aspx,5055231,,,
United Arab Emirates,2021-02-15,"Oxford/AstraZeneca, Pfizer/BioNTech, Sinopharm/Beijing, Sinopharm/Wuhan, Sputnik V",https://fcsc.gov.ae/en-us/Pages/Covid19/UAE-Covid-19-Updates.aspx,5086835,,,
United Arab Emirates,2021-02-16,"Oxford/AstraZeneca, Pfizer/BioNTech, Sinopharm/Beijing, Sinopharm/Wuhan, Sputnik V",https://fcsc.gov.ae/en-us/Pages/Covid19/UAE-Covid-19-Updates.aspx,5198725,,,
United Arab Emirates,2021-02-17,"Oxford/AstraZeneca, Pfizer/BioNTech, Sinopharm/Beijing, Sinopharm/Wuhan, Sputnik V",https://fcsc.gov.ae/en-us/Pages/Covid19/UAE-Covid-19-Updates.aspx,5284406,,,
United Arab Emirates,2021-02-18,"Oxford/AstraZeneca, Pfizer/BioNTech, Sinopharm/Beijing, Sinopharm/Wuhan, Sputnik V",https://fcsc.gov.ae/en-us/Pages/Covid19/UAE-Covid-19-Updates.aspx,5373730,,,
United Arab Emirates,2021-02-19,"Oxford/AstraZeneca, Pfizer/BioNTech, Sinopharm/Beijing, Sinopharm/Wuhan, Sputnik V",https://fcsc.gov.ae/en-us/Pages/Covid19/UAE-Covid-19-Updates.aspx,5466831,,,
United Arab Emirates,2021-02-20,"Oxford/AstraZeneca, Pfizer/BioNTech, Sinopharm/Beijing, Sinopharm/Wuhan, Sputnik V",https://fcsc.gov.ae/en-us/Pages/Covid19/UAE-Covid-19-Updates.aspx,5553391,,,
United Arab Emirates,2021-02-21,"Oxford/AstraZeneca, Pfizer/BioNTech, Sinopharm/Beijing, Sinopharm/Wuhan, Sputnik V",https://fcsc.gov.ae/en-us/Pages/Covid19/UAE-Covid-19-Updates.aspx,5554342,,,
United Arab Emirates,2021-02-22,"Oxford/AstraZeneca, Pfizer/BioNTech, Sinopharm/Beijing, Sinopharm/Wuhan, Sputnik V",https://fcsc.gov.ae/en-us/Pages/Covid19/UAE-Covid-19-Updates.aspx,5557793,,,
United Arab Emirates,2021-02-23,"Oxford/AstraZeneca, Pfizer/BioNTech, Sinopharm/Beijing, Sinopharm/Wuhan, Sputnik V",https://twitter.com/NCEMAUAE/status/1364216211182026752,5668264,3480415,2187849,
United Arab Emirates,2021-02-24,"Oxford/AstraZeneca, Pfizer/BioNTech, Sinopharm/Beijing, Sinopharm/Wuhan, Sputnik V",https://fcsc.gov.ae/en-us/Pages/Covid19/UAE-Covid-19-Updates.aspx,5761463,,,
United Arab Emirates,2021-02-25,"Oxford/AstraZeneca, Pfizer/BioNTech, Sinopharm/Beijing, Sinopharm/Wuhan, Sputnik V",https://fcsc.gov.ae/en-us/Pages/Covid19/UAE-Covid-19-Updates.aspx,5846036,,,
United Arab Emirates,2021-02-26,"Oxford/AstraZeneca, Pfizer/BioNTech, Sinopharm/Beijing, Sinopharm/Wuhan, Sputnik V",https://fcsc.gov.ae/en-us/Pages/Covid19/UAE-Covid-19-Updates.aspx,5933299,,,
United Arab Emirates,2021-02-27,"Oxford/AstraZeneca, Pfizer/BioNTech, Sinopharm/Beijing, Sinopharm/Wuhan, Sputnik V",https://fcsc.gov.ae/en-us/Pages/Covid19/UAE-Covid-19-Updates.aspx,6015089,,,
United Arab Emirates,2021-02-28,"Oxford/AstraZeneca, Pfizer/BioNTech, Sinopharm/Beijing, Sinopharm/Wuhan, Sputnik V",https://fcsc.gov.ae/en-us/Pages/Covid19/UAE-Covid-19-Updates.aspx,6020461,,,
United Arab Emirates,2021-03-01,"Oxford/AstraZeneca, Pfizer/BioNTech, Sinopharm/Beijing, Sinopharm/Wuhan, Sputnik V",https://fcsc.gov.ae/en-us/Pages/Covid19/UAE-Covid-19-Updates.aspx,6028417,,,
United Arab Emirates,2021-03-02,"Oxford/AstraZeneca, Pfizer/BioNTech, Sinopharm/Beijing, Sinopharm/Wuhan, Sputnik V",https://fcsc.gov.ae/en-us/Pages/Covid19/UAE-Covid-19-Updates.aspx,6094956,,,
United Arab Emirates,2021-03-03,"Oxford/AstraZeneca, Pfizer/BioNTech, Sinopharm/Beijing, Sinopharm/Wuhan, Sputnik V",https://fcsc.gov.ae/en-us/Pages/Covid19/UAE-Covid-19-Updates.aspx,6168330,,,
United Arab Emirates,2021-03-04,"Oxford/AstraZeneca, Pfizer/BioNTech, Sinopharm/Beijing, Sinopharm/Wuhan, Sputnik V",https://fcsc.gov.ae/en-us/Pages/Covid19/UAE-Covid-19-Updates.aspx,6204004,,,
United Arab Emirates,2021-03-05,"Oxford/AstraZeneca, Pfizer/BioNTech, Sinopharm/Beijing, Sinopharm/Wuhan, Sputnik V",https://fcsc.gov.ae/en-us/Pages/Covid19/UAE-Covid-19-Updates.aspx,6235316,,,
United Arab Emirates,2021-03-06,"Oxford/AstraZeneca, Pfizer/BioNTech, Sinopharm/Beijing, Sinopharm/Wuhan, Sputnik V",https://fcsc.gov.ae/en-us/Pages/Covid19/UAE-Covid-19-Updates.aspx,6265860,,,
United Arab Emirates,2021-03-07,"Oxford/AstraZeneca, Pfizer/BioNTech, Sinopharm/Beijing, Sinopharm/Wuhan, Sputnik V",https://fcsc.gov.ae/en-us/Pages/Covid19/UAE-Covid-19-Updates.aspx,6273009,,,
United Arab Emirates,2021-03-08,"Oxford/AstraZeneca, Pfizer/BioNTech, Sinopharm/Beijing, Sinopharm/Wuhan, Sputnik V",https://fcsc.gov.ae/en-us/Pages/Covid19/UAE-Covid-19-Updates.aspx,6287751,,,
United Arab Emirates,2021-03-09,"Oxford/AstraZeneca, Pfizer/BioNTech, Sinopharm/Beijing, Sinopharm/Wuhan, Sputnik V",https://fcsc.gov.ae/en-us/Pages/Covid19/UAE-Covid-19-Updates.aspx,6325211,,,
United Arab Emirates,2021-03-10,"Oxford/AstraZeneca, Pfizer/BioNTech, Sinopharm/Beijing, Sinopharm/Wuhan, Sputnik V",https://fcsc.gov.ae/en-us/Pages/Covid19/UAE-Covid-19-Updates.aspx,6367861,,,
United Arab Emirates,2021-03-11,"Oxford/AstraZeneca, Pfizer/BioNTech, Sinopharm/Beijing, Sinopharm/Wuhan, Sputnik V",https://fcsc.gov.ae/en-us/Pages/Covid19/UAE-Covid-19-Updates.aspx,6407350,,,
United Arab Emirates,2021-03-12,"Oxford/AstraZeneca, Pfizer/BioNTech, Sinopharm/Beijing, Sinopharm/Wuhan, Sputnik V",https://fcsc.gov.ae/en-us/Pages/Covid19/UAE-Covid-19-Updates.aspx,6462887,,,
United Arab Emirates,2021-03-13,"Oxford/AstraZeneca, Pfizer/BioNTech, Sinopharm/Beijing, Sinopharm/Wuhan, Sputnik V",http://covid19.ncema.gov.ae/en,6516723,,,
United Arab Emirates,2021-03-14,"Oxford/AstraZeneca, Pfizer/BioNTech, Sinopharm/Beijing, Sinopharm/Wuhan, Sputnik V",http://covid19.ncema.gov.ae/en,6540912,,,
United Arab Emirates,2021-03-15,"Oxford/AstraZeneca, Pfizer/BioNTech, Sinopharm/Beijing, Sinopharm/Wuhan, Sputnik V",http://covid19.ncema.gov.ae/en,6578881,,,
United Arab Emirates,2021-03-16,"Oxford/AstraZeneca, Pfizer/BioNTech, Sinopharm/Beijing, Sinopharm/Wuhan, Sputnik V",http://covid19.ncema.gov.ae/en,6668627,,,
United Arab Emirates,2021-03-17,"Oxford/AstraZeneca, Pfizer/BioNTech, Sinopharm/Beijing, Sinopharm/Wuhan, Sputnik V",http://covid19.ncema.gov.ae/en,6830369,,,
United Arab Emirates,2021-03-18,"Oxford/AstraZeneca, Pfizer/BioNTech, Sinopharm/Beijing, Sinopharm/Wuhan, Sputnik V",http://covid19.ncema.gov.ae/en,6980466,,,
United Arab Emirates,2021-03-19,"Oxford/AstraZeneca, Pfizer/BioNTech, Sinopharm/Beijing, Sinopharm/Wuhan, Sputnik V",http://covid19.ncema.gov.ae/en,7124146,,,
United Arab Emirates,2021-03-20,"Oxford/AstraZeneca, Pfizer/BioNTech, Sinopharm/Beijing, Sinopharm/Wuhan, Sputnik V",http://covid19.ncema.gov.ae/en,7181056,,,
United Arab Emirates,2021-03-21,"Oxford/AstraZeneca, Pfizer/BioNTech, Sinopharm/Beijing, Sinopharm/Wuhan, Sputnik V",http://covid19.ncema.gov.ae/en,7298768,,,
United Arab Emirates,2021-03-22,"Oxford/AstraZeneca, Pfizer/BioNTech, Sinopharm/Beijing, Sinopharm/Wuhan, Sputnik V",http://covid19.ncema.gov.ae/en,7374725,,,
United Arab Emirates,2021-03-23,"Oxford/AstraZeneca, Pfizer/BioNTech, Sinopharm/Beijing, Sinopharm/Wuhan, Sputnik V",http://covid19.ncema.gov.ae/en,7477881,,,
United Arab Emirates,2021-03-24,"Oxford/AstraZeneca, Pfizer/BioNTech, Sinopharm/Beijing, Sinopharm/Wuhan, Sputnik V",http://covid19.ncema.gov.ae/en,7603328,,,
United Arab Emirates,2021-03-25,"Oxford/AstraZeneca, Pfizer/BioNTech, Sinopharm/Beijing, Sinopharm/Wuhan, Sputnik V",http://covid19.ncema.gov.ae/en,7730375,,,
United Arab Emirates,2021-03-26,"Oxford/AstraZeneca, Pfizer/BioNTech, Sinopharm/Beijing, Sinopharm/Wuhan, Sputnik V",http://covid19.ncema.gov.ae/en,7799517,,,
United Arab Emirates,2021-03-27,"Oxford/AstraZeneca, Pfizer/BioNTech, Sinopharm/Beijing, Sinopharm/Wuhan, Sputnik V",http://covid19.ncema.gov.ae/en,7959682,,,
United Arab Emirates,2021-03-28,"Oxford/AstraZeneca, Pfizer/BioNTech, Sinopharm/Beijing, Sinopharm/Wuhan, Sputnik V",http://covid19.ncema.gov.ae/en,8081751,,,
United Arab Emirates,2021-03-29,"Oxford/AstraZeneca, Pfizer/BioNTech, Sinopharm/Beijing, Sinopharm/Wuhan, Sputnik V",http://covid19.ncema.gov.ae/en,8133841,,,
United Arab Emirates,2021-03-30,"Oxford/AstraZeneca, Pfizer/BioNTech, Sinopharm/Beijing, Sinopharm/Wuhan, Sputnik V",http://covid19.ncema.gov.ae/en,8220783,,,
United Arab Emirates,2021-03-31,"Oxford/AstraZeneca, Pfizer/BioNTech, Sinopharm/Beijing, Sinopharm/Wuhan, Sputnik V",http://covid19.ncema.gov.ae/en,8308469,,,
United Arab Emirates,2021-04-01,"Oxford/AstraZeneca, Pfizer/BioNTech, Sinopharm/Beijing, Sinopharm/Wuhan, Sputnik V",http://covid19.ncema.gov.ae/en,8391302,,,
United Arab Emirates,2021-04-02,"Oxford/AstraZeneca, Pfizer/BioNTech, Sinopharm/Beijing, Sinopharm/Wuhan, Sputnik V",http://covid19.ncema.gov.ae/en,8491382,,,
United Arab Emirates,2021-04-03,"Oxford/AstraZeneca, Pfizer/BioNTech, Sinopharm/Beijing, Sinopharm/Wuhan, Sputnik V",http://covid19.ncema.gov.ae/en,8559291,,,
United Arab Emirates,2021-04-04,"Oxford/AstraZeneca, Pfizer/BioNTech, Sinopharm/Beijing, Sinopharm/Wuhan, Sputnik V",http://covid19.ncema.gov.ae/en,8578979,,,
United Arab Emirates,2021-04-05,"Oxford/AstraZeneca, Pfizer/BioNTech, Sinopharm/Beijing, Sinopharm/Wuhan, Sputnik V",http://covid19.ncema.gov.ae/en,8596722,,,
United Arab Emirates,2021-04-06,"Oxford/AstraZeneca, Pfizer/BioNTech, Sinopharm/Beijing, Sinopharm/Wuhan, Sputnik V",http://covid19.ncema.gov.ae/en,8659503,,,
United Arab Emirates,2021-04-07,"Oxford/AstraZeneca, Pfizer/BioNTech, Sinopharm/Beijing, Sinopharm/Wuhan, Sputnik V",http://covid19.ncema.gov.ae/en,8707073,,,
United Arab Emirates,2021-04-08,"Oxford/AstraZeneca, Pfizer/BioNTech, Sinopharm/Beijing, Sinopharm/Wuhan, Sputnik V",http://covid19.ncema.gov.ae/en,8889571,,,
United Arab Emirates,2021-04-09,"Oxford/AstraZeneca, Pfizer/BioNTech, Sinopharm/Beijing, Sinopharm/Wuhan, Sputnik V",http://covid19.ncema.gov.ae/en,8923543,,,
United Arab Emirates,2021-04-10,"Oxford/AstraZeneca, Pfizer/BioNTech, Sinopharm/Beijing, Sinopharm/Wuhan, Sputnik V",http://covid19.ncema.gov.ae/en,8975014,,,
United Arab Emirates,2021-04-11,"Oxford/AstraZeneca, Pfizer/BioNTech, Sinopharm/Beijing, Sinopharm/Wuhan, Sputnik V",http://covid19.ncema.gov.ae/en,9005444,,,
United Arab Emirates,2021-04-12,"Oxford/AstraZeneca, Pfizer/BioNTech, Sinopharm/Beijing, Sinopharm/Wuhan, Sputnik V",http://covid19.ncema.gov.ae/en,9037923,,,
United Arab Emirates,2021-04-13,"Oxford/AstraZeneca, Pfizer/BioNTech, Sinopharm/Beijing, Sinopharm/Wuhan, Sputnik V",http://covid19.ncema.gov.ae/en,9156728,,,
United Arab Emirates,2021-04-14,"Oxford/AstraZeneca, Pfizer/BioNTech, Sinopharm/Beijing, Sinopharm/Wuhan, Sputnik V",http://covid19.ncema.gov.ae/en,9295462,,,
United Arab Emirates,2021-04-15,"Oxford/AstraZeneca, Pfizer/BioNTech, Sinopharm/Beijing, Sinopharm/Wuhan, Sputnik V",http://covid19.ncema.gov.ae/en,9387344,,,
United Arab Emirates,2021-04-16,"Oxford/AstraZeneca, Pfizer/BioNTech, Sinopharm/Beijing, Sinopharm/Wuhan, Sputnik V",http://covid19.ncema.gov.ae/en,9489684,,,
United Arab Emirates,2021-04-17,"Oxford/AstraZeneca, Pfizer/BioNTech, Sinopharm/Beijing, Sinopharm/Wuhan, Sputnik V",http://covid19.ncema.gov.ae/en,9601463,,,
United Arab Emirates,2021-04-18,"Oxford/AstraZeneca, Pfizer/BioNTech, Sinopharm/Beijing, Sinopharm/Wuhan, Sputnik V",http://covid19.ncema.gov.ae/en,9630200,,,
United Arab Emirates,2021-04-19,"Oxford/AstraZeneca, Pfizer/BioNTech, Sinopharm/Beijing, Sinopharm/Wuhan, Sputnik V",http://covid19.ncema.gov.ae/en,9675205,,,
United Arab Emirates,2021-04-20,"Oxford/AstraZeneca, Pfizer/BioNTech, Sinopharm/Beijing, Sinopharm/Wuhan, Sputnik V",https://twitter.com/NCEMAUAE/status/1384577143439609858,,5081853,3836521,
United Arab Emirates,2021-04-21,"Oxford/AstraZeneca, Pfizer/BioNTech, Sinopharm/Beijing, Sinopharm/Wuhan, Sputnik V",http://covid19.ncema.gov.ae/en,9900002,,,
United Arab Emirates,2021-04-22,"Oxford/AstraZeneca, Pfizer/BioNTech, Sinopharm/Beijing, Sinopharm/Wuhan, Sputnik V",http://covid19.ncema.gov.ae/en,10001241,,,
United Arab Emirates,2021-04-23,"Oxford/AstraZeneca, Pfizer/BioNTech, Sinopharm/Beijing, Sinopharm/Wuhan, Sputnik V",http://covid19.ncema.gov.ae/en,10194266,,,
United Arab Emirates,2021-04-25,"Oxford/AstraZeneca, Pfizer/BioNTech, Sinopharm/Beijing, Sinopharm/Wuhan, Sputnik V",http://covid19.ncema.gov.ae/en,10215846,,,
United Arab Emirates,2021-04-26,"Oxford/AstraZeneca, Pfizer/BioNTech, Sinopharm/Beijing, Sinopharm/Wuhan, Sputnik V",http://covid19.ncema.gov.ae/en,10254053,,,
United Arab Emirates,2021-04-27,"Oxford/AstraZeneca, Pfizer/BioNTech, Sinopharm/Beijing, Sinopharm/Wuhan, Sputnik V",http://covid19.ncema.gov.ae/en,10336214,,,
United Arab Emirates,2021-04-28,"Oxford/AstraZeneca, Pfizer/BioNTech, Sinopharm/Beijing, Sinopharm/Wuhan, Sputnik V",http://covid19.ncema.gov.ae/en,10466251,,,
United Arab Emirates,2021-04-29,"Oxford/AstraZeneca, Pfizer/BioNTech, Sinopharm/Beijing, Sinopharm/Wuhan, Sputnik V",http://covid19.ncema.gov.ae/en,10547584,,,
United Arab Emirates,2021-05-01,"Oxford/AstraZeneca, Pfizer/BioNTech, Sinopharm/Beijing, Sinopharm/Wuhan, Sputnik V",http://covid19.ncema.gov.ae/en,10609950,,,
United Arab Emirates,2021-05-02,"Oxford/AstraZeneca, Pfizer/BioNTech, Sinopharm/Beijing, Sinopharm/Wuhan, Sputnik V",http://covid19.ncema.gov.ae/en,10634693,,,
United Arab Emirates,2021-05-03,"Oxford/AstraZeneca, Pfizer/BioNTech, Sinopharm/Beijing, Sinopharm/Wuhan, Sputnik V",http://covid19.ncema.gov.ae/en,10666924,,,
United Arab Emirates,2021-05-04,"Oxford/AstraZeneca, Pfizer/BioNTech, Sinopharm/Beijing, Sinopharm/Wuhan, Sputnik V",http://covid19.ncema.gov.ae/en,10779163,,,
United Arab Emirates,2021-05-05,"Oxford/AstraZeneca, Pfizer/BioNTech, Sinopharm/Beijing, Sinopharm/Wuhan, Sputnik V",http://covid19.ncema.gov.ae/en,10834453,,,
United Arab Emirates,2021-05-06,"Oxford/AstraZeneca, Pfizer/BioNTech, Sinopharm/Beijing, Sinopharm/Wuhan, Sputnik V",http://covid19.ncema.gov.ae/en,10907264,,,
United Arab Emirates,2021-05-07,"Oxford/AstraZeneca, Pfizer/BioNTech, Sinopharm/Beijing, Sinopharm/Wuhan, Sputnik V",http://covid19.ncema.gov.ae/en,11048547,,,
United Arab Emirates,2021-05-08,"Oxford/AstraZeneca, Pfizer/BioNTech, Sinopharm/Beijing, Sinopharm/Wuhan, Sputnik V",http://covid19.ncema.gov.ae/en,11126889,,,
United Arab Emirates,2021-05-09,"Oxford/AstraZeneca, Pfizer/BioNTech, Sinopharm/Beijing, Sinopharm/Wuhan, Sputnik V",http://covid19.ncema.gov.ae/en,11145934,,,
United Arab Emirates,2021-05-10,"Oxford/AstraZeneca, Pfizer/BioNTech, Sinopharm/Beijing, Sinopharm/Wuhan, Sputnik V",http://covid19.ncema.gov.ae/en,11186348,,,
United Arab Emirates,2021-05-11,"Oxford/AstraZeneca, Pfizer/BioNTech, Sinopharm/Beijing, Sinopharm/Wuhan, Sputnik V",http://covid19.ncema.gov.ae/en,11273344,,,
United Arab Emirates,2021-05-12,"Oxford/AstraZeneca, Pfizer/BioNTech, Sinopharm/Beijing, Sinopharm/Wuhan, Sputnik V",http://covid19.ncema.gov.ae/en,11366954,,,
United Arab Emirates,2021-05-13,"Oxford/AstraZeneca, Pfizer/BioNTech, Sinopharm/Beijing, Sinopharm/Wuhan, Sputnik V",http://covid19.ncema.gov.ae/en,11422565,,,
United Arab Emirates,2021-05-14,"Oxford/AstraZeneca, Pfizer/BioNTech, Sinopharm/Beijing, Sinopharm/Wuhan, Sputnik V",http://covid19.ncema.gov.ae/en,11445680,,,
United Arab Emirates,2021-05-15,"Oxford/AstraZeneca, Pfizer/BioNTech, Sinopharm/Beijing, Sinopharm/Wuhan, Sputnik V",http://covid19.ncema.gov.ae/en,11448363,,,
United Arab Emirates,2021-05-16,"Oxford/AstraZeneca, Pfizer/BioNTech, Sinopharm/Beijing, Sinopharm/Wuhan, Sputnik V",http://covid19.ncema.gov.ae/en,11450769,,,
United Arab Emirates,2021-05-17,"Oxford/AstraZeneca, Pfizer/BioNTech, Sinopharm/Beijing, Sinopharm/Wuhan, Sputnik V",http://covid19.ncema.gov.ae/en,11489475,,,
United Arab Emirates,2021-05-18,"Oxford/AstraZeneca, Pfizer/BioNTech, Sinopharm/Beijing, Sinopharm/Wuhan, Sputnik V",http://covid19.ncema.gov.ae/en,11594068,,,
United Arab Emirates,2021-05-19,"Oxford/AstraZeneca, Pfizer/BioNTech, Sinopharm/Beijing, Sinopharm/Wuhan, Sputnik V",http://covid19.ncema.gov.ae/en,11704191,,,
United Arab Emirates,2021-05-20,"Oxford/AstraZeneca, Pfizer/BioNTech, Sinopharm/Beijing, Sinopharm/Wuhan, Sputnik V",http://covid19.ncema.gov.ae/en,11822054,,,
United Arab Emirates,2021-05-21,"Oxford/AstraZeneca, Pfizer/BioNTech, Sinopharm/Beijing, Sinopharm/Wuhan, Sputnik V",http://covid19.ncema.gov.ae/en,12034349,,,
United Arab Emirates,2021-05-23,"Oxford/AstraZeneca, Pfizer/BioNTech, Sinopharm/Beijing, Sinopharm/Wuhan, Sputnik V",http://covid19.ncema.gov.ae/en,12165848,,,
United Arab Emirates,2021-05-25,"Oxford/AstraZeneca, Pfizer/BioNTech, Sinopharm/Beijing, Sinopharm/Wuhan, Sputnik V",http://covid19.ncema.gov.ae/en,12415548,,,
United Arab Emirates,2021-05-26,"Oxford/AstraZeneca, Pfizer/BioNTech, Sinopharm/Beijing, Sinopharm/Wuhan, Sputnik V",http://covid19.ncema.gov.ae/en,12531970,,,
United Arab Emirates,2021-05-28,"Oxford/AstraZeneca, Pfizer/BioNTech, Sinopharm/Beijing, Sinopharm/Wuhan, Sputnik V",http://covid19.ncema.gov.ae/en,12646025,,,
United Arab Emirates,2021-05-29,"Oxford/AstraZeneca, Pfizer/BioNTech, Sinopharm/Beijing, Sinopharm/Wuhan, Sputnik V",http://covid19.ncema.gov.ae/en,12756630,,,
United Arab Emirates,2021-05-30,"Oxford/AstraZeneca, Pfizer/BioNTech, Sinopharm/Beijing, Sinopharm/Wuhan, Sputnik V",http://covid19.ncema.gov.ae/en,12811422,,,
United Arab Emirates,2021-05-31,"Oxford/AstraZeneca, Pfizer/BioNTech, Sinopharm/Beijing, Sinopharm/Wuhan, Sputnik V",http://covid19.ncema.gov.ae/en,12870553,,,
United Arab Emirates,2021-06-01,"Oxford/AstraZeneca, Pfizer/BioNTech, Sinopharm/Beijing, Sinopharm/Wuhan, Sputnik V",http://covid19.ncema.gov.ae/en,12967716,,,
United Arab Emirates,2021-06-02,"Oxford/AstraZeneca, Pfizer/BioNTech, Sinopharm/Beijing, Sinopharm/Wuhan, Sputnik V",http://covid19.ncema.gov.ae/en,13066261,,,
United Arab Emirates,2021-06-03,"Oxford/AstraZeneca, Pfizer/BioNTech, Sinopharm/Beijing, Sinopharm/Wuhan, Sputnik V",http://covid19.ncema.gov.ae/en,13227344,,,
United Arab Emirates,2021-06-05,"Oxford/AstraZeneca, Pfizer/BioNTech, Sinopharm/Beijing, Sinopharm/Wuhan, Sputnik V",http://covid19.ncema.gov.ae/en,13294010,,,
United Arab Emirates,2021-06-06,"Oxford/AstraZeneca, Pfizer/BioNTech, Sinopharm/Beijing, Sinopharm/Wuhan, Sputnik V",http://covid19.ncema.gov.ae/en,13315751,,,
United Arab Emirates,2021-06-07,"Oxford/AstraZeneca, Pfizer/BioNTech, Sinopharm/Beijing, Sinopharm/Wuhan, Sputnik V",http://covid19.ncema.gov.ae/en,13347300,,,
United Arab Emirates,2021-06-09,"Oxford/AstraZeneca, Pfizer/BioNTech, Sinopharm/Beijing, Sinopharm/Wuhan, Sputnik V",http://covid19.ncema.gov.ae/en,13507943,,,
United Arab Emirates,2021-06-10,"Oxford/AstraZeneca, Pfizer/BioNTech, Sinopharm/Beijing, Sinopharm/Wuhan, Sputnik V",http://covid19.ncema.gov.ae/en,13590206,,,
United Arab Emirates,2021-06-11,"Oxford/AstraZeneca, Pfizer/BioNTech, Sinopharm/Beijing, Sinopharm/Wuhan, Sputnik V",http://covid19.ncema.gov.ae/en,13684429,,,
United Arab Emirates,2021-06-12,"Oxford/AstraZeneca, Pfizer/BioNTech, Sinopharm/Beijing, Sinopharm/Wuhan, Sputnik V",http://covid19.ncema.gov.ae/en,13785663,,,
United Arab Emirates,2021-06-13,"Oxford/AstraZeneca, Pfizer/BioNTech, Sinopharm/Beijing, Sinopharm/Wuhan, Sputnik V",http://covid19.ncema.gov.ae/en,13808426,,,
United Arab Emirates,2021-06-14,"Oxford/AstraZeneca, Pfizer/BioNTech, Sinopharm/Beijing, Sinopharm/Wuhan, Sputnik V",http://covid19.ncema.gov.ae/en,13848062,,,
United Arab Emirates,2021-06-15,"Oxford/AstraZeneca, Pfizer/BioNTech, Sinopharm/Beijing, Sinopharm/Wuhan, Sputnik V",http://covid19.ncema.gov.ae/en,13964439,,,
United Arab Emirates,2021-06-16,"Oxford/AstraZeneca, Pfizer/BioNTech, Sinopharm/Beijing, Sinopharm/Wuhan, Sputnik V",http://covid19.ncema.gov.ae/en,14068507,,,
United Arab Emirates,2021-06-17,"Oxford/AstraZeneca, Pfizer/BioNTech, Sinopharm/Beijing, Sinopharm/Wuhan, Sputnik V",http://covid19.ncema.gov.ae/en,14182020,,,
United Arab Emirates,2021-06-18,"Oxford/AstraZeneca, Pfizer/BioNTech, Sinopharm/Beijing, Sinopharm/Wuhan, Sputnik V",http://covid19.ncema.gov.ae/en,14298438,,,
United Arab Emirates,2021-06-19,"Oxford/AstraZeneca, Pfizer/BioNTech, Sinopharm/Beijing, Sinopharm/Wuhan, Sputnik V",http://covid19.ncema.gov.ae/en,14428916,,,
United Arab Emirates,2021-06-20,"Oxford/AstraZeneca, Pfizer/BioNTech, Sinopharm/Beijing, Sinopharm/Wuhan, Sputnik V",http://covid19.ncema.gov.ae/en,14512626,,,
United Arab Emirates,2021-06-21,"Oxford/AstraZeneca, Pfizer/BioNTech, Sinopharm/Beijing, Sinopharm/Wuhan, Sputnik V",http://covid19.ncema.gov.ae/en,14631482,,,
United Arab Emirates,2021-06-23,"Oxford/AstraZeneca, Pfizer/BioNTech, Sinopharm/Beijing, Sinopharm/Wuhan, Sputnik V",http://covid19.ncema.gov.ae/en,14735666,,,
United Arab Emirates,2021-06-24,"Oxford/AstraZeneca, Pfizer/BioNTech, Sinopharm/Beijing, Sinopharm/Wuhan, Sputnik V",http://covid19.ncema.gov.ae/en,14834355,,,
United Arab Emirates,2021-06-25,"Oxford/AstraZeneca, Pfizer/BioNTech, Sinopharm/Beijing, Sinopharm/Wuhan, Sputnik V",http://covid19.ncema.gov.ae/en,14940031,,,
United Arab Emirates,2021-06-26,"Oxford/AstraZeneca, Pfizer/BioNTech, Sinopharm/Beijing, Sinopharm/Wuhan, Sputnik V",http://covid19.ncema.gov.ae/en,15043227,,,
United Arab Emirates,2021-06-27,"Oxford/AstraZeneca, Pfizer/BioNTech, Sinopharm/Beijing, Sinopharm/Wuhan, Sputnik V",http://covid19.ncema.gov.ae/en,15073743,,,
United Arab Emirates,2021-06-28,"Oxford/AstraZeneca, Pfizer/BioNTech, Sinopharm/Beijing, Sinopharm/Wuhan, Sputnik V",http://covid19.ncema.gov.ae/en,15111234,,,
United Arab Emirates,2021-06-29,"Oxford/AstraZeneca, Pfizer/BioNTech, Sinopharm/Beijing, Sinopharm/Wuhan, Sputnik V",http://covid19.ncema.gov.ae/en,15198661,,,
United Arab Emirates,2021-06-30,"Oxford/AstraZeneca, Pfizer/BioNTech, Sinopharm/Beijing, Sinopharm/Wuhan, Sputnik V",http://covid19.ncema.gov.ae/en,15362342,,,
United Arab Emirates,2021-07-02,"Oxford/AstraZeneca, Pfizer/BioNTech, Sinopharm/Beijing, Sinopharm/Wuhan, Sputnik V",http://covid19.ncema.gov.ae/en,15428281,,,
United Arab Emirates,2021-07-03,"Oxford/AstraZeneca, Pfizer/BioNTech, Sinopharm/Beijing, Sinopharm/Wuhan, Sputnik V",http://covid19.ncema.gov.ae/en,15504238,,,
United Arab Emirates,2021-07-04,"Oxford/AstraZeneca, Pfizer/BioNTech, Sinopharm/Beijing, Sinopharm/Wuhan, Sputnik V",http://covid19.ncema.gov.ae/en,15534207,,,
United Arab Emirates,2021-07-05,"Oxford/AstraZeneca, Pfizer/BioNTech, Sinopharm/Beijing, Sinopharm/Wuhan, Sputnik V",https://fcsc.gov.ae/en-us/Pages/Covid19/UAE-Covid-19-Updates.aspx,15574641,7319003,6329949,
United Arab Emirates,2021-07-06,"Oxford/AstraZeneca, Pfizer/BioNTech, Sinopharm/Beijing, Sinopharm/Wuhan, Sputnik V",https://fcsc.gov.ae/en-us/Pages/Covid19/UAE-Covid-19-Updates.aspx,15650988,7368545,6359697,
United Arab Emirates,2021-07-07,"Oxford/AstraZeneca, Pfizer/BioNTech, Sinopharm/Beijing, Sinopharm/Wuhan, Sputnik V",https://fcsc.gov.ae/en-us/Pages/Covid19/UAE-Covid-19-Updates.aspx,15728415,7397884,6398972,
United Arab Emirates,2021-07-08,"Oxford/AstraZeneca, Pfizer/BioNTech, Sinopharm/Beijing, Sinopharm/Wuhan, Sputnik V",https://fcsc.gov.ae/en-us/Pages/Covid19/UAE-Covid-19-Updates.aspx,15795853,7417751,6428717,
United Arab Emirates,2021-07-09,"Oxford/AstraZeneca, Pfizer/BioNTech, Sinopharm/Beijing, Sinopharm/Wuhan, Sputnik V",https://fcsc.gov.ae/en-us/Pages/Covid19/UAE-Covid-19-Updates.aspx,15865306,7437635,6458478,
United Arab Emirates,2021-07-10,"Oxford/AstraZeneca, Pfizer/BioNTech, Sinopharm/Beijing, Sinopharm/Wuhan, Sputnik V",https://fcsc.gov.ae/en-us/Pages/Covid19/UAE-Covid-19-Updates.aspx,15915717,7457402,6488137,
United Arab Emirates,2021-07-11,"Oxford/AstraZeneca, Pfizer/BioNTech, Sinopharm/Beijing, Sinopharm/Wuhan, Sputnik V",https://fcsc.gov.ae/en-us/Pages/Covid19/UAE-Covid-19-Updates.aspx,15934124,7477002,6507761,
United Arab Emirates,2021-07-12,"Oxford/AstraZeneca, Pfizer/BioNTech, Sinopharm/Beijing, Sinopharm/Wuhan, Sputnik V",https://fcsc.gov.ae/en-us/Pages/Covid19/UAE-Covid-19-Updates.aspx,15968660,7486855,6527509,
United Arab Emirates,2021-07-13,"Oxford/AstraZeneca, Pfizer/BioNTech, Sinopharm/Beijing, Sinopharm/Wuhan, Sputnik V",https://fcsc.gov.ae/en-us/Pages/Covid19/UAE-Covid-19-Updates.aspx,16042491,7516827,6557442,
United Arab Emirates,2021-07-14,"Oxford/AstraZeneca, Pfizer/BioNTech, Sinopharm/Beijing, Sinopharm/Wuhan, Sputnik V",https://fcsc.gov.ae/en-us/Pages/Covid19/UAE-Covid-19-Updates.aspx,16120004,7536317,6596750,
United Arab Emirates,2021-07-15,"Oxford/AstraZeneca, Pfizer/BioNTech, Sinopharm/Beijing, Sinopharm/Wuhan, Sputnik V",https://fcsc.gov.ae/en-us/Pages/Covid19/UAE-Covid-19-Updates.aspx,16194526,7645272,6705685,1843569
United Arab Emirates,2021-07-16,"Oxford/AstraZeneca, Pfizer/BioNTech, Sinopharm/Beijing, Sinopharm/Wuhan, Sputnik V",https://fcsc.gov.ae/en-us/Pages/Covid19/UAE-Covid-19-Updates.aspx,16263585,7664971,6725394,1873220
United Arab Emirates,2021-07-18,"Oxford/AstraZeneca, Pfizer/BioNTech, Sinopharm/Beijing, Sinopharm/Wuhan, Sputnik V",https://fcsc.gov.ae/en-us/Pages/Covid19/UAE-Covid-19-Updates.aspx,16358244,7674726,6735166,1948352
United Arab Emirates,2021-07-19,"Oxford/AstraZeneca, Pfizer/BioNTech, Sinopharm/Beijing, Sinopharm/Wuhan, Sputnik V",https://fcsc.gov.ae/en-us/Pages/Covid19/UAE-Covid-19-Updates.aspx,16375149,7674769,6735204,1965176
United Arab Emirates,2021-07-20,"Oxford/AstraZeneca, Pfizer/BioNTech, Sinopharm/Beijing, Sinopharm/Wuhan, Sputnik V",https://fcsc.gov.ae/en-us/Pages/Covid19/UAE-Covid-19-Updates.aspx,16444844,7684876,6765065,1994903
United Arab Emirates,2021-07-25,"Oxford/AstraZeneca, Pfizer/BioNTech, Sinopharm/Beijing, Sinopharm/Wuhan, Sputnik V",https://fcsc.gov.ae/en-us/Pages/Covid19/UAE-Covid-19-Updates.aspx,16495917,,,
United Arab Emirates,2021-07-26,"Oxford/AstraZeneca, Pfizer/BioNTech, Sinopharm/Beijing, Sinopharm/Wuhan, Sputnik V",https://fcsc.gov.ae/en-us/Pages/Covid19/UAE-Covid-19-Updates.aspx,16524169,7704751,6814600,
United Arab Emirates,2021-07-27,"Oxford/AstraZeneca, Pfizer/BioNTech, Sinopharm/Beijing, Sinopharm/Wuhan, Sputnik V",https://fcsc.gov.ae/en-us/Pages/Covid19/UAE-Covid-19-Updates.aspx,16587478,7704755,6864057,
United Arab Emirates,2021-07-28,"Oxford/AstraZeneca, Pfizer/BioNTech, Sinopharm/Beijing, Sinopharm/Wuhan, Sputnik V",https://fcsc.gov.ae/en-us/Pages/Covid19/UAE-Covid-19-Updates.aspx,16645208,7734137,6893470,
United Arab Emirates,2021-07-29,"Oxford/AstraZeneca, Pfizer/BioNTech, Sinopharm/Beijing, Sinopharm/Wuhan, Sputnik V",https://fcsc.gov.ae/en-us/Pages/Covid19/UAE-Covid-19-Updates.aspx,16676766,7743985,6913213,
United Arab Emirates,2021-07-31,"Oxford/AstraZeneca, Pfizer/BioNTech, Sinopharm/Beijing, Sinopharm/Wuhan, Sputnik V",https://fcsc.gov.ae/en-us/Pages/Covid19/UAE-Covid-19-Updates.aspx,16795717,7803451,6972665,
United Arab Emirates,2021-08-01,"Oxford/AstraZeneca, Pfizer/BioNTech, Sinopharm/Beijing, Sinopharm/Wuhan, Sputnik V",https://fcsc.gov.ae/en-us/Pages/Covid19/UAE-Covid-19-Updates.aspx,16810996,,,
United Arab Emirates,2021-08-02,"Oxford/AstraZeneca, Pfizer/BioNTech, Sinopharm/Beijing, Sinopharm/Wuhan, Sputnik V",https://fcsc.gov.ae/en-us/Pages/Covid19/UAE-Covid-19-Updates.aspx,16832021,7813207,6992326,
United Arab Emirates,2021-08-03,"Oxford/AstraZeneca, Pfizer/BioNTech, Sinopharm/Beijing, Sinopharm/Wuhan, Sputnik V",https://fcsc.gov.ae/en-us/Pages/Covid19/UAE-Covid-19-Updates.aspx,16884412,7842865,7021985,
United Arab Emirates,2021-08-04,"Oxford/AstraZeneca, Pfizer/BioNTech, Sinopharm/Beijing, Sinopharm/Wuhan, Sputnik V",https://fcsc.gov.ae/en-us/Pages/Covid19/UAE-Covid-19-Updates.aspx,16935702,7872930,7042119,
United Arab Emirates,2021-08-05,"Oxford/AstraZeneca, Pfizer/BioNTech, Sinopharm/Beijing, Sinopharm/Wuhan, Sputnik V",https://fcsc.gov.ae/en-us/Pages/Covid19/UAE-Covid-19-Updates.aspx,16988539,7892446,7071552,
United Arab Emirates,2021-08-06,"Oxford/AstraZeneca, Pfizer/BioNTech, Sinopharm/Beijing, Sinopharm/Wuhan, Sputnik V",https://fcsc.gov.ae/en-us/Pages/Covid19/UAE-Covid-19-Updates.aspx,17037618,7922403,7091590,
United Arab Emirates,2021-08-07,"Oxford/AstraZeneca, Pfizer/BioNTech, Sinopharm/Beijing, Sinopharm/Wuhan, Sputnik V",https://fcsc.gov.ae/en-us/Pages/Covid19/UAE-Covid-19-Updates.aspx,17097354,7951798,7121013,
United Arab Emirates,2021-08-08,"Oxford/AstraZeneca, Pfizer/BioNTech, Sinopharm/Beijing, Sinopharm/Wuhan, Sputnik V",https://fcsc.gov.ae/en-us/Pages/Covid19/UAE-Covid-19-Updates.aspx,17113003,7961606,7130830,
United Arab Emirates,2021-08-09,"Oxford/AstraZeneca, Pfizer/BioNTech, Sinopharm/Beijing, Sinopharm/Wuhan, Sputnik V",https://fcsc.gov.ae/en-us/Pages/Covid19/UAE-Covid-19-Updates.aspx,17137750,7981397,7140729,
United Arab Emirates,2021-08-10,"Oxford/AstraZeneca, Pfizer/BioNTech, Sinopharm/Beijing, Sinopharm/Wuhan, Sputnik V",https://fcsc.gov.ae/en-us/Pages/Covid19/UAE-Covid-19-Updates.aspx,17197497,8011256,7170569,
United Arab Emirates,2021-08-11,"Oxford/AstraZeneca, Pfizer/BioNTech, Sinopharm/Beijing, Sinopharm/Wuhan, Sputnik V",https://fcsc.gov.ae/en-us/Pages/Covid19/UAE-Covid-19-Updates.aspx,17245815,8040860,7180399,
United Arab Emirates,2021-08-12,"Oxford/AstraZeneca, Pfizer/BioNTech, Sinopharm/Beijing, Sinopharm/Wuhan, Sputnik V",https://fcsc.gov.ae/en-us/Pages/Covid19/UAE-Covid-19-Updates.aspx,17288318,8080410,7190279,
United Arab Emirates,2021-08-13,"Oxford/AstraZeneca, Pfizer/BioNTech, Sinopharm/Beijing, Sinopharm/Wuhan, Sputnik V",https://fcsc.gov.ae/en-us/Pages/Covid19/UAE-Covid-19-Updates.aspx,17313163,8090356,7200219,
United Arab Emirates,2021-08-15,"Oxford/AstraZeneca, Pfizer/BioNTech, Sinopharm/Beijing, Sinopharm/Wuhan, Sputnik V",https://fcsc.gov.ae/en-us/Pages/Covid19/UAE-Covid-19-Updates.aspx,17376128,8139651,7209971,
United Arab Emirates,2021-08-16,"Oxford/AstraZeneca, Pfizer/BioNTech, Sinopharm/Beijing, Sinopharm/Wuhan, Sputnik V",https://fcsc.gov.ae/en-us/Pages/Covid19/UAE-Covid-19-Updates.aspx,17398458,8159700,7220098,
United Arab Emirates,2021-08-17,"Oxford/AstraZeneca, Pfizer/BioNTech, Sinopharm/Beijing, Sinopharm/Wuhan, Sputnik V",https://fcsc.gov.ae/en-us/Pages/Covid19/UAE-Covid-19-Updates.aspx,17454250,8189097,7239637,
United Arab Emirates,2021-08-18,"Oxford/AstraZeneca, Pfizer/BioNTech, Sinopharm/Beijing, Sinopharm/Wuhan, Sputnik V",https://fcsc.gov.ae/en-us/Pages/Covid19/UAE-Covid-19-Updates.aspx,17506683,8218775,7259423,
United Arab Emirates,2021-08-19,"Oxford/AstraZeneca, Pfizer/BioNTech, Sinopharm/Beijing, Sinopharm/Wuhan, Sputnik V",https://fcsc.gov.ae/en-us/Pages/Covid19/UAE-Covid-19-Updates.aspx,17566410,8258517,7279364,
United Arab Emirates,2021-08-20,"Oxford/AstraZeneca, Pfizer/BioNTech, Sinopharm/Beijing, Sinopharm/Wuhan, Sputnik V",https://fcsc.gov.ae/en-us/Pages/Covid19/UAE-Covid-19-Updates.aspx,17622541,8297964,7308934,
United Arab Emirates,2021-08-21,"Oxford/AstraZeneca, Pfizer/BioNTech, Sinopharm/Beijing, Sinopharm/Wuhan, Sputnik V",https://fcsc.gov.ae/en-us/Pages/Covid19/UAE-Covid-19-Updates.aspx,17683483,8327923,7328967,
United Arab Emirates,2021-08-24,"Oxford/AstraZeneca, Pfizer/BioNTech, Sinopharm/Beijing, Sinopharm/Wuhan, Sputnik V",https://fcsc.gov.ae/en-us/Pages/Covid19/UAE-Covid-19-Updates.aspx,17776853,8357317,7348504,
United Arab Emirates,2021-08-25,"Oxford/AstraZeneca, Pfizer/BioNTech, Sinopharm/Beijing, Sinopharm/Wuhan, Sputnik V",https://fcsc.gov.ae/en-us/Pages/Covid19/UAE-Covid-19-Updates.aspx,17843063,8436413,7397933,
United Arab Emirates,2021-08-26,"Oxford/AstraZeneca, Pfizer/BioNTech, Sinopharm/Beijing, Sinopharm/Wuhan, Sputnik V",https://fcsc.gov.ae/en-us/Pages/Covid19/UAE-Covid-19-Updates.aspx,17909062,8485738,7417604,
United Arab Emirates,2021-08-28,"Oxford/AstraZeneca, Pfizer/BioNTech, Sinopharm/Beijing, Sinopharm/Wuhan, Sputnik V",https://fcsc.gov.ae/en-us/Pages/Covid19/UAE-Covid-19-Updates.aspx,17974190,,,
United Arab Emirates,2021-08-29,"Oxford/AstraZeneca, Pfizer/BioNTech, Sinopharm/Beijing, Sinopharm/Wuhan, Sputnik V",https://fcsc.gov.ae/en-us/Pages/Covid19/UAE-Covid-19-Updates.aspx,18060832,,,
United Arab Emirates,2021-08-30,"Oxford/AstraZeneca, Pfizer/BioNTech, Sinopharm/Beijing, Sinopharm/Wuhan, Sputnik V",https://fcsc.gov.ae/en-us/Pages/Covid19/UAE-Covid-19-Updates.aspx,18095160,,,
United Arab Emirates,2021-08-31,"Oxford/AstraZeneca, Pfizer/BioNTech, Sinopharm/Beijing, Sinopharm/Wuhan, Sputnik V",https://fcsc.gov.ae/en-us/Pages/Covid19/UAE-Covid-19-Updates.aspx,18158991,,,
United Arab Emirates,2021-09-01,"Oxford/AstraZeneca, Pfizer/BioNTech, Sinopharm/Beijing, Sinopharm/Wuhan, Sputnik V",https://fcsc.gov.ae/en-us/Pages/Covid19/UAE-Covid-19-Updates.aspx,18289168,8693586,7595761,1999821
United Arab Emirates,2021-09-03,"Oxford/AstraZeneca, Pfizer/BioNTech, Sinopharm/Beijing, Sinopharm/Wuhan, Sputnik V",https://fcsc.gov.ae/en-us/Pages/Covid19/UAE-Covid-19-Updates.aspx,18339225,8713654,7625684,1999887
United Arab Emirates,2021-09-04,"Oxford/AstraZeneca, Pfizer/BioNTech, Sinopharm/Beijing, Sinopharm/Wuhan, Sputnik V",https://fcsc.gov.ae/en-us/Pages/Covid19/UAE-Covid-19-Updates.aspx,18389144,8743077,7645247,2000820
United Arab Emirates,2021-09-06,"Oxford/AstraZeneca, Pfizer/BioNTech, Sinopharm/Beijing, Sinopharm/Wuhan, Sputnik V",https://fcsc.gov.ae/en-us/Pages/Covid19/UAE-Covid-19-Updates.aspx,18439345,8772634,7664928,2001783
United Arab Emirates,2021-09-07,"Oxford/AstraZeneca, Pfizer/BioNTech, Sinopharm/Beijing, Sinopharm/Wuhan, Sputnik V",https://fcsc.gov.ae/en-us/Pages/Covid19/UAE-Covid-19-Updates.aspx,18542213,8812200,7704493,2025520
United Arab Emirates,2021-09-09,"Oxford/AstraZeneca, Pfizer/BioNTech, Sinopharm/Beijing, Sinopharm/Wuhan, Sputnik V",https://fcsc.gov.ae/en-us/Pages/Covid19/UAE-Covid-19-Updates.aspx,18710538,8861741,7754024,2094773
United Arab Emirates,2021-09-10,"Oxford/AstraZeneca, Pfizer/BioNTech, Sinopharm/Beijing, Sinopharm/Wuhan, Sputnik V",https://fcsc.gov.ae/en-us/Pages/Covid19/UAE-Covid-19-Updates.aspx,18801148,8891700,7783946,2125502
United Arab Emirates,2021-09-11,"Oxford/AstraZeneca, Pfizer/BioNTech, Sinopharm/Beijing, Sinopharm/Wuhan, Sputnik V",https://fcsc.gov.ae/en-us/Pages/Covid19/UAE-Covid-19-Updates.aspx,18860966,8921128,7813405,2126433
United Arab Emirates,2021-09-12,"Oxford/AstraZeneca, Pfizer/BioNTech, Sinopharm/Beijing, Sinopharm/Wuhan, Sputnik V",https://fcsc.gov.ae/en-us/Pages/Covid19/UAE-Covid-19-Updates.aspx,18942543,8931243,7823492,2187808
United Arab Emirates,2021-09-13,"Oxford/AstraZeneca, Pfizer/BioNTech, Sinopharm/Beijing, Sinopharm/Wuhan, Sputnik V",https://fcsc.gov.ae/en-us/Pages/Covid19/UAE-Covid-19-Updates.aspx,18997951,8951034,7843282,2203635
United Arab Emirates,2021-09-14,"Oxford/AstraZeneca, Pfizer/BioNTech, Sinopharm/Beijing, Sinopharm/Wuhan, Sputnik V",https://fcsc.gov.ae/en-us/Pages/Covid19/UAE-Covid-19-Updates.aspx,19073549,8980442,7872722,2220385
United Arab Emirates,2021-09-15,"Oxford/AstraZeneca, Pfizer/BioNTech, Sinopharm/Beijing, Sinopharm/Wuhan, Sputnik V",https://fcsc.gov.ae/en-us/Pages/Covid19/UAE-Covid-19-Updates.aspx,19163754,9010208,7912367,2241179
United Arab Emirates,2021-09-16,"Oxford/AstraZeneca, Pfizer/BioNTech, Sinopharm/Beijing, Sinopharm/Wuhan, Sputnik V",https://fcsc.gov.ae/en-us/Pages/Covid19/UAE-Covid-19-Updates.aspx,19247164,9030144,7942175,2274845
United Arab Emirates,2021-09-17,"Oxford/AstraZeneca, Pfizer/BioNTech, Sinopharm/Beijing, Sinopharm/Wuhan, Sputnik V",https://fcsc.gov.ae/en-us/Pages/Covid19/UAE-Covid-19-Updates.aspx,19330107,9059751,7971790,2298566
United Arab Emirates,2021-09-18,"Oxford/AstraZeneca, Pfizer/BioNTech, Sinopharm/Beijing, Sinopharm/Wuhan, Sputnik V",https://fcsc.gov.ae/en-us/Pages/Covid19/UAE-Covid-19-Updates.aspx,19412656,9079284,8011133,2322239
United Arab Emirates,2021-09-19,"Oxford/AstraZeneca, Pfizer/BioNTech, Sinopharm/Beijing, Sinopharm/Wuhan, Sputnik V",https://fcsc.gov.ae/en-us/Pages/Covid19/UAE-Covid-19-Updates.aspx,19445872,9089444,8021261,2335167
United Arab Emirates,2021-09-20,"Oxford/AstraZeneca, Pfizer/BioNTech, Sinopharm/Beijing, Sinopharm/Wuhan, Sputnik V",https://fcsc.gov.ae/en-us/Pages/Covid19/UAE-Covid-19-Updates.aspx,19486569,9108831,8030804,2346934
United Arab Emirates,2021-09-21,"Oxford/AstraZeneca, Pfizer/BioNTech, Sinopharm/Beijing, Sinopharm/Wuhan, Sputnik V",https://fcsc.gov.ae/en-us/Pages/Covid19/UAE-Covid-19-Updates.aspx,19549263,9128792,8070524,2349947
United Arab Emirates,2021-09-22,"Oxford/AstraZeneca, Pfizer/BioNTech, Sinopharm/Beijing, Sinopharm/Wuhan, Sputnik V",https://fcsc.gov.ae/en-us/Pages/Covid19/UAE-Covid-19-Updates.aspx,19653364,9158580,8090409,2404375
United Arab Emirates,2021-09-23,"Oxford/AstraZeneca, Pfizer/BioNTech, Sinopharm/Beijing, Sinopharm/Wuhan, Sputnik V",https://fcsc.gov.ae/en-us/Pages/Covid19/UAE-Covid-19-Updates.aspx,19713423,9178234,8110078,2425111
United Arab Emirates,2021-09-24,"Oxford/AstraZeneca, Pfizer/BioNTech, Sinopharm/Beijing, Sinopharm/Wuhan, Sputnik V",https://fcsc.gov.ae/en-us/Pages/Covid19/UAE-Covid-19-Updates.aspx,19775346,9198295,8139997,2437054
United Arab Emirates,2021-09-25,"Oxford/AstraZeneca, Pfizer/BioNTech, Sinopharm/Beijing, Sinopharm/Wuhan, Sputnik V",https://fcsc.gov.ae/en-us/Pages/Covid19/UAE-Covid-19-Updates.aspx,19847232,9227821,8169539,2449872
United Arab Emirates,2021-09-27,"Oxford/AstraZeneca, Pfizer/BioNTech, Sinopharm/Beijing, Sinopharm/Wuhan, Sputnik V",https://fcsc.gov.ae/en-us/Pages/Covid19/UAE-Covid-19-Updates.aspx,19872799,9237642,8179368,2455789
United Arab Emirates,2021-09-28,"Oxford/AstraZeneca, Pfizer/BioNTech, Sinopharm/Beijing, Sinopharm/Wuhan, Sputnik V",https://fcsc.gov.ae/en-us/Pages/Covid19/UAE-Covid-19-Updates.aspx,19963359,9267113,8208862,2487384
United Arab Emirates,2021-09-29,"Oxford/AstraZeneca, Pfizer/BioNTech, Sinopharm/Beijing, Sinopharm/Wuhan, Sputnik V",https://fcsc.gov.ae/en-us/Pages/Covid19/UAE-Covid-19-Updates.aspx,20018034,9287023,8238647,2492364
United Arab Emirates,2021-09-30,"Oxford/AstraZeneca, Pfizer/BioNTech, Sinopharm/Beijing, Sinopharm/Wuhan, Sputnik V",https://fcsc.gov.ae/en-us/Pages/Covid19/UAE-Covid-19-Updates.aspx,20052399,9296797,8248434,2507168
United Arab Emirates,2021-10-01,"Oxford/AstraZeneca, Pfizer/BioNTech, Sinopharm/Beijing, Sinopharm/Wuhan, Sputnik V",https://fcsc.gov.ae/en-us/Pages/Covid19/UAE-Covid-19-Updates.aspx,20121481,9326856,8278450,2516175
United Arab Emirates,2021-10-03,"Oxford/AstraZeneca, Pfizer/BioNTech, Sinopharm/Beijing, Sinopharm/Wuhan, Sputnik V",https://fcsc.gov.ae/en-us/Pages/Covid19/UAE-Covid-19-Updates.aspx,20196549,9346591,8308081,2541877
United Arab Emirates,2021-10-04,"Oxford/AstraZeneca, Pfizer/BioNTech, Sinopharm/Beijing, Sinopharm/Wuhan, Sputnik V",https://fcsc.gov.ae/en-us/Pages/Covid19/UAE-Covid-19-Updates.aspx,20228472,9356150,8327567,2544755
United Arab Emirates,2021-10-05,"Oxford/AstraZeneca, Pfizer/BioNTech, Sinopharm/Beijing, Sinopharm/Wuhan, Sputnik V",https://fcsc.gov.ae/en-us/Pages/Covid19/UAE-Covid-19-Updates.aspx,20273265,9376064,8347466,2549735
United Arab Emirates,2021-10-06,"Oxford/AstraZeneca, Pfizer/BioNTech, Sinopharm/Beijing, Sinopharm/Wuhan, Sputnik V",https://fcsc.gov.ae/en-us/Pages/Covid19/UAE-Covid-19-Updates.aspx,20320419,9385806,8367115,2567498
United Arab Emirates,2021-10-07,"Oxford/AstraZeneca, Pfizer/BioNTech, Sinopharm/Beijing, Sinopharm/Wuhan, Sputnik V",https://fcsc.gov.ae/en-us/Pages/Covid19/UAE-Covid-19-Updates.aspx,20364737,9405957,8387225,2571555
United Arab Emirates,2021-10-08,"Oxford/AstraZeneca, Pfizer/BioNTech, Sinopharm/Beijing, Sinopharm/Wuhan, Sputnik V",https://fcsc.gov.ae/en-us/Pages/Covid19/UAE-Covid-19-Updates.aspx,20409126,9415793,8406958,2586375
United Arab Emirates,2021-10-09,"Oxford/AstraZeneca, Pfizer/BioNTech, Sinopharm/Beijing, Sinopharm/Wuhan, Sputnik V",https://fcsc.gov.ae/en-us/Pages/Covid19/UAE-Covid-19-Updates.aspx,20453897,9435239,8426440,2592218
United Arab Emirates,2021-10-10,"Oxford/AstraZeneca, Pfizer/BioNTech, Sinopharm/Beijing, Sinopharm/Wuhan, Sputnik V",https://fcsc.gov.ae/en-us/Pages/Covid19/UAE-Covid-19-Updates.aspx,20479211,9445401,8426682,
United Arab Emirates,2021-10-13,"Oxford/AstraZeneca, Pfizer/BioNTech, Sinopharm/Beijing, Sinopharm/Wuhan, Sputnik V",https://fcsc.gov.ae/en-us/Pages/Covid19/UAE-Covid-19-Updates.aspx,20552839,9474818,8475907,2602114
United Arab Emirates,2021-10-14,"Oxford/AstraZeneca, Pfizer/BioNTech, Sinopharm/Beijing, Sinopharm/Wuhan, Sputnik V",https://fcsc.gov.ae/en-us/Pages/Covid19/UAE-Covid-19-Updates.aspx,20588026,9484972,8486033,2617021
United Arab Emirates,2021-10-15,"Oxford/AstraZeneca, Pfizer/BioNTech, Sinopharm/Beijing, Sinopharm/Wuhan, Sputnik V",https://fcsc.gov.ae/en-us/Pages/Covid19/UAE-Covid-19-Updates.aspx,20619734,9494889,8505838,2619007
United Arab Emirates,2021-10-16,"Oxford/AstraZeneca, Pfizer/BioNTech, Sinopharm/Beijing, Sinopharm/Wuhan, Sputnik V",https://fcsc.gov.ae/en-us/Pages/Covid19/UAE-Covid-19-Updates.aspx,20661005,,,
United Arab Emirates,2021-10-17,"Oxford/AstraZeneca, Pfizer/BioNTech, Sinopharm/Beijing, Sinopharm/Wuhan, Sputnik V",https://fcsc.gov.ae/en-us/Pages/Covid19/UAE-Covid-19-Updates.aspx,20676621,9514450,8525422,2636749
United Arab Emirates,2021-10-18,"Oxford/AstraZeneca, Pfizer/BioNTech, Sinopharm/Beijing, Sinopharm/Wuhan, Sputnik V",https://fcsc.gov.ae/en-us/Pages/Covid19/UAE-Covid-19-Updates.aspx,20699820,9524548,8535498,2639774
United Arab Emirates,2021-10-19,"Oxford/AstraZeneca, Pfizer/BioNTech, Sinopharm/Beijing, Sinopharm/Wuhan, Sputnik V",https://fcsc.gov.ae/en-us/Pages/Covid19/UAE-Covid-19-Updates.aspx,20740855,9544097,8555071,2641687
United Arab Emirates,2021-10-20,"Oxford/AstraZeneca, Pfizer/BioNTech, Sinopharm/Beijing, Sinopharm/Wuhan, Sputnik V",https://fcsc.gov.ae/en-us/Pages/Covid19/UAE-Covid-19-Updates.aspx,20776261,9554350,8565287,2656624
United Arab Emirates,2021-10-21,"Oxford/AstraZeneca, Pfizer/BioNTech, Sinopharm/Beijing, Sinopharm/Wuhan, Sputnik V",https://fcsc.gov.ae/en-us/Pages/Covid19/UAE-Covid-19-Updates.aspx,20798877,9564180,8575123,2659574
United Arab Emirates,2021-10-23,"Oxford/AstraZeneca, Pfizer/BioNTech, Sinopharm/Beijing, Sinopharm/Wuhan, Sputnik V",https://fcsc.gov.ae/en-us/Pages/Covid19/UAE-Covid-19-Updates.aspx,20861737,,,
United Arab Emirates,2021-10-24,"Oxford/AstraZeneca, Pfizer/BioNTech, Sinopharm/Beijing, Sinopharm/Wuhan, Sputnik V",https://fcsc.gov.ae/en-us/Pages/Covid19/UAE-Covid-19-Updates.aspx,20875213,9583589,8594571,2697053
United Arab Emirates,2021-10-25,"Oxford/AstraZeneca, Pfizer/BioNTech, Sinopharm/Beijing, Sinopharm/Wuhan, Sputnik V",https://fcsc.gov.ae/en-us/Pages/Covid19/UAE-Covid-19-Updates.aspx,20895739,9593822,,
United Arab Emirates,2021-10-26,"Oxford/AstraZeneca, Pfizer/BioNTech, Sinopharm/Beijing, Sinopharm/Wuhan, Sputnik V",https://fcsc.gov.ae/en-us/Pages/Covid19/UAE-Covid-19-Updates.aspx,20940231,9613596,8604761,2721874
United Arab Emirates,2021-10-27,"Oxford/AstraZeneca, Pfizer/BioNTech, Sinopharm/Beijing, Sinopharm/Wuhan, Sputnik V",https://fcsc.gov.ae/en-us/Pages/Covid19/UAE-Covid-19-Updates.aspx,20973866,9623489,8614655,2735722
United Arab Emirates,2021-10-28,"Oxford/AstraZeneca, Pfizer/BioNTech, Sinopharm/Beijing, Sinopharm/Wuhan, Sputnik V",https://fcsc.gov.ae/en-us/Pages/Covid19/UAE-Covid-19-Updates.aspx,21014342,9633345,8634405,2746592
United Arab Emirates,2021-10-29,"Oxford/AstraZeneca, Pfizer/BioNTech, Sinopharm/Beijing, Sinopharm/Wuhan, Sputnik V",https://fcsc.gov.ae/en-us/Pages/Covid19/UAE-Covid-19-Updates.aspx,21051277,9642939,8644029,2764309
United Arab Emirates,2021-10-30,"Oxford/AstraZeneca, Pfizer/BioNTech, Sinopharm/Beijing, Sinopharm/Wuhan, Sputnik V",https://fcsc.gov.ae/en-us/Pages/Covid19/UAE-Covid-19-Updates.aspx,21075235,9652930,8654010,2768295
United Arab Emirates,2021-10-31,"Oxford/AstraZeneca, Pfizer/BioNTech, Sinopharm/Beijing, Sinopharm/Wuhan, Sputnik V",https://fcsc.gov.ae/en-us/Pages/Covid19/UAE-Covid-19-Updates.aspx,21124819,,8673845,
United Arab Emirates,2021-11-01,"Oxford/AstraZeneca, Pfizer/BioNTech, Sinopharm/Beijing, Sinopharm/Wuhan, Sputnik V",https://fcsc.gov.ae/en-us/Pages/Covid19/UAE-Covid-19-Updates.aspx,21147481,9672732,8683700,2791049
United Arab Emirates,2021-11-02,"Oxford/AstraZeneca, Pfizer/BioNTech, Sinopharm/Beijing, Sinopharm/Wuhan, Sputnik V",https://fcsc.gov.ae/en-us/Pages/Covid19/UAE-Covid-19-Updates.aspx,21173972,9682525,8693503,2797944
United Arab Emirates,2021-11-03,"Oxford/AstraZeneca, Pfizer/BioNTech, Sinopharm/Beijing, Sinopharm/Wuhan, Sputnik V",https://fcsc.gov.ae/en-us/Pages/Covid19/UAE-Covid-19-Updates.aspx,21219066,9702575,8703635,2812856
United Arab Emirates,2021-11-04,"Oxford/AstraZeneca, Pfizer/BioNTech, Sinopharm/Beijing, Sinopharm/Wuhan, Sputnik V",https://fcsc.gov.ae/en-us/Pages/Covid19/UAE-Covid-19-Updates.aspx,21248655,9712427,8713491,2822737
United Arab Emirates,2021-11-05,"Oxford/AstraZeneca, Pfizer/BioNTech, Sinopharm/Beijing, Sinopharm/Wuhan, Sputnik V",https://fcsc.gov.ae/en-us/Pages/Covid19/UAE-Covid-19-Updates.aspx,21275030,9722167,8723247,2829616
United Arab Emirates,2021-11-06,"Oxford/AstraZeneca, Pfizer/BioNTech, Sinopharm/Beijing, Sinopharm/Wuhan, Sputnik V",https://fcsc.gov.ae/en-us/Pages/Covid19/UAE-Covid-19-Updates.aspx,21298068,9732190,8733256,2832622
United Arab Emirates,2021-11-07,"Oxford/AstraZeneca, Pfizer/BioNTech, Sinopharm/Beijing, Sinopharm/Wuhan, Sputnik V",https://fcsc.gov.ae/en-us/Pages/Covid19/UAE-Covid-19-Updates.aspx,21326489,9741962,8743040,2841487
United Arab Emirates,2021-11-08,"Oxford/AstraZeneca, Pfizer/BioNTech, Sinopharm/Beijing, Sinopharm/Wuhan, Sputnik V",https://fcsc.gov.ae/en-us/Pages/Covid19/UAE-Covid-19-Updates.aspx,21348200,9751830,8752910,2843460
United Arab Emirates,2021-11-09,"Oxford/AstraZeneca, Pfizer/BioNTech, Sinopharm/Beijing, Sinopharm/Wuhan, Sputnik V",https://fcsc.gov.ae/en-us/Pages/Covid19/UAE-Covid-19-Updates.aspx,21377226,9761878,8762942,2852406
United Arab Emirates,2021-11-10,"Oxford/AstraZeneca, Pfizer/BioNTech, Sinopharm/Beijing, Sinopharm/Wuhan, Sputnik V",https://fcsc.gov.ae/en-us/Pages/Covid19/UAE-Covid-19-Updates.aspx,21404200,9771891,8772943,2859366
United Arab Emirates,2021-11-11,"Oxford/AstraZeneca, Pfizer/BioNTech, Sinopharm/Beijing, Sinopharm/Wuhan, Sputnik V",https://fcsc.gov.ae/en-us/Pages/Covid19/UAE-Covid-19-Updates.aspx,21434487,9781611,8782680,2870196
United Arab Emirates,2021-11-12,"Oxford/AstraZeneca, Pfizer/BioNTech, Sinopharm/Beijing, Sinopharm/Wuhan, Sputnik V",https://fcsc.gov.ae/en-us/Pages/Covid19/UAE-Covid-19-Updates.aspx,21477305,9781743,8812470,2883092
United Arab Emirates,2021-11-15,"Oxford/AstraZeneca, Pfizer/BioNTech, Sinopharm/Beijing, Sinopharm/Wuhan, Sputnik V",https://fcsc.gov.ae/en-us/Pages/Covid19/UAE-Covid-19-Updates.aspx,21548528,9801529,8832256,2914743
United Arab Emirates,2021-11-16,"Oxford/AstraZeneca, Pfizer/BioNTech, Sinopharm/Beijing, Sinopharm/Wuhan, Sputnik V",https://fcsc.gov.ae/en-us/Pages/Covid19/UAE-Covid-19-Updates.aspx,21576549,9815190,8843957,2917402
United Arab Emirates,2021-11-17,"Oxford/AstraZeneca, Pfizer/BioNTech, Sinopharm/Beijing, Sinopharm/Wuhan, Sputnik V",https://fcsc.gov.ae/en-us/Pages/Covid19/UAE-Covid-19-Updates.aspx,21595116,9822113,8850880,2922123
United Arab Emirates,2021-11-18,"Oxford/AstraZeneca, Pfizer/BioNTech, Sinopharm/Beijing, Sinopharm/Wuhan, Sputnik V",https://fcsc.gov.ae/en-us/Pages/Covid19/UAE-Covid-19-Updates.aspx,21620951,9831015,8858793,2931143
United Arab Emirates,2021-11-19,"Oxford/AstraZeneca, Pfizer/BioNTech, Sinopharm/Beijing, Sinopharm/Wuhan, Sputnik V",https://fcsc.gov.ae/en-us/Pages/Covid19/UAE-Covid-19-Updates.aspx,21639754,9837938,8866705,2935111
United Arab Emirates,2021-11-20,"Oxford/AstraZeneca, Pfizer/BioNTech, Sinopharm/Beijing, Sinopharm/Wuhan, Sputnik V",https://fcsc.gov.ae/en-us/Pages/Covid19/UAE-Covid-19-Updates.aspx,21666681,9846839,8876595,2943247
United Arab Emirates,2021-11-21,"Oxford/AstraZeneca, Pfizer/BioNTech, Sinopharm/Beijing, Sinopharm/Wuhan, Sputnik V",https://fcsc.gov.ae/en-us/Pages/Covid19/UAE-Covid-19-Updates.aspx,21680090,9852774,8881540,2945776
United Arab Emirates,2021-11-22,"Oxford/AstraZeneca, Pfizer/BioNTech, Sinopharm/Beijing, Sinopharm/Wuhan, Sputnik V",https://fcsc.gov.ae/en-us/Pages/Covid19/UAE-Covid-19-Updates.aspx,21696454,9856730,8886486,2953238
United Arab Emirates,2021-11-23,"Oxford/AstraZeneca, Pfizer/BioNTech, Sinopharm/Beijing, Sinopharm/Wuhan, Sputnik V",https://fcsc.gov.ae/en-us/Pages/Covid19/UAE-Covid-19-Updates.aspx,21733013,9872554,8903299,2957160
United Arab Emirates,2021-11-24,"Oxford/AstraZeneca, Pfizer/BioNTech, Sinopharm/Beijing, Sinopharm/Wuhan, Sputnik V",https://fcsc.gov.ae/en-us/Pages/Covid19/UAE-Covid-19-Updates.aspx,21743455,9876510,8908244,2958701
United Arab Emirates,2021-11-25,"Oxford/AstraZeneca, Pfizer/BioNTech, Sinopharm/Beijing, Sinopharm/Wuhan, Sputnik V",https://fcsc.gov.ae/en-us/Pages/Covid19/UAE-Covid-19-Updates.aspx,21757061,9881456,8914179,2961426
United Arab Emirates,2021-11-26,"Oxford/AstraZeneca, Pfizer/BioNTech, Sinopharm/Beijing, Sinopharm/Wuhan, Sputnik V",https://fcsc.gov.ae/en-us/Pages/Covid19/UAE-Covid-19-Updates.aspx,21776755,,8919124,2967274
United Arab Emirates,2021-11-27,"Oxford/AstraZeneca, Pfizer/BioNTech, Sinopharm/Beijing, Sinopharm/Wuhan, Sputnik V",https://fcsc.gov.ae/en-us/Pages/Covid19/UAE-Covid-19-Updates.aspx,21792618,,8926047,2976214
United Arab Emirates,2021-11-28,"Oxford/AstraZeneca, Pfizer/BioNTech, Sinopharm/Beijing, Sinopharm/Wuhan, Sputnik V",https://fcsc.gov.ae/en-us/Pages/Covid19/UAE-Covid-19-Updates.aspx,21809826,,8931981,2987488
United Arab Emirates,2021-11-29,"Oxford/AstraZeneca, Pfizer/BioNTech, Sinopharm/Beijing, Sinopharm/Wuhan, Sputnik V",https://fcsc.gov.ae/en-us/Pages/Covid19/UAE-Covid-19-Updates.aspx,21819344,,8933959,2995028
United Arab Emirates,2021-11-30,"Oxford/AstraZeneca, Pfizer/BioNTech, Sinopharm/Beijing, Sinopharm/Wuhan, Sputnik V",https://fcsc.gov.ae/en-us/Pages/Covid19/UAE-Covid-19-Updates.aspx,21845924,,8941872,3013695
United Arab Emirates,2021-12-01,"Oxford/AstraZeneca, Pfizer/BioNTech, Sinopharm/Beijing, Sinopharm/Wuhan, Sputnik V",https://fcsc.gov.ae/en-us/Pages/Covid19/UAE-Covid-19-Updates.aspx,21870668,,8949784,3030527
United Arab Emirates,2021-12-06,"Oxford/AstraZeneca, Pfizer/BioNTech, Sinopharm/Beijing, Sinopharm/Wuhan, Sputnik V",https://fcsc.gov.ae/en-us/Pages/Covid19/UAE-Covid-19-Updates.aspx,21947593,,8964619,3092617
United Arab Emirates,2021-12-07,"Oxford/AstraZeneca, Pfizer/BioNTech, Sinopharm/Beijing, Sinopharm/Wuhan, Sputnik V",https://fcsc.gov.ae/en-us/Pages/Covid19/UAE-Covid-19-Updates.aspx,21987090,,8974510,3122223
United Arab Emirates,2021-12-08,"Oxford/AstraZeneca, Pfizer/BioNTech, Sinopharm/Beijing, Sinopharm/Wuhan, Sputnik V",https://fcsc.gov.ae/en-us/Pages/Covid19/UAE-Covid-19-Updates.aspx,22021926,,8982422,3149147
United Arab Emirates,2021-12-09,"Oxford/AstraZeneca, Pfizer/BioNTech, Sinopharm/Beijing, Sinopharm/Wuhan, Sputnik V",https://fcsc.gov.ae/en-us/Pages/Covid19/UAE-Covid-19-Updates.aspx,22054907,,8990334,3174216
United Arab Emirates,2021-12-10,"Oxford/AstraZeneca, Pfizer/BioNTech, Sinopharm/Beijing, Sinopharm/Wuhan, Sputnik V",https://fcsc.gov.ae/en-us/Pages/Covid19/UAE-Covid-19-Updates.aspx,22088134,,9000225,3197552
United Arab Emirates,2021-12-11,"Oxford/AstraZeneca, Pfizer/BioNTech, Sinopharm/Beijing, Sinopharm/Wuhan, Sputnik V",https://fcsc.gov.ae/en-us/Pages/Covid19/UAE-Covid-19-Updates.aspx,22124896,,9010183,3224281
United Arab Emirates,2021-12-12,"Oxford/AstraZeneca, Pfizer/BioNTech, Sinopharm/Beijing, Sinopharm/Wuhan, Sputnik V",https://fcsc.gov.ae/en-us/Pages/Covid19/UAE-Covid-19-Updates.aspx,22146899,,9010283,3246075
United Arab Emirates,2021-12-13,"Oxford/AstraZeneca, Pfizer/BioNTech, Sinopharm/Beijing, Sinopharm/Wuhan, Sputnik V",https://fcsc.gov.ae/en-us/Pages/Covid19/UAE-Covid-19-Updates.aspx,22166754,,,3255977
United Arab Emirates,2021-12-14,"Oxford/AstraZeneca, Pfizer/BioNTech, Sinopharm/Beijing, Sinopharm/Wuhan, Sputnik V",https://fcsc.gov.ae/en-us/Pages/Covid19/UAE-Covid-19-Updates.aspx,22181292,,9020082,3270769
United Arab Emirates,2021-12-23,"Oxford/AstraZeneca, Pfizer/BioNTech, Sinopharm/Beijing, Sinopharm/Wuhan, Sputnik V",https://fcsc.gov.ae/en-us/Pages/Covid19/UAE-Covid-19-Updates.aspx,22377069,,,3427030
United Arab Emirates,2021-12-24,"Oxford/AstraZeneca, Pfizer/BioNTech, Sinopharm/Beijing, Sinopharm/Wuhan, Sputnik V",https://fcsc.gov.ae/en-us/Pages/Covid19/UAE-Covid-19-Updates.aspx,22406584,,9059559,3456677
United Arab Emirates,2022-01-03,"Oxford/AstraZeneca, Pfizer/BioNTech, Sinopharm/Beijing, Sinopharm/Wuhan, Sputnik V",https://fcsc.gov.ae/en-us/Pages/Covid19/UAE-Covid-19-Updates.aspx,22677013,,9119071,3667409
United Arab Emirates,2022-01-04,"Oxford/AstraZeneca, Pfizer/BioNTech, Sinopharm/Beijing, Sinopharm/Wuhan, Sputnik V",https://fcsc.gov.ae/en-us/Pages/Covid19/UAE-Covid-19-Updates.aspx,22695834,,9119083,3686206
United Arab Emirates,2022-01-05,"Oxford/AstraZeneca, Pfizer/BioNTech, Sinopharm/Beijing, Sinopharm/Wuhan, Sputnik V",https://fcsc.gov.ae/en-us/Pages/Covid19/UAE-Covid-19-Updates.aspx,22725714,,9128660,3706849
United Arab Emirates,2022-01-06,"Oxford/AstraZeneca, Pfizer/BioNTech, Sinopharm/Beijing, Sinopharm/Wuhan, Sputnik V",https://fcsc.gov.ae/en-us/Pages/Covid19/UAE-Covid-19-Updates.aspx,22762474,,9138617,3733579
United Arab Emirates,2022-01-07,"Oxford/AstraZeneca, Pfizer/BioNTech, Sinopharm/Beijing, Sinopharm/Wuhan, Sputnik V",https://fcsc.gov.ae/en-us/Pages/Covid19/UAE-Covid-19-Updates.aspx,22796848,,,3757439
United Arab Emirates,2022-01-08,"Oxford/AstraZeneca, Pfizer/BioNTech, Sinopharm/Beijing, Sinopharm/Wuhan, Sputnik V",https://fcsc.gov.ae/en-us/Pages/Covid19/UAE-Covid-19-Updates.aspx,22832903,,9148590,3793945
United Arab Emirates,2022-01-10,"Oxford/AstraZeneca, Pfizer/BioNTech, Sinopharm/Beijing, Sinopharm/Wuhan, Sputnik V",https://fcsc.gov.ae/en-us/Pages/Covid19/UAE-Covid-19-Updates.aspx,22877196,,9158395,3828526
United Arab Emirates,2022-01-11,"Oxford/AstraZeneca, Pfizer/BioNTech, Sinopharm/Beijing, Sinopharm/Wuhan, Sputnik V",https://fcsc.gov.ae/en-us/Pages/Covid19/UAE-Covid-19-Updates.aspx,22895785,9890188,9168204,3837393
United Arab Emirates,2022-01-12,"Oxford/AstraZeneca, Pfizer/BioNTech, Sinopharm/Beijing, Sinopharm/Wuhan, Sputnik V",https://fcsc.gov.ae/en-us/Pages/Covid19/UAE-Covid-19-Updates.aspx,22929333,,9178459,3860293
United Arab Emirates,2022-01-13,"Oxford/AstraZeneca, Pfizer/BioNTech, Sinopharm/Beijing, Sinopharm/Wuhan, Sputnik V",https://fcsc.gov.ae/en-us/Pages/Covid19/UAE-Covid-19-Updates.aspx,22972257,,9188112,3893820
United Arab Emirates,2022-01-14,"Oxford/AstraZeneca, Pfizer/BioNTech, Sinopharm/Beijing, Sinopharm/Wuhan, Sputnik V",https://fcsc.gov.ae/en-us/Pages/Covid19/UAE-Covid-19-Updates.aspx,22985689,,9188341,3906776
United Arab Emirates,2022-01-17,"Oxford/AstraZeneca, Pfizer/BioNTech, Sinopharm/Beijing, Sinopharm/Wuhan, Sputnik V",https://fcsc.gov.ae/en-us/Pages/Covid19/UAE-Covid-19-Updates.aspx,23083264,,9207986,3984853
United Arab Emirates,2022-01-18,"Oxford/AstraZeneca, Pfizer/BioNTech, Sinopharm/Beijing, Sinopharm/Wuhan, Sputnik V",https://fcsc.gov.ae/en-us/Pages/Covid19/UAE-Covid-19-Updates.aspx,23101352,,,3992814
United Arab Emirates,2022-01-19,"Oxford/AstraZeneca, Pfizer/BioNTech, Sinopharm/Beijing, Sinopharm/Wuhan, Sputnik V",https://fcsc.gov.ae/en-us/Pages/Covid19/UAE-Covid-19-Updates.aspx,23116474,,9217710,4008517
United Arab Emirates,2022-01-20,"Oxford/AstraZeneca, Pfizer/BioNTech, Sinopharm/Beijing, Sinopharm/Wuhan, Sputnik V",https://fcsc.gov.ae/en-us/Pages/Covid19/UAE-Covid-19-Updates.aspx,23176828,,9227610,4058961
United Arab Emirates,2022-01-22,"Oxford/AstraZeneca, Pfizer/BioNTech, Sinopharm/Beijing, Sinopharm/Wuhan, Sputnik V",https://fcsc.gov.ae/en-us/Pages/Covid19/UAE-Covid-19-Updates.aspx,23255620,,9247652,4117431
United Arab Emirates,2022-01-23,"Oxford/AstraZeneca, Pfizer/BioNTech, Sinopharm/Beijing, Sinopharm/Wuhan, Sputnik V",https://fcsc.gov.ae/en-us/Pages/Covid19/UAE-Covid-19-Updates.aspx,23288395,,,4140203
United Arab Emirates,2022-01-24,"Oxford/AstraZeneca, Pfizer/BioNTech, Sinopharm/Beijing, Sinopharm/Wuhan, Sputnik V",https://fcsc.gov.ae/en-us/Pages/Covid19/UAE-Covid-19-Updates.aspx,23314584,,9257392,4166816
United Arab Emirates,2022-01-25,"Oxford/AstraZeneca, Pfizer/BioNTech, Sinopharm/Beijing, Sinopharm/Wuhan, Sputnik V",https://fcsc.gov.ae/en-us/Pages/Covid19/UAE-Covid-19-Updates.aspx,23341328,,9257408,4193527
United Arab Emirates,2022-01-26,"Oxford/AstraZeneca, Pfizer/BioNTech, Sinopharm/Beijing, Sinopharm/Wuhan, Sputnik V",https://fcsc.gov.ae/en-us/Pages/Covid19/UAE-Covid-19-Updates.aspx,23380635,,9267198,4223151
United Arab Emirates,2022-01-27,"Oxford/AstraZeneca, Pfizer/BioNTech, Sinopharm/Beijing, Sinopharm/Wuhan, Sputnik V",https://fcsc.gov.ae/en-us/Pages/Covid19/UAE-Covid-19-Updates.aspx,23420591,,9277244,4252895
United Arab Emirates,2022-01-28,"Oxford/AstraZeneca, Pfizer/BioNTech, Sinopharm/Beijing, Sinopharm/Wuhan, Sputnik V",https://fcsc.gov.ae/en-us/Pages/Covid19/UAE-Covid-19-Updates.aspx,23452398,,9287197,4274682
United Arab Emirates,2022-01-29,"Oxford/AstraZeneca, Pfizer/BioNTech, Sinopharm/Beijing, Sinopharm/Wuhan, Sputnik V",https://fcsc.gov.ae/en-us/Pages/Covid19/UAE-Covid-19-Updates.aspx,23488589,,9296928,4301312
United Arab Emirates,2022-01-30,"Oxford/AstraZeneca, Pfizer/BioNTech, Sinopharm/Beijing, Sinopharm/Wuhan, Sputnik V",https://fcsc.gov.ae/en-us/Pages/Covid19/UAE-Covid-19-Updates.aspx,23502501,,9296954,4315171
United Arab Emirates,2022-02-02,"Oxford/AstraZeneca, Pfizer/BioNTech, Sinopharm/Beijing, Sinopharm/Wuhan, Sputnik V",https://fcsc.gov.ae/en-us/Pages/Covid19/UAE-Covid-19-Updates.aspx,23584056,,9326804,4366685
United Arab Emirates,2022-02-03,"Oxford/AstraZeneca, Pfizer/BioNTech, Sinopharm/Beijing, Sinopharm/Wuhan, Sputnik V",https://fcsc.gov.ae/en-us/Pages/Covid19/UAE-Covid-19-Updates.aspx,23612543,,9336617,4385441
United Arab Emirates,2022-02-04,"Oxford/AstraZeneca, Pfizer/BioNTech, Sinopharm/Beijing, Sinopharm/Wuhan, Sputnik V",https://fcsc.gov.ae/en-us/Pages/Covid19/UAE-Covid-19-Updates.aspx,23644754,,9346339,4408109
United Arab Emirates,2022-02-05,"Oxford/AstraZeneca, Pfizer/BioNTech, Sinopharm/Beijing, Sinopharm/Wuhan, Sputnik V",https://fcsc.gov.ae/en-us/Pages/Covid19/UAE-Covid-19-Updates.aspx,23673464,,9346350,4436796
United Arab Emirates,2022-02-06,"Oxford/AstraZeneca, Pfizer/BioNTech, Sinopharm/Beijing, Sinopharm/Wuhan, Sputnik V",https://fcsc.gov.ae/en-us/Pages/Covid19/UAE-Covid-19-Updates.aspx,23695682,,,4448751
United Arab Emirates,2022-02-07,"Oxford/AstraZeneca, Pfizer/BioNTech, Sinopharm/Beijing, Sinopharm/Wuhan, Sputnik V",https://fcsc.gov.ae/en-us/Pages/Covid19/UAE-Covid-19-Updates.aspx,23710390,,9356371,4463563
United Arab Emirates,2022-02-08,"Oxford/AstraZeneca, Pfizer/BioNTech, Sinopharm/Beijing, Sinopharm/Wuhan, Sputnik V",https://fcsc.gov.ae/en-us/Pages/Covid19/UAE-Covid-19-Updates.aspx,23730752,,9366101,4474365
United Arab Emirates,2022-02-09,"Oxford/AstraZeneca, Pfizer/BioNTech, Sinopharm/Beijing, Sinopharm/Wuhan, Sputnik V",https://fcsc.gov.ae/en-us/Pages/Covid19/UAE-Covid-19-Updates.aspx,23755550,,,4489214
United Arab Emirates,2022-02-10,"Oxford/AstraZeneca, Pfizer/BioNTech, Sinopharm/Beijing, Sinopharm/Wuhan, Sputnik V",https://fcsc.gov.ae/en-us/Pages/Covid19/UAE-Covid-19-Updates.aspx,23781095,,9375953,4514897
United Arab Emirates,2022-02-11,"Oxford/AstraZeneca, Pfizer/BioNTech, Sinopharm/Beijing, Sinopharm/Wuhan, Sputnik V",https://fcsc.gov.ae/en-us/Pages/Covid19/UAE-Covid-19-Updates.aspx,23807035,,9385932,
United Arab Emirates,2022-02-12,"Oxford/AstraZeneca, Pfizer/BioNTech, Sinopharm/Beijing, Sinopharm/Wuhan, Sputnik V",https://fcsc.gov.ae/en-us/Pages/Covid19/UAE-Covid-19-Updates.aspx,23815315,,9395967,4528856
United Arab Emirates,2022-02-13,"Oxford/AstraZeneca, Pfizer/BioNTech, Sinopharm/Beijing, Sinopharm/Wuhan, Sputnik V",https://fcsc.gov.ae/en-us/Pages/Covid19/UAE-Covid-19-Updates.aspx,23849814,,9405811,4553560
United Arab Emirates,2022-02-14,"Oxford/AstraZeneca, Pfizer/BioNTech, Sinopharm/Beijing, Sinopharm/Wuhan, Sputnik V",https://fcsc.gov.ae/en-us/Pages/Covid19/UAE-Covid-19-Updates.aspx,23855770,,9405820,4559498
United Arab Emirates,2022-02-15,"Oxford/AstraZeneca, Pfizer/BioNTech, Sinopharm/Beijing, Sinopharm/Wuhan, Sputnik V",https://fcsc.gov.ae/en-us/Pages/Covid19/UAE-Covid-19-Updates.aspx,23881698,,9405904,4585254
United Arab Emirates,2022-02-16,"Oxford/AstraZeneca, Pfizer/BioNTech, Sinopharm/Beijing, Sinopharm/Wuhan, Sputnik V",https://fcsc.gov.ae/en-us/Pages/Covid19/UAE-Covid-19-Updates.aspx,23911863,,9415599,4605929
United Arab Emirates,2022-02-17,"Oxford/AstraZeneca, Pfizer/BioNTech, Sinopharm/Beijing, Sinopharm/Wuhan, Sputnik V",https://fcsc.gov.ae/en-us/Pages/Covid19/UAE-Covid-19-Updates.aspx,23930731,,9425519,4614845
United Arab Emirates,2022-02-19,"Oxford/AstraZeneca, Pfizer/BioNTech, Sinopharm/Beijing, Sinopharm/Wuhan, Sputnik V",https://fcsc.gov.ae/en-us/Pages/Covid19/UAE-Covid-19-Updates.aspx,23973860,9890206,9435257,4648397
United Arab Emirates,2022-02-20,"Oxford/AstraZeneca, Pfizer/BioNTech, Sinopharm/Beijing, Sinopharm/Wuhan, Sputnik V",https://fcsc.gov.ae/en-us/Pages/Covid19/UAE-Covid-19-Updates.aspx,23992173,,9445348,4656408
United Arab Emirates,2022-02-21,"Oxford/AstraZeneca, Pfizer/BioNTech, Sinopharm/Beijing, Sinopharm/Wuhan, Sputnik V",https://fcsc.gov.ae/en-us/Pages/Covid19/UAE-Covid-19-Updates.aspx,24004178,,9445402,4668303
United Arab Emirates,2022-02-22,"Oxford/AstraZeneca, Pfizer/BioNTech, Sinopharm/Beijing, Sinopharm/Wuhan, Sputnik V",https://fcsc.gov.ae/en-us/Pages/Covid19/UAE-Covid-19-Updates.aspx,24021213,,9445489,4685160
United Arab Emirates,2022-02-23,"Oxford/AstraZeneca, Pfizer/BioNTech, Sinopharm/Beijing, Sinopharm/Wuhan, Sputnik V",https://fcsc.gov.ae/en-us/Pages/Covid19/UAE-Covid-19-Updates.aspx,24040740,,9455279,4695001
United Arab Emirates,2022-02-24,"Oxford/AstraZeneca, Pfizer/BioNTech, Sinopharm/Beijing, Sinopharm/Wuhan, Sputnik V",https://fcsc.gov.ae/en-us/Pages/Covid19/UAE-Covid-19-Updates.aspx,24062090,9890291,9465009,4706790
United Arab Emirates,2022-02-25,"Oxford/AstraZeneca, Pfizer/BioNTech, Sinopharm/Beijing, Sinopharm/Wuhan, Sputnik V",https://fcsc.gov.ae/en-us/Pages/Covid19/UAE-Covid-19-Updates.aspx,24079969,9890323,9465039,4724607
United Arab Emirates,2022-02-26,"Oxford/AstraZeneca, Pfizer/BioNTech, Sinopharm/Beijing, Sinopharm/Wuhan, Sputnik V",https://fcsc.gov.ae/en-us/Pages/Covid19/UAE-Covid-19-Updates.aspx,24090450,,,4724723
United Arab Emirates,2022-02-27,"Oxford/AstraZeneca, Pfizer/BioNTech, Sinopharm/Beijing, Sinopharm/Wuhan, Sputnik V",https://fcsc.gov.ae/en-us/Pages/Covid19/UAE-Covid-19-Updates.aspx,24105222,,9475136,4739547
United Arab Emirates,2022-02-28,"Oxford/AstraZeneca, Pfizer/BioNTech, Sinopharm/Beijing, Sinopharm/Wuhan, Sputnik V",https://fcsc.gov.ae/en-us/Pages/Covid19/UAE-Covid-19-Updates.aspx,24119061,9890536,9485024,4743501
