location,date,vaccine,source_url,total_vaccinations,people_vaccinated,people_fully_vaccinated,total_boosters
Uruguay,2021-02-27,Sinovac,https://monitor.uruguaysevacuna.gub.uy/,383,383,0,0
Uruguay,2021-02-28,Sinovac,https://monitor.uruguaysevacuna.gub.uy/,400,400,0,0
Uruguay,2021-03-01,Sinovac,https://monitor.uruguaysevacuna.gub.uy/,18451,18451,0,0
Uruguay,2021-03-02,Sinovac,https://monitor.uruguaysevacuna.gub.uy/,33209,33209,0,0
Uruguay,2021-03-03,Sinovac,https://monitor.uruguaysevacuna.gub.uy/,54528,54528,0,0
Uruguay,2021-03-04,Sinovac,https://monitor.uruguaysevacuna.gub.uy/,63518,63518,0,0
Uruguay,2021-03-05,Sinovac,https://monitor.uruguaysevacuna.gub.uy/,72728,72728,0,0
Uruguay,2021-03-06,Sinovac,https://monitor.uruguaysevacuna.gub.uy/,72747,72747,0,0
Uruguay,2021-03-07,Sinovac,https://monitor.uruguaysevacuna.gub.uy/,72761,72761,0,0
Uruguay,2021-03-08,Sinovac,https://monitor.uruguaysevacuna.gub.uy/,100922,100922,0,1
Uruguay,2021-03-09,Sinovac,https://monitor.uruguaysevacuna.gub.uy/,122773,122773,0,1
Uruguay,2021-03-10,Sinovac,https://monitor.uruguaysevacuna.gub.uy/,147962,147962,0,1
Uruguay,2021-03-11,Sinovac,https://monitor.uruguaysevacuna.gub.uy/,170388,170388,0,2
Uruguay,2021-03-12,"Sinovac, Pfizer/BioNTech",https://monitor.uruguaysevacuna.gub.uy/,193121,193121,0,2
Uruguay,2021-03-13,"Sinovac, Pfizer/BioNTech",https://monitor.uruguaysevacuna.gub.uy/,203542,203542,0,2
Uruguay,2021-03-14,"Sinovac, Pfizer/BioNTech",https://monitor.uruguaysevacuna.gub.uy/,203559,203559,0,2
Uruguay,2021-03-15,"Sinovac, Pfizer/BioNTech",https://monitor.uruguaysevacuna.gub.uy/,214846,214846,0,2
Uruguay,2021-03-16,"Sinovac, Pfizer/BioNTech",https://monitor.uruguaysevacuna.gub.uy/,221534,221534,0,2
Uruguay,2021-03-17,"Sinovac, Pfizer/BioNTech",https://monitor.uruguaysevacuna.gub.uy/,229443,229443,0,2
Uruguay,2021-03-18,"Sinovac, Pfizer/BioNTech",https://monitor.uruguaysevacuna.gub.uy/,265979,265979,0,2
Uruguay,2021-03-19,"Sinovac, Pfizer/BioNTech",https://monitor.uruguaysevacuna.gub.uy/,302325,302325,0,3
Uruguay,2021-03-20,"Sinovac, Pfizer/BioNTech",https://monitor.uruguaysevacuna.gub.uy/,314841,314841,0,3
Uruguay,2021-03-21,"Sinovac, Pfizer/BioNTech",https://monitor.uruguaysevacuna.gub.uy/,314864,314864,0,3
Uruguay,2021-03-22,"Sinovac, Pfizer/BioNTech",https://monitor.uruguaysevacuna.gub.uy/,353609,353609,0,4
Uruguay,2021-03-23,"Sinovac, Pfizer/BioNTech",https://monitor.uruguaysevacuna.gub.uy/,390056,390056,0,4
Uruguay,2021-03-24,"Sinovac, Pfizer/BioNTech",https://monitor.uruguaysevacuna.gub.uy/,425451,425451,0,4
Uruguay,2021-03-25,"Sinovac, Pfizer/BioNTech",https://monitor.uruguaysevacuna.gub.uy/,468953,468953,0,4
Uruguay,2021-03-26,"Sinovac, Pfizer/BioNTech",https://monitor.uruguaysevacuna.gub.uy/,510147,510147,0,4
Uruguay,2021-03-27,"Sinovac, Pfizer/BioNTech",https://monitor.uruguaysevacuna.gub.uy/,523326,523326,0,4
Uruguay,2021-03-28,"Sinovac, Pfizer/BioNTech",https://monitor.uruguaysevacuna.gub.uy/,523342,523342,0,4
Uruguay,2021-03-29,"Sinovac, Pfizer/BioNTech",https://monitor.uruguaysevacuna.gub.uy/,577655,560395,17260,5
Uruguay,2021-03-30,"Sinovac, Pfizer/BioNTech",https://monitor.uruguaysevacuna.gub.uy/,629900,598606,31294,7
Uruguay,2021-03-31,"Sinovac, Pfizer/BioNTech",https://monitor.uruguaysevacuna.gub.uy/,687843,636184,51659,7
Uruguay,2021-04-01,"Sinovac, Pfizer/BioNTech",https://monitor.uruguaysevacuna.gub.uy/,735941,675794,60147,7
Uruguay,2021-04-02,"Sinovac, Pfizer/BioNTech",https://monitor.uruguaysevacuna.gub.uy/,785090,716230,68860,8
Uruguay,2021-04-03,"Sinovac, Pfizer/BioNTech",https://monitor.uruguaysevacuna.gub.uy/,797471,728570,68901,8
Uruguay,2021-04-04,"Sinovac, Pfizer/BioNTech",https://monitor.uruguaysevacuna.gub.uy/,797497,728588,68909,8
Uruguay,2021-04-05,"Sinovac, Pfizer/BioNTech",https://monitor.uruguaysevacuna.gub.uy/,835879,739370,96509,9
Uruguay,2021-04-06,"Sinovac, Pfizer/BioNTech",https://monitor.uruguaysevacuna.gub.uy/,880040,762294,117746,10
Uruguay,2021-04-07,"Sinovac, Pfizer/BioNTech",https://monitor.uruguaysevacuna.gub.uy/,926233,784096,142137,11
Uruguay,2021-04-08,"Sinovac, Pfizer/BioNTech",https://monitor.uruguaysevacuna.gub.uy/,975050,811608,163442,12
Uruguay,2021-04-09,"Sinovac, Pfizer/BioNTech",https://monitor.uruguaysevacuna.gub.uy/,1014868,823387,191481,13
Uruguay,2021-04-10,"Sinovac, Pfizer/BioNTech",https://monitor.uruguaysevacuna.gub.uy/,1041973,841315,200658,15
Uruguay,2021-04-11,"Sinovac, Pfizer/BioNTech",https://monitor.uruguaysevacuna.gub.uy/,1042357,841689,200668,16
Uruguay,2021-04-12,"Sinovac, Pfizer/BioNTech",https://monitor.uruguaysevacuna.gub.uy/,1095609,887544,208065,17
Uruguay,2021-04-13,"Sinovac, Pfizer/BioNTech",https://monitor.uruguaysevacuna.gub.uy/,1152919,934832,218087,19
Uruguay,2021-04-14,"Sinovac, Pfizer/BioNTech",https://monitor.uruguaysevacuna.gub.uy/,1210698,982711,227987,20
Uruguay,2021-04-15,"Sinovac, Pfizer/BioNTech",https://monitor.uruguaysevacuna.gub.uy/,1274461,1013605,260856,22
Uruguay,2021-04-16,"Sinovac, Pfizer/BioNTech",https://monitor.uruguaysevacuna.gub.uy/,1337395,1043225,294170,24
Uruguay,2021-04-17,"Sinovac, Pfizer/BioNTech, Oxford/AstraZeneca",https://monitor.uruguaysevacuna.gub.uy/,1372659,1068993,303666,24
Uruguay,2021-04-18,"Sinovac, Pfizer/BioNTech, Oxford/AstraZeneca",https://monitor.uruguaysevacuna.gub.uy/,1388779,1085069,303710,24
Uruguay,2021-04-19,"Sinovac, Pfizer/BioNTech, Oxford/AstraZeneca",https://monitor.uruguaysevacuna.gub.uy/,1427741,1092961,334780,24
Uruguay,2021-04-20,"Sinovac, Pfizer/BioNTech, Oxford/AstraZeneca",https://monitor.uruguaysevacuna.gub.uy/,1473633,1103080,370553,28
Uruguay,2021-04-21,"Sinovac, Pfizer/BioNTech, Oxford/AstraZeneca",https://monitor.uruguaysevacuna.gub.uy/,1520436,1112547,407889,28
Uruguay,2021-04-22,"Sinovac, Pfizer/BioNTech, Oxford/AstraZeneca",https://monitor.uruguaysevacuna.gub.uy/,1571803,1121605,450198,30
Uruguay,2021-04-23,"Sinovac, Pfizer/BioNTech, Oxford/AstraZeneca",https://monitor.uruguaysevacuna.gub.uy/,1623095,1133678,489417,32
Uruguay,2021-04-24,"Sinovac, Pfizer/BioNTech, Oxford/AstraZeneca",https://monitor.uruguaysevacuna.gub.uy/,1645462,1143290,502172,33
Uruguay,2021-04-25,"Sinovac, Pfizer/BioNTech, Oxford/AstraZeneca",https://monitor.uruguaysevacuna.gub.uy/,1646001,1143802,502199,35
Uruguay,2021-04-26,"Sinovac, Pfizer/BioNTech, Oxford/AstraZeneca",https://monitor.uruguaysevacuna.gub.uy/,1691339,1152562,538777,36
Uruguay,2021-04-27,"Sinovac, Pfizer/BioNTech, Oxford/AstraZeneca",https://monitor.uruguaysevacuna.gub.uy/,1736489,1160469,576020,37
Uruguay,2021-04-28,"Sinovac, Pfizer/BioNTech, Oxford/AstraZeneca",https://monitor.uruguaysevacuna.gub.uy/,1780872,1168197,612675,38
Uruguay,2021-04-29,"Sinovac, Pfizer/BioNTech, Oxford/AstraZeneca",https://monitor.uruguaysevacuna.gub.uy/,1827120,1175841,651279,41
Uruguay,2021-04-30,"Sinovac, Pfizer/BioNTech, Oxford/AstraZeneca",https://monitor.uruguaysevacuna.gub.uy/,1875043,1183835,691208,41
Uruguay,2021-05-01,"Sinovac, Pfizer/BioNTech, Oxford/AstraZeneca",https://monitor.uruguaysevacuna.gub.uy/,1875254,1183999,691255,41
Uruguay,2021-05-02,"Sinovac, Pfizer/BioNTech, Oxford/AstraZeneca",https://monitor.uruguaysevacuna.gub.uy/,1875504,1184216,691288,41
Uruguay,2021-05-03,"Sinovac, Pfizer/BioNTech, Oxford/AstraZeneca",https://monitor.uruguaysevacuna.gub.uy/,1908211,1197550,710661,47
Uruguay,2021-05-04,"Sinovac, Pfizer/BioNTech, Oxford/AstraZeneca",https://monitor.uruguaysevacuna.gub.uy/,1942279,1209674,732605,48
Uruguay,2021-05-05,"Sinovac, Pfizer/BioNTech, Oxford/AstraZeneca",https://monitor.uruguaysevacuna.gub.uy/,1974815,1220275,754540,54
Uruguay,2021-05-06,"Sinovac, Pfizer/BioNTech, Oxford/AstraZeneca",https://monitor.uruguaysevacuna.gub.uy/,2011482,1230372,781110,57
Uruguay,2021-05-07,"Sinovac, Pfizer/BioNTech, Oxford/AstraZeneca",https://monitor.uruguaysevacuna.gub.uy/,2030696,1239761,790935,58
Uruguay,2021-05-08,"Sinovac, Pfizer/BioNTech, Oxford/AstraZeneca",https://monitor.uruguaysevacuna.gub.uy/,2037883,1243532,794351,58
Uruguay,2021-05-09,"Sinovac, Pfizer/BioNTech, Oxford/AstraZeneca",https://monitor.uruguaysevacuna.gub.uy/,2038278,1243575,794703,60
Uruguay,2021-05-10,"Sinovac, Pfizer/BioNTech, Oxford/AstraZeneca",https://monitor.uruguaysevacuna.gub.uy/,2082641,1251109,831532,61
Uruguay,2021-05-11,"Sinovac, Pfizer/BioNTech, Oxford/AstraZeneca",https://monitor.uruguaysevacuna.gub.uy/,2125809,1257577,868232,64
Uruguay,2021-05-12,"Sinovac, Pfizer/BioNTech, Oxford/AstraZeneca",https://monitor.uruguaysevacuna.gub.uy/,2170456,1264762,905694,69
Uruguay,2021-05-13,"Sinovac, Pfizer/BioNTech, Oxford/AstraZeneca",https://monitor.uruguaysevacuna.gub.uy/,2233152,1302656,930496,72
Uruguay,2021-05-14,"Sinovac, Pfizer/BioNTech, Oxford/AstraZeneca",https://monitor.uruguaysevacuna.gub.uy/,2293717,1343885,949832,81
Uruguay,2021-05-15,"Sinovac, Pfizer/BioNTech, Oxford/AstraZeneca",https://monitor.uruguaysevacuna.gub.uy/,2315184,1362242,952942,84
Uruguay,2021-05-16,"Sinovac, Pfizer/BioNTech, Oxford/AstraZeneca",https://monitor.uruguaysevacuna.gub.uy/,2315957,1362905,953052,85
Uruguay,2021-05-17,"Sinovac, Pfizer/BioNTech, Oxford/AstraZeneca",https://monitor.uruguaysevacuna.gub.uy/,2369408,1411282,958126,90
Uruguay,2021-05-18,"Sinovac, Pfizer/BioNTech, Oxford/AstraZeneca",https://monitor.uruguaysevacuna.gub.uy/,2421372,1455864,965508,93
Uruguay,2021-05-19,"Sinovac, Pfizer/BioNTech, Oxford/AstraZeneca",https://monitor.uruguaysevacuna.gub.uy/,2465464,1493467,971997,95
Uruguay,2021-05-20,"Sinovac, Pfizer/BioNTech, Oxford/AstraZeneca",https://monitor.uruguaysevacuna.gub.uy/,2513422,1534846,978576,101
Uruguay,2021-05-21,"Sinovac, Pfizer/BioNTech, Oxford/AstraZeneca",https://monitor.uruguaysevacuna.gub.uy/,2562958,1577793,985165,104
Uruguay,2021-05-22,"Sinovac, Pfizer/BioNTech, Oxford/AstraZeneca",https://monitor.uruguaysevacuna.gub.uy/,2577716,1590045,987671,106
Uruguay,2021-05-23,"Sinovac, Pfizer/BioNTech, Oxford/AstraZeneca",https://monitor.uruguaysevacuna.gub.uy/,2579272,1591081,988191,106
Uruguay,2021-05-24,"Sinovac, Pfizer/BioNTech, Oxford/AstraZeneca",https://monitor.uruguaysevacuna.gub.uy/,2621032,1628129,992903,111
Uruguay,2021-05-25,"Sinovac, Pfizer/BioNTech, Oxford/AstraZeneca",https://monitor.uruguaysevacuna.gub.uy/,2660067,1663417,996650,113
Uruguay,2021-05-26,"Sinovac, Pfizer/BioNTech, Oxford/AstraZeneca",https://monitor.uruguaysevacuna.gub.uy/,2698580,1698675,999905,118
Uruguay,2021-05-27,"Sinovac, Pfizer/BioNTech, Oxford/AstraZeneca",https://monitor.uruguaysevacuna.gub.uy/,2738180,1734219,1003961,125
Uruguay,2021-05-28,"Sinovac, Pfizer/BioNTech, Oxford/AstraZeneca",https://monitor.uruguaysevacuna.gub.uy/,2775411,1766548,1008863,129
Uruguay,2021-05-29,"Sinovac, Pfizer/BioNTech, Oxford/AstraZeneca",https://monitor.uruguaysevacuna.gub.uy/,2800468,1778338,1022130,134
Uruguay,2021-05-30,"Sinovac, Pfizer/BioNTech, Oxford/AstraZeneca",https://monitor.uruguaysevacuna.gub.uy/,2801889,1779605,1022284,137
Uruguay,2021-05-31,"Sinovac, Pfizer/BioNTech, Oxford/AstraZeneca",https://monitor.uruguaysevacuna.gub.uy/,2848272,1815328,1032944,139
Uruguay,2021-06-01,"Sinovac, Pfizer/BioNTech, Oxford/AstraZeneca",https://monitor.uruguaysevacuna.gub.uy/,2894253,1850680,1043573,146
Uruguay,2021-06-02,"Sinovac, Pfizer/BioNTech, Oxford/AstraZeneca",https://monitor.uruguaysevacuna.gub.uy/,2939366,1884982,1054384,152
Uruguay,2021-06-03,"Sinovac, Pfizer/BioNTech, Oxford/AstraZeneca",https://monitor.uruguaysevacuna.gub.uy/,2983919,1919060,1064859,157
Uruguay,2021-06-04,"Sinovac, Pfizer/BioNTech, Oxford/AstraZeneca",https://monitor.uruguaysevacuna.gub.uy/,3027903,1952937,1074966,162
Uruguay,2021-06-05,"Sinovac, Pfizer/BioNTech, Oxford/AstraZeneca",https://monitor.uruguaysevacuna.gub.uy/,3042695,1965087,1077608,165
Uruguay,2021-06-06,"Sinovac, Pfizer/BioNTech, Oxford/AstraZeneca",https://monitor.uruguaysevacuna.gub.uy/,3043685,1966054,1077631,174
Uruguay,2021-06-07,"Sinovac, Pfizer/BioNTech, Oxford/AstraZeneca",https://monitor.uruguaysevacuna.gub.uy/,3084071,2001584,1082487,175
Uruguay,2021-06-08,"Sinovac, Pfizer/BioNTech, Oxford/AstraZeneca",https://monitor.uruguaysevacuna.gub.uy/,3122059,2035926,1086133,182
Uruguay,2021-06-09,"Sinovac, Pfizer/BioNTech, Oxford/AstraZeneca",https://monitor.uruguaysevacuna.gub.uy/,3170891,2078419,1092472,186
Uruguay,2021-06-10,"Sinovac, Pfizer/BioNTech, Oxford/AstraZeneca",https://monitor.uruguaysevacuna.gub.uy/,3215337,2091863,1123474,189
Uruguay,2021-06-11,"Sinovac, Pfizer/BioNTech, Oxford/AstraZeneca",https://monitor.uruguaysevacuna.gub.uy/,3255618,2098123,1157495,191
Uruguay,2021-06-12,"Sinovac, Pfizer/BioNTech, Oxford/AstraZeneca",https://monitor.uruguaysevacuna.gub.uy/,3278819,2101834,1176985,193
Uruguay,2021-06-13,"Sinovac, Pfizer/BioNTech, Oxford/AstraZeneca",https://monitor.uruguaysevacuna.gub.uy/,3279909,2102256,1177653,198
Uruguay,2021-06-14,"Sinovac, Pfizer/BioNTech, Oxford/AstraZeneca",https://monitor.uruguaysevacuna.gub.uy/,3337533,2115981,1221552,203
Uruguay,2021-06-15,"Sinovac, Pfizer/BioNTech, Oxford/AstraZeneca",https://monitor.uruguaysevacuna.gub.uy/,3392448,2130899,1261549,207
Uruguay,2021-06-16,"Sinovac, Pfizer/BioNTech, Oxford/AstraZeneca",https://monitor.uruguaysevacuna.gub.uy/,3445814,2146016,1299798,217
Uruguay,2021-06-17,"Sinovac, Pfizer/BioNTech, Oxford/AstraZeneca",https://monitor.uruguaysevacuna.gub.uy/,3490305,2149210,1341095,228
Uruguay,2021-06-18,"Sinovac, Pfizer/BioNTech, Oxford/AstraZeneca",https://monitor.uruguaysevacuna.gub.uy/,3538125,2162510,1375615,233
Uruguay,2021-06-19,"Sinovac, Pfizer/BioNTech, Oxford/AstraZeneca",https://monitor.uruguaysevacuna.gub.uy/,3552692,2165609,1387083,235
Uruguay,2021-06-20,"Sinovac, Pfizer/BioNTech, Oxford/AstraZeneca",https://monitor.uruguaysevacuna.gub.uy/,3553723,2165638,1388085,237
Uruguay,2021-06-21,"Sinovac, Pfizer/BioNTech, Oxford/AstraZeneca",https://monitor.uruguaysevacuna.gub.uy/,3606262,2177749,1428513,244
Uruguay,2021-06-22,"Sinovac, Pfizer/BioNTech, Oxford/AstraZeneca",https://monitor.uruguaysevacuna.gub.uy/,3652786,2187535,1465251,257
Uruguay,2021-06-23,"Sinovac, Pfizer/BioNTech, Oxford/AstraZeneca",https://monitor.uruguaysevacuna.gub.uy/,3695582,2195913,1499669,263
Uruguay,2021-06-24,"Sinovac, Pfizer/BioNTech, Oxford/AstraZeneca",https://monitor.uruguaysevacuna.gub.uy/,3737881,2205758,1532123,282
Uruguay,2021-06-25,"Sinovac, Pfizer/BioNTech, Oxford/AstraZeneca",https://monitor.uruguaysevacuna.gub.uy/,3777087,2216018,1561069,298
Uruguay,2021-06-26,"Sinovac, Pfizer/BioNTech, Oxford/AstraZeneca",https://monitor.uruguaysevacuna.gub.uy/,3790202,2217253,1572949,313
Uruguay,2021-06-27,"Sinovac, Pfizer/BioNTech, Oxford/AstraZeneca",https://monitor.uruguaysevacuna.gub.uy/,3791472,2217282,1574190,318
Uruguay,2021-06-28,"Sinovac, Pfizer/BioNTech, Oxford/AstraZeneca",https://monitor.uruguaysevacuna.gub.uy/,3845950,2235831,1610119,332
Uruguay,2021-06-29,"Sinovac, Pfizer/BioNTech, Oxford/AstraZeneca",https://monitor.uruguaysevacuna.gub.uy/,3900696,2255125,1645571,343
Uruguay,2021-06-30,"Sinovac, Pfizer/BioNTech, Oxford/AstraZeneca",https://monitor.uruguaysevacuna.gub.uy/,3953596,2274465,1679131,361
Uruguay,2021-07-01,"Sinovac, Pfizer/BioNTech, Oxford/AstraZeneca",https://monitor.uruguaysevacuna.gub.uy/,4007175,2289864,1717311,386
Uruguay,2021-07-02,"Sinovac, Pfizer/BioNTech, Oxford/AstraZeneca",https://monitor.uruguaysevacuna.gub.uy/,4061443,2302149,1759294,408
Uruguay,2021-07-03,"Sinovac, Pfizer/BioNTech, Oxford/AstraZeneca",https://monitor.uruguaysevacuna.gub.uy/,4079607,2305308,1774299,420
Uruguay,2021-07-04,"Sinovac, Pfizer/BioNTech, Oxford/AstraZeneca",https://monitor.uruguaysevacuna.gub.uy/,4080624,2305338,1775286,423
Uruguay,2021-07-05,"Sinovac, Pfizer/BioNTech, Oxford/AstraZeneca",https://monitor.uruguaysevacuna.gub.uy/,4131506,2317868,1813638,442
Uruguay,2021-07-06,"Sinovac, Pfizer/BioNTech, Oxford/AstraZeneca",https://monitor.uruguaysevacuna.gub.uy/,4180780,2329925,1850855,460
Uruguay,2021-07-07,"Sinovac, Pfizer/BioNTech, Oxford/AstraZeneca",https://monitor.uruguaysevacuna.gub.uy/,4232060,2339490,1892570,483
Uruguay,2021-07-08,"Sinovac, Pfizer/BioNTech, Oxford/AstraZeneca",https://monitor.uruguaysevacuna.gub.uy/,4261916,2351698,1910218,501
Uruguay,2021-07-09,"Sinovac, Pfizer/BioNTech, Oxford/AstraZeneca",https://monitor.uruguaysevacuna.gub.uy/,4287730,2360523,1927207,516
Uruguay,2021-07-10,"Sinovac, Pfizer/BioNTech, Oxford/AstraZeneca",https://monitor.uruguaysevacuna.gub.uy/,4293804,2362827,1930977,541
Uruguay,2021-07-11,"Sinovac, Pfizer/BioNTech, Oxford/AstraZeneca",https://monitor.uruguaysevacuna.gub.uy/,4294183,2362860,1931323,553
Uruguay,2021-07-12,"Sinovac, Pfizer/BioNTech, Oxford/AstraZeneca",https://monitor.uruguaysevacuna.gub.uy/,4345770,2391489,1954281,573
Uruguay,2021-07-13,"Sinovac, Pfizer/BioNTech, Oxford/AstraZeneca",https://monitor.uruguaysevacuna.gub.uy/,4390594,2415792,1974802,593
Uruguay,2021-07-14,"Sinovac, Pfizer/BioNTech, Oxford/AstraZeneca",https://monitor.uruguaysevacuna.gub.uy/,4434867,2438891,1995976,623
Uruguay,2021-07-15,"Sinovac, Pfizer/BioNTech, Oxford/AstraZeneca",https://monitor.uruguaysevacuna.gub.uy/,4481622,2457612,2024010,659
Uruguay,2021-07-16,"Sinovac, Pfizer/BioNTech, Oxford/AstraZeneca",https://monitor.uruguaysevacuna.gub.uy/,4530780,2471211,2059569,687
Uruguay,2021-07-17,"Sinovac, Pfizer/BioNTech, Oxford/AstraZeneca",https://monitor.uruguaysevacuna.gub.uy/,4537608,2473089,2064519,690
Uruguay,2021-07-18,"Sinovac, Pfizer/BioNTech, Oxford/AstraZeneca",https://monitor.uruguaysevacuna.gub.uy/,4537672,2473111,2064561,715
Uruguay,2021-07-19,"Sinovac, Pfizer/BioNTech, Oxford/AstraZeneca",https://monitor.uruguaysevacuna.gub.uy/,4568661,2482252,2086409,738
Uruguay,2021-07-20,"Sinovac, Pfizer/BioNTech, Oxford/AstraZeneca",https://monitor.uruguaysevacuna.gub.uy/,4594553,2492195,2102358,775
Uruguay,2021-07-21,"Sinovac, Pfizer/BioNTech, Oxford/AstraZeneca",https://monitor.uruguaysevacuna.gub.uy/,4618378,2504545,2113833,797
Uruguay,2021-07-22,"Sinovac, Pfizer/BioNTech, Oxford/AstraZeneca",https://monitor.uruguaysevacuna.gub.uy/,4646084,2518470,2127614,816
Uruguay,2021-07-23,"Sinovac, Pfizer/BioNTech, Oxford/AstraZeneca",https://monitor.uruguaysevacuna.gub.uy/,4685939,2542060,2143879,844
Uruguay,2021-07-24,"Sinovac, Pfizer/BioNTech, Oxford/AstraZeneca",https://monitor.uruguaysevacuna.gub.uy/,4690426,2544377,2146049,858
Uruguay,2021-07-25,"Sinovac, Pfizer/BioNTech, Oxford/AstraZeneca",https://monitor.uruguaysevacuna.gub.uy/,4691472,2545376,2146096,866
Uruguay,2021-07-26,"Sinovac, Pfizer/BioNTech, Oxford/AstraZeneca",https://monitor.uruguaysevacuna.gub.uy/,4723641,2555986,2167655,892
Uruguay,2021-07-27,"Sinovac, Pfizer/BioNTech, Oxford/AstraZeneca",https://monitor.uruguaysevacuna.gub.uy/,4750195,2562150,2188045,924
Uruguay,2021-07-28,"Sinovac, Pfizer/BioNTech, Oxford/AstraZeneca",https://monitor.uruguaysevacuna.gub.uy/,4772306,2563941,2208365,972
Uruguay,2021-07-29,"Sinovac, Pfizer/BioNTech, Oxford/AstraZeneca",https://monitor.uruguaysevacuna.gub.uy/,4792692,2567844,2224848,1025
Uruguay,2021-07-30,"Sinovac, Pfizer/BioNTech, Oxford/AstraZeneca",https://monitor.uruguaysevacuna.gub.uy/,4812672,2573584,2239088,1192
Uruguay,2021-07-31,"Sinovac, Pfizer/BioNTech, Oxford/AstraZeneca",https://monitor.uruguaysevacuna.gub.uy/,4818249,2575882,2242367,1213
Uruguay,2021-08-01,"Sinovac, Pfizer/BioNTech, Oxford/AstraZeneca",https://monitor.uruguaysevacuna.gub.uy/,4818270,2575889,2242381,1225
Uruguay,2021-08-02,"Sinovac, Pfizer/BioNTech, Oxford/AstraZeneca",https://monitor.uruguaysevacuna.gub.uy/,4836757,2581310,2255447,1388
Uruguay,2021-08-03,"Sinovac, Pfizer/BioNTech, Oxford/AstraZeneca",https://monitor.uruguaysevacuna.gub.uy/,4857594,2588158,2267920,1516
Uruguay,2021-08-04,"Sinovac, Pfizer/BioNTech, Oxford/AstraZeneca",https://monitor.uruguaysevacuna.gub.uy/,4874370,2593988,2278815,1567
Uruguay,2021-08-05,"Sinovac, Pfizer/BioNTech, Oxford/AstraZeneca",https://monitor.uruguaysevacuna.gub.uy/,4894343,2600345,2292371,1627
Uruguay,2021-08-06,"Sinovac, Pfizer/BioNTech, Oxford/AstraZeneca",https://monitor.uruguaysevacuna.gub.uy/,4911726,2608282,2301765,1679
Uruguay,2021-08-07,"Sinovac, Pfizer/BioNTech, Oxford/AstraZeneca",https://monitor.uruguaysevacuna.gub.uy/,4914638,2608808,2304125,1705
Uruguay,2021-08-08,"Sinovac, Pfizer/BioNTech, Oxford/AstraZeneca",https://monitor.uruguaysevacuna.gub.uy/,4914753,2608867,2304171,1715
Uruguay,2021-08-09,"Sinovac, Pfizer/BioNTech, Oxford/AstraZeneca",https://monitor.uruguaysevacuna.gub.uy/,4943256,2610007,2331463,1786
Uruguay,2021-08-10,"Sinovac, Pfizer/BioNTech, Oxford/AstraZeneca",https://monitor.uruguaysevacuna.gub.uy/,4967426,2611274,2354217,1935
Uruguay,2021-08-11,"Sinovac, Pfizer/BioNTech, Oxford/AstraZeneca",https://monitor.uruguaysevacuna.gub.uy/,4990314,2612426,2375830,2058
Uruguay,2021-08-12,"Sinovac, Pfizer/BioNTech, Oxford/AstraZeneca",https://monitor.uruguaysevacuna.gub.uy/,5011966,2613389,2394705,3872
Uruguay,2021-08-13,"Sinovac, Pfizer/BioNTech, Oxford/AstraZeneca",https://monitor.uruguaysevacuna.gub.uy/,5030953,2614654,2409252,7047
Uruguay,2021-08-14,"Sinovac, Pfizer/BioNTech, Oxford/AstraZeneca",https://monitor.uruguaysevacuna.gub.uy/,5033301,2614778,2410819,7704
Uruguay,2021-08-15,"Sinovac, Pfizer/BioNTech, Oxford/AstraZeneca",https://monitor.uruguaysevacuna.gub.uy/,5033395,2614817,2410858,7720
Uruguay,2021-08-16,"Sinovac, Pfizer/BioNTech, Oxford/AstraZeneca",https://monitor.uruguaysevacuna.gub.uy/,5085330,2625937,2421512,37881
Uruguay,2021-08-17,"Sinovac, Pfizer/BioNTech, Oxford/AstraZeneca",https://monitor.uruguaysevacuna.gub.uy/,5142795,2629769,2430934,82092
Uruguay,2021-08-18,"Sinovac, Pfizer/BioNTech, Oxford/AstraZeneca",https://monitor.uruguaysevacuna.gub.uy/,5200631,2633037,2442743,124851
Uruguay,2021-08-19,"Sinovac, Pfizer/BioNTech, Oxford/AstraZeneca",https://monitor.uruguaysevacuna.gub.uy/,5248136,2635916,2455278,156942
Uruguay,2021-08-20,"Sinovac, Pfizer/BioNTech, Oxford/AstraZeneca",https://monitor.uruguaysevacuna.gub.uy/,5297441,2638875,2477375,181191
Uruguay,2021-08-21,"Sinovac, Pfizer/BioNTech, Oxford/AstraZeneca",https://monitor.uruguaysevacuna.gub.uy/,5305810,2639032,2479586,187192
Uruguay,2021-08-22,"Sinovac, Pfizer/BioNTech, Oxford/AstraZeneca",https://monitor.uruguaysevacuna.gub.uy/,5306754,2639058,2480489,187207
Uruguay,2021-08-23,"Sinovac, Pfizer/BioNTech, Oxford/AstraZeneca",https://monitor.uruguaysevacuna.gub.uy/,5360547,2639886,2490910,229751
Uruguay,2021-08-24,"Sinovac, Pfizer/BioNTech, Oxford/AstraZeneca",https://monitor.uruguaysevacuna.gub.uy/,5402550,2640868,2496744,264938
Uruguay,2021-08-25,"Sinovac, Pfizer/BioNTech, Oxford/AstraZeneca",https://monitor.uruguaysevacuna.gub.uy/,5402603,2640877,2496764,264962
Uruguay,2021-08-26,"Sinovac, Pfizer/BioNTech, Oxford/AstraZeneca",https://monitor.uruguaysevacuna.gub.uy/,5456636,2641603,2501313,313720
Uruguay,2021-08-27,"Sinovac, Pfizer/BioNTech, Oxford/AstraZeneca",https://monitor.uruguaysevacuna.gub.uy/,5500654,2642328,2507734,350592
Uruguay,2021-08-28,"Sinovac, Pfizer/BioNTech, Oxford/AstraZeneca",https://monitor.uruguaysevacuna.gub.uy/,5508204,2642404,2509867,355933
Uruguay,2021-08-29,"Sinovac, Pfizer/BioNTech, Oxford/AstraZeneca",https://monitor.uruguaysevacuna.gub.uy/,5508973,2642408,2509885,356680
Uruguay,2021-08-30,"Sinovac, Pfizer/BioNTech, Oxford/AstraZeneca",https://monitor.uruguaysevacuna.gub.uy/,5560776,2645329,2515564,399883
Uruguay,2021-08-31,"Sinovac, Pfizer/BioNTech, Oxford/AstraZeneca",https://monitor.uruguaysevacuna.gub.uy/,5610373,2646885,2522042,441446
Uruguay,2021-09-01,"Sinovac, Pfizer/BioNTech, Oxford/AstraZeneca",https://monitor.uruguaysevacuna.gub.uy/,5660291,2648860,2527639,483792
Uruguay,2021-09-02,"Sinovac, Pfizer/BioNTech, Oxford/AstraZeneca",https://monitor.uruguaysevacuna.gub.uy/,5709543,2650908,2533634,525001
Uruguay,2021-09-03,"Sinovac, Pfizer/BioNTech, Oxford/AstraZeneca",https://monitor.uruguaysevacuna.gub.uy/,5758104,2652862,2541066,564176
Uruguay,2021-09-04,"Sinovac, Pfizer/BioNTech, Oxford/AstraZeneca",https://monitor.uruguaysevacuna.gub.uy/,5764737,2653128,2541582,570027
Uruguay,2021-09-05,"Sinovac, Pfizer/BioNTech, Oxford/AstraZeneca",https://monitor.uruguaysevacuna.gub.uy/,5765359,2653257,2541638,570464
Uruguay,2021-09-06,"Sinovac, Pfizer/BioNTech, Oxford/AstraZeneca",https://monitor.uruguaysevacuna.gub.uy/,5804698,2664051,2544607,596040
Uruguay,2021-09-07,"Sinovac, Pfizer/BioNTech, Oxford/AstraZeneca",https://monitor.uruguaysevacuna.gub.uy/,5840162,2668778,2546535,624849
Uruguay,2021-09-08,"Sinovac, Pfizer/BioNTech, Oxford/AstraZeneca",https://monitor.uruguaysevacuna.gub.uy/,5875821,2672823,2548252,654746
Uruguay,2021-09-09,"Sinovac, Pfizer/BioNTech, Oxford/AstraZeneca",https://monitor.uruguaysevacuna.gub.uy/,5914058,2676932,2549883,687243
Uruguay,2021-09-10,"Sinovac, Pfizer/BioNTech, Oxford/AstraZeneca",https://monitor.uruguaysevacuna.gub.uy/,5943652,2680971,2551610,711071
Uruguay,2021-09-11,"Sinovac, Pfizer/BioNTech, Oxford/AstraZeneca",https://monitor.uruguaysevacuna.gub.uy/,5944906,2681092,2551653,712161
Uruguay,2021-09-12,"Sinovac, Pfizer/BioNTech, Oxford/AstraZeneca",https://monitor.uruguaysevacuna.gub.uy/,5944916,2681094,2551657,712165
Uruguay,2021-09-13,"Sinovac, Pfizer/BioNTech, Oxford/AstraZeneca",https://monitor.uruguaysevacuna.gub.uy/,5968028,2684730,2560952,722346
Uruguay,2021-09-14,"Sinovac, Pfizer/BioNTech, Oxford/AstraZeneca",https://monitor.uruguaysevacuna.gub.uy/,5979316,2685823,2564433,729060
Uruguay,2021-09-15,"Sinovac, Pfizer/BioNTech, Oxford/AstraZeneca",https://monitor.uruguaysevacuna.gub.uy/,5986181,2686482,2566673,733026
Uruguay,2021-09-16,"Sinovac, Pfizer/BioNTech, Oxford/AstraZeneca",https://monitor.uruguaysevacuna.gub.uy/,6010303,2687838,2569565,752900
Uruguay,2021-09-17,"Sinovac, Pfizer/BioNTech, Oxford/AstraZeneca",https://monitor.uruguaysevacuna.gub.uy/,6044968,2689793,2572855,782320
Uruguay,2021-09-18,"Sinovac, Pfizer/BioNTech, Oxford/AstraZeneca",https://monitor.uruguaysevacuna.gub.uy/,6045249,2689829,2572930,782490
Uruguay,2021-09-19,"Sinovac, Pfizer/BioNTech, Oxford/AstraZeneca",https://monitor.uruguaysevacuna.gub.uy/,6045253,2689830,2572933,782490
Uruguay,2021-09-20,"Sinovac, Pfizer/BioNTech, Oxford/AstraZeneca",https://monitor.uruguaysevacuna.gub.uy/,6070249,2692489,2573931,803829
Uruguay,2021-09-21,"Sinovac, Pfizer/BioNTech, Oxford/AstraZeneca",https://monitor.uruguaysevacuna.gub.uy/,6097328,2694031,2574921,828376
Uruguay,2021-09-22,"Sinovac, Pfizer/BioNTech, Oxford/AstraZeneca",https://monitor.uruguaysevacuna.gub.uy/,6127740,2695693,2575447,856600
Uruguay,2021-09-23,"Sinovac, Pfizer/BioNTech, Oxford/AstraZeneca",https://monitor.uruguaysevacuna.gub.uy/,6157011,2696700,2576015,884296
Uruguay,2021-09-24,"Sinovac, Pfizer/BioNTech, Oxford/AstraZeneca",https://monitor.uruguaysevacuna.gub.uy/,6190154,2698765,2576878,914511
Uruguay,2021-09-25,"Sinovac, Pfizer/BioNTech, Oxford/AstraZeneca",https://monitor.uruguaysevacuna.gub.uy/,6190746,2698786,2576894,915066
Uruguay,2021-09-26,"Sinovac, Pfizer/BioNTech, Oxford/AstraZeneca",https://monitor.uruguaysevacuna.gub.uy/,6191287,2698854,2576902,915531
Uruguay,2021-09-27,"Sinovac, Pfizer/BioNTech, Oxford/AstraZeneca",https://monitor.uruguaysevacuna.gub.uy/,6220843,2702306,2580044,938493
Uruguay,2021-09-28,"Sinovac, Pfizer/BioNTech, Oxford/AstraZeneca",https://monitor.uruguaysevacuna.gub.uy/,6245104,2703636,2581696,959772
Uruguay,2021-09-29,"Sinovac, Pfizer/BioNTech, Oxford/AstraZeneca",https://monitor.uruguaysevacuna.gub.uy/,6269271,2704444,2583009,981818
Uruguay,2021-09-30,"Sinovac, Pfizer/BioNTech, Oxford/AstraZeneca",https://monitor.uruguaysevacuna.gub.uy/,6289390,2705407,2584710,999273
Uruguay,2021-10-01,"Sinovac, Pfizer/BioNTech, Oxford/AstraZeneca",https://monitor.uruguaysevacuna.gub.uy/,6310021,2706771,2586362,1016888
Uruguay,2021-10-02,"Sinovac, Pfizer/BioNTech, Oxford/AstraZeneca",https://monitor.uruguaysevacuna.gub.uy/,6310810,2706843,2586553,1017414
Uruguay,2021-10-03,"Sinovac, Pfizer/BioNTech, Oxford/AstraZeneca",https://monitor.uruguaysevacuna.gub.uy/,6311241,2706901,2586659,1017681
Uruguay,2021-10-04,"Sinovac, Pfizer/BioNTech, Oxford/AstraZeneca",https://monitor.uruguaysevacuna.gub.uy/,6336287,2708583,2595945,1031759
Uruguay,2021-10-05,"Sinovac, Pfizer/BioNTech, Oxford/AstraZeneca",https://monitor.uruguaysevacuna.gub.uy/,6359948,2709041,2600090,1050817
Uruguay,2021-10-06,"Sinovac, Pfizer/BioNTech, Oxford/AstraZeneca",https://monitor.uruguaysevacuna.gub.uy/,6381290,2710582,2603591,1067117
Uruguay,2021-10-07,"Sinovac, Pfizer/BioNTech, Oxford/AstraZeneca",https://monitor.uruguaysevacuna.gub.uy/,6403856,2711861,2607120,1084875
Uruguay,2021-10-08,"Sinovac, Pfizer/BioNTech, Oxford/AstraZeneca",https://monitor.uruguaysevacuna.gub.uy/,6428830,2713600,2610457,1104773
Uruguay,2021-10-09,"Sinovac, Pfizer/BioNTech, Oxford/AstraZeneca",https://monitor.uruguaysevacuna.gub.uy/,6429556,2713707,2610574,1105275
Uruguay,2021-10-10,"Sinovac, Pfizer/BioNTech, Oxford/AstraZeneca",https://monitor.uruguaysevacuna.gub.uy/,6429839,2713719,2610583,1105537
Uruguay,2021-10-11,"Sinovac, Pfizer/BioNTech, Oxford/AstraZeneca",https://monitor.uruguaysevacuna.gub.uy/,6436977,2714896,2613437,1108644
Uruguay,2021-10-12,"Sinovac, Pfizer/BioNTech, Oxford/AstraZeneca",https://monitor.uruguaysevacuna.gub.uy/,6448563,2717302,2614909,1116352
Uruguay,2021-10-13,"Sinovac, Pfizer/BioNTech, Oxford/AstraZeneca",https://monitor.uruguaysevacuna.gub.uy/,6467867,2718486,2615881,1133500
Uruguay,2021-10-14,"Sinovac, Pfizer/BioNTech, Oxford/AstraZeneca",https://monitor.uruguaysevacuna.gub.uy/,6490531,2720220,2617095,1153216
Uruguay,2021-10-15,"Sinovac, Pfizer/BioNTech, Oxford/AstraZeneca",https://monitor.uruguaysevacuna.gub.uy/,6508824,2722607,2619321,1166896
Uruguay,2021-10-16,"Sinovac, Pfizer/BioNTech, Oxford/AstraZeneca",https://monitor.uruguaysevacuna.gub.uy/,6508981,2722643,2619350,1166988
Uruguay,2021-10-17,"Sinovac, Pfizer/BioNTech, Oxford/AstraZeneca",https://monitor.uruguaysevacuna.gub.uy/,6508998,2722645,2619350,1167003
Uruguay,2021-10-18,"Sinovac, Pfizer/BioNTech, Oxford/AstraZeneca",https://monitor.uruguaysevacuna.gub.uy/,6526072,2724372,2622196,1179504
Uruguay,2021-10-19,"Sinovac, Pfizer/BioNTech, Oxford/AstraZeneca",https://monitor.uruguaysevacuna.gub.uy/,6541290,2725219,2623676,1192395
Uruguay,2021-10-20,"Sinovac, Pfizer/BioNTech, Oxford/AstraZeneca",https://monitor.uruguaysevacuna.gub.uy/,6543839,2725381,2624133,1194325
Uruguay,2021-10-21,"Sinovac, Pfizer/BioNTech, Oxford/AstraZeneca",https://monitor.uruguaysevacuna.gub.uy/,6558354,2725992,2625307,1207055
Uruguay,2021-10-22,"Sinovac, Pfizer/BioNTech, Oxford/AstraZeneca",https://monitor.uruguaysevacuna.gub.uy/,6582914,2727641,2627574,1227699
Uruguay,2021-10-23,"Sinovac, Pfizer/BioNTech, Oxford/AstraZeneca",https://monitor.uruguaysevacuna.gub.uy/,6582927,2727644,2627579,1227704
Uruguay,2021-10-24,"Sinovac, Pfizer/BioNTech, Oxford/AstraZeneca",https://monitor.uruguaysevacuna.gub.uy/,6583014,2727649,2627638,1227727
Uruguay,2021-10-25,"Sinovac, Pfizer/BioNTech, Oxford/AstraZeneca",https://monitor.uruguaysevacuna.gub.uy/,6597881,2729600,2630666,1237615
Uruguay,2021-10-26,"Sinovac, Pfizer/BioNTech, Oxford/AstraZeneca",https://monitor.uruguaysevacuna.gub.uy/,6609814,2730335,2631653,1247826
Uruguay,2021-10-27,"Sinovac, Pfizer/BioNTech, Oxford/AstraZeneca",https://monitor.uruguaysevacuna.gub.uy/,6622161,2730837,2632614,1258710
Uruguay,2021-10-28,"Sinovac, Pfizer/BioNTech, Oxford/AstraZeneca",https://monitor.uruguaysevacuna.gub.uy/,6632090,2731453,2633521,1267116
Uruguay,2021-10-29,"Sinovac, Pfizer/BioNTech, Oxford/AstraZeneca",https://monitor.uruguaysevacuna.gub.uy/,6651806,2732594,2635265,1283947
Uruguay,2021-10-30,"Sinovac, Pfizer/BioNTech, Oxford/AstraZeneca",https://monitor.uruguaysevacuna.gub.uy/,6652076,2732646,2635311,1284119
Uruguay,2021-10-31,"Sinovac, Pfizer/BioNTech, Oxford/AstraZeneca",https://monitor.uruguaysevacuna.gub.uy/,6652082,2732647,2635312,1284123
Uruguay,2021-11-01,"Sinovac, Pfizer/BioNTech, Oxford/AstraZeneca",https://monitor.uruguaysevacuna.gub.uy/,6659420,2734437,2636472,1288511
Uruguay,2021-11-02,"Sinovac, Pfizer/BioNTech, Oxford/AstraZeneca",https://monitor.uruguaysevacuna.gub.uy/,6659435,2734439,2636475,1288521
Uruguay,2021-11-03,"Sinovac, Pfizer/BioNTech, Oxford/AstraZeneca",https://monitor.uruguaysevacuna.gub.uy/,6667025,2735293,2637865,1293867
Uruguay,2021-11-04,"Sinovac, Pfizer/BioNTech, Oxford/AstraZeneca",https://monitor.uruguaysevacuna.gub.uy/,6676560,2736148,2639001,1301411
Uruguay,2021-11-05,"Sinovac, Pfizer/BioNTech, Oxford/AstraZeneca",https://monitor.uruguaysevacuna.gub.uy/,6693655,2738122,2640991,1314542
Uruguay,2021-11-06,"Sinovac, Pfizer/BioNTech, Oxford/AstraZeneca",https://monitor.uruguaysevacuna.gub.uy/,6694011,2738157,2641073,1314781
Uruguay,2021-11-07,"Sinovac, Pfizer/BioNTech, Oxford/AstraZeneca",https://monitor.uruguaysevacuna.gub.uy/,6694015,2738157,2641074,1314784
Uruguay,2021-11-08,"Sinovac, Pfizer/BioNTech, Oxford/AstraZeneca",https://monitor.uruguaysevacuna.gub.uy/,6699544,2738536,2642369,1318639
Uruguay,2021-11-09,"Sinovac, Pfizer/BioNTech, Oxford/AstraZeneca",https://monitor.uruguaysevacuna.gub.uy/,6707511,2739101,2644498,1323912
Uruguay,2021-11-10,"Sinovac, Pfizer/BioNTech, Oxford/AstraZeneca",https://monitor.uruguaysevacuna.gub.uy/,6712870,2740297,2645628,1326945
Uruguay,2021-11-11,"Sinovac, Pfizer/BioNTech, Oxford/AstraZeneca",https://monitor.uruguaysevacuna.gub.uy/,6721208,2741442,2647205,1332561
Uruguay,2021-11-12,"Sinovac, Pfizer/BioNTech, Oxford/AstraZeneca",https://monitor.uruguaysevacuna.gub.uy/,6733701,2744079,2649665,1339957
Uruguay,2021-11-13,"Sinovac, Pfizer/BioNTech, Oxford/AstraZeneca",https://monitor.uruguaysevacuna.gub.uy/,6733823,2744101,2649703,1340019
Uruguay,2021-11-14,"Sinovac, Pfizer/BioNTech, Oxford/AstraZeneca",https://monitor.uruguaysevacuna.gub.uy/,6733832,2744108,2649703,1340021
Uruguay,2021-11-15,"Sinovac, Pfizer/BioNTech, Oxford/AstraZeneca",https://monitor.uruguaysevacuna.gub.uy/,6736570,2744560,2650908,1341102
Uruguay,2021-11-16,"Sinovac, Pfizer/BioNTech, Oxford/AstraZeneca",https://monitor.uruguaysevacuna.gub.uy/,6739501,2745353,2651549,1342599
Uruguay,2021-11-17,"Sinovac, Pfizer/BioNTech, Oxford/AstraZeneca",https://monitor.uruguaysevacuna.gub.uy/,6741875,2745600,2651749,1344526
Uruguay,2021-11-18,"Sinovac, Pfizer/BioNTech, Oxford/AstraZeneca",https://monitor.uruguaysevacuna.gub.uy/,6750028,2746313,2652448,1351267
Uruguay,2021-11-19,"Sinovac, Pfizer/BioNTech, Oxford/AstraZeneca",https://monitor.uruguaysevacuna.gub.uy/,6760205,2748936,2654127,1357142
Uruguay,2021-11-20,"Sinovac, Pfizer/BioNTech, Oxford/AstraZeneca",https://monitor.uruguaysevacuna.gub.uy/,6760221,2748938,2654135,1357148
Uruguay,2021-11-21,"Sinovac, Pfizer/BioNTech, Oxford/AstraZeneca",https://monitor.uruguaysevacuna.gub.uy/,6760228,2748942,2654135,1357151
Uruguay,2021-11-22,"Sinovac, Pfizer/BioNTech, Oxford/AstraZeneca",https://monitor.uruguaysevacuna.gub.uy/,6763654,2750124,2655477,1358053
Uruguay,2021-11-23,"Sinovac, Pfizer/BioNTech, Oxford/AstraZeneca",https://monitor.uruguaysevacuna.gub.uy/,6767100,2750752,2656219,1360129
Uruguay,2021-11-24,"Sinovac, Pfizer/BioNTech, Oxford/AstraZeneca",https://monitor.uruguaysevacuna.gub.uy/,6773687,2751303,2656683,1365701
Uruguay,2021-11-25,"Sinovac, Pfizer/BioNTech, Oxford/AstraZeneca",https://monitor.uruguaysevacuna.gub.uy/,6782791,2751753,2657204,1373834
Uruguay,2021-11-26,"Sinovac, Pfizer/BioNTech, Oxford/AstraZeneca",https://monitor.uruguaysevacuna.gub.uy/,6790342,2752071,2658408,1379863
Uruguay,2021-11-27,"Sinovac, Pfizer/BioNTech, Oxford/AstraZeneca",https://monitor.uruguaysevacuna.gub.uy/,6790454,2752079,2658452,1379923
Uruguay,2021-11-28,"Sinovac, Pfizer/BioNTech, Oxford/AstraZeneca",https://monitor.uruguaysevacuna.gub.uy/,6790464,2752079,2658452,1379933
Uruguay,2021-11-29,"Sinovac, Pfizer/BioNTech, Oxford/AstraZeneca",https://monitor.uruguaysevacuna.gub.uy/,6794599,2752237,2659939,1382423
Uruguay,2021-11-30,"Sinovac, Pfizer/BioNTech, Oxford/AstraZeneca",https://monitor.uruguaysevacuna.gub.uy/,6798121,2753411,2660163,1384547
Uruguay,2021-12-01,"Sinovac, Pfizer/BioNTech, Oxford/AstraZeneca",https://monitor.uruguaysevacuna.gub.uy/,6804618,2753675,2660843,1390100
Uruguay,2021-12-02,"Sinovac, Pfizer/BioNTech, Oxford/AstraZeneca",https://monitor.uruguaysevacuna.gub.uy/,6814313,2753965,2661616,1398732
Uruguay,2021-12-03,"Sinovac, Pfizer/BioNTech, Oxford/AstraZeneca",https://monitor.uruguaysevacuna.gub.uy/,6834469,2754728,2663679,1416062
Uruguay,2021-12-04,"Sinovac, Pfizer/BioNTech, Oxford/AstraZeneca",https://monitor.uruguaysevacuna.gub.uy/,6834610,2754732,2663696,1416182
Uruguay,2021-12-05,"Sinovac, Pfizer/BioNTech, Oxford/AstraZeneca",https://monitor.uruguaysevacuna.gub.uy/,6834617,2754733,2663697,1416187
Uruguay,2021-12-06,"Sinovac, Pfizer/BioNTech, Oxford/AstraZeneca",https://monitor.uruguaysevacuna.gub.uy/,6836650,2755661,2663932,1417057
Uruguay,2021-12-07,"Sinovac, Pfizer/BioNTech, Oxford/AstraZeneca",https://monitor.uruguaysevacuna.gub.uy/,6840119,2756692,2664408,1419019
Uruguay,2021-12-08,"Sinovac, Pfizer/BioNTech, Oxford/AstraZeneca",https://monitor.uruguaysevacuna.gub.uy/,6846327,2756937,2665492,1423898
Uruguay,2021-12-09,"Sinovac, Pfizer/BioNTech, Oxford/AstraZeneca",https://monitor.uruguaysevacuna.gub.uy/,6853377,2757240,2666516,1429621
Uruguay,2021-12-10,"Sinovac, Pfizer/BioNTech, Oxford/AstraZeneca",https://monitor.uruguaysevacuna.gub.uy/,6864866,2757707,2668420,1438739
Uruguay,2021-12-11,"Sinovac, Pfizer/BioNTech, Oxford/AstraZeneca",https://monitor.uruguaysevacuna.gub.uy/,6864919,2757708,2668429,1438782
Uruguay,2021-12-12,"Sinovac, Pfizer/BioNTech, Oxford/AstraZeneca",https://monitor.uruguaysevacuna.gub.uy/,6864919,2757708,2668429,1438782
Uruguay,2021-12-13,"Sinovac, Pfizer/BioNTech, Oxford/AstraZeneca",https://monitor.uruguaysevacuna.gub.uy/,6872723,2759793,2668913,1444017
Uruguay,2021-12-14,"Sinovac, Pfizer/BioNTech, Oxford/AstraZeneca",https://monitor.uruguaysevacuna.gub.uy/,6881478,2760521,2669721,1451236
Uruguay,2021-12-15,"Sinovac, Pfizer/BioNTech, Oxford/AstraZeneca",https://monitor.uruguaysevacuna.gub.uy/,6885427,2761204,2670039,1454184
Uruguay,2021-12-16,"Sinovac, Pfizer/BioNTech, Oxford/AstraZeneca",https://monitor.uruguaysevacuna.gub.uy/,6893407,2762349,2670694,1460364
Uruguay,2021-12-17,"Sinovac, Pfizer/BioNTech, Oxford/AstraZeneca",https://monitor.uruguaysevacuna.gub.uy/,6906999,2764814,2672697,1469488
Uruguay,2021-12-18,"Sinovac, Pfizer/BioNTech, Oxford/AstraZeneca",https://monitor.uruguaysevacuna.gub.uy/,6907115,2764847,2672701,1469567
Uruguay,2021-12-19,"Sinovac, Pfizer/BioNTech, Oxford/AstraZeneca",https://monitor.uruguaysevacuna.gub.uy/,6907115,2764847,2672701,1469567
Uruguay,2021-12-20,"Sinovac, Pfizer/BioNTech, Oxford/AstraZeneca",https://monitor.uruguaysevacuna.gub.uy/,6920210,2766086,2673454,1480670
Uruguay,2021-12-21,"Sinovac, Pfizer/BioNTech, Oxford/AstraZeneca",https://monitor.uruguaysevacuna.gub.uy/,6927369,2766546,2674127,1486696
Uruguay,2021-12-22,"Sinovac, Pfizer/BioNTech, Oxford/AstraZeneca",https://monitor.uruguaysevacuna.gub.uy/,6938644,2767234,2674744,1496666
Uruguay,2021-12-23,"Sinovac, Pfizer/BioNTech, Oxford/AstraZeneca",https://monitor.uruguaysevacuna.gub.uy/,6939104,2767291,2674823,1496990
Uruguay,2021-12-24,"Sinovac, Pfizer/BioNTech, Oxford/AstraZeneca",https://monitor.uruguaysevacuna.gub.uy/,6939122,2767303,2674825,1496994
Uruguay,2021-12-25,"Sinovac, Pfizer/BioNTech, Oxford/AstraZeneca",https://monitor.uruguaysevacuna.gub.uy/,6939122,2767303,2674825,1496994
Uruguay,2021-12-26,"Sinovac, Pfizer/BioNTech, Oxford/AstraZeneca",https://monitor.uruguaysevacuna.gub.uy/,6939122,2767303,2674825,1496994
Uruguay,2021-12-27,"Sinovac, Pfizer/BioNTech, Oxford/AstraZeneca",https://monitor.uruguaysevacuna.gub.uy/,6947981,2768343,2675065,1504573
Uruguay,2021-12-28,"Sinovac, Pfizer/BioNTech, Oxford/AstraZeneca",https://monitor.uruguaysevacuna.gub.uy/,6952281,2768757,2675975,1507549
Uruguay,2021-12-29,"Sinovac, Pfizer/BioNTech, Oxford/AstraZeneca",https://monitor.uruguaysevacuna.gub.uy/,6964318,2769152,2676245,1518921
Uruguay,2021-12-30,"Sinovac, Pfizer/BioNTech, Oxford/AstraZeneca",https://monitor.uruguaysevacuna.gub.uy/,6967979,2769310,2676341,1522328
Uruguay,2021-12-31,"Sinovac, Pfizer/BioNTech, Oxford/AstraZeneca",https://monitor.uruguaysevacuna.gub.uy/,6968015,2769312,2676342,1522361
Uruguay,2022-01-01,"Sinovac, Pfizer/BioNTech, Oxford/AstraZeneca",https://monitor.uruguaysevacuna.gub.uy/,6968015,2769312,2676342,1522361
Uruguay,2022-01-02,"Sinovac, Pfizer/BioNTech, Oxford/AstraZeneca",https://monitor.uruguaysevacuna.gub.uy/,6968017,2769312,2676342,1522363
Uruguay,2022-01-03,"Sinovac, Pfizer/BioNTech, Oxford/AstraZeneca",https://monitor.uruguaysevacuna.gub.uy/,6976840,2770164,2677164,1529512
Uruguay,2022-01-04,"Sinovac, Pfizer/BioNTech, Oxford/AstraZeneca",https://monitor.uruguaysevacuna.gub.uy/,6986272,2770922,2677958,1537392
Uruguay,2022-01-05,"Sinovac, Pfizer/BioNTech, Oxford/AstraZeneca",https://monitor.uruguaysevacuna.gub.uy/,6996295,2771657,2678121,1546517
Uruguay,2022-01-06,"Sinovac, Pfizer/BioNTech, Oxford/AstraZeneca",https://monitor.uruguaysevacuna.gub.uy/,6996308,2771657,2678122,1546529
Uruguay,2022-01-07,"Sinovac, Pfizer/BioNTech, Oxford/AstraZeneca",https://monitor.uruguaysevacuna.gub.uy/,7000919,2771935,2678245,1550739
Uruguay,2022-01-08,"Sinovac, Pfizer/BioNTech, Oxford/AstraZeneca",https://monitor.uruguaysevacuna.gub.uy/,7000924,2771935,2678245,1550744
Uruguay,2022-01-09,"Sinovac, Pfizer/BioNTech, Oxford/AstraZeneca",https://monitor.uruguaysevacuna.gub.uy/,7000924,2771935,2678245,1550744
Uruguay,2022-01-10,"Sinovac, Pfizer/BioNTech, Oxford/AstraZeneca",https://monitor.uruguaysevacuna.gub.uy/,7027897,2777268,2680930,1569699
Uruguay,2022-01-11,"Sinovac, Pfizer/BioNTech, Oxford/AstraZeneca",https://monitor.uruguaysevacuna.gub.uy/,7048572,2778490,2681608,1588474
Uruguay,2022-01-12,"Sinovac, Pfizer/BioNTech, Oxford/AstraZeneca",https://monitor.uruguaysevacuna.gub.uy/,7080507,2790897,2682552,1607058
Uruguay,2022-01-13,"Sinovac, Pfizer/BioNTech, Oxford/AstraZeneca",https://monitor.uruguaysevacuna.gub.uy/,7111712,2803100,2683612,1625000
Uruguay,2022-01-14,"Sinovac, Pfizer/BioNTech, Oxford/AstraZeneca",https://monitor.uruguaysevacuna.gub.uy/,7148004,2808323,2685513,1654168
Uruguay,2022-01-15,"Sinovac, Pfizer/BioNTech, Oxford/AstraZeneca",https://monitor.uruguaysevacuna.gub.uy/,7149418,2808411,2685576,1655431
Uruguay,2022-01-16,"Sinovac, Pfizer/BioNTech, Oxford/AstraZeneca",https://monitor.uruguaysevacuna.gub.uy/,7149422,2808411,2685579,1655432
Uruguay,2022-01-17,"Sinovac, Pfizer/BioNTech, Oxford/AstraZeneca",https://monitor.uruguaysevacuna.gub.uy/,7180132,2815784,2686909,1677439
Uruguay,2022-01-18,"Sinovac, Pfizer/BioNTech, Oxford/AstraZeneca",https://monitor.uruguaysevacuna.gub.uy/,7202298,2824926,2687314,1690058
Uruguay,2022-01-19,"Sinovac, Pfizer/BioNTech, Oxford/AstraZeneca",https://monitor.uruguaysevacuna.gub.uy/,7231166,2834975,2687901,1708290
Uruguay,2022-01-20,"Sinovac, Pfizer/BioNTech, Oxford/AstraZeneca",https://monitor.uruguaysevacuna.gub.uy/,7260677,2845641,2688201,1726835
Uruguay,2022-01-21,"Sinovac, Pfizer/BioNTech, Oxford/AstraZeneca",https://monitor.uruguaysevacuna.gub.uy/,7287634,2850175,2688773,1748686
Uruguay,2022-01-22,"Sinovac, Pfizer/BioNTech, Oxford/AstraZeneca",https://monitor.uruguaysevacuna.gub.uy/,7289396,2850291,2688817,1750288
Uruguay,2022-01-23,"Sinovac, Pfizer/BioNTech, Oxford/AstraZeneca",https://monitor.uruguaysevacuna.gub.uy/,7289396,2850291,2688817,1750288
Uruguay,2022-01-24,"Sinovac, Pfizer/BioNTech, Oxford/AstraZeneca",https://monitor.uruguaysevacuna.gub.uy/,7316240,2859312,2689853,1767075
Uruguay,2022-01-25,"Sinovac, Pfizer/BioNTech, Oxford/AstraZeneca",https://monitor.uruguaysevacuna.gub.uy/,7336614,2867788,2690283,1778543
Uruguay,2022-01-26,"Sinovac, Pfizer/BioNTech, Oxford/AstraZeneca",https://monitor.uruguaysevacuna.gub.uy/,7359851,2878491,2690976,1790384
Uruguay,2022-01-27,"Sinovac, Pfizer/BioNTech, Oxford/AstraZeneca",https://monitor.uruguaysevacuna.gub.uy/,7384066,2888879,2691340,1803847
Uruguay,2022-01-28,"Sinovac, Pfizer/BioNTech, Oxford/AstraZeneca",https://monitor.uruguaysevacuna.gub.uy/,7409537,2893543,2692006,1823988
Uruguay,2022-01-29,"Sinovac, Pfizer/BioNTech, Oxford/AstraZeneca",https://monitor.uruguaysevacuna.gub.uy/,7409664,2893559,2692021,1824084
Uruguay,2022-01-30,"Sinovac, Pfizer/BioNTech, Oxford/AstraZeneca",https://monitor.uruguaysevacuna.gub.uy/,7409667,2893559,2692022,1824086
Uruguay,2022-01-31,"Sinovac, Pfizer/BioNTech, Oxford/AstraZeneca",https://monitor.uruguaysevacuna.gub.uy/,7427850,2902331,2692686,1832833
Uruguay,2022-02-01,"Sinovac, Pfizer/BioNTech, Oxford/AstraZeneca",https://monitor.uruguaysevacuna.gub.uy/,7438770,2907603,2693176,1837991
Uruguay,2022-02-02,"Sinovac, Pfizer/BioNTech, Oxford/AstraZeneca",https://monitor.uruguaysevacuna.gub.uy/,7451056,2913791,2693724,1843541
Uruguay,2022-02-03,"Sinovac, Pfizer/BioNTech, Oxford/AstraZeneca",https://monitor.uruguaysevacuna.gub.uy/,7466639,2922144,2694033,1850462
Uruguay,2022-02-04,"Sinovac, Pfizer/BioNTech, Oxford/AstraZeneca",https://monitor.uruguaysevacuna.gub.uy/,7486080,2928007,2694637,1863436
Uruguay,2022-02-05,"Sinovac, Pfizer/BioNTech, Oxford/AstraZeneca",https://monitor.uruguaysevacuna.gub.uy/,7486082,2928008,2694637,1863437
Uruguay,2022-02-06,"Sinovac, Pfizer/BioNTech, Oxford/AstraZeneca",https://monitor.uruguaysevacuna.gub.uy/,7486082,2928008,2694637,1863437
Uruguay,2022-02-07,"Sinovac, Pfizer/BioNTech, Oxford/AstraZeneca",https://monitor.uruguaysevacuna.gub.uy/,7506379,2935267,2698395,1872717
Uruguay,2022-02-08,"Sinovac, Pfizer/BioNTech, Oxford/AstraZeneca",https://monitor.uruguaysevacuna.gub.uy/,7511421,2938289,2699126,1874006
Uruguay,2022-02-09,"Sinovac, Pfizer/BioNTech, Oxford/AstraZeneca",https://monitor.uruguaysevacuna.gub.uy/,7518983,2941002,2700027,1877954
Uruguay,2022-02-10,"Sinovac, Pfizer/BioNTech, Oxford/AstraZeneca",https://monitor.uruguaysevacuna.gub.uy/,7528921,2945300,2700676,1882945
Uruguay,2022-02-11,"Sinovac, Pfizer/BioNTech, Oxford/AstraZeneca",https://monitor.uruguaysevacuna.gub.uy/,7536764,2948519,2701193,1887052
Uruguay,2022-02-12,"Sinovac, Pfizer/BioNTech, Oxford/AstraZeneca",https://monitor.uruguaysevacuna.gub.uy/,7536995,2948550,2701201,1887244
Uruguay,2022-02-13,"Sinovac, Pfizer/BioNTech, Oxford/AstraZeneca",https://monitor.uruguaysevacuna.gub.uy/,7536995,2948550,2701201,1887244
Uruguay,2022-02-14,"Sinovac, Pfizer/BioNTech, Oxford/AstraZeneca",https://monitor.uruguaysevacuna.gub.uy/,7549012,2951188,2703806,1894018
Uruguay,2022-02-15,"Sinovac, Pfizer/BioNTech, Oxford/AstraZeneca",https://monitor.uruguaysevacuna.gub.uy/,7552163,2951967,2704407,1895789
Uruguay,2022-02-16,"Sinovac, Pfizer/BioNTech, Oxford/AstraZeneca",https://monitor.uruguaysevacuna.gub.uy/,7556913,2952866,2704712,1899335
Uruguay,2022-02-17,"Sinovac, Pfizer/BioNTech, Oxford/AstraZeneca",https://monitor.uruguaysevacuna.gub.uy/,7561022,2955149,2704965,1900908
Uruguay,2022-02-18,"Sinovac, Pfizer/BioNTech, Oxford/AstraZeneca",https://monitor.uruguaysevacuna.gub.uy/,7566679,2957448,2705490,1903741
Uruguay,2022-02-19,"Sinovac, Pfizer/BioNTech, Oxford/AstraZeneca",https://monitor.uruguaysevacuna.gub.uy/,7566755,2957466,2705521,1903768
Uruguay,2022-02-20,"Sinovac, Pfizer/BioNTech, Oxford/AstraZeneca",https://monitor.uruguaysevacuna.gub.uy/,7566755,2957466,2705521,1903768
Uruguay,2022-02-21,"Sinovac, Pfizer/BioNTech, Oxford/AstraZeneca",https://monitor.uruguaysevacuna.gub.uy/,7578274,2959539,2708843,1909892
Uruguay,2022-02-22,"Sinovac, Pfizer/BioNTech, Oxford/AstraZeneca",https://monitor.uruguaysevacuna.gub.uy/,7582443,2961759,2709813,1910871
Uruguay,2022-02-23,"Sinovac, Pfizer/BioNTech, Oxford/AstraZeneca",https://monitor.uruguaysevacuna.gub.uy/,7593121,2962747,2718566,1911808
Uruguay,2022-02-24,"Sinovac, Pfizer/BioNTech, Oxford/AstraZeneca",https://monitor.uruguaysevacuna.gub.uy/,7609158,2963859,2727747,1917552
Uruguay,2022-02-25,"Sinovac, Pfizer/BioNTech, Oxford/AstraZeneca",https://monitor.uruguaysevacuna.gub.uy/,7621179,2964804,2731604,1924771
Uruguay,2022-02-26,"Sinovac, Pfizer/BioNTech, Oxford/AstraZeneca",https://monitor.uruguaysevacuna.gub.uy/,7622437,2964816,2731639,1925982
Uruguay,2022-02-27,"Sinovac, Pfizer/BioNTech, Oxford/AstraZeneca",https://monitor.uruguaysevacuna.gub.uy/,7622437,2964816,2731639,1925982
