location,date,vaccine,source_url,total_vaccinations,people_vaccinated,people_fully_vaccinated,total_boosters
Zimbabwe,2021-02-18,Sinopharm/Beijing,https://www.arcgis.com/home/webmap/viewer.html?url=https://services9.arcgis.com/DnERH4rcjw7NU6lv/ArcGIS/rest/services/Vaccine_Distribution_Program/FeatureServer&source=sd,39,39,0,0
Zimbabwe,2021-02-21,Sinopharm/Beijing,https://www.arcgis.com/home/webmap/viewer.html?url=https://services9.arcgis.com/DnERH4rcjw7NU6lv/ArcGIS/rest/services/Vaccine_Distribution_Program/FeatureServer&source=sd,1314,1314,0,0
Zimbabwe,2021-02-23,Sinopharm/Beijing,https://www.arcgis.com/home/webmap/viewer.html?url=https://services9.arcgis.com/DnERH4rcjw7NU6lv/ArcGIS/rest/services/Vaccine_Distribution_Program/FeatureServer&source=sd,4041,4041,0,0
Zimbabwe,2021-02-24,Sinopharm/Beijing,https://www.arcgis.com/home/webmap/viewer.html?url=https://services9.arcgis.com/DnERH4rcjw7NU6lv/ArcGIS/rest/services/Vaccine_Distribution_Program/FeatureServer&source=sd,6115,6115,0,0
Zimbabwe,2021-02-25,Sinopharm/Beijing,https://www.arcgis.com/home/webmap/viewer.html?url=https://services9.arcgis.com/DnERH4rcjw7NU6lv/ArcGIS/rest/services/Vaccine_Distribution_Program/FeatureServer&source=sd,11264,11264,0,0
Zimbabwe,2021-02-26,Sinopharm/Beijing,https://www.arcgis.com/home/webmap/viewer.html?url=https://services9.arcgis.com/DnERH4rcjw7NU6lv/ArcGIS/rest/services/Vaccine_Distribution_Program/FeatureServer&source=sd,12836,12836,0,0
Zimbabwe,2021-02-27,Sinopharm/Beijing,https://www.arcgis.com/home/webmap/viewer.html?url=https://services9.arcgis.com/DnERH4rcjw7NU6lv/ArcGIS/rest/services/Vaccine_Distribution_Program/FeatureServer&source=sd,15962,15962,0,0
Zimbabwe,2021-02-28,Sinopharm/Beijing,https://www.arcgis.com/home/webmap/viewer.html?url=https://services9.arcgis.com/DnERH4rcjw7NU6lv/ArcGIS/rest/services/Vaccine_Distribution_Program/FeatureServer&source=sd,19100,19100,0,0
Zimbabwe,2021-03-01,Sinopharm/Beijing,https://www.arcgis.com/home/webmap/viewer.html?url=https://services9.arcgis.com/DnERH4rcjw7NU6lv/ArcGIS/rest/services/Vaccine_Distribution_Program/FeatureServer&source=sd,21713,21713,0,0
Zimbabwe,2021-03-02,Sinopharm/Beijing,https://www.arcgis.com/home/webmap/viewer.html?url=https://services9.arcgis.com/DnERH4rcjw7NU6lv/ArcGIS/rest/services/Vaccine_Distribution_Program/FeatureServer&source=sd,25334,25334,0,0
Zimbabwe,2021-03-03,Sinopharm/Beijing,https://www.arcgis.com/home/webmap/viewer.html?url=https://services9.arcgis.com/DnERH4rcjw7NU6lv/ArcGIS/rest/services/Vaccine_Distribution_Program/FeatureServer&source=sd,28227,28227,0,0
Zimbabwe,2021-03-04,Sinopharm/Beijing,https://www.arcgis.com/home/webmap/viewer.html?url=https://services9.arcgis.com/DnERH4rcjw7NU6lv/ArcGIS/rest/services/Vaccine_Distribution_Program/FeatureServer&source=sd,30915,30915,0,0
Zimbabwe,2021-03-05,Sinopharm/Beijing,https://www.arcgis.com/home/webmap/viewer.html?url=https://services9.arcgis.com/DnERH4rcjw7NU6lv/ArcGIS/rest/services/Vaccine_Distribution_Program/FeatureServer&source=sd,31472,31472,0,0
Zimbabwe,2021-03-06,Sinopharm/Beijing,https://www.arcgis.com/home/webmap/viewer.html?url=https://services9.arcgis.com/DnERH4rcjw7NU6lv/ArcGIS/rest/services/Vaccine_Distribution_Program/FeatureServer&source=sd,32251,32251,0,0
Zimbabwe,2021-03-07,Sinopharm/Beijing,https://www.arcgis.com/home/webmap/viewer.html?url=https://services9.arcgis.com/DnERH4rcjw7NU6lv/ArcGIS/rest/services/Vaccine_Distribution_Program/FeatureServer&source=sd,32786,32786,0,0
Zimbabwe,2021-03-08,Sinopharm/Beijing,https://www.arcgis.com/home/webmap/viewer.html?url=https://services9.arcgis.com/DnERH4rcjw7NU6lv/ArcGIS/rest/services/Vaccine_Distribution_Program/FeatureServer&source=sd,36064,36064,0,0
Zimbabwe,2021-03-09,Sinopharm/Beijing,https://www.arcgis.com/home/webmap/viewer.html?url=https://services9.arcgis.com/DnERH4rcjw7NU6lv/ArcGIS/rest/services/Vaccine_Distribution_Program/FeatureServer&source=sd,36307,36307,0,0
Zimbabwe,2021-03-10,Sinopharm/Beijing,https://www.arcgis.com/home/webmap/viewer.html?url=https://services9.arcgis.com/DnERH4rcjw7NU6lv/ArcGIS/rest/services/Vaccine_Distribution_Program/FeatureServer&source=sd,36447,36447,0,0
Zimbabwe,2021-03-11,Sinopharm/Beijing,https://www.arcgis.com/home/webmap/viewer.html?url=https://services9.arcgis.com/DnERH4rcjw7NU6lv/ArcGIS/rest/services/Vaccine_Distribution_Program/FeatureServer&source=sd,36565,36565,0,0
Zimbabwe,2021-03-12,Sinopharm/Beijing,https://www.arcgis.com/home/webmap/viewer.html?url=https://services9.arcgis.com/DnERH4rcjw7NU6lv/ArcGIS/rest/services/Vaccine_Distribution_Program/FeatureServer&source=sd,36829,36829,0,0
Zimbabwe,2021-03-13,Sinopharm/Beijing,https://www.arcgis.com/home/webmap/viewer.html?url=https://services9.arcgis.com/DnERH4rcjw7NU6lv/ArcGIS/rest/services/Vaccine_Distribution_Program/FeatureServer&source=sd,36905,36905,0,0
Zimbabwe,2021-03-14,Sinopharm/Beijing,https://www.arcgis.com/home/webmap/viewer.html?url=https://services9.arcgis.com/DnERH4rcjw7NU6lv/ArcGIS/rest/services/Vaccine_Distribution_Program/FeatureServer&source=sd,36905,36905,0,0
Zimbabwe,2021-03-15,Sinopharm/Beijing,https://www.arcgis.com/home/webmap/viewer.html?url=https://services9.arcgis.com/DnERH4rcjw7NU6lv/ArcGIS/rest/services/Vaccine_Distribution_Program/FeatureServer&source=sd,38206,38206,0,0
Zimbabwe,2021-03-16,Sinopharm/Beijing,https://www.arcgis.com/home/webmap/viewer.html?url=https://services9.arcgis.com/DnERH4rcjw7NU6lv/ArcGIS/rest/services/Vaccine_Distribution_Program/FeatureServer&source=sd,40096,40096,0,0
Zimbabwe,2021-03-17,Sinopharm/Beijing,https://www.arcgis.com/home/webmap/viewer.html?url=https://services9.arcgis.com/DnERH4rcjw7NU6lv/ArcGIS/rest/services/Vaccine_Distribution_Program/FeatureServer&source=sd,40153,40153,0,0
Zimbabwe,2021-03-18,Sinopharm/Beijing,https://www.arcgis.com/home/webmap/viewer.html?url=https://services9.arcgis.com/DnERH4rcjw7NU6lv/ArcGIS/rest/services/Vaccine_Distribution_Program/FeatureServer&source=sd,40548,40548,0,0
Zimbabwe,2021-03-19,Sinopharm/Beijing,https://www.arcgis.com/home/webmap/viewer.html?url=https://services9.arcgis.com/DnERH4rcjw7NU6lv/ArcGIS/rest/services/Vaccine_Distribution_Program/FeatureServer&source=sd,42233,42233,0,0
Zimbabwe,2021-03-20,Sinopharm/Beijing,https://www.arcgis.com/home/webmap/viewer.html?url=https://services9.arcgis.com/DnERH4rcjw7NU6lv/ArcGIS/rest/services/Vaccine_Distribution_Program/FeatureServer&source=sd,42756,42756,0,0
Zimbabwe,2021-03-21,Sinopharm/Beijing,https://www.arcgis.com/home/webmap/viewer.html?url=https://services9.arcgis.com/DnERH4rcjw7NU6lv/ArcGIS/rest/services/Vaccine_Distribution_Program/FeatureServer&source=sd,43275,43275,0,0
Zimbabwe,2021-03-22,Sinopharm/Beijing,https://www.arcgis.com/home/webmap/viewer.html?url=https://services9.arcgis.com/DnERH4rcjw7NU6lv/ArcGIS/rest/services/Vaccine_Distribution_Program/FeatureServer&source=sd,44120,43840,280,0
Zimbabwe,2021-03-23,Sinopharm/Beijing,https://www.arcgis.com/home/webmap/viewer.html?url=https://services9.arcgis.com/DnERH4rcjw7NU6lv/ArcGIS/rest/services/Vaccine_Distribution_Program/FeatureServer&source=sd,45743,44681,1062,0
Zimbabwe,2021-03-24,Sinopharm/Beijing,https://www.arcgis.com/home/webmap/viewer.html?url=https://services9.arcgis.com/DnERH4rcjw7NU6lv/ArcGIS/rest/services/Vaccine_Distribution_Program/FeatureServer&source=sd,52439,49950,2489,0
Zimbabwe,2021-03-25,Sinopharm/Beijing,https://www.arcgis.com/home/webmap/viewer.html?url=https://services9.arcgis.com/DnERH4rcjw7NU6lv/ArcGIS/rest/services/Vaccine_Distribution_Program/FeatureServer&source=sd,59533,55438,4095,0
Zimbabwe,2021-03-26,Sinopharm/Beijing,https://www.arcgis.com/home/webmap/viewer.html?url=https://services9.arcgis.com/DnERH4rcjw7NU6lv/ArcGIS/rest/services/Vaccine_Distribution_Program/FeatureServer&source=sd,68208,61639,6569,0
Zimbabwe,2021-03-27,Sinopharm/Beijing,https://www.arcgis.com/home/webmap/viewer.html?url=https://services9.arcgis.com/DnERH4rcjw7NU6lv/ArcGIS/rest/services/Vaccine_Distribution_Program/FeatureServer&source=sd,73977,66012,7965,0
Zimbabwe,2021-03-28,Sinopharm/Beijing,https://www.arcgis.com/home/webmap/viewer.html?url=https://services9.arcgis.com/DnERH4rcjw7NU6lv/ArcGIS/rest/services/Vaccine_Distribution_Program/FeatureServer&source=sd,79685,69057,10628,0
Zimbabwe,2021-03-29,"Oxford/AstraZeneca, Sinopharm/Beijing",https://www.arcgis.com/home/webmap/viewer.html?url=https://services9.arcgis.com/DnERH4rcjw7NU6lv/ArcGIS/rest/services/Vaccine_Distribution_Program/FeatureServer&source=sd,82156,70297,11859,0
Zimbabwe,2021-03-30,"Oxford/AstraZeneca, Sinopharm/Beijing, Sinovac",https://www.arcgis.com/home/webmap/viewer.html?url=https://services9.arcgis.com/DnERH4rcjw7NU6lv/ArcGIS/rest/services/Vaccine_Distribution_Program/FeatureServer&source=sd,86412,73490,12922,0
Zimbabwe,2021-03-31,"Oxford/AstraZeneca, Sinopharm/Beijing, Sinovac",https://www.arcgis.com/home/webmap/viewer.html?url=https://services9.arcgis.com/DnERH4rcjw7NU6lv/ArcGIS/rest/services/Vaccine_Distribution_Program/FeatureServer&source=sd,92426,77541,14885,0
Zimbabwe,2021-04-01,"Oxford/AstraZeneca, Sinopharm/Beijing, Sinovac",https://www.arcgis.com/home/webmap/viewer.html?url=https://services9.arcgis.com/DnERH4rcjw7NU6lv/ArcGIS/rest/services/Vaccine_Distribution_Program/FeatureServer&source=sd,105853,88337,17516,0
Zimbabwe,2021-04-02,"Oxford/AstraZeneca, Sinopharm/Beijing, Sinovac",https://www.arcgis.com/home/webmap/viewer.html?url=https://services9.arcgis.com/DnERH4rcjw7NU6lv/ArcGIS/rest/services/Vaccine_Distribution_Program/FeatureServer&source=sd,125299,104361,20938,0
Zimbabwe,2021-04-03,"Oxford/AstraZeneca, Sinopharm/Beijing, Sinovac",https://www.arcgis.com/home/webmap/viewer.html?url=https://services9.arcgis.com/DnERH4rcjw7NU6lv/ArcGIS/rest/services/Vaccine_Distribution_Program/FeatureServer&source=sd,133461,112134,21327,0
Zimbabwe,2021-04-04,"Oxford/AstraZeneca, Sinopharm/Beijing, Sinovac",https://www.arcgis.com/home/webmap/viewer.html?url=https://services9.arcgis.com/DnERH4rcjw7NU6lv/ArcGIS/rest/services/Vaccine_Distribution_Program/FeatureServer&source=sd,139446,117843,21603,0
Zimbabwe,2021-04-05,"Oxford/AstraZeneca, Sinopharm/Beijing, Sinovac",https://www.arcgis.com/home/webmap/viewer.html?url=https://services9.arcgis.com/DnERH4rcjw7NU6lv/ArcGIS/rest/services/Vaccine_Distribution_Program/FeatureServer&source=sd,146056,124000,22056,0
Zimbabwe,2021-04-06,"Oxford/AstraZeneca, Sinopharm/Beijing, Sinovac",https://www.arcgis.com/home/webmap/viewer.html?url=https://services9.arcgis.com/DnERH4rcjw7NU6lv/ArcGIS/rest/services/Vaccine_Distribution_Program/FeatureServer&source=sd,162633,139133,23500,0
Zimbabwe,2021-04-07,"Oxford/AstraZeneca, Sinopharm/Beijing, Sinovac",https://www.arcgis.com/home/webmap/viewer.html?url=https://services9.arcgis.com/DnERH4rcjw7NU6lv/ArcGIS/rest/services/Vaccine_Distribution_Program/FeatureServer&source=sd,179417,153238,26179,0
Zimbabwe,2021-04-08,"Oxford/AstraZeneca, Sinopharm/Beijing, Sinovac",https://www.arcgis.com/home/webmap/viewer.html?url=https://services9.arcgis.com/DnERH4rcjw7NU6lv/ArcGIS/rest/services/Vaccine_Distribution_Program/FeatureServer&source=sd,181700,154566,27134,0
Zimbabwe,2021-04-09,"Oxford/AstraZeneca, Sinopharm/Beijing, Sinovac",https://www.arcgis.com/home/webmap/viewer.html?url=https://services9.arcgis.com/DnERH4rcjw7NU6lv/ArcGIS/rest/services/Vaccine_Distribution_Program/FeatureServer&source=sd,194228,166260,27968,0
Zimbabwe,2021-04-10,"Oxford/AstraZeneca, Sinopharm/Beijing, Sinovac",https://www.arcgis.com/home/webmap/viewer.html?url=https://services9.arcgis.com/DnERH4rcjw7NU6lv/ArcGIS/rest/services/Vaccine_Distribution_Program/FeatureServer&source=sd,210756,181959,28797,0
Zimbabwe,2021-04-11,"Oxford/AstraZeneca, Sinopharm/Beijing, Sinovac",https://www.arcgis.com/home/webmap/viewer.html?url=https://services9.arcgis.com/DnERH4rcjw7NU6lv/ArcGIS/rest/services/Vaccine_Distribution_Program/FeatureServer&source=sd,211515,182617,28898,0
Zimbabwe,2021-04-12,"Oxford/AstraZeneca, Sinopharm/Beijing, Sinovac",https://www.arcgis.com/home/webmap/viewer.html?url=https://services9.arcgis.com/DnERH4rcjw7NU6lv/ArcGIS/rest/services/Vaccine_Distribution_Program/FeatureServer&source=sd,222602,193298,29304,0
Zimbabwe,2021-04-13,"Oxford/AstraZeneca, Sinopharm/Beijing, Sinovac",https://www.arcgis.com/home/webmap/viewer.html?url=https://services9.arcgis.com/DnERH4rcjw7NU6lv/ArcGIS/rest/services/Vaccine_Distribution_Program/FeatureServer&source=sd,250151,219655,30496,0
Zimbabwe,2021-04-15,"Oxford/AstraZeneca, Sinopharm/Beijing, Sinovac",https://www.arcgis.com/home/webmap/viewer.html?url=https://services9.arcgis.com/DnERH4rcjw7NU6lv/ArcGIS/rest/services/Vaccine_Distribution_Program/FeatureServer&source=sd,292724,257755,34969,0
Zimbabwe,2021-04-17,"Oxford/AstraZeneca, Sinopharm/Beijing, Sinovac",https://www.arcgis.com/home/webmap/viewer.html?url=https://services9.arcgis.com/DnERH4rcjw7NU6lv/ArcGIS/rest/services/Vaccine_Distribution_Program/FeatureServer&source=sd,299924,264118,35806,0
Zimbabwe,2021-04-18,"Oxford/AstraZeneca, Sinopharm/Beijing, Sinovac",https://www.arcgis.com/home/webmap/viewer.html?url=https://services9.arcgis.com/DnERH4rcjw7NU6lv/ArcGIS/rest/services/Vaccine_Distribution_Program/FeatureServer&source=sd,305014,268591,36423,0
Zimbabwe,2021-04-20,"Oxford/AstraZeneca, Sinopharm/Beijing, Sinovac",https://www.arcgis.com/home/webmap/viewer.html?url=https://services9.arcgis.com/DnERH4rcjw7NU6lv/ArcGIS/rest/services/Vaccine_Distribution_Program/FeatureServer&source=sd,313030,276252,36778,0
Zimbabwe,2021-04-21,"Oxford/AstraZeneca, Sinopharm/Beijing, Sinovac",https://www.arcgis.com/home/webmap/viewer.html?url=https://services9.arcgis.com/DnERH4rcjw7NU6lv/ArcGIS/rest/services/Vaccine_Distribution_Program/FeatureServer&source=sd,332929,295584,37345,0
Zimbabwe,2021-04-22,"Oxford/AstraZeneca, Sinopharm/Beijing, Sinovac",https://www.arcgis.com/home/webmap/viewer.html?url=https://services9.arcgis.com/DnERH4rcjw7NU6lv/ArcGIS/rest/services/Vaccine_Distribution_Program/FeatureServer&source=sd,332929,295584,37345,0
Zimbabwe,2021-04-23,"Oxford/AstraZeneca, Sinopharm/Beijing, Sinovac",https://www.arcgis.com/home/webmap/viewer.html?url=https://services9.arcgis.com/DnERH4rcjw7NU6lv/ArcGIS/rest/services/Vaccine_Distribution_Program/FeatureServer&source=sd,347115,307245,39870,0
Zimbabwe,2021-04-24,"Oxford/AstraZeneca, Sinopharm/Beijing, Sinovac",https://www.arcgis.com/home/webmap/viewer.html?url=https://services9.arcgis.com/DnERH4rcjw7NU6lv/ArcGIS/rest/services/Vaccine_Distribution_Program/FeatureServer&source=sd,371717,324486,47231,0
Zimbabwe,2021-04-25,"Oxford/AstraZeneca, Sinopharm/Beijing, Sinovac",https://www.arcgis.com/home/webmap/viewer.html?url=https://services9.arcgis.com/DnERH4rcjw7NU6lv/ArcGIS/rest/services/Vaccine_Distribution_Program/FeatureServer&source=sd,389636,336598,53038,0
Zimbabwe,2021-04-26,"Oxford/AstraZeneca, Sinopharm/Beijing, Sinovac",https://www.arcgis.com/home/webmap/viewer.html?url=https://services9.arcgis.com/DnERH4rcjw7NU6lv/ArcGIS/rest/services/Vaccine_Distribution_Program/FeatureServer&source=sd,411228,353832,57396,0
Zimbabwe,2021-04-27,"Oxford/AstraZeneca, Sinopharm/Beijing, Sinovac",https://www.arcgis.com/home/webmap/viewer.html?url=https://services9.arcgis.com/DnERH4rcjw7NU6lv/ArcGIS/rest/services/Vaccine_Distribution_Program/FeatureServer&source=sd,433917,370674,63243,0
Zimbabwe,2021-04-28,"Oxford/AstraZeneca, Sinopharm/Beijing, Sinovac",https://www.arcgis.com/home/webmap/viewer.html?url=https://services9.arcgis.com/DnERH4rcjw7NU6lv/ArcGIS/rest/services/Vaccine_Distribution_Program/FeatureServer&source=sd,457991,388019,69972,0
Zimbabwe,2021-04-29,"Oxford/AstraZeneca, Sinopharm/Beijing, Sinovac",https://www.arcgis.com/home/webmap/viewer.html?url=https://services9.arcgis.com/DnERH4rcjw7NU6lv/ArcGIS/rest/services/Vaccine_Distribution_Program/FeatureServer&source=sd,500320,414733,85587,0
Zimbabwe,2021-05-01,"Oxford/AstraZeneca, Sinopharm/Beijing, Sinovac",https://www.arcgis.com/home/webmap/viewer.html?url=https://services9.arcgis.com/DnERH4rcjw7NU6lv/ArcGIS/rest/services/Vaccine_Distribution_Program/FeatureServer&source=sd,520277,428133,92144,0
Zimbabwe,2021-05-02,"Oxford/AstraZeneca, Sinopharm/Beijing, Sinovac",https://www.arcgis.com/home/webmap/viewer.html?url=https://services9.arcgis.com/DnERH4rcjw7NU6lv/ArcGIS/rest/services/Vaccine_Distribution_Program/FeatureServer&source=sd,524177,430066,94111,0
Zimbabwe,2021-05-03,"Oxford/AstraZeneca, Sinopharm/Beijing, Sinovac",https://www.arcgis.com/home/webmap/viewer.html?url=https://services9.arcgis.com/DnERH4rcjw7NU6lv/ArcGIS/rest/services/Vaccine_Distribution_Program/FeatureServer&source=sd,537494,437749,99745,0
Zimbabwe,2021-05-04,"Oxford/AstraZeneca, Sinopharm/Beijing, Sinovac",https://www.arcgis.com/home/webmap/viewer.html?url=https://services9.arcgis.com/DnERH4rcjw7NU6lv/ArcGIS/rest/services/Vaccine_Distribution_Program/FeatureServer&source=sd,559755,452189,107566,0
Zimbabwe,2021-05-05,"Oxford/AstraZeneca, Sinopharm/Beijing, Sinovac",https://www.arcgis.com/home/webmap/viewer.html?url=https://services9.arcgis.com/DnERH4rcjw7NU6lv/ArcGIS/rest/services/Vaccine_Distribution_Program/FeatureServer&source=sd,576211,461021,115190,0
Zimbabwe,2021-05-06,"Oxford/AstraZeneca, Sinopharm/Beijing, Sinovac",https://www.arcgis.com/home/webmap/viewer.html?url=https://services9.arcgis.com/DnERH4rcjw7NU6lv/ArcGIS/rest/services/Vaccine_Distribution_Program/FeatureServer&source=sd,607333,478172,129161,0
Zimbabwe,2021-05-07,"Oxford/AstraZeneca, Sinopharm/Beijing, Sinovac",https://www.arcgis.com/home/webmap/viewer.html?url=https://services9.arcgis.com/DnERH4rcjw7NU6lv/ArcGIS/rest/services/Vaccine_Distribution_Program/FeatureServer&source=sd,640740,500420,140320,0
Zimbabwe,2021-05-08,"Oxford/AstraZeneca, Sinopharm/Beijing, Sinovac",https://www.arcgis.com/home/webmap/viewer.html?url=https://services9.arcgis.com/DnERH4rcjw7NU6lv/ArcGIS/rest/services/Vaccine_Distribution_Program/FeatureServer&source=sd,657816,509272,148544,0
Zimbabwe,2021-05-09,"Oxford/AstraZeneca, Sinopharm/Beijing, Sinovac",https://www.arcgis.com/home/webmap/viewer.html?url=https://services9.arcgis.com/DnERH4rcjw7NU6lv/ArcGIS/rest/services/Vaccine_Distribution_Program/FeatureServer&source=sd,684221,526064,158157,0
Zimbabwe,2021-05-10,"Oxford/AstraZeneca, Sinopharm/Beijing, Sinovac",https://www.arcgis.com/home/webmap/viewer.html?url=https://services9.arcgis.com/DnERH4rcjw7NU6lv/ArcGIS/rest/services/Vaccine_Distribution_Program/FeatureServer&source=sd,690631,529358,161273,0
Zimbabwe,2021-05-11,"Oxford/AstraZeneca, Sinopharm/Beijing, Sinovac",https://www.arcgis.com/home/webmap/viewer.html?url=https://services9.arcgis.com/DnERH4rcjw7NU6lv/ArcGIS/rest/services/Vaccine_Distribution_Program/FeatureServer&source=sd,709750,539524,170226,0
Zimbabwe,2021-05-12,"Oxford/AstraZeneca, Sinopharm/Beijing, Sinovac",https://www.arcgis.com/home/webmap/viewer.html?url=https://services9.arcgis.com/DnERH4rcjw7NU6lv/ArcGIS/rest/services/Vaccine_Distribution_Program/FeatureServer&source=sd,730343,549795,180548,0
Zimbabwe,2021-05-13,"Oxford/AstraZeneca, Sinopharm/Beijing, Sinovac",https://www.arcgis.com/home/webmap/viewer.html?url=https://services9.arcgis.com/DnERH4rcjw7NU6lv/ArcGIS/rest/services/Vaccine_Distribution_Program/FeatureServer&source=sd,751998,559873,192125,0
Zimbabwe,2021-05-14,"Oxford/AstraZeneca, Sinopharm/Beijing, Sinovac",https://www.arcgis.com/home/webmap/viewer.html?url=https://services9.arcgis.com/DnERH4rcjw7NU6lv/ArcGIS/rest/services/Vaccine_Distribution_Program/FeatureServer&source=sd,775219,571458,203761,0
Zimbabwe,2021-05-15,"Oxford/AstraZeneca, Sinopharm/Beijing, Sinovac",https://www.arcgis.com/home/webmap/viewer.html?url=https://services9.arcgis.com/DnERH4rcjw7NU6lv/ArcGIS/rest/services/Vaccine_Distribution_Program/FeatureServer&source=sd,793289,579767,213522,0
Zimbabwe,2021-05-16,"Oxford/AstraZeneca, Sinopharm/Beijing, Sinovac",https://www.arcgis.com/home/webmap/viewer.html?url=https://services9.arcgis.com/DnERH4rcjw7NU6lv/ArcGIS/rest/services/Vaccine_Distribution_Program/FeatureServer&source=sd,796925,581613,215312,0
Zimbabwe,2021-05-17,"Oxford/AstraZeneca, Sinopharm/Beijing, Sinovac",https://www.arcgis.com/home/webmap/viewer.html?url=https://services9.arcgis.com/DnERH4rcjw7NU6lv/ArcGIS/rest/services/Vaccine_Distribution_Program/FeatureServer&source=sd,814236,591806,222430,0
Zimbabwe,2021-05-18,"Oxford/AstraZeneca, Sinopharm/Beijing, Sinovac",https://www.arcgis.com/home/webmap/viewer.html?url=https://services9.arcgis.com/DnERH4rcjw7NU6lv/ArcGIS/rest/services/Vaccine_Distribution_Program/FeatureServer&source=sd,831932,600577,231355,0
Zimbabwe,2021-05-19,"Oxford/AstraZeneca, Sinopharm/Beijing, Sinovac",https://www.arcgis.com/home/webmap/viewer.html?url=https://services9.arcgis.com/DnERH4rcjw7NU6lv/ArcGIS/rest/services/Vaccine_Distribution_Program/FeatureServer&source=sd,867374,615294,252080,0
Zimbabwe,2021-05-21,"Oxford/AstraZeneca, Sinopharm/Beijing, Sinovac",https://www.arcgis.com/home/webmap/viewer.html?url=https://services9.arcgis.com/DnERH4rcjw7NU6lv/ArcGIS/rest/services/Vaccine_Distribution_Program/FeatureServer&source=sd,904051,630346,273705,0
Zimbabwe,2021-05-23,"Oxford/AstraZeneca, Sinopharm/Beijing, Sinovac",https://www.arcgis.com/home/webmap/viewer.html?url=https://services9.arcgis.com/DnERH4rcjw7NU6lv/ArcGIS/rest/services/Vaccine_Distribution_Program/FeatureServer&source=sd,911011,632494,278517,0
Zimbabwe,2021-05-24,"Oxford/AstraZeneca, Sinopharm/Beijing, Sinovac",https://www.arcgis.com/home/webmap/viewer.html?url=https://services9.arcgis.com/DnERH4rcjw7NU6lv/ArcGIS/rest/services/Vaccine_Distribution_Program/FeatureServer&source=sd,927968,639551,288417,0
Zimbabwe,2021-05-26,"Oxford/AstraZeneca, Sinopharm/Beijing, Sinovac",https://www.arcgis.com/home/webmap/viewer.html?url=https://services9.arcgis.com/DnERH4rcjw7NU6lv/ArcGIS/rest/services/Vaccine_Distribution_Program/FeatureServer&source=sd,937018,643529,293489,0
Zimbabwe,2021-05-27,"Oxford/AstraZeneca, Sinopharm/Beijing, Sinovac",https://www.arcgis.com/home/webmap/viewer.html?url=https://services9.arcgis.com/DnERH4rcjw7NU6lv/ArcGIS/rest/services/Vaccine_Distribution_Program/FeatureServer&source=sd,953367,648119,305248,0
Zimbabwe,2021-05-28,"Oxford/AstraZeneca, Sinopharm/Beijing, Sinovac",https://www.arcgis.com/home/webmap/viewer.html?url=https://services9.arcgis.com/DnERH4rcjw7NU6lv/ArcGIS/rest/services/Vaccine_Distribution_Program/FeatureServer&source=sd,976774,656628,320146,0
Zimbabwe,2021-05-29,"Oxford/AstraZeneca, Sinopharm/Beijing, Sinovac",https://www.arcgis.com/home/webmap/viewer.html?url=https://services9.arcgis.com/DnERH4rcjw7NU6lv/ArcGIS/rest/services/Vaccine_Distribution_Program/FeatureServer&source=sd,1002443,666784,335659,0
Zimbabwe,2021-05-30,"Oxford/AstraZeneca, Sinopharm/Beijing, Sinovac",https://www.arcgis.com/home/webmap/viewer.html?url=https://services9.arcgis.com/DnERH4rcjw7NU6lv/ArcGIS/rest/services/Vaccine_Distribution_Program/FeatureServer&source=sd,1011951,670753,341198,0
Zimbabwe,2021-05-31,"Oxford/AstraZeneca, Sinopharm/Beijing, Sinovac",https://www.arcgis.com/home/webmap/viewer.html?url=https://services9.arcgis.com/DnERH4rcjw7NU6lv/ArcGIS/rest/services/Vaccine_Distribution_Program/FeatureServer&source=sd,1020056,675676,344380,0
Zimbabwe,2021-06-01,"Oxford/AstraZeneca, Sinopharm/Beijing, Sinovac",https://www.arcgis.com/home/webmap/viewer.html?url=https://services9.arcgis.com/DnERH4rcjw7NU6lv/ArcGIS/rest/services/Vaccine_Distribution_Program/FeatureServer&source=sd,1031259,678001,353258,0
Zimbabwe,2021-06-02,"Oxford/AstraZeneca, Sinopharm/Beijing, Sinovac",https://www.arcgis.com/home/webmap/viewer.html?url=https://services9.arcgis.com/DnERH4rcjw7NU6lv/ArcGIS/rest/services/Vaccine_Distribution_Program/FeatureServer&source=sd,1040192,682240,357952,0
Zimbabwe,2021-06-03,"Oxford/AstraZeneca, Sinopharm/Beijing, Sinovac",https://www.arcgis.com/home/webmap/viewer.html?url=https://services9.arcgis.com/DnERH4rcjw7NU6lv/ArcGIS/rest/services/Vaccine_Distribution_Program/FeatureServer&source=sd,1048482,684162,364320,0
Zimbabwe,2021-06-04,"Oxford/AstraZeneca, Sinopharm/Beijing, Sinovac",https://www.arcgis.com/home/webmap/viewer.html?url=https://services9.arcgis.com/DnERH4rcjw7NU6lv/ArcGIS/rest/services/Vaccine_Distribution_Program/FeatureServer&source=sd,1056216,685562,370654,0
Zimbabwe,2021-06-05,"Oxford/AstraZeneca, Sinopharm/Beijing, Sinovac",https://www.arcgis.com/home/webmap/viewer.html?url=https://services9.arcgis.com/DnERH4rcjw7NU6lv/ArcGIS/rest/services/Vaccine_Distribution_Program/FeatureServer&source=sd,1061929,686634,375295,0
Zimbabwe,2021-06-06,"Oxford/AstraZeneca, Sinopharm/Beijing, Sinovac",https://www.arcgis.com/home/webmap/viewer.html?url=https://services9.arcgis.com/DnERH4rcjw7NU6lv/ArcGIS/rest/services/Vaccine_Distribution_Program/FeatureServer&source=sd,1068085,687319,380766,0
Zimbabwe,2021-06-07,"Oxford/AstraZeneca, Sinopharm/Beijing, Sinovac",https://www.arcgis.com/home/webmap/viewer.html?url=https://services9.arcgis.com/DnERH4rcjw7NU6lv/ArcGIS/rest/services/Vaccine_Distribution_Program/FeatureServer&source=sd,1073949,688694,385255,0
Zimbabwe,2021-06-08,"Oxford/AstraZeneca, Sinopharm/Beijing, Sinovac",https://www.arcgis.com/home/webmap/viewer.html?url=https://services9.arcgis.com/DnERH4rcjw7NU6lv/ArcGIS/rest/services/Vaccine_Distribution_Program/FeatureServer&source=sd,1078787,689395,389392,0
Zimbabwe,2021-06-09,"Oxford/AstraZeneca, Sinopharm/Beijing, Sinovac",https://www.arcgis.com/home/webmap/viewer.html?url=https://services9.arcgis.com/DnERH4rcjw7NU6lv/ArcGIS/rest/services/Vaccine_Distribution_Program/FeatureServer&source=sd,1083961,689918,394043,0
Zimbabwe,2021-06-10,"Oxford/AstraZeneca, Sinopharm/Beijing, Sinovac",https://www.arcgis.com/home/webmap/viewer.html?url=https://services9.arcgis.com/DnERH4rcjw7NU6lv/ArcGIS/rest/services/Vaccine_Distribution_Program/FeatureServer&source=sd,1089484,690450,399034,0
Zimbabwe,2021-06-11,"Oxford/AstraZeneca, Sinopharm/Beijing, Sinovac, Sputnik V",https://www.arcgis.com/home/webmap/viewer.html?url=https://services9.arcgis.com/DnERH4rcjw7NU6lv/ArcGIS/rest/services/Vaccine_Distribution_Program/FeatureServer&source=sd,1103376,692178,411198,0
Zimbabwe,2021-06-13,"Oxford/AstraZeneca, Sinopharm/Beijing, Sinovac, Sputnik V",https://www.arcgis.com/home/webmap/viewer.html?url=https://services9.arcgis.com/DnERH4rcjw7NU6lv/ArcGIS/rest/services/Vaccine_Distribution_Program/FeatureServer&source=sd,1107036,693145,413891,0
Zimbabwe,2021-06-14,"Oxford/AstraZeneca, Sinopharm/Beijing, Sinovac, Sputnik V",https://www.arcgis.com/home/webmap/viewer.html?url=https://services9.arcgis.com/DnERH4rcjw7NU6lv/ArcGIS/rest/services/Vaccine_Distribution_Program/FeatureServer&source=sd,1108181,693566,414615,0
Zimbabwe,2021-06-15,"Oxford/AstraZeneca, Sinopharm/Beijing, Sinovac, Sputnik V",https://www.arcgis.com/home/webmap/viewer.html?url=https://services9.arcgis.com/DnERH4rcjw7NU6lv/ArcGIS/rest/services/Vaccine_Distribution_Program/FeatureServer&source=sd,1113456,694728,418728,0
Zimbabwe,2021-06-16,"Oxford/AstraZeneca, Sinopharm/Beijing, Sinovac, Sputnik V",https://www.arcgis.com/home/webmap/viewer.html?url=https://services9.arcgis.com/DnERH4rcjw7NU6lv/ArcGIS/rest/services/Vaccine_Distribution_Program/FeatureServer&source=sd,1120851,697397,423454,0
Zimbabwe,2021-06-17,"Oxford/AstraZeneca, Sinopharm/Beijing, Sinovac, Sputnik V",https://www.arcgis.com/home/webmap/viewer.html?url=https://services9.arcgis.com/DnERH4rcjw7NU6lv/ArcGIS/rest/services/Vaccine_Distribution_Program/FeatureServer&source=sd,1126065,698951,427114,0
Zimbabwe,2021-06-18,"Oxford/AstraZeneca, Sinopharm/Beijing, Sinovac, Sputnik V",https://www.arcgis.com/home/webmap/viewer.html?url=https://services9.arcgis.com/DnERH4rcjw7NU6lv/ArcGIS/rest/services/Vaccine_Distribution_Program/FeatureServer&source=sd,1133898,701346,432552,0
Zimbabwe,2021-06-20,"Oxford/AstraZeneca, Sinopharm/Beijing, Sinovac, Sputnik V",https://www.arcgis.com/home/webmap/viewer.html?url=https://services9.arcgis.com/DnERH4rcjw7NU6lv/ArcGIS/rest/services/Vaccine_Distribution_Program/FeatureServer&source=sd,1138711,703063,435648,0
Zimbabwe,2021-06-21,"Oxford/AstraZeneca, Sinopharm/Beijing, Sinovac, Sputnik V",https://www.arcgis.com/home/webmap/viewer.html?url=https://services9.arcgis.com/DnERH4rcjw7NU6lv/ArcGIS/rest/services/Vaccine_Distribution_Program/FeatureServer&source=sd,1140830,703999,436831,0
Zimbabwe,2021-06-22,"Oxford/AstraZeneca, Sinopharm/Beijing, Sinovac, Sputnik V",https://www.arcgis.com/home/webmap/viewer.html?url=https://services9.arcgis.com/DnERH4rcjw7NU6lv/ArcGIS/rest/services/Vaccine_Distribution_Program/FeatureServer&source=sd,1146356,706156,440200,0
Zimbabwe,2021-06-23,"Oxford/AstraZeneca, Sinopharm/Beijing, Sinovac, Sputnik V",https://www.arcgis.com/home/webmap/viewer.html?url=https://services9.arcgis.com/DnERH4rcjw7NU6lv/ArcGIS/rest/services/Vaccine_Distribution_Program/FeatureServer&source=sd,1166827,715054,451773,0
Zimbabwe,2021-06-24,"Oxford/AstraZeneca, Sinopharm/Beijing, Sinovac, Sputnik V",https://www.arcgis.com/home/webmap/viewer.html?url=https://services9.arcgis.com/DnERH4rcjw7NU6lv/ArcGIS/rest/services/Vaccine_Distribution_Program/FeatureServer&source=sd,1193293,725580,467713,0
Zimbabwe,2021-06-25,"Oxford/AstraZeneca, Sinopharm/Beijing, Sinovac, Sputnik V",https://www.arcgis.com/home/webmap/viewer.html?url=https://services9.arcgis.com/DnERH4rcjw7NU6lv/ArcGIS/rest/services/Vaccine_Distribution_Program/FeatureServer&source=sd,1221895,737481,484414,0
Zimbabwe,2021-06-26,"Oxford/AstraZeneca, Sinopharm/Beijing, Sinovac, Sputnik V",https://www.arcgis.com/home/webmap/viewer.html?url=https://services9.arcgis.com/DnERH4rcjw7NU6lv/ArcGIS/rest/services/Vaccine_Distribution_Program/FeatureServer&source=sd,1249486,747328,502158,0
Zimbabwe,2021-06-27,"Oxford/AstraZeneca, Sinopharm/Beijing, Sinovac, Sputnik V",https://www.arcgis.com/home/webmap/viewer.html?url=https://services9.arcgis.com/DnERH4rcjw7NU6lv/ArcGIS/rest/services/Vaccine_Distribution_Program/FeatureServer&source=sd,1275237,756289,518948,0
Zimbabwe,2021-06-28,"Oxford/AstraZeneca, Sinopharm/Beijing, Sinovac, Sputnik V",https://www.arcgis.com/home/webmap/viewer.html?url=https://services9.arcgis.com/DnERH4rcjw7NU6lv/ArcGIS/rest/services/Vaccine_Distribution_Program/FeatureServer&source=sd,1299132,764246,534886,0
Zimbabwe,2021-06-29,"Oxford/AstraZeneca, Sinopharm/Beijing, Sinovac, Sputnik V",https://www.arcgis.com/home/webmap/viewer.html?url=https://services9.arcgis.com/DnERH4rcjw7NU6lv/ArcGIS/rest/services/Vaccine_Distribution_Program/FeatureServer&source=sd,1315575,770707,544868,0
Zimbabwe,2021-06-30,"Oxford/AstraZeneca, Sinopharm/Beijing, Sinovac, Sputnik V",https://www.arcgis.com/home/webmap/viewer.html?url=https://services9.arcgis.com/DnERH4rcjw7NU6lv/ArcGIS/rest/services/Vaccine_Distribution_Program/FeatureServer&source=sd,1332416,777159,555257,0
Zimbabwe,2021-07-01,"Oxford/AstraZeneca, Sinopharm/Beijing, Sinovac, Sputnik V",https://www.arcgis.com/home/webmap/viewer.html?url=https://services9.arcgis.com/DnERH4rcjw7NU6lv/ArcGIS/rest/services/Vaccine_Distribution_Program/FeatureServer&source=sd,1341938,782696,559242,0
Zimbabwe,2021-07-02,"Oxford/AstraZeneca, Sinopharm/Beijing, Sinovac, Sputnik V",https://www.arcgis.com/home/webmap/viewer.html?url=https://services9.arcgis.com/DnERH4rcjw7NU6lv/ArcGIS/rest/services/Vaccine_Distribution_Program/FeatureServer&source=sd,1352698,788004,564694,0
Zimbabwe,2021-07-03,"Oxford/AstraZeneca, Sinopharm/Beijing, Sinovac, Sputnik V",https://www.arcgis.com/home/webmap/viewer.html?url=https://services9.arcgis.com/DnERH4rcjw7NU6lv/ArcGIS/rest/services/Vaccine_Distribution_Program/FeatureServer&source=sd,1359567,791901,567666,0
Zimbabwe,2021-07-04,"Oxford/AstraZeneca, Sinopharm/Beijing, Sinovac, Sputnik V",https://www.arcgis.com/home/webmap/viewer.html?url=https://services9.arcgis.com/DnERH4rcjw7NU6lv/ArcGIS/rest/services/Vaccine_Distribution_Program/FeatureServer&source=sd,1361190,793077,568113,0
Zimbabwe,2021-07-05,"Oxford/AstraZeneca, Sinopharm/Beijing, Sinovac, Sputnik V",https://www.arcgis.com/home/webmap/viewer.html?url=https://services9.arcgis.com/DnERH4rcjw7NU6lv/ArcGIS/rest/services/Vaccine_Distribution_Program/FeatureServer&source=sd,1369416,797715,571701,0
Zimbabwe,2021-07-06,"Oxford/AstraZeneca, Sinopharm/Beijing, Sinovac, Sputnik V",https://www.arcgis.com/home/webmap/viewer.html?url=https://services9.arcgis.com/DnERH4rcjw7NU6lv/ArcGIS/rest/services/Vaccine_Distribution_Program/FeatureServer&source=sd,1382547,807633,574914,0
Zimbabwe,2021-07-07,"Oxford/AstraZeneca, Sinopharm/Beijing, Sinovac, Sputnik V",https://www.arcgis.com/home/webmap/viewer.html?url=https://services9.arcgis.com/DnERH4rcjw7NU6lv/ArcGIS/rest/services/Vaccine_Distribution_Program/FeatureServer&source=sd,1398737,819058,579679,0
Zimbabwe,2021-07-08,"Oxford/AstraZeneca, Sinopharm/Beijing, Sinovac, Sputnik V",https://www.arcgis.com/home/webmap/viewer.html?url=https://services9.arcgis.com/DnERH4rcjw7NU6lv/ArcGIS/rest/services/Vaccine_Distribution_Program/FeatureServer&source=sd,1463995,875182,588813,0
Zimbabwe,2021-07-10,"Oxford/AstraZeneca, Sinopharm/Beijing, Sinovac, Sputnik V",https://www.arcgis.com/home/webmap/viewer.html?url=https://services9.arcgis.com/DnERH4rcjw7NU6lv/ArcGIS/rest/services/Vaccine_Distribution_Program/FeatureServer&source=sd,1477120,886619,590501,0
Zimbabwe,2021-07-11,"Oxford/AstraZeneca, Sinopharm/Beijing, Sinovac, Sputnik V",https://www.arcgis.com/home/webmap/viewer.html?url=https://services9.arcgis.com/DnERH4rcjw7NU6lv/ArcGIS/rest/services/Vaccine_Distribution_Program/FeatureServer&source=sd,1491397,895980,595417,0
Zimbabwe,2021-07-12,"Oxford/AstraZeneca, Sinopharm/Beijing, Sinovac, Sputnik V",https://www.arcgis.com/home/webmap/viewer.html?url=https://services9.arcgis.com/DnERH4rcjw7NU6lv/ArcGIS/rest/services/Vaccine_Distribution_Program/FeatureServer&source=sd,1531868,926312,605556,0
Zimbabwe,2021-07-13,"Oxford/AstraZeneca, Sinopharm/Beijing, Sinovac, Sputnik V",https://www.arcgis.com/home/webmap/viewer.html?url=https://services9.arcgis.com/DnERH4rcjw7NU6lv/ArcGIS/rest/services/Vaccine_Distribution_Program/FeatureServer&source=sd,1613640,988746,624894,0
Zimbabwe,2021-07-15,"Oxford/AstraZeneca, Sinopharm/Beijing, Sinovac, Sputnik V",https://www.arcgis.com/home/webmap/viewer.html?url=https://services9.arcgis.com/DnERH4rcjw7NU6lv/ArcGIS/rest/services/Vaccine_Distribution_Program/FeatureServer&source=sd,1731740,1096002,635738,0
Zimbabwe,2021-07-17,"Oxford/AstraZeneca, Sinopharm/Beijing, Sinovac, Sputnik V",https://www.arcgis.com/home/webmap/viewer.html?url=https://services9.arcgis.com/DnERH4rcjw7NU6lv/ArcGIS/rest/services/Vaccine_Distribution_Program/FeatureServer&source=sd,1771434,1132045,639389,0
Zimbabwe,2021-07-18,"Oxford/AstraZeneca, Sinopharm/Beijing, Sinovac, Sputnik V",https://www.arcgis.com/home/webmap/viewer.html?url=https://services9.arcgis.com/DnERH4rcjw7NU6lv/ArcGIS/rest/services/Vaccine_Distribution_Program/FeatureServer&source=sd,1785242,1144088,641154,0
Zimbabwe,2021-07-19,"Oxford/AstraZeneca, Sinopharm/Beijing, Sinovac, Sputnik V",https://www.arcgis.com/home/webmap/viewer.html?url=https://services9.arcgis.com/DnERH4rcjw7NU6lv/ArcGIS/rest/services/Vaccine_Distribution_Program/FeatureServer&source=sd,1827347,1184144,643203,0
Zimbabwe,2021-07-20,"Oxford/AstraZeneca, Sinopharm/Beijing, Sinovac, Sputnik V",https://www.arcgis.com/home/webmap/viewer.html?url=https://services9.arcgis.com/DnERH4rcjw7NU6lv/ArcGIS/rest/services/Vaccine_Distribution_Program/FeatureServer&source=sd,1897046,1247203,649843,0
Zimbabwe,2021-07-21,"Oxford/AstraZeneca, Sinopharm/Beijing, Sinovac, Sputnik V",https://www.arcgis.com/home/webmap/viewer.html?url=https://services9.arcgis.com/DnERH4rcjw7NU6lv/ArcGIS/rest/services/Vaccine_Distribution_Program/FeatureServer&source=sd,1949181,1292351,656830,0
Zimbabwe,2021-07-22,"Oxford/AstraZeneca, Sinopharm/Beijing, Sinovac, Sputnik V",https://www.arcgis.com/home/webmap/viewer.html?url=https://services9.arcgis.com/DnERH4rcjw7NU6lv/ArcGIS/rest/services/Vaccine_Distribution_Program/FeatureServer&source=sd,2016810,1352223,664587,0
Zimbabwe,2021-07-23,"Oxford/AstraZeneca, Sinopharm/Beijing, Sinovac, Sputnik V",https://www.arcgis.com/home/webmap/viewer.html?url=https://services9.arcgis.com/DnERH4rcjw7NU6lv/ArcGIS/rest/services/Vaccine_Distribution_Program/FeatureServer&source=sd,2116373,1438599,677774,0
Zimbabwe,2021-07-25,"Oxford/AstraZeneca, Sinopharm/Beijing, Sinovac, Sputnik V",https://www.arcgis.com/home/webmap/viewer.html?url=https://services9.arcgis.com/DnERH4rcjw7NU6lv/ArcGIS/rest/services/Vaccine_Distribution_Program/FeatureServer&source=sd,2178418,1491202,687216,0
Zimbabwe,2021-07-26,"Oxford/AstraZeneca, Sinopharm/Beijing, Sinovac, Sputnik V",https://www.arcgis.com/home/webmap/viewer.html?url=https://services9.arcgis.com/DnERH4rcjw7NU6lv/ArcGIS/rest/services/Vaccine_Distribution_Program/FeatureServer&source=sd,2178418,1491202,687216,0
Zimbabwe,2021-07-27,"Oxford/AstraZeneca, Sinopharm/Beijing, Sinovac, Sputnik V",https://www.arcgis.com/home/webmap/viewer.html?url=https://services9.arcgis.com/DnERH4rcjw7NU6lv/ArcGIS/rest/services/Vaccine_Distribution_Program/FeatureServer&source=sd,2275145,1561994,713151,0
Zimbabwe,2021-07-28,"Oxford/AstraZeneca, Sinopharm/Beijing, Sinovac, Sputnik V",https://www.arcgis.com/home/webmap/viewer.html?url=https://services9.arcgis.com/DnERH4rcjw7NU6lv/ArcGIS/rest/services/Vaccine_Distribution_Program/FeatureServer&source=sd,2323763,1593365,730398,0
Zimbabwe,2021-07-29,"Oxford/AstraZeneca, Sinopharm/Beijing, Sinovac, Sputnik V",https://www.arcgis.com/home/webmap/viewer.html?url=https://services9.arcgis.com/DnERH4rcjw7NU6lv/ArcGIS/rest/services/Vaccine_Distribution_Program/FeatureServer&source=sd,2375090,1623583,751507,0
Zimbabwe,2021-07-30,"Oxford/AstraZeneca, Sinopharm/Beijing, Sinovac, Sputnik V",https://www.arcgis.com/home/webmap/viewer.html?url=https://services9.arcgis.com/DnERH4rcjw7NU6lv/ArcGIS/rest/services/Vaccine_Distribution_Program/FeatureServer&source=sd,2413238,1645308,767930,0
Zimbabwe,2021-07-31,"Oxford/AstraZeneca, Sinopharm/Beijing, Sinovac, Sputnik V",https://www.arcgis.com/home/webmap/viewer.html?url=https://services9.arcgis.com/DnERH4rcjw7NU6lv/ArcGIS/rest/services/Vaccine_Distribution_Program/FeatureServer&source=sd,2433070,1653821,779249,0
Zimbabwe,2021-08-02,"Oxford/AstraZeneca, Sinopharm/Beijing, Sinovac, Sputnik V",https://www.arcgis.com/home/webmap/viewer.html?url=https://services9.arcgis.com/DnERH4rcjw7NU6lv/ArcGIS/rest/services/Vaccine_Distribution_Program/FeatureServer&source=sd,2473319,1674419,798900,0
Zimbabwe,2021-08-03,"Oxford/AstraZeneca, Sinopharm/Beijing, Sinovac, Sputnik V",https://www.arcgis.com/home/webmap/viewer.html?url=https://services9.arcgis.com/DnERH4rcjw7NU6lv/ArcGIS/rest/services/Vaccine_Distribution_Program/FeatureServer&source=sd,2603994,1740307,863687,0
Zimbabwe,2021-08-04,"Oxford/AstraZeneca, Sinopharm/Beijing, Sinovac, Sputnik V",https://www.arcgis.com/home/webmap/viewer.html?url=https://services9.arcgis.com/DnERH4rcjw7NU6lv/ArcGIS/rest/services/Vaccine_Distribution_Program/FeatureServer&source=sd,2603994,1740307,863687,0
Zimbabwe,2021-08-05,"Oxford/AstraZeneca, Sinopharm/Beijing, Sinovac, Sputnik V",https://www.arcgis.com/home/webmap/viewer.html?url=https://services9.arcgis.com/DnERH4rcjw7NU6lv/ArcGIS/rest/services/Vaccine_Distribution_Program/FeatureServer&source=sd,2783999,1817307,966692,0
Zimbabwe,2021-08-07,"Oxford/AstraZeneca, Sinopharm/Beijing, Sinovac, Sputnik V",https://www.arcgis.com/home/webmap/viewer.html?url=https://services9.arcgis.com/DnERH4rcjw7NU6lv/ArcGIS/rest/services/Vaccine_Distribution_Program/FeatureServer&source=sd,2853397,1851116,1002281,0
Zimbabwe,2021-08-08,"Oxford/AstraZeneca, Sinopharm/Beijing, Sinovac, Sputnik V",https://www.arcgis.com/home/webmap/viewer.html?url=https://services9.arcgis.com/DnERH4rcjw7NU6lv/ArcGIS/rest/services/Vaccine_Distribution_Program/FeatureServer&source=sd,2886551,1863913,1022638,0
Zimbabwe,2021-08-09,"Oxford/AstraZeneca, Sinopharm/Beijing, Sinovac, Sputnik V",https://www.arcgis.com/home/webmap/viewer.html?url=https://services9.arcgis.com/DnERH4rcjw7NU6lv/ArcGIS/rest/services/Vaccine_Distribution_Program/FeatureServer&source=sd,2941508,1897123,1044385,0
Zimbabwe,2021-08-10,"Oxford/AstraZeneca, Sinopharm/Beijing, Sinovac, Sputnik V",https://www.arcgis.com/home/webmap/viewer.html?url=https://services9.arcgis.com/DnERH4rcjw7NU6lv/ArcGIS/rest/services/Vaccine_Distribution_Program/FeatureServer&source=sd,2973559,1912301,1061258,0
Zimbabwe,2021-08-11,"Oxford/AstraZeneca, Sinopharm/Beijing, Sinovac, Sputnik V",https://www.arcgis.com/home/webmap/viewer.html?url=https://services9.arcgis.com/DnERH4rcjw7NU6lv/ArcGIS/rest/services/Vaccine_Distribution_Program/FeatureServer&source=sd,3017341,1932929,1084412,0
Zimbabwe,2021-08-12,"Oxford/AstraZeneca, Sinopharm/Beijing, Sinovac, Sputnik V",https://www.arcgis.com/home/webmap/viewer.html?url=https://services9.arcgis.com/DnERH4rcjw7NU6lv/ArcGIS/rest/services/Vaccine_Distribution_Program/FeatureServer&source=sd,3193256,2013049,1180207,0
Zimbabwe,2021-08-14,"Oxford/AstraZeneca, Sinopharm/Beijing, Sinovac, Sputnik V",https://www.arcgis.com/home/webmap/viewer.html?url=https://services9.arcgis.com/DnERH4rcjw7NU6lv/ArcGIS/rest/services/Vaccine_Distribution_Program/FeatureServer&source=sd,3234909,2036008,1198901,0
Zimbabwe,2021-08-15,"Oxford/AstraZeneca, Sinopharm/Beijing, Sinovac, Sputnik V",https://www.arcgis.com/home/webmap/viewer.html?url=https://services9.arcgis.com/DnERH4rcjw7NU6lv/ArcGIS/rest/services/Vaccine_Distribution_Program/FeatureServer&source=sd,3289258,2064023,1225235,0
Zimbabwe,2021-08-16,"Oxford/AstraZeneca, Sinopharm/Beijing, Sinovac, Sputnik V",https://www.arcgis.com/home/webmap/viewer.html?url=https://services9.arcgis.com/DnERH4rcjw7NU6lv/ArcGIS/rest/services/Vaccine_Distribution_Program/FeatureServer&source=sd,3345985,2091259,1254726,0
Zimbabwe,2021-08-17,"Oxford/AstraZeneca, Sinopharm/Beijing, Sinovac, Sputnik V",https://www.arcgis.com/home/webmap/viewer.html?url=https://services9.arcgis.com/DnERH4rcjw7NU6lv/ArcGIS/rest/services/Vaccine_Distribution_Program/FeatureServer&source=sd,3450959,2145237,1305722,0
Zimbabwe,2021-08-18,"Oxford/AstraZeneca, Sinopharm/Beijing, Sinovac, Sputnik V",https://www.arcgis.com/home/webmap/viewer.html?url=https://services9.arcgis.com/DnERH4rcjw7NU6lv/ArcGIS/rest/services/Vaccine_Distribution_Program/FeatureServer&source=sd,3542340,2193046,1349294,0
Zimbabwe,2021-08-19,"Oxford/AstraZeneca, Sinopharm/Beijing, Sinovac, Sputnik V",https://www.arcgis.com/home/webmap/viewer.html?url=https://services9.arcgis.com/DnERH4rcjw7NU6lv/ArcGIS/rest/services/Vaccine_Distribution_Program/FeatureServer&source=sd,3620937,2233265,1387672,0
Zimbabwe,2021-08-20,"Oxford/AstraZeneca, Sinopharm/Beijing, Sinovac, Sputnik V",https://www.arcgis.com/home/webmap/viewer.html?url=https://services9.arcgis.com/DnERH4rcjw7NU6lv/ArcGIS/rest/services/Vaccine_Distribution_Program/FeatureServer&source=sd,3699508,2271429,1428079,0
Zimbabwe,2021-08-21,"Oxford/AstraZeneca, Sinopharm/Beijing, Sinovac, Sputnik V",https://www.arcgis.com/home/webmap/viewer.html?url=https://services9.arcgis.com/DnERH4rcjw7NU6lv/ArcGIS/rest/services/Vaccine_Distribution_Program/FeatureServer&source=sd,3753242,2301341,1451901,0
Zimbabwe,2021-08-22,"Oxford/AstraZeneca, Sinopharm/Beijing, Sinovac, Sputnik V",https://www.arcgis.com/home/webmap/viewer.html?url=https://services9.arcgis.com/DnERH4rcjw7NU6lv/ArcGIS/rest/services/Vaccine_Distribution_Program/FeatureServer&source=sd,3773199,2312117,1461082,0
Zimbabwe,2021-08-23,"Oxford/AstraZeneca, Sinopharm/Beijing, Sinovac, Sputnik V",https://www.arcgis.com/home/webmap/viewer.html?url=https://services9.arcgis.com/DnERH4rcjw7NU6lv/ArcGIS/rest/services/Vaccine_Distribution_Program/FeatureServer&source=sd,3829011,2345043,1483968,0
Zimbabwe,2021-08-24,"Oxford/AstraZeneca, Sinopharm/Beijing, Sinovac, Sputnik V",https://www.arcgis.com/home/webmap/viewer.html?url=https://services9.arcgis.com/DnERH4rcjw7NU6lv/ArcGIS/rest/services/Vaccine_Distribution_Program/FeatureServer&source=sd,3889424,2382059,1507365,0
Zimbabwe,2021-08-25,"Oxford/AstraZeneca, Sinopharm/Beijing, Sinovac, Sputnik V",https://www.arcgis.com/home/webmap/viewer.html?url=https://services9.arcgis.com/DnERH4rcjw7NU6lv/ArcGIS/rest/services/Vaccine_Distribution_Program/FeatureServer&source=sd,4015517,2453229,1562288,0
Zimbabwe,2021-08-27,"Oxford/AstraZeneca, Sinopharm/Beijing, Sinovac, Sputnik V",https://www.arcgis.com/home/webmap/viewer.html?url=https://services9.arcgis.com/DnERH4rcjw7NU6lv/ArcGIS/rest/services/Vaccine_Distribution_Program/FeatureServer&source=sd,4075995,2491680,1584315,0
Zimbabwe,2021-08-28,"Oxford/AstraZeneca, Sinopharm/Beijing, Sinovac, Sputnik V",https://www.arcgis.com/home/webmap/viewer.html?url=https://services9.arcgis.com/DnERH4rcjw7NU6lv/ArcGIS/rest/services/Vaccine_Distribution_Program/FeatureServer&source=sd,4110354,2513053,1597301,0
Zimbabwe,2021-08-29,"Oxford/AstraZeneca, Sinopharm/Beijing, Sinovac, Sputnik V",https://www.arcgis.com/home/webmap/viewer.html?url=https://services9.arcgis.com/DnERH4rcjw7NU6lv/ArcGIS/rest/services/Vaccine_Distribution_Program/FeatureServer&source=sd,4137853,2530181,1607672,0
Zimbabwe,2021-08-30,"Oxford/AstraZeneca, Sinopharm/Beijing, Sinovac, Sputnik V",https://www.arcgis.com/home/webmap/viewer.html?url=https://services9.arcgis.com/DnERH4rcjw7NU6lv/ArcGIS/rest/services/Vaccine_Distribution_Program/FeatureServer&source=sd,4172657,2552273,1620384,0
Zimbabwe,2021-08-31,"Oxford/AstraZeneca, Sinopharm/Beijing, Sinovac, Sputnik V",https://www.arcgis.com/home/webmap/viewer.html?url=https://services9.arcgis.com/DnERH4rcjw7NU6lv/ArcGIS/rest/services/Vaccine_Distribution_Program/FeatureServer&source=sd,4219824,2582405,1637419,0
Zimbabwe,2021-09-01,"Oxford/AstraZeneca, Sinopharm/Beijing, Sinovac, Sputnik V",https://www.arcgis.com/home/webmap/viewer.html?url=https://services9.arcgis.com/DnERH4rcjw7NU6lv/ArcGIS/rest/services/Vaccine_Distribution_Program/FeatureServer&source=sd,4270430,2615233,1655197,0
Zimbabwe,2021-09-02,"Oxford/AstraZeneca, Sinopharm/Beijing, Sinovac, Sputnik V",https://www.arcgis.com/home/webmap/viewer.html?url=https://services9.arcgis.com/DnERH4rcjw7NU6lv/ArcGIS/rest/services/Vaccine_Distribution_Program/FeatureServer&source=sd,4323735,2649505,1674230,0
Zimbabwe,2021-09-03,"Oxford/AstraZeneca, Sinopharm/Beijing, Sinovac, Sputnik V",https://www.arcgis.com/home/webmap/viewer.html?url=https://services9.arcgis.com/DnERH4rcjw7NU6lv/ArcGIS/rest/services/Vaccine_Distribution_Program/FeatureServer&source=sd,4372216,2681657,1690559,0
Zimbabwe,2021-09-04,"Oxford/AstraZeneca, Sinopharm/Beijing, Sinovac, Sputnik V",https://www.arcgis.com/home/webmap/viewer.html?url=https://services9.arcgis.com/DnERH4rcjw7NU6lv/ArcGIS/rest/services/Vaccine_Distribution_Program/FeatureServer&source=sd,4400246,2698332,1701914,0
Zimbabwe,2021-09-05,"Oxford/AstraZeneca, Sinopharm/Beijing, Sinovac, Sputnik V",https://www.arcgis.com/home/webmap/viewer.html?url=https://services9.arcgis.com/DnERH4rcjw7NU6lv/ArcGIS/rest/services/Vaccine_Distribution_Program/FeatureServer&source=sd,4431599,2713248,1718351,0
Zimbabwe,2021-09-07,"Oxford/AstraZeneca, Sinopharm/Beijing, Sinovac, Sputnik V",https://www.arcgis.com/home/webmap/viewer.html?url=https://services9.arcgis.com/DnERH4rcjw7NU6lv/ArcGIS/rest/services/Vaccine_Distribution_Program/FeatureServer&source=sd,4493943,2750381,1743562,0
Zimbabwe,2021-09-08,"Oxford/AstraZeneca, Sinopharm/Beijing, Sinovac, Sputnik V",https://www.arcgis.com/home/webmap/viewer.html?url=https://services9.arcgis.com/DnERH4rcjw7NU6lv/ArcGIS/rest/services/Vaccine_Distribution_Program/FeatureServer&source=sd,4543503,2772230,1771273,0
Zimbabwe,2021-09-09,"Oxford/AstraZeneca, Sinopharm/Beijing, Sinovac, Sputnik V",https://www.arcgis.com/home/webmap/viewer.html?url=https://services9.arcgis.com/DnERH4rcjw7NU6lv/ArcGIS/rest/services/Vaccine_Distribution_Program/FeatureServer&source=sd,4592447,2795351,1797096,0
Zimbabwe,2021-09-10,"Oxford/AstraZeneca, Sinopharm/Beijing, Sinovac, Sputnik V",https://www.arcgis.com/home/webmap/viewer.html?url=https://services9.arcgis.com/DnERH4rcjw7NU6lv/ArcGIS/rest/services/Vaccine_Distribution_Program/FeatureServer&source=sd,4646875,2814723,1832152,0
Zimbabwe,2021-09-11,"Oxford/AstraZeneca, Sinopharm/Beijing, Sinovac, Sputnik V",https://www.arcgis.com/home/webmap/viewer.html?url=https://services9.arcgis.com/DnERH4rcjw7NU6lv/ArcGIS/rest/services/Vaccine_Distribution_Program/FeatureServer&source=sd,4699332,2835275,1864057,0
Zimbabwe,2021-09-13,"Oxford/AstraZeneca, Sinopharm/Beijing, Sinovac, Sputnik V",https://www.arcgis.com/home/webmap/viewer.html?url=https://services9.arcgis.com/DnERH4rcjw7NU6lv/ArcGIS/rest/services/Vaccine_Distribution_Program/FeatureServer&source=sd,4742783,2847082,1895701,0
Zimbabwe,2021-09-14,"Oxford/AstraZeneca, Sinopharm/Beijing, Sinovac, Sputnik V",https://www.arcgis.com/home/webmap/viewer.html?url=https://services9.arcgis.com/DnERH4rcjw7NU6lv/ArcGIS/rest/services/Vaccine_Distribution_Program/FeatureServer&source=sd,4791188,2864020,1927168,0
Zimbabwe,2021-09-15,"Oxford/AstraZeneca, Sinopharm/Beijing, Sinovac, Sputnik V",https://www.arcgis.com/home/webmap/viewer.html?url=https://services9.arcgis.com/DnERH4rcjw7NU6lv/ArcGIS/rest/services/Vaccine_Distribution_Program/FeatureServer&source=sd,4846243,2882264,1963979,0
Zimbabwe,2021-09-16,"Oxford/AstraZeneca, Sinopharm/Beijing, Sinovac, Sputnik V",https://www.arcgis.com/home/webmap/viewer.html?url=https://services9.arcgis.com/DnERH4rcjw7NU6lv/ArcGIS/rest/services/Vaccine_Distribution_Program/FeatureServer&source=sd,4954729,2920977,2033752,0
Zimbabwe,2021-09-18,"Oxford/AstraZeneca, Sinopharm/Beijing, Sinovac, Sputnik V",https://www.arcgis.com/home/webmap/viewer.html?url=https://services9.arcgis.com/DnERH4rcjw7NU6lv/ArcGIS/rest/services/Vaccine_Distribution_Program/FeatureServer&source=sd,4982928,2931177,2051751,0
Zimbabwe,2021-09-19,"Oxford/AstraZeneca, Sinopharm/Beijing, Sinovac, Sputnik V",https://www.arcgis.com/home/webmap/viewer.html?url=https://services9.arcgis.com/DnERH4rcjw7NU6lv/ArcGIS/rest/services/Vaccine_Distribution_Program/FeatureServer&source=sd,5005468,2939152,2066316,0
Zimbabwe,2021-09-20,"Oxford/AstraZeneca, Sinopharm/Beijing, Sinovac, Sputnik V",https://www.arcgis.com/home/webmap/viewer.html?url=https://services9.arcgis.com/DnERH4rcjw7NU6lv/ArcGIS/rest/services/Vaccine_Distribution_Program/FeatureServer&source=sd,5035236,2952272,2082964,0
Zimbabwe,2021-09-21,"Oxford/AstraZeneca, Sinopharm/Beijing, Sinovac, Sputnik V",https://www.arcgis.com/home/webmap/viewer.html?url=https://services9.arcgis.com/DnERH4rcjw7NU6lv/ArcGIS/rest/services/Vaccine_Distribution_Program/FeatureServer&source=sd,5074458,2966639,2107819,0
Zimbabwe,2021-09-22,"Oxford/AstraZeneca, Sinopharm/Beijing, Sinovac, Sputnik V",https://www.arcgis.com/home/webmap/viewer.html?url=https://services9.arcgis.com/DnERH4rcjw7NU6lv/ArcGIS/rest/services/Vaccine_Distribution_Program/FeatureServer&source=sd,5113949,2982475,2131474,0
Zimbabwe,2021-09-23,"Oxford/AstraZeneca, Sinopharm/Beijing, Sinovac, Sputnik V",https://www.arcgis.com/home/webmap/viewer.html?url=https://services9.arcgis.com/DnERH4rcjw7NU6lv/ArcGIS/rest/services/Vaccine_Distribution_Program/FeatureServer&source=sd,5156935,2998372,2158563,0
Zimbabwe,2021-09-24,"Oxford/AstraZeneca, Sinopharm/Beijing, Sinovac, Sputnik V",https://www.arcgis.com/home/webmap/viewer.html?url=https://services9.arcgis.com/DnERH4rcjw7NU6lv/ArcGIS/rest/services/Vaccine_Distribution_Program/FeatureServer&source=sd,5187790,3012020,2175770,0
Zimbabwe,2021-09-25,"Oxford/AstraZeneca, Sinopharm/Beijing, Sinovac, Sputnik V",https://www.arcgis.com/home/webmap/viewer.html?url=https://services9.arcgis.com/DnERH4rcjw7NU6lv/ArcGIS/rest/services/Vaccine_Distribution_Program/FeatureServer&source=sd,5209099,3020469,2188630,0
Zimbabwe,2021-09-26,"Oxford/AstraZeneca, Sinopharm/Beijing, Sinovac, Sputnik V",https://www.arcgis.com/home/webmap/viewer.html?url=https://services9.arcgis.com/DnERH4rcjw7NU6lv/ArcGIS/rest/services/Vaccine_Distribution_Program/FeatureServer&source=sd,5225302,3027050,2198252,0
Zimbabwe,2021-09-27,"Oxford/AstraZeneca, Sinopharm/Beijing, Sinovac, Sputnik V",https://www.arcgis.com/home/webmap/viewer.html?url=https://services9.arcgis.com/DnERH4rcjw7NU6lv/ArcGIS/rest/services/Vaccine_Distribution_Program/FeatureServer&source=sd,5253988,3041408,2212580,0
Zimbabwe,2021-09-28,"Oxford/AstraZeneca, Sinopharm/Beijing, Sinovac, Sputnik V",https://www.arcgis.com/home/webmap/viewer.html?url=https://services9.arcgis.com/DnERH4rcjw7NU6lv/ArcGIS/rest/services/Vaccine_Distribution_Program/FeatureServer&source=sd,5280523,3050513,2230010,0
Zimbabwe,2021-09-29,"Oxford/AstraZeneca, Sinopharm/Beijing, Sinovac, Sputnik V",https://www.arcgis.com/home/webmap/viewer.html?url=https://services9.arcgis.com/DnERH4rcjw7NU6lv/ArcGIS/rest/services/Vaccine_Distribution_Program/FeatureServer&source=sd,5310771,3062070,2248701,0
Zimbabwe,2021-09-30,"Oxford/AstraZeneca, Sinopharm/Beijing, Sinovac, Sputnik V",https://www.arcgis.com/home/webmap/viewer.html?url=https://services9.arcgis.com/DnERH4rcjw7NU6lv/ArcGIS/rest/services/Vaccine_Distribution_Program/FeatureServer&source=sd,5346026,3074191,2271835,0
Zimbabwe,2021-10-01,"Oxford/AstraZeneca, Sinopharm/Beijing, Sinovac, Sputnik V",https://www.arcgis.com/home/webmap/viewer.html?url=https://services9.arcgis.com/DnERH4rcjw7NU6lv/ArcGIS/rest/services/Vaccine_Distribution_Program/FeatureServer&source=sd,5375341,3087428,2287913,0
Zimbabwe,2021-10-02,"Oxford/AstraZeneca, Sinopharm/Beijing, Sinovac, Sputnik V",https://www.arcgis.com/home/webmap/viewer.html?url=https://services9.arcgis.com/DnERH4rcjw7NU6lv/ArcGIS/rest/services/Vaccine_Distribution_Program/FeatureServer&source=sd,5395206,3096139,2299067,0
Zimbabwe,2021-10-03,"Oxford/AstraZeneca, Sinopharm/Beijing, Sinovac, Sputnik V",https://www.arcgis.com/home/webmap/viewer.html?url=https://services9.arcgis.com/DnERH4rcjw7NU6lv/ArcGIS/rest/services/Vaccine_Distribution_Program/FeatureServer&source=sd,5410959,3101922,2309037,0
Zimbabwe,2021-10-04,"Oxford/AstraZeneca, Sinopharm/Beijing, Sinovac, Sputnik V",https://www.arcgis.com/home/webmap/viewer.html?url=https://services9.arcgis.com/DnERH4rcjw7NU6lv/ArcGIS/rest/services/Vaccine_Distribution_Program/FeatureServer&source=sd,5423585,3108023,2315562,0
Zimbabwe,2021-10-05,"Oxford/AstraZeneca, Sinopharm/Beijing, Sinovac, Sputnik V",https://www.arcgis.com/home/webmap/viewer.html?url=https://services9.arcgis.com/DnERH4rcjw7NU6lv/ArcGIS/rest/services/Vaccine_Distribution_Program/FeatureServer&source=sd,5459691,3124025,2335666,0
Zimbabwe,2021-10-06,"Oxford/AstraZeneca, Sinopharm/Beijing, Sinovac, Sputnik V",https://www.arcgis.com/home/webmap/viewer.html?url=https://services9.arcgis.com/DnERH4rcjw7NU6lv/ArcGIS/rest/services/Vaccine_Distribution_Program/FeatureServer&source=sd,5486736,3135813,2350923,0
Zimbabwe,2021-10-07,"Oxford/AstraZeneca, Sinopharm/Beijing, Sinovac, Sputnik V",https://www.arcgis.com/home/webmap/viewer.html?url=https://services9.arcgis.com/DnERH4rcjw7NU6lv/ArcGIS/rest/services/Vaccine_Distribution_Program/FeatureServer&source=sd,5514789,3148044,2366745,0
Zimbabwe,2021-10-08,"Oxford/AstraZeneca, Sinopharm/Beijing, Sinovac, Sputnik V",https://www.arcgis.com/home/webmap/viewer.html?url=https://services9.arcgis.com/DnERH4rcjw7NU6lv/ArcGIS/rest/services/Vaccine_Distribution_Program/FeatureServer&source=sd,5543712,3157236,2386476,0
Zimbabwe,2021-10-09,"Oxford/AstraZeneca, Sinopharm/Beijing, Sinovac, Sputnik V",https://www.arcgis.com/home/webmap/viewer.html?url=https://services9.arcgis.com/DnERH4rcjw7NU6lv/ArcGIS/rest/services/Vaccine_Distribution_Program/FeatureServer&source=sd,5559524,3163979,2395545,0
Zimbabwe,2021-10-10,"Oxford/AstraZeneca, Sinopharm/Beijing, Sinovac, Sputnik V",https://www.arcgis.com/home/webmap/viewer.html?url=https://services9.arcgis.com/DnERH4rcjw7NU6lv/ArcGIS/rest/services/Vaccine_Distribution_Program/FeatureServer&source=sd,5568730,3166826,2401904,0
Zimbabwe,2021-10-11,"Oxford/AstraZeneca, Sinopharm/Beijing, Sinovac, Sputnik V",https://www.arcgis.com/home/webmap/viewer.html?url=https://services9.arcgis.com/DnERH4rcjw7NU6lv/ArcGIS/rest/services/Vaccine_Distribution_Program/FeatureServer&source=sd,5582014,3171872,2410142,0
Zimbabwe,2021-10-12,"Oxford/AstraZeneca, Sinopharm/Beijing, Sinovac, Sputnik V",https://www.arcgis.com/home/webmap/viewer.html?url=https://services9.arcgis.com/DnERH4rcjw7NU6lv/ArcGIS/rest/services/Vaccine_Distribution_Program/FeatureServer&source=sd,5599682,3178442,2421240,0
Zimbabwe,2021-10-13,"Oxford/AstraZeneca, Sinopharm/Beijing, Sinovac, Sputnik V",https://www.arcgis.com/home/webmap/viewer.html?url=https://services9.arcgis.com/DnERH4rcjw7NU6lv/ArcGIS/rest/services/Vaccine_Distribution_Program/FeatureServer&source=sd,5615241,3181905,2433336,0
Zimbabwe,2021-10-14,"Oxford/AstraZeneca, Sinopharm/Beijing, Sinovac, Sputnik V",https://www.arcgis.com/home/webmap/viewer.html?url=https://services9.arcgis.com/DnERH4rcjw7NU6lv/ArcGIS/rest/services/Vaccine_Distribution_Program/FeatureServer&source=sd,5639871,3194947,2444924,0
Zimbabwe,2021-10-15,"Oxford/AstraZeneca, Sinopharm/Beijing, Sinovac, Sputnik V",https://www.arcgis.com/home/webmap/viewer.html?url=https://services9.arcgis.com/DnERH4rcjw7NU6lv/ArcGIS/rest/services/Vaccine_Distribution_Program/FeatureServer&source=sd,5656342,3199000,2457342,0
Zimbabwe,2021-10-16,"Oxford/AstraZeneca, Sinopharm/Beijing, Sinovac, Sputnik V",https://www.arcgis.com/home/webmap/viewer.html?url=https://services9.arcgis.com/DnERH4rcjw7NU6lv/ArcGIS/rest/services/Vaccine_Distribution_Program/FeatureServer&source=sd,5669562,3205003,2464559,0
Zimbabwe,2021-10-17,"Oxford/AstraZeneca, Sinopharm/Beijing, Sinovac, Sputnik V",https://www.arcgis.com/home/webmap/viewer.html?url=https://services9.arcgis.com/DnERH4rcjw7NU6lv/ArcGIS/rest/services/Vaccine_Distribution_Program/FeatureServer&source=sd,5683279,3212401,2470878,0
Zimbabwe,2021-10-18,"Oxford/AstraZeneca, Sinopharm/Beijing, Sinovac, Sputnik V",https://www.arcgis.com/home/webmap/viewer.html?url=https://services9.arcgis.com/DnERH4rcjw7NU6lv/ArcGIS/rest/services/Vaccine_Distribution_Program/FeatureServer&source=sd,5724592,3232294,2492298,0
Zimbabwe,2021-10-19,"Oxford/AstraZeneca, Sinopharm/Beijing, Sinovac, Sputnik V",https://www.arcgis.com/home/webmap/viewer.html?url=https://services9.arcgis.com/DnERH4rcjw7NU6lv/ArcGIS/rest/services/Vaccine_Distribution_Program/FeatureServer&source=sd,5738351,3238377,2499974,0
Zimbabwe,2021-10-20,"Oxford/AstraZeneca, Sinopharm/Beijing, Sinovac, Sputnik V",https://www.arcgis.com/home/webmap/viewer.html?url=https://services9.arcgis.com/DnERH4rcjw7NU6lv/ArcGIS/rest/services/Vaccine_Distribution_Program/FeatureServer&source=sd,5758371,3248185,2510186,0
Zimbabwe,2021-10-21,"Oxford/AstraZeneca, Sinopharm/Beijing, Sinovac, Sputnik V",https://www.arcgis.com/home/webmap/viewer.html?url=https://services9.arcgis.com/DnERH4rcjw7NU6lv/ArcGIS/rest/services/Vaccine_Distribution_Program/FeatureServer&source=sd,5774887,3255254,2519633,0
Zimbabwe,2021-10-22,"Oxford/AstraZeneca, Sinopharm/Beijing, Sinovac, Sputnik V",https://www.arcgis.com/home/webmap/viewer.html?url=https://services9.arcgis.com/DnERH4rcjw7NU6lv/ArcGIS/rest/services/Vaccine_Distribution_Program/FeatureServer&source=sd,5792394,3262463,2529931,0
Zimbabwe,2021-10-23,"Oxford/AstraZeneca, Sinopharm/Beijing, Sinovac, Sputnik V",https://www.arcgis.com/home/webmap/viewer.html?url=https://services9.arcgis.com/DnERH4rcjw7NU6lv/ArcGIS/rest/services/Vaccine_Distribution_Program/FeatureServer&source=sd,5804480,3267571,2536909,0
Zimbabwe,2021-10-24,"Oxford/AstraZeneca, Sinopharm/Beijing, Sinovac, Sputnik V",https://www.arcgis.com/home/webmap/viewer.html?url=https://services9.arcgis.com/DnERH4rcjw7NU6lv/ArcGIS/rest/services/Vaccine_Distribution_Program/FeatureServer&source=sd,5816033,3274509,2541524,0
Zimbabwe,2021-10-25,"Oxford/AstraZeneca, Sinopharm/Beijing, Sinovac, Sputnik V",https://www.arcgis.com/home/webmap/viewer.html?url=https://services9.arcgis.com/DnERH4rcjw7NU6lv/ArcGIS/rest/services/Vaccine_Distribution_Program/FeatureServer&source=sd,5828604,3280887,2547717,0
Zimbabwe,2021-10-26,"Oxford/AstraZeneca, Sinopharm/Beijing, Sinovac, Sputnik V",https://www.arcgis.com/home/webmap/viewer.html?url=https://services9.arcgis.com/DnERH4rcjw7NU6lv/ArcGIS/rest/services/Vaccine_Distribution_Program/FeatureServer&source=sd,5844299,3287578,2556721,0
Zimbabwe,2021-10-27,"Oxford/AstraZeneca, Sinopharm/Beijing, Sinovac, Sputnik V",https://www.arcgis.com/home/webmap/viewer.html?url=https://services9.arcgis.com/DnERH4rcjw7NU6lv/ArcGIS/rest/services/Vaccine_Distribution_Program/FeatureServer&source=sd,5860351,3293939,2566412,0
Zimbabwe,2021-10-28,"Oxford/AstraZeneca, Sinopharm/Beijing, Sinovac, Sputnik V",https://www.arcgis.com/home/webmap/viewer.html?url=https://services9.arcgis.com/DnERH4rcjw7NU6lv/ArcGIS/rest/services/Vaccine_Distribution_Program/FeatureServer&source=sd,5874572,3299736,2574836,0
Zimbabwe,2021-10-29,"Oxford/AstraZeneca, Sinopharm/Beijing, Sinovac, Sputnik V",https://www.arcgis.com/home/webmap/viewer.html?url=https://services9.arcgis.com/DnERH4rcjw7NU6lv/ArcGIS/rest/services/Vaccine_Distribution_Program/FeatureServer&source=sd,5891679,3307999,2583680,0
Zimbabwe,2021-10-30,"Oxford/AstraZeneca, Sinopharm/Beijing, Sinovac, Sputnik V",https://www.arcgis.com/home/webmap/viewer.html?url=https://services9.arcgis.com/DnERH4rcjw7NU6lv/ArcGIS/rest/services/Vaccine_Distribution_Program/FeatureServer&source=sd,5903388,3312646,2590742,0
Zimbabwe,2021-10-31,"Oxford/AstraZeneca, Sinopharm/Beijing, Sinovac, Sputnik V",https://www.arcgis.com/home/webmap/viewer.html?url=https://services9.arcgis.com/DnERH4rcjw7NU6lv/ArcGIS/rest/services/Vaccine_Distribution_Program/FeatureServer&source=sd,5911588,3316429,2595159,0
Zimbabwe,2021-11-01,"Oxford/AstraZeneca, Sinopharm/Beijing, Sinovac, Sputnik V",https://www.arcgis.com/home/webmap/viewer.html?url=https://services9.arcgis.com/DnERH4rcjw7NU6lv/ArcGIS/rest/services/Vaccine_Distribution_Program/FeatureServer&source=sd,5923317,3322864,2600453,0
Zimbabwe,2021-11-02,"Oxford/AstraZeneca, Sinopharm/Beijing, Sinovac, Sputnik V",https://www.arcgis.com/home/webmap/viewer.html?url=https://services9.arcgis.com/DnERH4rcjw7NU6lv/ArcGIS/rest/services/Vaccine_Distribution_Program/FeatureServer&source=sd,5942262,3331466,2610796,0
Zimbabwe,2021-11-03,"Oxford/AstraZeneca, Sinopharm/Beijing, Sinovac, Sputnik V",https://www.arcgis.com/home/webmap/viewer.html?url=https://services9.arcgis.com/DnERH4rcjw7NU6lv/ArcGIS/rest/services/Vaccine_Distribution_Program/FeatureServer&source=sd,5959034,3340933,2618101,0
Zimbabwe,2021-11-04,"Oxford/AstraZeneca, Sinopharm/Beijing, Sinovac, Sputnik V",https://www.arcgis.com/home/webmap/viewer.html?url=https://services9.arcgis.com/DnERH4rcjw7NU6lv/ArcGIS/rest/services/Vaccine_Distribution_Program/FeatureServer&source=sd,5975760,3350163,2625597,0
Zimbabwe,2021-11-05,"Oxford/AstraZeneca, Sinopharm/Beijing, Sinovac, Sputnik V",https://www.arcgis.com/home/webmap/viewer.html?url=https://services9.arcgis.com/DnERH4rcjw7NU6lv/ArcGIS/rest/services/Vaccine_Distribution_Program/FeatureServer&source=sd,5990358,3356421,2633937,0
Zimbabwe,2021-11-06,"Oxford/AstraZeneca, Sinopharm/Beijing, Sinovac, Sputnik V",https://www.arcgis.com/home/webmap/viewer.html?url=https://services9.arcgis.com/DnERH4rcjw7NU6lv/ArcGIS/rest/services/Vaccine_Distribution_Program/FeatureServer&source=sd,6007025,3364633,2642392,0
Zimbabwe,2021-11-07,"Oxford/AstraZeneca, Sinopharm/Beijing, Sinovac, Sputnik V",https://www.arcgis.com/home/webmap/viewer.html?url=https://services9.arcgis.com/DnERH4rcjw7NU6lv/ArcGIS/rest/services/Vaccine_Distribution_Program/FeatureServer&source=sd,6021461,3372721,2648740,0
Zimbabwe,2021-11-08,"Oxford/AstraZeneca, Sinopharm/Beijing, Sinovac, Sputnik V",https://www.arcgis.com/home/webmap/viewer.html?url=https://services9.arcgis.com/DnERH4rcjw7NU6lv/ArcGIS/rest/services/Vaccine_Distribution_Program/FeatureServer&source=sd,6034324,3380245,2654079,0
Zimbabwe,2021-11-09,"Oxford/AstraZeneca, Sinopharm/Beijing, Sinovac, Sputnik V",https://www.arcgis.com/home/webmap/viewer.html?url=https://services9.arcgis.com/DnERH4rcjw7NU6lv/ArcGIS/rest/services/Vaccine_Distribution_Program/FeatureServer&source=sd,6056713,3394826,2661887,0
Zimbabwe,2021-11-10,"Oxford/AstraZeneca, Sinopharm/Beijing, Sinovac, Sputnik V",https://www.arcgis.com/home/webmap/viewer.html?url=https://services9.arcgis.com/DnERH4rcjw7NU6lv/ArcGIS/rest/services/Vaccine_Distribution_Program/FeatureServer&source=sd,6079213,3409464,2669749,0
Zimbabwe,2021-11-11,"Oxford/AstraZeneca, Sinopharm/Beijing, Sinovac, Sputnik V",https://www.arcgis.com/home/webmap/viewer.html?url=https://services9.arcgis.com/DnERH4rcjw7NU6lv/ArcGIS/rest/services/Vaccine_Distribution_Program/FeatureServer&source=sd,6101678,3423588,2678090,0
Zimbabwe,2021-11-12,"Oxford/AstraZeneca, Sinopharm/Beijing, Sinovac, Sputnik V",https://www.arcgis.com/home/webmap/viewer.html?url=https://services9.arcgis.com/DnERH4rcjw7NU6lv/ArcGIS/rest/services/Vaccine_Distribution_Program/FeatureServer&source=sd,6130358,3443813,2686545,0
Zimbabwe,2021-11-13,"Oxford/AstraZeneca, Sinopharm/Beijing, Sinovac, Sputnik V",https://www.arcgis.com/home/webmap/viewer.html?url=https://services9.arcgis.com/DnERH4rcjw7NU6lv/ArcGIS/rest/services/Vaccine_Distribution_Program/FeatureServer&source=sd,6155370,3462939,2692431,0
Zimbabwe,2021-11-14,"Oxford/AstraZeneca, Sinopharm/Beijing, Sinovac, Sputnik V",https://www.arcgis.com/home/webmap/viewer.html?url=https://services9.arcgis.com/DnERH4rcjw7NU6lv/ArcGIS/rest/services/Vaccine_Distribution_Program/FeatureServer&source=sd,6165714,3469198,2696516,0
Zimbabwe,2021-11-15,"Oxford/AstraZeneca, Sinopharm/Beijing, Sinovac, Sputnik V",https://www.arcgis.com/home/webmap/viewer.html?url=https://services9.arcgis.com/DnERH4rcjw7NU6lv/ArcGIS/rest/services/Vaccine_Distribution_Program/FeatureServer&source=sd,6190303,3484207,2706096,0
Zimbabwe,2021-11-16,"Oxford/AstraZeneca, Sinopharm/Beijing, Sinovac, Sputnik V",https://www.arcgis.com/home/webmap/viewer.html?url=https://services9.arcgis.com/DnERH4rcjw7NU6lv/ArcGIS/rest/services/Vaccine_Distribution_Program/FeatureServer&source=sd,6228119,3515140,2712979,0
Zimbabwe,2021-11-18,"Oxford/AstraZeneca, Sinopharm/Beijing, Sinovac, Sputnik V",https://www.arcgis.com/home/webmap/viewer.html?url=https://services9.arcgis.com/DnERH4rcjw7NU6lv/ArcGIS/rest/services/Vaccine_Distribution_Program/FeatureServer&source=sd,6310431,3583256,2727175,0
Zimbabwe,2021-11-19,"Oxford/AstraZeneca, Sinopharm/Beijing, Sinovac, Sputnik V",https://www.arcgis.com/home/webmap/viewer.html?url=https://services9.arcgis.com/DnERH4rcjw7NU6lv/ArcGIS/rest/services/Vaccine_Distribution_Program/FeatureServer&source=sd,6362499,3625221,2737278,0
Zimbabwe,2021-11-20,"Oxford/AstraZeneca, Sinopharm/Beijing, Sinovac, Sputnik V",https://www.arcgis.com/home/webmap/viewer.html?url=https://services9.arcgis.com/DnERH4rcjw7NU6lv/ArcGIS/rest/services/Vaccine_Distribution_Program/FeatureServer&source=sd,6396012,3651820,2744192,0
Zimbabwe,2021-11-21,"Oxford/AstraZeneca, Sinopharm/Beijing, Sinovac, Sputnik V",https://www.arcgis.com/home/webmap/viewer.html?url=https://services9.arcgis.com/DnERH4rcjw7NU6lv/ArcGIS/rest/services/Vaccine_Distribution_Program/FeatureServer&source=sd,6419704,3672011,2747693,0
Zimbabwe,2021-11-22,"Oxford/AstraZeneca, Sinopharm/Beijing, Sinovac, Sputnik V",https://www.arcgis.com/home/webmap/viewer.html?url=https://services9.arcgis.com/DnERH4rcjw7NU6lv/ArcGIS/rest/services/Vaccine_Distribution_Program/FeatureServer&source=sd,6433842,3681490,2752352,0
Zimbabwe,2021-11-23,"Oxford/AstraZeneca, Sinopharm/Beijing, Sinovac, Sputnik V",https://www.arcgis.com/home/webmap/viewer.html?url=https://services9.arcgis.com/DnERH4rcjw7NU6lv/ArcGIS/rest/services/Vaccine_Distribution_Program/FeatureServer&source=sd,6454719,3697233,2757486,0
Zimbabwe,2021-11-24,"Oxford/AstraZeneca, Sinopharm/Beijing, Sinovac, Sputnik V",https://www.arcgis.com/home/webmap/viewer.html?url=https://services9.arcgis.com/DnERH4rcjw7NU6lv/ArcGIS/rest/services/Vaccine_Distribution_Program/FeatureServer&source=sd,6486873,3719630,2767243,0
Zimbabwe,2021-11-25,"Oxford/AstraZeneca, Sinopharm/Beijing, Sinovac, Sputnik V",https://www.arcgis.com/home/webmap/viewer.html?url=https://services9.arcgis.com/DnERH4rcjw7NU6lv/ArcGIS/rest/services/Vaccine_Distribution_Program/FeatureServer&source=sd,6513046,3738317,2774729,0
Zimbabwe,2021-11-26,"Oxford/AstraZeneca, Sinopharm/Beijing, Sinovac, Sputnik V",https://www.arcgis.com/home/webmap/viewer.html?url=https://services9.arcgis.com/DnERH4rcjw7NU6lv/ArcGIS/rest/services/Vaccine_Distribution_Program/FeatureServer&source=sd,6544331,3757352,2786979,0
Zimbabwe,2021-11-27,"Oxford/AstraZeneca, Sinopharm/Beijing, Sinovac, Sputnik V",https://www.arcgis.com/home/webmap/viewer.html?url=https://services9.arcgis.com/DnERH4rcjw7NU6lv/ArcGIS/rest/services/Vaccine_Distribution_Program/FeatureServer&source=sd,6560442,3765392,2795050,0
Zimbabwe,2021-11-28,"Oxford/AstraZeneca, Sinopharm/Beijing, Sinovac, Sputnik V",https://www.arcgis.com/home/webmap/viewer.html?url=https://services9.arcgis.com/DnERH4rcjw7NU6lv/ArcGIS/rest/services/Vaccine_Distribution_Program/FeatureServer&source=sd,6568694,3770886,2797808,0
Zimbabwe,2021-11-29,"Oxford/AstraZeneca, Sinopharm/Beijing, Sinovac, Sputnik V",https://www.arcgis.com/home/webmap/viewer.html?url=https://services9.arcgis.com/DnERH4rcjw7NU6lv/ArcGIS/rest/services/Vaccine_Distribution_Program/FeatureServer&source=sd,6586503,3782038,2804465,0
Zimbabwe,2021-11-30,"Oxford/AstraZeneca, Sinopharm/Beijing, Sinovac, Sputnik V",https://www.arcgis.com/home/webmap/viewer.html?url=https://services9.arcgis.com/DnERH4rcjw7NU6lv/ArcGIS/rest/services/Vaccine_Distribution_Program/FeatureServer&source=sd,6611942,3795401,2816541,0
Zimbabwe,2021-12-01,"Oxford/AstraZeneca, Sinopharm/Beijing, Sinovac, Sputnik V",https://www.arcgis.com/home/webmap/viewer.html?url=https://services9.arcgis.com/DnERH4rcjw7NU6lv/ArcGIS/rest/services/Vaccine_Distribution_Program/FeatureServer&source=sd,6640440,3809900,2830540,0
Zimbabwe,2021-12-02,"Oxford/AstraZeneca, Sinopharm/Beijing, Sinovac, Sputnik V",https://www.arcgis.com/home/webmap/viewer.html?url=https://services9.arcgis.com/DnERH4rcjw7NU6lv/ArcGIS/rest/services/Vaccine_Distribution_Program/FeatureServer&source=sd,6682111,3830488,2851623,0
Zimbabwe,2021-12-03,"Oxford/AstraZeneca, Sinopharm/Beijing, Sinovac, Sputnik V",https://www.arcgis.com/home/webmap/viewer.html?url=https://services9.arcgis.com/DnERH4rcjw7NU6lv/ArcGIS/rest/services/Vaccine_Distribution_Program/FeatureServer&source=sd,6710095,3845246,2864849,0
Zimbabwe,2021-12-04,"Oxford/AstraZeneca, Sinopharm/Beijing, Sinovac, Sputnik V",https://www.arcgis.com/home/webmap/viewer.html?url=https://services9.arcgis.com/DnERH4rcjw7NU6lv/ArcGIS/rest/services/Vaccine_Distribution_Program/FeatureServer&source=sd,6742193,3866139,2876054,0
Zimbabwe,2021-12-05,"Oxford/AstraZeneca, Sinopharm/Beijing, Sinovac, Sputnik V",https://www.arcgis.com/home/webmap/viewer.html?url=https://services9.arcgis.com/DnERH4rcjw7NU6lv/ArcGIS/rest/services/Vaccine_Distribution_Program/FeatureServer&source=sd,6759589,3875546,2884043,0
Zimbabwe,2021-12-06,"Oxford/AstraZeneca, Sinopharm/Beijing, Sinovac, Sputnik V",https://www.arcgis.com/home/webmap/viewer.html?url=https://services9.arcgis.com/DnERH4rcjw7NU6lv/ArcGIS/rest/services/Vaccine_Distribution_Program/FeatureServer&source=sd,6775471,3883107,2892364,0
Zimbabwe,2021-12-07,"Oxford/AstraZeneca, Sinopharm/Beijing, Sinovac, Sputnik V",https://www.arcgis.com/home/webmap/viewer.html?url=https://services9.arcgis.com/DnERH4rcjw7NU6lv/ArcGIS/rest/services/Vaccine_Distribution_Program/FeatureServer&source=sd,6808392,3897441,2910951,0
Zimbabwe,2021-12-08,"Oxford/AstraZeneca, Sinopharm/Beijing, Sinovac, Sputnik V",https://www.arcgis.com/home/webmap/viewer.html?url=https://services9.arcgis.com/DnERH4rcjw7NU6lv/ArcGIS/rest/services/Vaccine_Distribution_Program/FeatureServer&source=sd,6834846,3908712,2926134,0
Zimbabwe,2021-12-09,"Oxford/AstraZeneca, Sinopharm/Beijing, Sinovac, Sputnik V",https://www.arcgis.com/home/webmap/viewer.html?url=https://services9.arcgis.com/DnERH4rcjw7NU6lv/ArcGIS/rest/services/Vaccine_Distribution_Program/FeatureServer&source=sd,6871310,3924960,2946350,0
Zimbabwe,2021-12-10,"Oxford/AstraZeneca, Sinopharm/Beijing, Sinovac, Sputnik V",https://www.arcgis.com/home/webmap/viewer.html?url=https://services9.arcgis.com/DnERH4rcjw7NU6lv/ArcGIS/rest/services/Vaccine_Distribution_Program/FeatureServer&source=sd,6899067,3938056,2961011,0
Zimbabwe,2021-12-11,"Oxford/AstraZeneca, Sinopharm/Beijing, Sinovac, Sputnik V",https://www.arcgis.com/home/webmap/viewer.html?url=https://services9.arcgis.com/DnERH4rcjw7NU6lv/ArcGIS/rest/services/Vaccine_Distribution_Program/FeatureServer&source=sd,6911698,3944813,2966885,0
Zimbabwe,2021-12-12,"Oxford/AstraZeneca, Sinopharm/Beijing, Sinovac, Sputnik V",https://www.arcgis.com/home/webmap/viewer.html?url=https://services9.arcgis.com/DnERH4rcjw7NU6lv/ArcGIS/rest/services/Vaccine_Distribution_Program/FeatureServer&source=sd,6933837,3956872,2976965,0
Zimbabwe,2021-12-13,"Oxford/AstraZeneca, Sinopharm/Beijing, Sinovac, Sputnik V",https://www.arcgis.com/home/webmap/viewer.html?url=https://services9.arcgis.com/DnERH4rcjw7NU6lv/ArcGIS/rest/services/Vaccine_Distribution_Program/FeatureServer&source=sd,6956144,3967781,2988363,0
Zimbabwe,2021-12-14,"Oxford/AstraZeneca, Sinopharm/Beijing, Sinovac, Sputnik V",https://www.arcgis.com/home/webmap/viewer.html?url=https://services9.arcgis.com/DnERH4rcjw7NU6lv/ArcGIS/rest/services/Vaccine_Distribution_Program/FeatureServer&source=sd,6980400,3981769,2998631,0
Zimbabwe,2021-12-15,"Oxford/AstraZeneca, Sinopharm/Beijing, Sinovac, Sputnik V",https://www.arcgis.com/home/webmap/viewer.html?url=https://services9.arcgis.com/DnERH4rcjw7NU6lv/ArcGIS/rest/services/Vaccine_Distribution_Program/FeatureServer&source=sd,7013400,4000022,3013378,0
Zimbabwe,2021-12-16,"Oxford/AstraZeneca, Sinopharm/Beijing, Sinovac, Sputnik V",https://www.arcgis.com/home/webmap/viewer.html?url=https://services9.arcgis.com/DnERH4rcjw7NU6lv/ArcGIS/rest/services/Vaccine_Distribution_Program/FeatureServer&source=sd,7058474,4023289,3035185,0
Zimbabwe,2021-12-17,"Oxford/AstraZeneca, Sinopharm/Beijing, Sinovac, Sputnik V",https://www.arcgis.com/home/webmap/viewer.html?url=https://services9.arcgis.com/DnERH4rcjw7NU6lv/ArcGIS/rest/services/Vaccine_Distribution_Program/FeatureServer&source=sd,7092391,4038743,3053648,0
Zimbabwe,2021-12-18,"Oxford/AstraZeneca, Sinopharm/Beijing, Sinovac, Sputnik V",https://www.arcgis.com/home/webmap/viewer.html?url=https://services9.arcgis.com/DnERH4rcjw7NU6lv/ArcGIS/rest/services/Vaccine_Distribution_Program/FeatureServer&source=sd,7111946,4048019,3063927,0
Zimbabwe,2021-12-19,"Oxford/AstraZeneca, Sinopharm/Beijing, Sinovac, Sputnik V",https://www.arcgis.com/home/webmap/viewer.html?url=https://services9.arcgis.com/DnERH4rcjw7NU6lv/ArcGIS/rest/services/Vaccine_Distribution_Program/FeatureServer&source=sd,7123684,4054165,3069519,0
Zimbabwe,2021-12-20,"Oxford/AstraZeneca, Sinopharm/Beijing, Sinovac, Sputnik V",https://www.arcgis.com/home/webmap/viewer.html?url=https://services9.arcgis.com/DnERH4rcjw7NU6lv/ArcGIS/rest/services/Vaccine_Distribution_Program/FeatureServer&source=sd,7135013,4060322,3074691,0
Zimbabwe,2021-12-21,"Oxford/AstraZeneca, Sinopharm/Beijing, Sinovac, Sputnik V",https://www.arcgis.com/home/webmap/viewer.html?url=https://services9.arcgis.com/DnERH4rcjw7NU6lv/ArcGIS/rest/services/Vaccine_Distribution_Program/FeatureServer&source=sd,7151946,4069302,3082644,0
Zimbabwe,2021-12-22,"Oxford/AstraZeneca, Sinopharm/Beijing, Sinovac, Sputnik V",https://www.arcgis.com/home/webmap/viewer.html?url=https://services9.arcgis.com/DnERH4rcjw7NU6lv/ArcGIS/rest/services/Vaccine_Distribution_Program/FeatureServer&source=sd,7167610,4078945,3088665,0
Zimbabwe,2021-12-23,"Oxford/AstraZeneca, Sinopharm/Beijing, Sinovac, Sputnik V",https://www.arcgis.com/home/webmap/viewer.html?url=https://services9.arcgis.com/DnERH4rcjw7NU6lv/ArcGIS/rest/services/Vaccine_Distribution_Program/FeatureServer&source=sd,7188128,4089315,3098813,0
Zimbabwe,2021-12-24,"Oxford/AstraZeneca, Sinopharm/Beijing, Sinovac, Sputnik V",https://www.arcgis.com/home/webmap/viewer.html?url=https://services9.arcgis.com/DnERH4rcjw7NU6lv/ArcGIS/rest/services/Vaccine_Distribution_Program/FeatureServer&source=sd,7200776,4095685,3105091,0
Zimbabwe,2021-12-25,"Oxford/AstraZeneca, Sinopharm/Beijing, Sinovac, Sputnik V",https://www.arcgis.com/home/webmap/viewer.html?url=https://services9.arcgis.com/DnERH4rcjw7NU6lv/ArcGIS/rest/services/Vaccine_Distribution_Program/FeatureServer&source=sd,7209049,4100069,3108980,0
Zimbabwe,2021-12-26,"Oxford/AstraZeneca, Sinopharm/Beijing, Sinovac, Sputnik V",https://www.arcgis.com/home/webmap/viewer.html?url=https://services9.arcgis.com/DnERH4rcjw7NU6lv/ArcGIS/rest/services/Vaccine_Distribution_Program/FeatureServer&source=sd,7214640,4103288,3111352,0
Zimbabwe,2021-12-27,"Oxford/AstraZeneca, Sinopharm/Beijing, Sinovac, Sputnik V",https://www.arcgis.com/home/webmap/viewer.html?url=https://services9.arcgis.com/DnERH4rcjw7NU6lv/ArcGIS/rest/services/Vaccine_Distribution_Program/FeatureServer&source=sd,7222381,4105296,3113142,3943
Zimbabwe,2021-12-28,"Oxford/AstraZeneca, Sinopharm/Beijing, Sinovac, Sputnik V",https://www.arcgis.com/home/webmap/viewer.html?url=https://services9.arcgis.com/DnERH4rcjw7NU6lv/ArcGIS/rest/services/Vaccine_Distribution_Program/FeatureServer&source=sd,7226334,4107151,3115190,3993
Zimbabwe,2021-12-29,"Oxford/AstraZeneca, Sinopharm/Beijing, Sinovac, Sputnik V",https://www.arcgis.com/home/webmap/viewer.html?url=https://services9.arcgis.com/DnERH4rcjw7NU6lv/ArcGIS/rest/services/Vaccine_Distribution_Program/FeatureServer&source=sd,7238939,4112517,3121776,4646
Zimbabwe,2021-12-31,"Oxford/AstraZeneca, Sinopharm/Beijing, Sinovac, Sputnik V",https://www.arcgis.com/home/webmap/viewer.html?url=https://services9.arcgis.com/DnERH4rcjw7NU6lv/ArcGIS/rest/services/Vaccine_Distribution_Program/FeatureServer&source=sd,7264791,4124378,3135168,5245
Zimbabwe,2022-01-01,"Oxford/AstraZeneca, Sinopharm/Beijing, Sinovac, Sputnik V",https://www.arcgis.com/home/webmap/viewer.html?url=https://services9.arcgis.com/DnERH4rcjw7NU6lv/ArcGIS/rest/services/Vaccine_Distribution_Program/FeatureServer&source=sd,7276239,4130228,3140338,5673
Zimbabwe,2022-01-02,"Oxford/AstraZeneca, Sinopharm/Beijing, Sinovac, Sputnik V",https://www.arcgis.com/home/webmap/viewer.html?url=https://services9.arcgis.com/DnERH4rcjw7NU6lv/ArcGIS/rest/services/Vaccine_Distribution_Program/FeatureServer&source=sd,7288786,4133140,3144021,11625
Zimbabwe,2022-01-03,"Oxford/AstraZeneca, Sinopharm/Beijing, Sinovac, Sputnik V",https://www.arcgis.com/home/webmap/viewer.html?url=https://services9.arcgis.com/DnERH4rcjw7NU6lv/ArcGIS/rest/services/Vaccine_Distribution_Program/FeatureServer&source=sd,7296404,4136571,3147652,12181
Zimbabwe,2022-01-04,"Oxford/AstraZeneca, Sinopharm/Beijing, Sinovac, Sputnik V",https://www.arcgis.com/home/webmap/viewer.html?url=https://services9.arcgis.com/DnERH4rcjw7NU6lv/ArcGIS/rest/services/Vaccine_Distribution_Program/FeatureServer&source=sd,7307412,4141434,3153051,12927
Zimbabwe,2022-01-05,"Oxford/AstraZeneca, Sinopharm/Beijing, Sinovac, Sputnik V",https://www.arcgis.com/home/webmap/viewer.html?url=https://services9.arcgis.com/DnERH4rcjw7NU6lv/ArcGIS/rest/services/Vaccine_Distribution_Program/FeatureServer&source=sd,7324034,4148268,3161788,13978
Zimbabwe,2022-01-06,"Oxford/AstraZeneca, Sinopharm/Beijing, Sinovac, Sputnik V",https://www.arcgis.com/home/webmap/viewer.html?url=https://services9.arcgis.com/DnERH4rcjw7NU6lv/ArcGIS/rest/services/Vaccine_Distribution_Program/FeatureServer&source=sd,7339109,4154155,3169778,15176
Zimbabwe,2022-01-07,"Oxford/AstraZeneca, Sinopharm/Beijing, Sinovac, Sputnik V",https://www.arcgis.com/home/webmap/viewer.html?url=https://services9.arcgis.com/DnERH4rcjw7NU6lv/ArcGIS/rest/services/Vaccine_Distribution_Program/FeatureServer&source=sd,7355717,4160978,3177691,17048
Zimbabwe,2022-01-08,"Oxford/AstraZeneca, Sinopharm/Beijing, Sinovac, Sputnik V",https://www.arcgis.com/home/webmap/viewer.html?url=https://services9.arcgis.com/DnERH4rcjw7NU6lv/ArcGIS/rest/services/Vaccine_Distribution_Program/FeatureServer&source=sd,7364450,4165098,3181809,17543
Zimbabwe,2022-01-09,"Oxford/AstraZeneca, Sinopharm/Beijing, Sinovac, Sputnik V",https://www.arcgis.com/home/webmap/viewer.html?url=https://services9.arcgis.com/DnERH4rcjw7NU6lv/ArcGIS/rest/services/Vaccine_Distribution_Program/FeatureServer&source=sd,7373616,4168084,3186507,19025
Zimbabwe,2022-01-10,"Oxford/AstraZeneca, Sinopharm/Beijing, Sinovac, Sputnik V",https://www.arcgis.com/home/webmap/viewer.html?url=https://services9.arcgis.com/DnERH4rcjw7NU6lv/ArcGIS/rest/services/Vaccine_Distribution_Program/FeatureServer&source=sd,7384665,4172365,3192282,20018
Zimbabwe,2022-01-11,"Oxford/AstraZeneca, Sinopharm/Beijing, Sinovac, Sputnik V",https://www.arcgis.com/home/webmap/viewer.html?url=https://services9.arcgis.com/DnERH4rcjw7NU6lv/ArcGIS/rest/services/Vaccine_Distribution_Program/FeatureServer&source=sd,7394596,4176673,3197065,20858
Zimbabwe,2022-01-12,"Oxford/AstraZeneca, Sinopharm/Beijing, Sinovac, Sputnik V",https://www.arcgis.com/home/webmap/viewer.html?url=https://services9.arcgis.com/DnERH4rcjw7NU6lv/ArcGIS/rest/services/Vaccine_Distribution_Program/FeatureServer&source=sd,7415409,4183671,3207302,24436
Zimbabwe,2022-01-13,"Oxford/AstraZeneca, Sinopharm/Beijing, Sinovac, Sputnik V",https://www.arcgis.com/home/webmap/viewer.html?url=https://services9.arcgis.com/DnERH4rcjw7NU6lv/ArcGIS/rest/services/Vaccine_Distribution_Program/FeatureServer&source=sd,7436533,4193044,3216251,27238
Zimbabwe,2022-01-14,"Oxford/AstraZeneca, Sinopharm/Beijing, Sinovac, Sputnik V",https://www.arcgis.com/home/webmap/viewer.html?url=https://services9.arcgis.com/DnERH4rcjw7NU6lv/ArcGIS/rest/services/Vaccine_Distribution_Program/FeatureServer&source=sd,7453806,4199491,3224557,29758
Zimbabwe,2022-01-15,"Oxford/AstraZeneca, Sinopharm/Beijing, Sinovac, Sputnik V",https://www.arcgis.com/home/webmap/viewer.html?url=https://services9.arcgis.com/DnERH4rcjw7NU6lv/ArcGIS/rest/services/Vaccine_Distribution_Program/FeatureServer&source=sd,7464290,4204134,3228685,31471
Zimbabwe,2022-01-16,"Oxford/AstraZeneca, Sinopharm/Beijing, Sinovac, Sputnik V",https://www.arcgis.com/home/webmap/viewer.html?url=https://services9.arcgis.com/DnERH4rcjw7NU6lv/ArcGIS/rest/services/Vaccine_Distribution_Program/FeatureServer&source=sd,7470789,4206370,3232115,32304
Zimbabwe,2022-01-17,"Oxford/AstraZeneca, Sinopharm/Beijing, Sinovac, Sputnik V",https://www.arcgis.com/home/webmap/viewer.html?url=https://services9.arcgis.com/DnERH4rcjw7NU6lv/ArcGIS/rest/services/Vaccine_Distribution_Program/FeatureServer&source=sd,7480489,4210000,3236076,34413
Zimbabwe,2022-01-18,"Oxford/AstraZeneca, Sinopharm/Beijing, Sinovac, Sputnik V",https://www.arcgis.com/home/webmap/viewer.html?url=https://services9.arcgis.com/DnERH4rcjw7NU6lv/ArcGIS/rest/services/Vaccine_Distribution_Program/FeatureServer&source=sd,7495033,4216112,3242407,36514
Zimbabwe,2022-01-19,"Oxford/AstraZeneca, Sinopharm/Beijing, Sinovac, Sputnik V",https://www.arcgis.com/home/webmap/viewer.html?url=https://services9.arcgis.com/DnERH4rcjw7NU6lv/ArcGIS/rest/services/Vaccine_Distribution_Program/FeatureServer&source=sd,7511557,4223110,3249443,39004
Zimbabwe,2022-01-20,"Oxford/AstraZeneca, Sinopharm/Beijing, Sinovac, Sputnik V",https://www.arcgis.com/home/webmap/viewer.html?url=https://services9.arcgis.com/DnERH4rcjw7NU6lv/ArcGIS/rest/services/Vaccine_Distribution_Program/FeatureServer&source=sd,7524459,4228652,3254580,41227
Zimbabwe,2022-01-21,"Oxford/AstraZeneca, Sinopharm/Beijing, Sinovac, Sputnik V",https://www.arcgis.com/home/webmap/viewer.html?url=https://services9.arcgis.com/DnERH4rcjw7NU6lv/ArcGIS/rest/services/Vaccine_Distribution_Program/FeatureServer&source=sd,7542598,4234640,3262242,45716
Zimbabwe,2022-01-22,"Oxford/AstraZeneca, Sinopharm/Beijing, Sinovac, Sputnik V",https://www.arcgis.com/home/webmap/viewer.html?url=https://services9.arcgis.com/DnERH4rcjw7NU6lv/ArcGIS/rest/services/Vaccine_Distribution_Program/FeatureServer&source=sd,7554445,4239537,3267249,47659
Zimbabwe,2022-01-23,"Oxford/AstraZeneca, Sinopharm/Beijing, Sinovac, Sputnik V",https://www.arcgis.com/home/webmap/viewer.html?url=https://services9.arcgis.com/DnERH4rcjw7NU6lv/ArcGIS/rest/services/Vaccine_Distribution_Program/FeatureServer&source=sd,7561349,4242647,3270256,48446
Zimbabwe,2022-01-24,"Oxford/AstraZeneca, Sinopharm/Beijing, Sinovac, Sputnik V",https://www.arcgis.com/home/webmap/viewer.html?url=https://services9.arcgis.com/DnERH4rcjw7NU6lv/ArcGIS/rest/services/Vaccine_Distribution_Program/FeatureServer&source=sd,7567550,4245063,3272922,49565
Zimbabwe,2022-01-25,"Oxford/AstraZeneca, Sinopharm/Beijing, Sinovac, Sputnik V",https://www.arcgis.com/home/webmap/viewer.html?url=https://services9.arcgis.com/DnERH4rcjw7NU6lv/ArcGIS/rest/services/Vaccine_Distribution_Program/FeatureServer&source=sd,7577954,4248576,3276998,52380
Zimbabwe,2022-01-26,"Oxford/AstraZeneca, Sinopharm/Beijing, Sinovac, Sputnik V",https://www.arcgis.com/home/webmap/viewer.html?url=https://services9.arcgis.com/DnERH4rcjw7NU6lv/ArcGIS/rest/services/Vaccine_Distribution_Program/FeatureServer&source=sd,7588058,4252654,3281016,54388
Zimbabwe,2022-01-27,"Oxford/AstraZeneca, Sinopharm/Beijing, Sinovac, Sputnik V",https://www.arcgis.com/home/webmap/viewer.html?url=https://services9.arcgis.com/DnERH4rcjw7NU6lv/ArcGIS/rest/services/Vaccine_Distribution_Program/FeatureServer&source=sd,7597513,4257075,3285799,54639
Zimbabwe,2022-01-28,"Oxford/AstraZeneca, Sinopharm/Beijing, Sinovac, Sputnik V",https://www.arcgis.com/home/webmap/viewer.html?url=https://services9.arcgis.com/DnERH4rcjw7NU6lv/ArcGIS/rest/services/Vaccine_Distribution_Program/FeatureServer&source=sd,7614008,4263356,3291257,59395
Zimbabwe,2022-01-29,"Oxford/AstraZeneca, Sinopharm/Beijing, Sinovac, Sputnik V",https://www.arcgis.com/home/webmap/viewer.html?url=https://services9.arcgis.com/DnERH4rcjw7NU6lv/ArcGIS/rest/services/Vaccine_Distribution_Program/FeatureServer&source=sd,7621548,4266023,3294764,60761
Zimbabwe,2022-01-30,"Oxford/AstraZeneca, Sinopharm/Beijing, Sinovac, Sputnik V",https://www.arcgis.com/home/webmap/viewer.html?url=https://services9.arcgis.com/DnERH4rcjw7NU6lv/ArcGIS/rest/services/Vaccine_Distribution_Program/FeatureServer&source=sd,7625244,4267826,3296364,61054
Zimbabwe,2022-01-31,"Oxford/AstraZeneca, Sinopharm/Beijing, Sinovac, Sputnik V",https://www.arcgis.com/home/webmap/viewer.html?url=https://services9.arcgis.com/DnERH4rcjw7NU6lv/ArcGIS/rest/services/Vaccine_Distribution_Program/FeatureServer&source=sd,7632514,4270759,3299624,62131
Zimbabwe,2022-02-01,"Oxford/AstraZeneca, Sinopharm/Beijing, Sinovac, Sputnik V",https://www.arcgis.com/home/webmap/viewer.html?url=https://services9.arcgis.com/DnERH4rcjw7NU6lv/ArcGIS/rest/services/Vaccine_Distribution_Program/FeatureServer&source=sd,7642887,4274653,3303769,64465
Zimbabwe,2022-02-02,"Oxford/AstraZeneca, Sinopharm/Beijing, Sinovac, Sputnik V",https://www.arcgis.com/home/webmap/viewer.html?url=https://services9.arcgis.com/DnERH4rcjw7NU6lv/ArcGIS/rest/services/Vaccine_Distribution_Program/FeatureServer&source=sd,7663293,4282687,3311237,69369
Zimbabwe,2022-02-03,"Oxford/AstraZeneca, Sinopharm/Beijing, Sinovac, Sputnik V",https://www.arcgis.com/home/webmap/viewer.html?url=https://services9.arcgis.com/DnERH4rcjw7NU6lv/ArcGIS/rest/services/Vaccine_Distribution_Program/FeatureServer&source=sd,7671849,4286198,3314748,70903
Zimbabwe,2022-02-04,"Oxford/AstraZeneca, Sinopharm/Beijing, Sinovac, Sputnik V",https://www.arcgis.com/home/webmap/viewer.html?url=https://services9.arcgis.com/DnERH4rcjw7NU6lv/ArcGIS/rest/services/Vaccine_Distribution_Program/FeatureServer&source=sd,7685668,4292012,3319917,73739
Zimbabwe,2022-02-05,"Oxford/AstraZeneca, Sinopharm/Beijing, Sinovac, Sputnik V",https://www.arcgis.com/home/webmap/viewer.html?url=https://services9.arcgis.com/DnERH4rcjw7NU6lv/ArcGIS/rest/services/Vaccine_Distribution_Program/FeatureServer&source=sd,7692303,4294561,3322623,75119
Zimbabwe,2022-02-06,"Oxford/AstraZeneca, Sinopharm/Beijing, Sinovac, Sputnik V",https://www.arcgis.com/home/webmap/viewer.html?url=https://services9.arcgis.com/DnERH4rcjw7NU6lv/ArcGIS/rest/services/Vaccine_Distribution_Program/FeatureServer&source=sd,7696523,4295947,3324206,76370
Zimbabwe,2022-02-07,"Oxford/AstraZeneca, Sinopharm/Beijing, Sinovac, Sputnik V",https://www.arcgis.com/home/webmap/viewer.html?url=https://services9.arcgis.com/DnERH4rcjw7NU6lv/ArcGIS/rest/services/Vaccine_Distribution_Program/FeatureServer&source=sd,7703056,4298467,3327108,77481
Zimbabwe,2022-02-08,"Oxford/AstraZeneca, Sinopharm/Beijing, Sinovac, Sputnik V",https://www.arcgis.com/home/webmap/viewer.html?url=https://services9.arcgis.com/DnERH4rcjw7NU6lv/ArcGIS/rest/services/Vaccine_Distribution_Program/FeatureServer&source=sd,7710385,4300807,3330363,79215
Zimbabwe,2022-02-09,"Oxford/AstraZeneca, Sinopharm/Beijing, Sinovac, Sputnik V",https://www.arcgis.com/home/webmap/viewer.html?url=https://services9.arcgis.com/DnERH4rcjw7NU6lv/ArcGIS/rest/services/Vaccine_Distribution_Program/FeatureServer&source=sd,7724171,4306356,3335093,82722
Zimbabwe,2022-02-10,"Oxford/AstraZeneca, Sinopharm/Beijing, Sinovac, Sputnik V",https://www.arcgis.com/home/webmap/viewer.html?url=https://services9.arcgis.com/DnERH4rcjw7NU6lv/ArcGIS/rest/services/Vaccine_Distribution_Program/FeatureServer&source=sd,7736224,4310234,3339598,86392
Zimbabwe,2022-02-11,"Oxford/AstraZeneca, Sinopharm/Beijing, Sinovac, Sputnik V",https://www.arcgis.com/home/webmap/viewer.html?url=https://services9.arcgis.com/DnERH4rcjw7NU6lv/ArcGIS/rest/services/Vaccine_Distribution_Program/FeatureServer&source=sd,7745716,4313650,3343001,89065
Zimbabwe,2022-02-12,"Oxford/AstraZeneca, Sinopharm/Beijing, Sinovac, Sputnik V",https://www.arcgis.com/home/webmap/viewer.html?url=https://services9.arcgis.com/DnERH4rcjw7NU6lv/ArcGIS/rest/services/Vaccine_Distribution_Program/FeatureServer&source=sd,7753490,4316135,3346568,90787
Zimbabwe,2022-02-13,"Oxford/AstraZeneca, Sinopharm/Beijing, Sinovac, Sputnik V",https://www.arcgis.com/home/webmap/viewer.html?url=https://services9.arcgis.com/DnERH4rcjw7NU6lv/ArcGIS/rest/services/Vaccine_Distribution_Program/FeatureServer&source=sd,7757768,4318075,3348299,91394
Zimbabwe,2022-02-14,"Oxford/AstraZeneca, Sinopharm/Beijing, Sinovac, Sputnik V",https://www.arcgis.com/home/webmap/viewer.html?url=https://services9.arcgis.com/DnERH4rcjw7NU6lv/ArcGIS/rest/services/Vaccine_Distribution_Program/FeatureServer&source=sd,7764290,4319919,3350481,93890
Zimbabwe,2022-02-15,"Oxford/AstraZeneca, Sinopharm/Beijing, Sinovac, Sputnik V",https://www.arcgis.com/home/webmap/viewer.html?url=https://services9.arcgis.com/DnERH4rcjw7NU6lv/ArcGIS/rest/services/Vaccine_Distribution_Program/FeatureServer&source=sd,7771022,4322787,3352751,95484
Zimbabwe,2022-02-16,"Oxford/AstraZeneca, Sinopharm/Beijing, Sinovac, Sputnik V",https://www.arcgis.com/home/webmap/viewer.html?url=https://services9.arcgis.com/DnERH4rcjw7NU6lv/ArcGIS/rest/services/Vaccine_Distribution_Program/FeatureServer&source=sd,7782961,4327084,3357098,98779
Zimbabwe,2022-02-17,"Oxford/AstraZeneca, Sinopharm/Beijing, Sinovac, Sputnik V",https://www.arcgis.com/home/webmap/viewer.html?url=https://services9.arcgis.com/DnERH4rcjw7NU6lv/ArcGIS/rest/services/Vaccine_Distribution_Program/FeatureServer&source=sd,7795362,4331082,3362638,101642
Zimbabwe,2022-02-18,"Oxford/AstraZeneca, Sinopharm/Beijing, Sinovac, Sputnik V",https://www.arcgis.com/home/webmap/viewer.html?url=https://services9.arcgis.com/DnERH4rcjw7NU6lv/ArcGIS/rest/services/Vaccine_Distribution_Program/FeatureServer&source=sd,7810556,4336161,3367921,106474
Zimbabwe,2022-02-19,"Oxford/AstraZeneca, Sinopharm/Beijing, Sinovac, Sputnik V",https://www.arcgis.com/home/webmap/viewer.html?url=https://services9.arcgis.com/DnERH4rcjw7NU6lv/ArcGIS/rest/services/Vaccine_Distribution_Program/FeatureServer&source=sd,7820885,4338919,3371563,110403
Zimbabwe,2022-02-20,"Oxford/AstraZeneca, Sinopharm/Beijing, Sinovac, Sputnik V",https://www.arcgis.com/home/webmap/viewer.html?url=https://services9.arcgis.com/DnERH4rcjw7NU6lv/ArcGIS/rest/services/Vaccine_Distribution_Program/FeatureServer&source=sd,7823894,4340412,3372616,110866
Zimbabwe,2022-02-21,"Oxford/AstraZeneca, Sinopharm/Beijing, Sinovac, Sputnik V",https://www.arcgis.com/home/webmap/viewer.html?url=https://services9.arcgis.com/DnERH4rcjw7NU6lv/ArcGIS/rest/services/Vaccine_Distribution_Program/FeatureServer&source=sd,7829096,4342121,3374371,112604
Zimbabwe,2022-02-22,"Oxford/AstraZeneca, Sinopharm/Beijing, Sinovac, Sputnik V",https://www.arcgis.com/home/webmap/viewer.html?url=https://services9.arcgis.com/DnERH4rcjw7NU6lv/ArcGIS/rest/services/Vaccine_Distribution_Program/FeatureServer&source=sd,7836325,4344922,3376712,114691
Zimbabwe,2022-02-23,"Oxford/AstraZeneca, Sinopharm/Beijing, Sinovac, Sputnik V",https://www.arcgis.com/home/webmap/viewer.html?url=https://services9.arcgis.com/DnERH4rcjw7NU6lv/ArcGIS/rest/services/Vaccine_Distribution_Program/FeatureServer&source=sd,7847314,4347992,3381246,118076
Zimbabwe,2022-02-24,"Oxford/AstraZeneca, Sinopharm/Beijing, Sinovac, Sputnik V",https://www.arcgis.com/home/webmap/viewer.html?url=https://services9.arcgis.com/DnERH4rcjw7NU6lv/ArcGIS/rest/services/Vaccine_Distribution_Program/FeatureServer&source=sd,7858794,4351621,3384590,122583
Zimbabwe,2022-02-25,"Oxford/AstraZeneca, Sinopharm/Beijing, Sinovac, Sputnik V",https://www.arcgis.com/home/webmap/viewer.html?url=https://services9.arcgis.com/DnERH4rcjw7NU6lv/ArcGIS/rest/services/Vaccine_Distribution_Program/FeatureServer&source=sd,7870399,4355217,3388940,126242
Zimbabwe,2022-02-26,"Oxford/AstraZeneca, Sinopharm/Beijing, Sinovac, Sputnik V",https://www.arcgis.com/home/webmap/viewer.html?url=https://services9.arcgis.com/DnERH4rcjw7NU6lv/ArcGIS/rest/services/Vaccine_Distribution_Program/FeatureServer&source=sd,7876942,4357938,3390880,128124
Zimbabwe,2022-02-27,"Oxford/AstraZeneca, Sinopharm/Beijing, Sinovac, Sputnik V",https://www.arcgis.com/home/webmap/viewer.html?url=https://services9.arcgis.com/DnERH4rcjw7NU6lv/ArcGIS/rest/services/Vaccine_Distribution_Program/FeatureServer&source=sd,7882244,4359872,3392578,129794
Zimbabwe,2022-02-28,"Oxford/AstraZeneca, Sinopharm/Beijing, Sinovac, Sputnik V",https://www.arcgis.com/home/webmap/viewer.html?url=https://services9.arcgis.com/DnERH4rcjw7NU6lv/ArcGIS/rest/services/Vaccine_Distribution_Program/FeatureServer&source=sd,7890951,4362150,3396655,132146
